analysisId,nctId,HYPERLINK,pValue,statisticalMethod,studyType,EARLY_PHASE1,PHASE1,PHASE2,PHASE3,PHASE4,outcomeTitle,outcomeType,groupDescription,conditionIds,briefTitle,has_less_than,N,model,I,R,C,JAB,FINDING,NOTES
f317ed14510333e5f066d36d42ff8175,NCT05493787,NCT05493787,0.003,Linear regression,INTERVENTIONAL,0,0,0,0,0,Number of Patients Who Self-scheduled a Flu Shot,PRIMARY,"Null hypothesis: Flu shot self-scheduling does not differ between those sent a Protect Yourself - Rare message and those not sent a message (i.e., those in the Passive Control group); Alternative hypothesis: Sending a Protect Yourself - Rare Message increases self-scheduling compared with sending no message. Analysis combines across November and December send dates.",NA,Nudging Flu Vaccination by Making it Easy for Patients to Schedule a Flu Shot,FALSE,46468,linear_regression,NA,NA,NA,2.636942663,Sending a Protect Yourself - Rare Message increases self-scheduling for a flu vaccination compared with sending no message.,
3103c1cdf8db340528907f371feaf0b0,NCT05493787,NCT05493787,0.003,Linear regression,INTERVENTIONAL,0,0,0,0,0,Number of Patients Who Self-scheduled a Flu Shot,PRIMARY,"Null hypothesis: Flu shot self-scheduling does not differ between those sent an Active Control message and those not sent a message (i.e., those in the Passive Control group); Alternative hypothesis: Sending an Active Control message increases self-scheduling compared with sending no message. Analysis combines across November and December send dates.",NA,Nudging Flu Vaccination by Making it Easy for Patients to Schedule a Flu Shot,FALSE,46510,linear_regression,NA,NA,NA,2.638133865,Sending an Active Control message increases self-scheduling for a flu vaccination compared with sending no message.,
eca193d4e389a5a14b58f376a962dfdd,NCT05481216,NCT05481216,0.009,Logistic regression,OBSERVATIONAL,0,0,0,0,0,HIV Viral Load,PRIMARY,Conditional logistic regression models accounting for case-control matching will be used to identify risk factors for advanced immunodeficiency associated with COVID-19.,D000086382; D060085,HIV-1 & Coronavirus-Coinfection in Europe: Morbidity & Risk Factors of COVID-19 in People Living With HIV,FALSE,1492,logistic_regression,NA,NA,NA,1.277377876,"There is a statistically significant association between HIV viral load and the odds of being a COVID-19 patient. Specifically, patients with a higher viral load have higher odds of being a COVID-19 patient compared to those with a lower viral load. ",
b718a883aece9aea10cefcb62cbc1afa,NCT05401149,NCT05401149,0.007,Logistic regression,OBSERVATIONAL,0,0,0,0,0,Distribution of Modified Rankin Scale (mRS) Score at 1 Year,SECONDARY,NA,D020521,Alteplase Treatment in Elderly Acute Ischaemic Stroke (AIS) Patients,FALSE,1560,logistic_regression,NA,NA,NA,1.042964508,"There is a statistically significant association between Alteplase treatment and the odds of a better outcome on the modified Rankin Scale (mRS) at 1 year. Specifically, elderly acute ischaemic stroke patients who received Alteplase had lower odds of a worse outcome compared to those who did not receive reperfusion treatment. ",
8ee02c83b816319b930e382ae5a3ace2,NCT05127304,NCT05127304,0.003,Linear regression,OBSERVATIONAL,0,0,0,0,0,COPD or Pneumonia-attributable Health Care Costs (Insurer + Patient Paid Amounts),PRIMARY,Outpatient visits costs,D029424,"A Study Using US Medical and Pharmacy Claim Records to Compare the Resource Use, Cost, and Outcomes of People With COPD Who Take Either Tiotropium + Olodaterol or Fluticasone + Umeclidinium + Vilanterol",FALSE,11316,linear_regression,NA,NA,NA,1.301661375,There is a difference in population annualized average outpatient visits costs for patients with COPD for TIO/OLO vs FF/UMEC/VI. ,No method of estimation specified.
1a5ac4f36696f4edcf350047cc750508,NCT05127304,NCT05127304,0.007,Linear regression,OBSERVATIONAL,0,0,0,0,0,COPD or Pneumonia-attributable Health Care Resource Utilization,PRIMARY,Other medical visits,D029424,"A Study Using US Medical and Pharmacy Claim Records to Compare the Resource Use, Cost, and Outcomes of People With COPD Who Take Either Tiotropium + Olodaterol or Fluticasone + Umeclidinium + Vilanterol",FALSE,11316,linear_regression,NA,NA,NA,2.803373015,"There is a difference in population annualized COPD or pneumonia-attributable health care resource utilization for ""other medical visits (independent laboratory, home health, durable medical equipment, etc.)"" for patients with COPD between TIO/OLO vs FF/UMEC/VI. ",No method of estimation specified.
e2602fe136fb064e228d3d88d749d873,NCT05018689,NCT05018689,0.006,Linear regression,INTERVENTIONAL,0,0,0,0,0,Change in University of Michigan Depression Center Peer-to-Peer Depression Awareness Assessment Perceptions of School Culture Scores From Baseline (1 of 8),SECONDARY,I would try to stay away from the new student,NA,Evaluation of the Aevidum Curriculum and Club,FALSE,2557,linear_regression,NA,NA,NA,1.161392963,"There is a statistically significant difference in the change in Perceptions of School Culture scores between the two groups. Specifically, the group that received the Aevidum Curriculum plus a club had a less favorable change in their scores from baseline compared to the group that only received the Aevidum Curriculum.",
1275bf5f32a561db3fa165ddcb342e6b,NCT05012163,NCT05012163,0.002,Linear regression,INTERVENTIONAL,0,0,0,0,0,Flu Vaccination at Appointment,PRIMARY,Null hypothesis: There is no difference in vaccination rates between patients sent messages offering $1 cash in exchange for vaccination and those sent no study messages; Alternative hypothesis: the vaccination rate is higher in patients sent messages offering $1 cash compared to those who were not sent messages.,D007251,Lottery Incentive Nudges to Increase Influenza Vaccinations,FALSE,28792,linear_regression,NA,NA,NA,1.432361396,The vaccination rate is higher in patients sent messages offering $1 cash compared to those who were not sent messages.,
4ae21792c10ae68b89f112418bb8a63a,NCT04684836,NCT04684836,0.01,Linear regression,OBSERVATIONAL,0,0,0,0,0,Unplanned Hospital Admissions From the ED,PRIMARY,Difference-in-differences model,D008173; D029424; D006333,Comparative Effectiveness of Telemedicine in Primary Care,TRUE,33100,linear_regression,NA,NA,NA,6.594897244,"There is a statistically significant difference in the net mean of unplanned hospital admissions from the ED between the two groups. Specifically, practices with high telemedicine use had an increased mean of unplanned hospital admissions from the ED by 0.0806 compared to practices with low telemedicine use. ",
7ab7b452f927b4325c3ef2ac7c48481d,NCT04547192,NCT04547192,0.006,Linear regression,INTERVENTIONAL,0,0,0,0,0,Appropriate Use of Key Performance Indicators in Initial Assessment and Management of the Injured at Non-tertiary Hospitals in Ghana,PRIMARY,"Tetanus Considered for bites, burns, lacerations, and abrasions",D000066553,Improving Initial Management of the Injured at Ghanaian District and Regional Hospitals With a Trauma Intake Form,FALSE,4077,linear_regression,NA,NA,NA,1.465700146,"There is a statistically significant association between the introduction of a Trauma Intake Form (TIF) and increased odds of having key performance indicators (KPIs) - Tetanus Considered for bites, burns, lacerations, and abrasions - measured at the initial assessment of injured patients. Specifically, following the introduction of the TIF, the odds of having KPIs - Tetanus Considered for bites, burns, lacerations, and abrasions - measured were 5.18 times higher than the odds prior to its introduction. ",
8326d8bc2ecbf84e92dbf8390c6a0372,NCT04547192,NCT04547192,0.006,Linear regression,INTERVENTIONAL,0,0,0,0,0,Appropriate Use of Key Performance Indicators in Initial Assessment and Management of the Injured at Non-tertiary Hospitals in Ghana,PRIMARY,Airway assessed,D000066553,Improving Initial Management of the Injured at Ghanaian District and Regional Hospitals With a Trauma Intake Form,FALSE,4077,linear_regression,NA,NA,NA,1.465700146,"There is a statistically significant association between the introduction of a Trauma Intake Form (TIF) and increased odds of having key performance indicators (KPIs) - airway assessment - measured at the initial assessment of injured patients. Specifically, following the introduction of the TIF, the odds of having KPIs - airway assessment - measured were 25.29 times higher than the odds prior to its introduction. ",
65b8f9e7405a85ecffd657f84a74f6f5,NCT04381481,NCT04381481,0.01,Linear regression,INTERVENTIONAL,0,0,0,0,0,Number of Teaspoons of Added Sugar Participants Think the Fruit Drink Contains (Fruit Drink Experimental Task 1),SECONDARY,Beverages with claim compared to control beverage,D063766,Studying the Impact of Product Packaging in a Virtual Store Environment,TRUE,1515,linear_regression,NA,NA,NA,1.413864582,"There is a statistically significant association between the presence of nutrition claims on a fruit drink and a higher perceived percentage of fruit juice content. Specifically, beverages with claims such as ""No Artificial Sweeteners"" were believed to have a higher mean percentage of fruit juice (46.3%) compared to a control beverage with no claim (35.4%). ",
796ba78111d9dc7ef5dc0773b2e8d86a,NCT04381481,NCT04381481,0.01,Linear regression,INTERVENTIONAL,0,0,0,0,0,Perceived Appeal of Fruit Drink (Fruit Drink Experimental Task 1),SECONDARY,beverages with claim compared to control beverage,D063766,Studying the Impact of Product Packaging in a Virtual Store Environment,TRUE,2192,linear_regression,NA,NA,NA,1.699526968,"There is a statistically significant association between the presence of nutrition claims on a fruit drink and a higher perceived appeal of the drink. Specifically, the mean perceived appeal score for a beverage with the claim ""100% Vitamin C daily value"" was 4.3, compared to a score of 4.1 for the control beverage with no claim. ",
a4752041dc6488b13b258df0ade24d0e,NCT04381481,NCT04381481,0.01,Logistic regression,INTERVENTIONAL,0,0,0,0,0,Percent of Participants Who Selected Apple-flavored Fruit Drink (Fruit Drink Experimental Task 1),SECONDARY,beverages with claim compared to control beverage,D063766,Studying the Impact of Product Packaging in a Virtual Store Environment,TRUE,2219,logistic_regression,NA,NA,NA,1.709930421,There is a statistically significant difference in the percentage of participants who selected the apple-flavored fruit drink between the claim beverages and the control beverage. The raw percentages show that all three claim beverages resulted in a higher selection rate compared to the control beverage.,
cb6ea43d028742a55ec952e30aa8df30,NCT04364165,NCT04364165,0.01,Logistic regression,INTERVENTIONAL,0,0,0,0,0,HIV Testing Uptake,PRIMARY,NA,D000163; D015658,Effect of U=U Messaging on HIV in South Africa,FALSE,1048,logistic_regression,NA,NA,NA,1.177079812,"There is a statistically significant association between the use of U=U messaging and increased odds of HIV testing uptake. Specifically, participants who received U=U messaging had 2 times the odds of getting an HIV test compared to those who received standard of care messaging. ",
efde5b9bf4c91875d49aaa088dc2e9d1,NCT04332614,NCT04332614,0.0055,Logistic regression,OBSERVATIONAL,0,0,0,0,0,Email Opened: Control vs. Less-is-better vs. Social Proof vs. Endowment,SECONDARY,NA,NA,Email Campaign to Increase Uptake of myGeisinger,FALSE,4191,logistic_regression,NA,NA,NA,1.373895908,"There is a statistically significant association between receiving an ""Endowment / Decision Staging"" email and decreased odds of the email being opened. Specifically, patients who received the Endowment / Decision Staging email had 0.82 times the odds of opening the email compared to those who received the control email. The analysis was conducted 32-35 days post-intervention.",
5c6ec2ab1fcf4b782c53b2f41fbb8720,NCT04323137,NCT04323137,0.0035,Logistic regression,INTERVENTIONAL,0,0,0,0,0,Flu Vaccination Rate,PRIMARY,"This analysis compared all groups that were informed they were high risk (High risk only, High risk based on medical records, High risk based on algorithm) to control patients who were not sent a message.

Null hypothesis: informing patients they are high risk for flu and flu-related complications does not increase flu vaccination rate; Alternative hypothesis: informing patients they are high risk for flu and flu-related complications increases flu vaccination rate",NA,Encouraging Flu Vaccination Among High-Risk Patients Identified by ML,FALSE,38598,logistic_regression,NA,NA,NA,2.765735839,"Informing patients that are high risk only (i.e no specification of why they are high risk), high risk based on medical records, high risk based on algorithm they are high risk for flu and flu-related complications increases flu vaccination rate.",
6332ecd8706220c19e116017f10f661d,NCT04289623,NCT04289623,0.007,Logistic regression,OBSERVATIONAL,0,0,0,0,0,Rate of Enrollment (14 Days),PRIMARY,We conducted a logistic regression among the previously enrolled group with the standard email as the reference group.,NA,Assessing the Impact of myHealth Rewards Program-related Communications on Enrollment: Replication,FALSE,13021,logistic_regression,NA,NA,NA,3.007033828,"Based on the statistical analysis, there is a statistically significant association between the type of email received and the odds of enrolling in the myHealth Rewards program. Specifically, patients who received a Loss Frame Email had higher odds of enrolling in the program within 14 days compared to those who received a Standard Email.",
eec7a54cb28e2815a280348a1f9be879,NCT04196777,NCT04196777,0.01,Logistic regression,INTERVENTIONAL,0,0,0,0,0,Percentage of Cases Who Were Re-admitted to the Hospital or Presented to an Emergency Department or an Urgent Care Clinic,SECONDARY,"To model this secondary outcome across all sites, we used a logistic regression model and a set of four explanatory variables: time, a binary indicator for an observation occurring within the intervention phase, an interaction term between these two main effects (time and intervention), and a binary indicator for the primary outcome.",D014570; D064420,Audit-and-feedback to Improve Antimicrobial-prescribing Among Urologists,TRUE,1797,logistic_regression,NA,NA,NA,1.539310743,"There is a statistically significant association between an audit-and-feedback program and the odds of a re-admission or an emergency department visit. Specifically, post intervention cases in audit-and-feedback program had higher odds of a return visit for any reason within 30 days of a urologic procedure compared to the pre-intervention period.",
8d01a7042c045b7cbb33fbf6be312f3a,NCT04172701,NCT04172701,0.0062,Mann-Whitney,OBSERVATIONAL,0,0,0,0,0,All-cause Healthcare Resource Utilization (HCRU): Number of Inpatient Visits (Per Person Per Month),SECONDARY,NA,D029424,A Study in South Korea Using Medical Records to Look at Different Treatments for Chronic Obstructive Airway Disease (COPD),FALSE,4888,mann_whitney,NA,NA,NA,1.652712271,"There is a statistically significant difference in the number of inpatient visits in patients with COPD between the two treatment groups. Specifically, the LAMA group had a lower mean number of inpatient visits per person per month compared to the ICS/LABA group.",
9bdd08b4ab83c65bb72dac0f44a25f47,NCT04172701,NCT04172701,0.0091,Two-sample t-test,OBSERVATIONAL,0,0,0,0,0,All-cause Healthcare Costs: Outpatient Medical Costs (Per Person Per Month),SECONDARY,NA,D029424,A Study in South Korea Using Medical Records to Look at Different Treatments for Chronic Obstructive Airway Disease (COPD),FALSE,4888,t-test,NA,NA,NA,2.3312806,"There is a statistically significant difference in all-cause outpatient medical costs in patients with COPD between the two treatment groups. Specifically, the LAMA group had a lower mean outpatient medical cost per person per month compared to the ICS/LABA group.",
38d5edd0de1045eea743a0fef70c6d92,NCT04172701,NCT04172701,0.0093,Two-sample t-test,OBSERVATIONAL,0,0,0,0,0,Chronic Obstructive Pulmonary Disease (COPD)-Related Healthcare Costs: Outpatient Medical Costs (Per Person Per Month),SECONDARY,NA,D029424,A Study in South Korea Using Medical Records to Look at Different Treatments for Chronic Obstructive Airway Disease (COPD),FALSE,4888,t-test,NA,NA,NA,2.376947195,"There is a statistically significant difference in COPD-related outpatient medical costs in patients with COPD between the two treatment groups. Specifically, the LAMA group had a lower mean COPD-related outpatient medical cost per person per month compared to the ICS/LABA group. ",
1fe0f4ced1d312b6ee4cde7efc679867,NCT04148989,NCT04148989,0.005,Logistic regression,INTERVENTIONAL,0,0,0,0,0,Antibiotic Utilization',OTHER_PRE_SPECIFIED,Differences-in-differences analysis using multivariable logistic regression to estimate the change in outcome after versus before intervention implementation at the intervention site adjusted for the change observed at control sites and for prespecified covariates.,D018805; D014115; D004630,Effects of Code Sepsis Implementation on Emergency Department (ED) Sepsis Care,FALSE,180402,logistic_regression,NA,NA,NA,8.262886955,"The odds ratio for Antibiotic utilization  with implementation of the ""Code Sepsis"" protocol vs usual care is significant in patients ariving into the ED. ""Code Sepsis"" vs usual care increases antibiotic utilization . ",
ef761b880070b230949f59256b1af9ec,NCT03965754,NCT03965754,0.005,Logistic regression,OBSERVATIONAL,0,0,0,0,0,Enrollment (7 Days),PRIMARY,We conducted a logistic regression with the two experimental conditions as dummy variables with the standard email as the reference group (among employees who previously enrolled in the program).,NA,Assessing the Impact of myHealth Rewards Enrollment Emails,FALSE,2850,logistic_regression,NA,NA,NA,1.039978673,"There is significant odds ratio for enrollment in the myHealth Rewards program (yes/no) within 7 full days of the beginning of the intervention (i.e., when the emails are first sent) between the Standard Email Reminder and the Social Norms Email. This suggests that the standard email reminder is better for enrollment in the myHealth Rewards program compared to the social norms email.",
4e69af9ebde6fd69aad5d16aa5a7b060,NCT03958071,NCT03958071,0.0048,Two-sample t-test,OBSERVATIONAL,0,0,0,0,0,Baseline Patient Characteristics: Age,PRIMARY,NA,D011658; D054990; D005355,A Study Based on Medical Records That Looks at the Characteristics of Idiopathic Pulmonary Fibrosis Patients Grouped by the Type of Medication They Are Taking,FALSE,12917,t-test,NA,NA,NA,2.131470032,There is a significant difference in the ages of Pulmonary Fibrosis patients taking Pirfenidone vs those who are untreated.,
2546574178cc7232e8633ded4ffebd6c,NCT03932799,NCT03932799,0.01,Logistic regression,OBSERVATIONAL,0,0,0,0,0,Satisfaction With Pain-related Treatment,SECONDARY,"* Primary predictor is binary (1 for Washington, 0 for Ohio)
* Models survey weighted
* Robust variance estimates",D009293,Comparing State Payer Strategies to Prevent Unsafe Opioid Prescribing,FALSE,2295,logistic_regression,NA,NA,NA,1.738880077,"There is a statistically significant association between being an injured worker in Washington and higher satisfaction with pain-related treatment. Specifically, injured workers in Washington had 25% higher odds of being satisfied with their pain-related treatment compared to injured workers in Ohio. The analysis was conducted 12 months after the injury.",
c51ad7c42d125ac145258aeba4b21230,NCT03930732,NCT03930732,0.0089,Logistic regression,INTERVENTIONAL,0,0,0,1,0,Percentage of Participants With SGRQ Improvement >=4 Points at Week 52,SECONDARY,"Derived from logistic regression model which includes treatment group, region (pooled country), ICS dose, smoking status at screening, and baseline SGRQ total score as covariates. Testing according to the hierarchical testing procedure (only performed if the previous endpoint was statistically significant).",D008171; D008173; D029424; D007249,"Pivotal Study to Assess the Efficacy, Safety and Tolerability of Dupilumab in Patients With Moderate-to-severe COPD With Type 2 Inflammation",FALSE,939,logistic_regression,NA,NA,NA,1.004669964,"There is a statistically significant association between the use of Dupilumab 300 mg q2w and increased odds of achieving a clinically meaningful improvement in SGRQ total score. Specifically, participants who received Dupilumab 300 mg q2w had 1.439 times the odds of achieving a clinically meaningful improvement in their SGRQ total score compared to those who received a placebo. The analysis was conducted over a 52-week period.",
587321ea09ba08dc00f8075359097e3a,NCT03716869,NCT03716869,0.006,Logistic regression,INTERVENTIONAL,0,0,0,0,0,Subgroup Analyses Based on School District Demographic Data,OTHER_PRE_SPECIFIED,NA,D003866; D003863; D003865,Universal vs. Targeted School Screening for Adolescent Major Depressive Disorder,FALSE,12909,logistic_regression,NA,NA,NA,2.606429255,"Based on the statistical analysis, there is a statistically significant association between universal school-based screening for major depressive disorder and increased odds of identifying MDD symptoms.",
19dccecb9ee38e5112f3aa2dc3b46dce,NCT03258645,NCT03258645,0.01,Linear regression,OBSERVATIONAL,0,0,0,0,0,Previous Modified Rankin Scale (mRS) at First Ever Ischaemic Stroke According to Dabigatran Initiation Time Period,SECONDARY,Univariate linear regression with the continuous dependent variable of time-to-initiation for dabigatran in days and independent variable of Modified Rankin Scale (mRS) at index date was applied.,D001281,This Study Uses the SITS Registry to Find Out When Patients With a Heart Rhythm Disorder (Atrial Fibrillation) Start Treatment With Dabigatran After They Had a Stroke,FALSE,1240,linear_regression,NA,NA,NA,1.279744425,There is a statistically significant association between a patient's previous Modified Rankin Scale (mRS) score at the time of their first ever ischaemic stroke and the time to initiation of dabigatran treatment.,
932710adc4a358137a92e93b4d89961c,NCT02896400,NCT02896400,0.01,Logistic regression,INTERVENTIONAL,0,0,0,1,0,Tobacco Abstinence,PRIMARY,"8 arms including BNI (BNI only, BNI+NRT, BNI+QL, BNI+Text, BNI+NRT+QL, BNI+NRT+Text, BNI+QL+Text, BNI+NRT+QL+Text) compared to the 8 arms that do not include BNI (Control, NRT only, QL only, Text only, NRT+QL, NRT+Text, QL+Text, NRT+QL+Text)",D014029,Optimizing Tobacco Dependence Treatment in the Emergency Department,FALSE,1053,logistic_regression,NA,NA,NA,1.179866656,"There is a statistically significant association between the Brief Negotiated Interview (BNI) intervention and increased odds of tobacco abstinence. Specifically, participants who received the BNI intervention had 1.8 times the odds of achieving tobacco abstinence compared to those who did not receive the intervention. ",
1e3a0142fec482f616a94def478f741f,NCT02889796,NCT02889796,0.009,Logistic regression,INTERVENTIONAL,0,0,0,1,0,Percentage of Participants With no Radiographic Progression From Baseline at Week 24,SECONDARY,Filgotinib 200 mg vs Placebo at Week 24 for change in mTSS ≤ 0.,D001168; D001172,Filgotinib in Combination With Methotrexate in Adults With Moderately to Severely Active Rheumatoid Arthritis Who Have an Inadequate Response to Methotrexate,FALSE,950,logistic_regression,NA,NA,NA,1.020618214,"In the FINCH 1 study on Filgotinib in combination with Methotrexate, there is a statistically significant association between the use of Filgotinib 200 mg and a higher rate of no radiographic progression. Specifically, the non-progression rate was 7.0 percentage points higher for participants receiving Filgotinib 200 mg compared to those receiving a placebo. The analysis was conducted at Week 24 from baseline.",
e3d2ab3bd1dd54684e5e89f8856d11eb,NCT02605174,NCT02605174,0.008,Logistic regression,INTERVENTIONAL,0,0,0,1,0,Percentage of Participants With Phonophobia Free,OTHER_PRE_SPECIFIED,NA,D008881,"Three Doses of Lasmiditan (50 mg, 100 mg and 200 mg) Compared to Placebo in the Acute Treatment of Migraine",FALSE,1174,logistic_regression,NA,NA,NA,1.020552742,"There is a statistically significant association between the use of Lasmiditan 50 mg and increased odds of being free from phonophobia. Specifically, participants who received Lasmiditan 50 mg had 1.4 times the odds of being free from phonophobia compared to those who received a placebo. ",
2e910ceb223289c84698ee11242ea0db,NCT02605174,NCT02605174,0.009,Logistic regression,INTERVENTIONAL,0,0,0,1,0,Percentage of Participants Who Are Most Bothersome Symptom (MBS) Free,PRIMARY,NA,D008881,"Three Doses of Lasmiditan (50 mg, 100 mg and 200 mg) Compared to Placebo in the Acute Treatment of Migraine",FALSE,1026,logistic_regression,NA,NA,NA,1.060375466,"There is a statistically significant association between the use of Lasmiditan 50 mg and increased odds of being free from the most bothersome symptom (MBS) of migraine. Specifically, participants who received Lasmiditan 50 mg had 1.4 times the odds of being free from their MBS compared to those who received a placebo. ",
5bcb074c3d91e45c4a483d378ec716d8,NCT02528253,NCT02528253,0.0085,Logistic regression,INTERVENTIONAL,0,0,0,1,0,"Percentage of Participants Achieving RMDQ Reduction of >=30%, >=50%, >=70% and >=90% From Baseline at Weeks 2, 4, 8, 16, 24, 32, 40, 48 and 56: Mixed Baseline Observation Carried Forward (BOCF)/Last Observation Carried Forward (LOCF)",SECONDARY,"Week 40, \>=90%: OR and 95% CI estimated from logistic regression model. Logistic regression model included baseline RMDQ, baseline average LBPI and treatment.",D001416; D017116,A Phase 3 Study of Tanezumab for Chronic Low Back Pain,FALSE,1012,logistic_regression,NA,NA,NA,1.000774256,"There is a statistically significant association between treatment with Pooled Tanezumab 10mg and increased odds of achieving a >=90% improvement in RMDQ. Specifically, patients treated with Pooled Tanezumab 10mg have higher odds of achieving this improvement at Week 40 compared to those treated with Tramadol.",
23a71a9b9005e72d07a172bf91647a4e,NCT02528253,NCT02528253,0.0088,Logistic regression,INTERVENTIONAL,0,0,0,1,0,"Percentage of Participants Achieving Average LBPI Reduction of >=30 Percent(%), >=50%, >=70% and >=90% From Baseline at Weeks 2, 4, 8, 12, 16, 24, 32, 40, 48 and 56: Mixed Baseline Observation Carried Forward (BOCF)/Last Observation Carried Forward (LOCF)",SECONDARY,"Week 12, \>=70%: OR and 95% CI estimated from logistic regression model. Logistic regression model included baseline average LBPI and treatment.",D001416; D017116,A Phase 3 Study of Tanezumab for Chronic Low Back Pain,FALSE,1011,logistic_regression,NA,NA,NA,1.031748694,"There is a statistically significant association between treatment with Pooled Tanezumab 10mg and increased odds of achieving an average LBPI reduction of >70%. Specifically, patients treated with Pooled Tanezumab 10mg have higher odds of achieving this improvement at Week 12 compared to those treated with Tramadol.",
82d2c8d7801b2ea1e1a660c8fc86e107,NCT02528253,NCT02528253,0.0092,Logistic regression,INTERVENTIONAL,0,0,0,1,0,"Percentage of Participants Achieving RMDQ Reduction of >=30%, >=50%, >=70% and >=90% From Baseline at Weeks 2, 4, 8, 16, 24, 32, 40, 48 and 56: Mixed Baseline Observation Carried Forward (BOCF)/Last Observation Carried Forward (LOCF)",SECONDARY,"Week 8, \>=30%: OR and 95% CI estimated from logistic regression model. Logistic regression model included baseline RMDQ, baseline average LBPI and treatment.",D001416; D017116,A Phase 3 Study of Tanezumab for Chronic Low Back Pain,FALSE,1012,logistic_regression,NA,NA,NA,1.074012552,"There is a statistically significant association between treatment with Pooled Tanezumab 10mg and increased odds of achieving a >=30% improvement in RMDQ. Specifically, patients treated with Pooled Tanezumab 10mg have higher odds of achieving this improvement at Week 8 compared to those treated with Tramadol. ",
956efe292be5c31cbff8b58a493a1a08,NCT02528253,NCT02528253,0.0093,Logistic regression,INTERVENTIONAL,0,0,0,1,0,"Percentage of Participants Achieving Improvement of >=2 Points in Patient's Global Assessment (PGA) of Low Back Pain From Baseline at Weeks 2, 4, 8, 16, 24, 32, 40, 48 and 56: Mixed Baseline Observation Carried Forward (BOCF)/ Last Observation CF (LOCF)",SECONDARY,"Week 16: OR and 95% CI estimated from logistic regression model. Logistic regression model included baseline PGA of low back pain, baseline average LBPI, and treatment.",D001416; D017116,A Phase 3 Study of Tanezumab for Chronic Low Back Pain,FALSE,1012,logistic_regression,NA,NA,NA,1.084414011,"There is a statistically significant association between treatment with Pooled Tanezumab 10mg and increased odds of achieving an improvement of >=2 Points in Patient's Global Assessment (PGA) of Low Back Pain. Specifically, patients treated with Pooled Tanezumab 10mg have higher odds of achieving this improvement at Week 16 compared to those treated with Tramadol. ","PGA of LBP assessed by asking question to participants:Considering all ways your low back pain affects you,how are you doing today? They responded on 5 point Likert scale ranging from 1-5, using IRT, where 1=very good (asymptomatic & no limitation of normal activities);2=good (mild symptoms and no limitation of normal activities);3=fair (moderate symptoms and limitation of some normal activities);4=poor (severe symptoms & inability to carry out most normal activities); & 5=very poor (very severe symptoms which are intolerable and inability to carry out all normal activities). Higher scores indicated worsening of condition. % of participants with improvement of at least 2 points from baseline in PGA of LBP were reported. Missing data was imputed using BOCF/LOCF. Pre-specified intent of study for efficacy data up to W16 was to analyze participants who received placebo from Day1 and then received tanezumab 5/10 mg at W16,together,in placebo arm.Data has been reported per four arms."
079e25c5fa0d4770351b4722417bbbe3,NCT02528188,NCT02528188,0.0059,Logistic regression,INTERVENTIONAL,0,0,0,1,0,"Percentage of Participants Meeting Outcome Measures in Arthritis Clinical Trials-Osteoarthritis Research Society International (OMERACT-OARSI) Responder Index at Weeks 2, 4, 8, 16, 24, 32, 40, 48, 56 and 64",SECONDARY,Week 4,D010003; D020370; D015207; D059350,Long Term Safety and Efficacy Study of Tanezumab in Subjects With Osteoarthritis of the Hip or Knee,FALSE,1998,logistic_regression,NA,NA,NA,1.011618072,"There is a statistically significant association between treatment with Tanezumab 2.5mg and increased odds of meeting Outcome Measures in Arthritis Clinical Trials-Osteoarthritis Research Society International (OMERACT-OARSI) Responder Index. Specifically, patients treated with Tanezumab 2.5 mg have higher odds of achieving this improvement at Week 4 compared to those treated with NSAID. ",
52d9a8846526b6d524d188bb2a10b3d1,NCT02528188,NCT02528188,0.006,Logistic regression,INTERVENTIONAL,0,0,0,1,0,"Percentage of Participants Meeting Outcome Measures in Arthritis Clinical Trials-Osteoarthritis Research Society International (OMERACT-OARSI) Responder Index at Weeks 2, 4, 8, 16, 24, 32, 40, 48, 56 and 64",SECONDARY,Week 8,D010003; D020370; D015207; D059350,Long Term Safety and Efficacy Study of Tanezumab in Subjects With Osteoarthritis of the Hip or Knee,FALSE,1994,logistic_regression,NA,NA,NA,1.026023817,"There is a statistically significant association between treatment with Tanezumab 5mg and increased odds of meeting Outcome Measures in Arthritis Clinical Trials-Osteoarthritis Research Society International (OMERACT-OARSI) Responder Index. Specifically, patients treated with Tanezumab 5mg have higher odds of achieving this improvement at Week 12 compared to those treated with NSAID. ","Participants were considered as OMERACT-OARSI responders: if the change (improvement) from baseline to week of interest was >=50 percent and >= 2 units in either WOMAC pain subscale or physical function subscale score; if change (improvement) from baseline to week of interest was >=20 percent and >=1 unit in at least 2 of the following: 1) WOMAC pain subscale score, 2) WOMAC physical function subscale score, 3) PGA of OA. WOMAC pain subscale assess amount of pain experienced (score: 0 [no pain] to 10 [extreme pain], higher score = more pain), WOMAC physical function subscale assess degree of difficulty experienced (score: 0 [no difficulty] to 10 [extreme difficulty], higher score = worse physical function) and PGA of OA (score: 1 [very good] to 5 [very poor], higher score = worse condition). Missing data was imputed using mixed baseline/last observation carried forward (BOCF/LOCF)."
0762d788d30bea044e9f39b55989b6f5,NCT02528188,NCT02528188,0.006,Logistic regression,INTERVENTIONAL,0,0,0,1,0,"Percentage of Participants Achieving Western Ontario and McMaster Universities Osteoarthritis Index (WOMAC) Physical Function Subscale Reduction of >=30%, >=50%, >=70% and >=90% Response at Weeks 2, 4, 8, 16, 24, 32, 40, 48, 56 and 64",SECONDARY,Week 4: \>=70% reduction,D010003; D020370; D015207; D059350,Long Term Safety and Efficacy Study of Tanezumab in Subjects With Osteoarthritis of the Hip or Knee,FALSE,1994,logistic_regression,NA,NA,NA,1.026023817,"There is a statistically significant association between treatment with Tanezumab 2.5 mg and increased odds of achieving a WOMAC Physical Function Subscale Reduction of >70%. Specifically, patients treated with Tanezumab 2.5 mg have higher odds of achieving this improvement at Week 4 compared to those treated with NSAID. ",
df74a228c17ef750f46c6eed7c859b2c,NCT02528188,NCT02528188,0.0068,Logistic regression,INTERVENTIONAL,0,0,0,1,0,"Percentage of Participants Achieving Western Ontario and McMaster Universities Osteoarthritis Index (WOMAC) Pain Subscale Reduction >=30 Percent (%), >=50%, >=70% and >=90% Response at Weeks 2, 4, 8, 16, 24, 32, 40, 48, 56 and 64",SECONDARY,Week 4: \>=50% reduction,D010003; D020370; D015207; D059350,Long Term Safety and Efficacy Study of Tanezumab in Subjects With Osteoarthritis of the Hip or Knee,FALSE,1994,logistic_regression,NA,NA,NA,1.148273821,"There is a statistically significant association between treatment with Tanezumab 5 mg and increased odds of achieving a WOMAC Physical Function Subscale Reduction of >50%. Specifically, patients treated with Tanezumab 5 mg have higher odds of achieving this improvement at Week 4 compared to those treated with NSAID. ",
db36289e27b7d7c845bcf159c2ece011,NCT02528188,NCT02528188,0.0076,Logistic regression,INTERVENTIONAL,0,0,0,1,0,Number of Participants Who Withdrew Due to Lack of Efficacy,SECONDARY,"OR and 95% CI estimated from logistic regression model. Logistic regression model included baseline diary average pain, baseline WOMAC pain score, classification variables index joint, highest Kellgren-Lawrence grade, NSAID and treatment.",D010003; D020370; D015207; D059350,Long Term Safety and Efficacy Study of Tanezumab in Subjects With Osteoarthritis of the Hip or Knee,FALSE,1998,logistic_regression,NA,NA,NA,1.270029982,"There is a statistically significant association between treatment with Tanezumab 2.5 mg and decreased odds of a participant withdrawing due to a lack of efficacy. Specifically, patients treated with Tanezumab 2.5 mg have lower odds of this compared to those treated with NSAID. ",
118f1e14a7c8b5b11e370195c6aae47f,NCT02528188,NCT02528188,0.0077,Logistic regression,INTERVENTIONAL,0,0,0,1,0,"Percentage of Participants Achieving Western Ontario and McMaster Universities Osteoarthritis Index (WOMAC) Physical Function Subscale Reduction of >=30%, >=50%, >=70% and >=90% Response at Weeks 2, 4, 8, 16, 24, 32, 40, 48, 56 and 64",SECONDARY,Week 8: \>=70% reduction,D010003; D020370; D015207; D059350,Long Term Safety and Efficacy Study of Tanezumab in Subjects With Osteoarthritis of the Hip or Knee,FALSE,1994,logistic_regression,NA,NA,NA,1.283708595,"There is a statistically significant association between treatment with Tanezumab 2.5 mg and increased odds of achieving a WOMAC Physical Function Subscale Reduction of >70%. Specifically, patients treated with Tanezumab 2.5 mg have higher odds of achieving this improvement at Week 8 compared to those treated with NSAID. ",
0e3cdc7c0fed523b8575350a066a49b5,NCT02528188,NCT02528188,0.0079,Logistic regression,INTERVENTIONAL,0,0,0,1,0,"Percentage of Participants Achieving Western Ontario and McMaster Universities Osteoarthritis Index (WOMAC) Pain Subscale Reduction >=30 Percent (%), >=50%, >=70% and >=90% Response at Weeks 2, 4, 8, 16, 24, 32, 40, 48, 56 and 64",SECONDARY,Week 4: \>=50% reduction,D010003; D020370; D015207; D059350,Long Term Safety and Efficacy Study of Tanezumab in Subjects With Osteoarthritis of the Hip or Knee,FALSE,1998,logistic_regression,NA,NA,NA,1.31483938,"There is a statistically significant association between treatment with Tanezumab 2.5 mg and increased odds of achieving a WOMAC Physical Function Subscale Reduction of >50%. Specifically, patients treated with Tanezumab 2.5 mg have higher odds of achieving this improvement at Week 4 compared to those treated with NSAID. ",
5e585187ade8a1af436491ea27c4c7e6,NCT02528188,NCT02528188,0.008,Logistic regression,INTERVENTIONAL,0,0,0,1,0,"Percentage of Participants Achieving Western Ontario and McMaster Universities Osteoarthritis Index (WOMAC) Physical Function Subscale Reduction of >=30%, >=50%, >=70% and >=90% Response at Weeks 2, 4, 8, 16, 24, 32, 40, 48, 56 and 64",SECONDARY,Week 4: \>=30% reduction,D010003; D020370; D015207; D059350,Long Term Safety and Efficacy Study of Tanezumab in Subjects With Osteoarthritis of the Hip or Knee,FALSE,1989,logistic_regression,NA,NA,NA,1.326739727,"There is a statistically significant association between treatment with Tanezumab 5 mg and increased odds of achieving a WOMAC Physical Function Subscale Reduction of >30%. Specifically, patients treated with Tanezumab 5 mg have higher odds of achieving this improvement at Week 4 compared to those treated with NSAID. ",
ead1ced08b2ae1f5be20c89787cf67f4,NCT02528188,NCT02528188,0.01,Logistic regression,INTERVENTIONAL,0,0,0,1,0,"Percentage of Participants Achieving Western Ontario and McMaster Universities Osteoarthritis Index (WOMAC) Physical Function Subscale Reduction of >=30%, >=50%, >=70% and >=90% Response at Weeks 2, 4, 8, 16, 24, 32, 40, 48, 56 and 64",SECONDARY,Week 2: \>=50% reduction,D010003; D020370; D015207; D059350,Long Term Safety and Efficacy Study of Tanezumab in Subjects With Osteoarthritis of the Hip or Knee,FALSE,1994,logistic_regression,NA,NA,NA,1.621196392,"There is a statistically significant association between treatment with Tanezumab 2.5 mg and increased odds of achieving a WOMAC Physical Function Subscale Reduction of >50%. Specifically, patients treated with Tanezumab 2.5 mg have higher odds of achieving this improvement at Week 2 compared to those treated with NSAID. ",
99b74509f76ca4bbf68b2a6e2b67a244,NCT02465515,NCT02465515,0.003,Two-sample t-test,INTERVENTIONAL,0,0,0,0,1,Change in Estimated Glomerular Filtration Rate (eGFR) Calculated Using Modification of Diet in Renal Disease (MDRD) Formula,SECONDARY,NA,D003920; D003924,"Effect of Albiglutide, When Added to Standard Blood Glucose Lowering Therapies, on Major Cardiovascular Events in Subjects With Type 2 Diabetes Mellitus",FALSE,9432,t-test,NA,NA,NA,1.188467209,"8 months after treatment start, Albiglutide appears to reduce the Estimated Glomerular Filtration Rate (eGFR), a measure of kidney function, compared to Placebo in patients with Type II diabetes having a previous history of cardiovascular disease and not having optimal glycemic control.",
f2d67e708b88ce8e935774ce6e9d09f9,NCT02306122,NCT02306122,0.01,Logistic regression,INTERVENTIONAL,0,0,0,0,0,Probability of Resolution of Nonadherence Within 30 Days,PRIMARY,NA,D006937,Pharmacy Home Adherence Reporting and Monitoring Outcomes Study,TRUE,956,logistic_regression,NA,NA,NA,1.124570056,"There is a statistically significant association between providing patient nonadherence information to a physician and an increased probability of resolution of nonadherence. Specifically, the probability of resolving nonadherence within 30 days was 1.2 percentage points higher for patients for whom nonadherence information was sent to their physician compared to control patients.",
a686ade7e65ef5162dec7dd69120e91a,NCT02306122,NCT02306122,0.01,Linear regression,INTERVENTIONAL,0,0,0,0,0,Duration of Nonadherence Event,PRIMARY,NA,D006937,Pharmacy Home Adherence Reporting and Monitoring Outcomes Study,TRUE,956,linear_regression,NA,NA,NA,1.124570056,"There is a statistically significant association between providing patient nonadherence information to a physician and a longer duration of a nonadherence event. Specifically, the mean duration of a nonadherence event was 0.308 days longer for patients for whom nonadherence information was sent to their physician compared to control patients. The analysis was conducted over a 6-month period.",
fd6d2d15fda88313f91f0c9f42ea3756,NCT02297815,NCT02297815,0.008,Linear regression,OBSERVATIONAL,0,0,0,0,0,Health Related Quality of Life Score,PRIMARY,Propensity-score based full matching performed using patient and physician-level characteristics. Average treatment effect weights calculated and applied to a weighted linear regression.,D007239; D012852; D010612; D010033,Comparative Effectiveness of Antibiotics for Respiratory Infections,FALSE,2430,linear_regression,NA,NA,NA,1.465993768,"There is a statistically significant association between a prescription for a broad spectrum antibiotic and a lower health-related quality of life score. Specifically, children prescribed a broad spectrum antibiotic had a mean health-related quality of life score that was 1.40 points lower compared to children prescribed a narrow spectrum antibiotic. The analysis was conducted 5-10 days after an ARTI diagnosis.",
c6fe8998ef066fa905776340943fe66d,NCT02266277,NCT02266277,0.0026,Logistic regression,INTERVENTIONAL,0,0,0,0,0,Reliant Medical Group (RMG) Patients With Electronic Health Record (EHR) Documentation of Influenza Vaccine Completion for 2014/2015 Season,PRIMARY,NA,D007251; D011008,"System Alignment for VaccinE Delivery (SAVED): Improving Rates of Influenza and Pneumococcal Vaccination Through Patient Outreach, Improved Medical Record Accuracy and Targeted Physician Alerts",FALSE,10000,logistic_regression,NA,NA,NA,1.073792483,The odds ratio of Arm 2: E-portal Message With no IVR Call vs. Arm 4: No E-portal Message With no IVR Call is significant. Patients receiving an E-portal message for an influenza vaccine reminder are more likely to complete vaccination compared to  those who do not recieve an E-portal message.,
4331567a2d28d8ae1471aa122e2736ae,NCT02100631,NCT02100631,0.0062,Two-sample t-test,INTERVENTIONAL,0,0,0,1,0,Mean Fold Change in Vibriocidal Antibody Titer Between Day 1 and Day 11,OTHER_PRE_SPECIFIED,NA,D002771,"A Study of Live Oral Cholera Vaccine, PXVX200 in Healthy Older Adults",FALSE,2978,t-test,NA,NA,NA,1.290646905,There is a significant difference in mean log2 fold change between Day 1 and Day 11 in classical Inaba vibriocidal antibody titer attained by older adults (PXVX0200) versus younger adults (PXVX-VC-200-004) aged 18 - 45 yrs .,
bb627ac6da9d544ef5e00ceb8929b98b,NCT01972841,NCT01972841,0.009,Logistic regression,INTERVENTIONAL,0,0,0,1,0,"Percentage of Participants With Zero Incontinence Episodes Per 24 Hours Using the Last 3 Diary Days at Weeks 4, 8, 12 and EoT",SECONDARY,"Odds ratio from a logistic regression model including treatment group, sex, age group (\<65, \>=65 years), previous OAB medication (yes, no) and geographic region as factors and baseline mean number of incontinence episodes per 24 hours during the last 3 days as a covariate.",D053201; D014570; D001745,"This Was a Multinational Study Comparing the Efficacy and Safety of Two Medicines , Solifenacin Succinate and Mirabegron Taken Together, or Separately, or a Mock Treatment (Placebo) in Subjects With Symptoms of Overactive Bladder",FALSE,1242,logistic_regression,NA,NA,NA,1.165992228,"There is a statistically significant association between a combination therapy of Solifenacin 5 mg and Mirabegron 50 mg and increased odds of having zero incontinence episodes per 24 hours. Specifically, participants receiving the combination therapy had 1.40 times the odds of having zero incontinence episodes per 24 hours compared to participants receiving Solifenacin 5 mg alone.",
c3dfa217a8b2d4b87b20f3c942375f89,NCT01972841,NCT01972841,0.009,Logistic regression,INTERVENTIONAL,0,0,0,1,0,"Percentage of Participants Who Were Triple Responders (50% Reduction in Mean Number of Incontinence Episodes Per 24 Hours, at Least 10 Points Improvement on OAB-q Symptom Bother Scale and at Least 1 Point Improvement on PPBC) at Weeks 4, 8, 12 and EoT",SECONDARY,"Odds ratio from a logistic regression model including treatment group, sex, age group (\<65, \>=65 years), previous OAB medication (yes, no) and geographic region as factors, and baseline mean number of incontinence episodes per 24 hours, baseline OAB-q symptom bother scale and baseline PPBC as covariates.",D053201; D014570; D001745,"This Was a Multinational Study Comparing the Efficacy and Safety of Two Medicines , Solifenacin Succinate and Mirabegron Taken Together, or Separately, or a Mock Treatment (Placebo) in Subjects With Symptoms of Overactive Bladder",FALSE,1242,logistic_regression,NA,NA,NA,1.165992228,"There is a statistically significant association between a combination therapy of Solifenacin 5 mg and Mirabegron 50 mg and increased odds of being a triple responder. Specifically, participants receiving the combination therapy had 1.40 times the odds of being a triple responder compared to participants receiving Solifenacin 5 mg alone.",
7fec4eaa1844d9b19c40da527fbf6dbb,NCT01881373,NCT01881373,0.009,Linear regression,INTERVENTIONAL,0,0,0,0,0,Change in Waist Circumference,PRIMARY,The children from each community recruited each time were NOT the same children. The number of communities is consistent across time.,D000052; D009765; D056128,Children's Healthy Living Community Randomized Trial,FALSE,3987,linear_regression,NA,NA,NA,2.085147069,"There is a statistically significant association between the CHL program and a greater decrease in waist circumference. Specifically, the mean change in waist circumference was 1.64 cm less in children in communities with the CHL program compared to children in control communities. The analysis was conducted over a 78-month period.",
23d4abf648caa29057cbf5fea9491087,NCT01881373,NCT01881373,0.01,Logistic regression,INTERVENTIONAL,0,0,0,0,0,Prevalence of Acanthosis Nigricans,PRIMARY,intervention vs control. The children from each community recruited each time were NOT the same children. The number of communities is consistent across time.,D000052; D009765; D056128,Children's Healthy Living Community Randomized Trial,TRUE,3987,logistic_regression,NA,NA,NA,2.290524749,"There is a statistically significant association between the CHL program and a decreased prevalence of acanthosis nigricans. Specifically, the prevalence of acanthosis nigricans decreased by 3.6 percentage points more in communities with the CHL program compared to the control communities. The analysis was conducted over a 78-month period.",
7ea0e19e781340696105210339dc28a6,NCT01881373,NCT01881373,0.01,Logistic regression,INTERVENTIONAL,0,0,0,0,0,Prevalence of Acanthosis Nigricans,PRIMARY,Intervention vs control comparing 24 months to baseline.,D000052; D009765; D056128,Children's Healthy Living Community Randomized Trial,TRUE,5645,logistic_regression,NA,NA,NA,2.724819308,"There is a statistically significant association between the use of the CHL program and a decreased prevalence of acanthosis nigricans. Specifically, the prevalence of acanthosis nigricans decreased by 3.6 percentage points more in communities with the CHL program compared to control communities over a 24-month period. ",
8d2eaba75a68276644fd6cf6b9075ffe,NCT01773733,NCT01773733,0.002,Two-sample t-test,OBSERVATIONAL,0,0,0,0,0,Percentage of Participants With Adverse Events,SECONDARY,NA,D009765,The PRIMAVERA Study: Reduxine Safety Monitoring in Patients With Alimentary Obesity,TRUE,69810,t-test,NA,NA,NA,2.230145469,There is a significant difference in the percentage of participants with adverse events since the start of the Reduxine (a weight loss medication) treatment between Overweight & Risk Factors and Obese patients.,
05bbf20a4308fdde29bb7a225a39b604,NCT01638000,NCT01638000,0.009,Logistic regression,INTERVENTIONAL,0,0,0,1,0,"Percentage of Participants With Improvement of Treatment Satisfaction Questionnaire - Likert Scale: ≥1, ≥2, ≥3, ≥4, ≥5, and 6-point Improvement From Baseline to Week 12",SECONDARY,Week 12 (≥1 point improvement) Odds Rato vs. Mirabegron,D053201; D014570; D001745,A Study to Evaluate the Efficacy and Safety of Mirabegron Compared to Solifenacin in Patients With Overactive Bladder Who Were Previously Treated With Another Medicine But Were Not Satisfied With That Treatment.,FALSE,1747,logistic_regression,NA,NA,NA,1.381772318,"There is a statistically significant association between the use of Solifenacin 5 mg and increased odds of a treatment satisfaction improvement of at least 1 point. Specifically, participants receiving Solifenacin 5 mg had 1.51 times the odds of achieving a treatment satisfaction improvement of at least 1 point compared to participants receiving Mirabegron 50 mg. ",
8180a499ceb9ad3e3f35f614182a5b7d,NCT01638000,NCT01638000,0.01,Logistic regression,INTERVENTIONAL,0,0,0,1,0,Percentage of Participants With Improvement in Symptom Bother Score as Assessed by the OAB-q: ≥ 10 Points Improvement in OAB-q at Week 12 and Final Visit,SECONDARY,Week 12 Odds Ratio vs. Mirabegron,D053201; D014570; D001745,A Study to Evaluate the Efficacy and Safety of Mirabegron Compared to Solifenacin in Patients With Overactive Bladder Who Were Previously Treated With Another Medicine But Were Not Satisfied With That Treatment.,FALSE,1833,logistic_regression,NA,NA,NA,1.554596723,"There is a statistically significant association between the use of Solifenacin 5 mg and increased odds of achieving a clinically meaningful improvement in OAB-q Symptom Bother Score. Specifically, at Week 12, participants receiving Solifenacin 5 mg had 1.40 times the odds of achieving a clinically meaningful improvement in their symptom bother score compared to participants receiving Mirabegron 50 mg. ",
a086089357ffc267469570ca038f2434,NCT01631214,NCT01631214,0.008,Logistic regression,INTERVENTIONAL,0,0,0,1,0,Percentage of Participants With New Vertebral Fractures Through Month 12,SECONDARY,NA,D010024,Study to Determine the Efficacy and Safety of Romosozumab in the Treatment of Postmenopausal Women With Osteoporosis,FALSE,3399,logistic_regression,NA,NA,NA,1.733107051,"There is a statistically significant association between the use of Romosozumab/Alendronate and decreased odds of having new vertebral fractures. Specifically, participants who received Romosozumab/Alendronate had 0.63 times the odds of having new vertebral fractures compared to those who received Alendronate/Alendronate. The analysis was conducted over a 12-month period.",
4855ee8037cddbf4f1d3f3a88d708d23,NCT01631214,NCT01631214,0.008,Logistic regression,INTERVENTIONAL,0,0,0,1,0,Percentage of Participants With Multiple New or Worsening Vertebral Fractures Through Month 24,SECONDARY,NA,D010024,Study to Determine the Efficacy and Safety of Romosozumab in the Treatment of Postmenopausal Women With Osteoporosis,FALSE,3659,logistic_regression,NA,NA,NA,1.798038897,"There is a statistically significant association between the use of Romosozumab/Alendronate and decreased odds of having multiple new or worsening vertebral fractures. Specifically, participants who received Romosozumab/Alendronate had 0.51 times the odds of having multiple new or worsening vertebral fractures compared to those who received Alendronate/Alendronate. The analysis was conducted over a 24-month period.",
4317394dc84f638612ee8e3a878795ce,NCT01459653,NCT01459653,0.0079,Logistic regression,OBSERVATIONAL,0,0,0,0,0,Predictors of Absolute Neutrophil Count,PRIMARY,Study drug dose (higher vs lower) as predictor for ANC,D009101; D009503; D064147; D000084462; D005334,"Multi-level Evaluation of Chemotherapy-induced Febrile Neutropenia Prophylaxis, Outcomes, and Determinants With Granulocyte-colony Stimulating Factor",FALSE,1185,logistic_regression,NA,NA,NA,1.013818618,"There is a statistically significant association between a higher study drug dose (EP2006) and a higher Absolute Neutrophil Count (ANC). Specifically, a higher study drug dose was associated with an 11% higher ANC compared to a lower dose.",
cd38dd57581d46f19568a3c0bd45bd91,NCT01459653,NCT01459653,0.01,Logistic regression,OBSERVATIONAL,0,0,0,0,0,Modeling CIN/FN-related Chemotherapy Disturbance: Cycle Level,SECONDARY,Center type: academic-affiliated vs non-academic as center-level predictor for CIN/FN-related chemotherapy disturbance,D009101; D009503; D064147; D000084462; D005334,"Multi-level Evaluation of Chemotherapy-induced Febrile Neutropenia Prophylaxis, Outcomes, and Determinants With Granulocyte-colony Stimulating Factor",FALSE,1045,logistic_regression,NA,NA,NA,1.175404535,"There is a statistically significant association between the type of center where a patient is treated and the odds of a CIN/FN-related chemotherapy disturbance. Specifically, patients treated at academic-affiliated centers had 3.344 times the odds of a CIN/FN-related chemotherapy disturbance compared to those treated at non-academic centers.",
1c04f1881064c7c09b27807593ea5110,NCT01459653,NCT01459653,0.01,Logistic regression,OBSERVATIONAL,0,0,0,0,0,Modeling FN Episode: Cycle Level,SECONDARY,History of anaemia at enrollment as patient-level predictor for FN episode,D009101; D009503; D064147; D000084462; D005334,"Multi-level Evaluation of Chemotherapy-induced Febrile Neutropenia Prophylaxis, Outcomes, and Determinants With Granulocyte-colony Stimulating Factor",FALSE,1273,logistic_regression,NA,NA,NA,1.296571544,"There is a statistically significant association between a higher ECOG score and increased odds of a Febrile Neutropenia (FN) episode. Specifically, for each 1-point increase in the ECOG score, the odds of an FN episode are 1.673 times higher.",
38b9198089b30d9b0d4919562a6fc59a,NCT01444430,NCT01444430,0.004,ANOVA,INTERVENTIONAL,0,0,0,1,0,Percent of Nights With Awakening(s) Due to Asthma,SECONDARY,NA,D001249,A 6 Month Safety Study Comparing Symbicort With Inhaled Corticosteroid Only in Asthmatic Adults and Adolescents,FALSE,11580,anova,2,NA,NA,1.710811048,There is a significant difference between Symbicort vs Inhaled Corticosteroid Only in the percent of nights with awakenings due to Asthma for adults and adolescents with Asthma. Symbicort appears to decrease the percentage of nights with awakenings due to Asthma compared to Inhaled Corticosteriod Only.	,
c7d720bc6d630e6e13ddc6231f8aff73,NCT01416194,NCT01416194,0.01,Linear regression,OBSERVATIONAL,0,0,0,0,0,Cumulative Incidence of Thyroid Disorders- Goitre,SECONDARY,The hazard ratio from Cox proportional hazard regression models was used for comparison of event rates of the primary and secondary endpoints in each treatment group. Statistical two-sided tests was used with a significance level of 0.05.,D010024; D015663,Bazedoxifene Post Approval Safety Study (PASS) in the European Union (EU),TRUE,3831,linear_regression,NA,NA,NA,2.245342836,"The hazard rate of thyroid disorders-goitre in patients with postmenopausal osteoporosis being treated with Bazedoxifene is lower than with Raloxifene.
",
e20c22cc3e3b72e3d6f995bc17929974,NCT01416194,NCT01416194,0.01,Logistic regression,OBSERVATIONAL,0,0,0,0,0,Cumulative Incidence of Clinical Fractures,SECONDARY,The hazard ratio from Cox proportional hazard regression models was used for comparison of event rates of the primary and secondary endpoints in each treatment group. Statistical two-sided tests was used with a significance level of 0.05.,D010024; D015663,Bazedoxifene Post Approval Safety Study (PASS) in the European Union (EU),FALSE,3831,logistic_regression,NA,NA,NA,2.245342836,"The hazard rate of clinical fractures in patients with postmenopausal osteoporosis being treated with Bazedoxifene is lower than with Raloxifene.
",
97698c6fdc69503b3ecd7a0553ed82dc,NCT01416194,NCT01416194,0.01,Logistic regression,OBSERVATIONAL,0,0,0,0,0,Cumulative Incidence of Venous Thromboembolism (VTE),PRIMARY,The hazard ratio from Cox proportional hazard regression models was used for comparison of event rates of the primary and secondary endpoints in each treatment group. Statistical two-sided tests was used with a significance level of 0.05.,D010024; D015663,Bazedoxifene Post Approval Safety Study (PASS) in the European Union (EU),TRUE,7777,logistic_regression,NA,NA,NA,3.197730184,"The hazard rate of VTE in patients with postmenopausal osteoporosis being treated with Bazedoxifene is lower than with Bisphosphonate.
",
48fe777d351bc77046c7d7c3f2f65414,NCT01416194,NCT01416194,0.01,Linear regression,OBSERVATIONAL,0,0,0,0,0,Cumulative Incidence of Renal Failure,SECONDARY,The hazard ratio from Cox proportional hazard regression models was used for comparison of event rates of the primary and secondary endpoints in each treatment group. Statistical two-sided tests was used with a significance level of 0.05.,D010024; D015663,Bazedoxifene Post Approval Safety Study (PASS) in the European Union (EU),TRUE,7777,linear_regression,NA,NA,NA,3.197730184,"The hazard rate of renal failure in patients with postmenopausal osteoporosis being treated with Bazedoxifene is lower than with Bisphosphonate.
",
6c9d371e1750a7e5f95cf18b5f9ce3bf,NCT01416194,NCT01416194,0.01,Logistic regression,OBSERVATIONAL,0,0,0,0,0,Cumulative Incidence of Ischemic Stroke,SECONDARY,The hazard ratio from Cox proportional hazard regression models was used for comparison of event rates of the primary and secondary endpoints in each treatment group. Statistical two-sided tests was used with a significance level of 0.05.,D010024; D015663,Bazedoxifene Post Approval Safety Study (PASS) in the European Union (EU),TRUE,7777,logistic_regression,NA,NA,NA,3.197730184,"The hazard rate of ischemic stroke in patients with postmenopausal osteoporosis being treated with Bazedoxifene is lower than with Bisphosphonate.
",
def75ff921e6174003c7253a830b5d4c,NCT01416194,NCT01416194,0.01,Logistic regression,OBSERVATIONAL,0,0,0,0,0,Cumulative Incidence of Hypertriglyceridemia,SECONDARY,The hazard ratio from Cox proportional hazard regression models was used for comparison of event rates of the primary and secondary endpoints in each treatment group. Statistical two-sided tests was used with a significance level of 0.05.,D010024; D015663,Bazedoxifene Post Approval Safety Study (PASS) in the European Union (EU),TRUE,7777,logistic_regression,NA,NA,NA,3.197730184,"The hazard rate of hypertriglyceridemia in patients with postmenopausal osteoporosis being treated with Bazedoxifene is higher than with Bisphosphonate.
",
34ff9de565eaac65db89cb74bb1c0d2e,NCT01416194,NCT01416194,0.01,Logistic regression,OBSERVATIONAL,0,0,0,0,0,Cumulative Incidence of Clinical Fractures,SECONDARY,The hazard ratio from Cox proportional hazard regression models was used for comparison of event rates of the primary and secondary endpoints in each treatment group. Statistical two-sided tests was used with a significance level of 0.05.,D010024; D015663,Bazedoxifene Post Approval Safety Study (PASS) in the European Union (EU),TRUE,7777,logistic_regression,NA,NA,NA,3.197730184,"The hazard rate of clinical fractures in patients with postmenopausal osteoporosis being treated with Bazedoxifene is lower than with Bisphosphonate.
",
9361371adea3600937183f5ebc2a06bd,NCT01416194,NCT01416194,0.01,Logistic regression,OBSERVATIONAL,0,0,0,0,0,Cumulative Incidence of Cardiac Disorders,SECONDARY,The hazard ratio from Cox proportional hazard regression models was used for comparison of event rates of the primary and secondary endpoints in each treatment group. Statistical two-sided tests was used with a significance level of 0.05.,D010024; D015663,Bazedoxifene Post Approval Safety Study (PASS) in the European Union (EU),FALSE,7777,logistic_regression,NA,NA,NA,3.197730184,"The hazard rate of cardiac disorders in patients with postmenopausal osteoporosis being treated with Bazedoxifene is lower than with Bisphosphonate.
",
9f12ef5a162137470ca78eeb39f1c668,NCT01416194,NCT01416194,0.01,Logistic regression,OBSERVATIONAL,0,0,0,0,0,Cumulative Incidence of Biliary Events,SECONDARY,The hazard ratio from Cox proportional hazard regression models was used for comparison of event rates of the primary and secondary endpoints in each treatment group. Statistical two-sided tests was used with a significance level of 0.05.,D010024; D015663,Bazedoxifene Post Approval Safety Study (PASS) in the European Union (EU),TRUE,7777,logistic_regression,NA,NA,NA,3.197730184,"The hazard rate of biliary events in patients with postmenopausal osteoporosis being treated with Bazedoxifene is lower than with Bisphosphonate.
",
b641d3e7379df254f271122495a9c17b,NCT01416194,NCT01416194,0.01,Linear regression,OBSERVATIONAL,0,0,0,0,0,Cumulative Incidence of All Malignancies,SECONDARY,The hazard ratio from Cox proportional hazard regression models was used for comparison of event rates of the primary and secondary endpoints in each treatment group. Statistical two-sided tests was used with a significance level of 0.05.,D010024; D015663,Bazedoxifene Post Approval Safety Study (PASS) in the European Union (EU),TRUE,7777,linear_regression,NA,NA,NA,3.197730184,"The hazard rate of all malignancies in patients with postmenopausal osteoporosis being treated with Bazedoxifene is lower than with Bisphosphonate.
",
42089f11d604bb6aac6a0d3043db7e40,NCT01381406,NCT01381406,0.007,Logistic regression,OBSERVATIONAL,0,0,0,0,0,Incidence Rate Per 100 Person Years of Hospitalization or Emergency Department (ED) Visit Related to Exacerbation of Chronic Obstructive Pulmonary Disease (COPD),PRIMARY,NA,D008171; D008173; D029424,Impact of Initiating Tiotropium Alone Versus Initiating Tiotropium in Combination With Fluticasone Propionate/Salmeterol Xinafoate Combination (FSC) on Chronic Obstructive Pulmonary Disease-related Outcomes in Patients With Pre-existing Exacerbations,FALSE,3333,logistic_regression,NA,NA,NA,1.522601842,"There is a statistically significant association between the use of TIO + FSC combination therapy and a decreased incidence rate of COPD exacerbations. Specifically, the hazard of a COPD exacerbation was 0.772 times lower for patients receiving TIO + FSC combination therapy compared to those receiving TIO alone.",
e7affd7a2ccc144b66b29f3a9d2029c0,NCT01368185,NCT01368185,0.01,Two-sample t-test,OBSERVATIONAL,0,0,0,0,0,Serum Uric Acid (SUA) Level,PRIMARY,Comparison between Month 3 and Baseline,D006973,Impact of MK-0954A on Uric Acid in the Management of Hypertension (MK-0954A-366),TRUE,1705,t-test,NA,NA,NA,1.499538826,There is an increase in SUA in participants with hypertension who had been treated with MK-0954A (losartan potassium 50 mg + hydrochlorothiazide 12.5 mg) for at least three months.,
9d367e9b10951cb6a1b0bdf5bab56e85,NCT01368185,NCT01368185,0.01,Two-sample t-test,OBSERVATIONAL,0,0,0,0,0,Systolic Blood Pressure (SBP),SECONDARY,Comparison between Month 3 and Baseline,D006973,Impact of MK-0954A on Uric Acid in the Management of Hypertension (MK-0954A-366),TRUE,1705,t-test,NA,NA,NA,1.499538826,There is a decrease in SBP in participants with hypertension who had been treated with MK-0954A (losartan potassium 50 mg + hydrochlorothiazide 12.5 mg) for at least three months.,
7bbf5de079e8fced5f1bbeee61827534,NCT01368185,NCT01368185,0.01,Two-sample t-test,OBSERVATIONAL,0,0,0,0,0,Diastolic Blood Pressure (DBP),SECONDARY,Comparison between Month 3 and Baseline,D006973,Impact of MK-0954A on Uric Acid in the Management of Hypertension (MK-0954A-366),TRUE,1705,t-test,NA,NA,NA,1.499538826,There is a decrease in DBP in participants with hypertension who had been treated with MK-0954A (losartan potassium 50 mg + hydrochlorothiazide 12.5 mg) for at least three months.,
c0f38fb347134735a9ad81f49275fbe2,NCT01337336,NCT01337336,0.009,Two-sample t-test,OBSERVATIONAL,0,0,0,0,0,Number of the Indicated COPD-related Exacerbations,SECONDARY,NA,D008171; D008173; D029424,Chronic Obstructive Pulmonary Disease (COPD)-Related Outcomes and Costs for Patients on Combination Fluticasone Propionate-Salmeterol Xinafoate 250/50mcg Versus Anticholinergics in a COPD-Comorbid Depression/Anxiety Population,FALSE,4001,t-test,NA,NA,NA,2.088798512,There is an increase in COPD-related hospitalization/ER visits in participants in the FSC vs AC cohort.,
573589d6dd48237eca9148446f8dd308,NCT01263015,NCT01263015,0.01,Mann-Whitney,INTERVENTIONAL,0,0,0,1,0,Percentage of Participants With Plasma Human Immunodeficiency Virus -1 (HIV-1) Ribonucleic Acid (RNA) <50 Copies/Milliliter (c/mL) at Week 96 and Week 144,SECONDARY,NA,D000163; D015658,A Trial Comparing GSK1349572 50mg Plus Abacavir/Lamivudine Once Daily to Atripla (Also Called The SINGLE Trial),FALSE,833,mann_whitney,NA,NA,NA,1.050273967,"There is a statistically significant association between the use of DTG + ABC/3TC and a higher percentage of participants with plasma HIV-1 RNA below 50 c/mL. Specifically, the percentage of participants with plasma HIV-1 RNA below 50 c/mL was 8.3 percentage points higher for participants receiving DTG + ABC/3TC compared to those receiving EFV/TDF/FTC. The analysis was conducted at Week 144.",
e381041a801873cfade4fe4281723bc4,NCT01236053,NCT01236053,0.0063,Conditional logistic regression,OBSERVATIONAL,0,0,0,0,0,Number of Anal Cancer Cases and Matched Controls With the Indicated Duration of Exposure to Gabapentin,PRIMARY,NA,D010190; D001749; D002292; D001005; D007680; D013274; D010386; D009423; D010412; D010195; D050500; D009437,Cancer in Patients With Gabapentin (GPRD),FALSE,2067,logistic_regression,NA,NA,NA,1.09146218,"There is a statistically significant association between a low level of gabapentin exposure duration and increased odds of being an anal cancer patient. Specifically, patients in the first tertile of gabapentin exposure duration have higher odds of being an anal cancer patient compared to those with no exposure. The analysis has been adjusted for other factors such as smoking, BMI, diabetes, and HIV.",
a9cc696bcfdeaa48fbdad9aa3430f5c1,NCT01236053,NCT01236053,0.0019,Conditional logistic regression,OBSERVATIONAL,0,0,0,0,0,Number of Pancreatic Cancer Cases and Matched Controls With the Indicated Duration of Exposure to Gabapentin,PRIMARY,NA,D010190; D001749; D002292; D001005; D007680; D013274; D010386; D009423; D010412; D010195; D050500; D009437,Cancer in Patients With Gabapentin (GPRD),FALSE,20382,logistic_regression,NA,NA,NA,1.149790836,"There is a statistically significant association between a low level of gabapentin exposure duration and increased odds of being a pancreatic cancer patient. Specifically, patients in the first tertile of gabapentin exposure duration have higher odds of being a pancreatic cancer patient compared to those with no exposure. The analysis accounts for a two-year lag between the exposure and the cancer diagnosis and has been adjusted for other factors such as smoking, BMI, diabetes, neuropathic pain, back pain, epilepsy, and chronic pancreatitis.",
2224c4553bd4f324d3beaa40be69e951,NCT01236053,NCT01236053,0.002,Conditional logistic regression,OBSERVATIONAL,0,0,0,0,0,Number of Pancreatic Cancer Cases and Matched Controls With the Indicated Number of Gabapentin Prescriptions,PRIMARY,NA,D010190; D001749; D002292; D001005; D007680; D013274; D010386; D009423; D010412; D010195; D050500; D009437,Cancer in Patients With Gabapentin (GPRD),FALSE,20382,logistic_regression,NA,NA,NA,1.20522965,"There is a statistically significant association between a low level of gabapentin prescriptions and increased odds of being a pancreatic cancer patient. Specifically, patients in the first tertile of gabapentin prescriptions have higher odds of being a pancreatic cancer patient compared to those with no exposure. The analysis accounts for a two-year lag between the exposure and the cancer diagnosis and has been adjusted for other factors such as smoking, BMI, diabetes, neuropathic pain, back pain, epilepsy, and chronic pancreatitis.",
1a2f2e28e943bca0664521dc36f48c1b,NCT01236053,NCT01236053,2.00E-04,Conditional logistic regression,OBSERVATIONAL,0,0,0,0,0,Number of All-Cancer Cases and Matched Controls With the Indicated Exposure to Gabapentin,PRIMARY,NA,D010190; D001749; D002292; D001005; D007680; D013274; D010386; D009423; D010412; D010195; D050500; D009437,Cancer in Patients With Gabapentin (GPRD),FALSE,1710950,logistic_regression,NA,NA,NA,1.297892633,"There is a statistically significant association between any gabapentin exposure and increased odds of being an all-cancer patient. Specifically, patients who have ever had gabapentin exposure have higher odds of being an all-cancer patient compared to those with no exposure. The analysis accounts for a two-year lag between the exposure and the cancer diagnosis.",
bd44883391a9cb88c1a9bb244ab28f53,NCT01236053,NCT01236053,0.0024,Conditional logistic regression,OBSERVATIONAL,0,0,0,0,0,Number of Pancreatic Cancer Cases and Matched Controls With the Indicated Duration of Exposure to Gabapentin,PRIMARY,NA,D010190; D001749; D002292; D001005; D007680; D013274; D010386; D009423; D010412; D010195; D050500; D009437,Cancer in Patients With Gabapentin (GPRD),FALSE,20382,logistic_regression,NA,NA,NA,1.424436682,"There is a statistically significant association between a low level of gabapentin exposure duration and increased odds of being a pancreatic cancer patient. Specifically, patients in the first tertile of gabapentin exposure duration have higher odds of being a pancreatic cancer patient compared to those with no exposure.",
12ebe3f1c4559797ed7143162cf29d46,NCT01236053,NCT01236053,0.0049,Conditional logistic regression,OBSERVATIONAL,0,0,0,0,0,Number of Stomach Cancer Cases and Matched Controls With the Indicated Number of Gabapentin Prescriptions,PRIMARY,NA,D010190; D001749; D002292; D001005; D007680; D013274; D010386; D009423; D010412; D010195; D050500; D009437,Cancer in Patients With Gabapentin (GPRD),FALSE,17853,logistic_regression,NA,NA,NA,2.552809629,"There is a statistically significant association between a moderate level of gabapentin prescriptions and increased odds of being a stomach cancer patient. Specifically, patients in the second tertile of gabapentin prescriptions have higher odds of being a stomach cancer patient compared to those with no exposure.",
8aa195c7b36f0642aa30c7b4aafa3933,NCT01236053,NCT01236053,0.0046,Conditional logistic regression,OBSERVATIONAL,0,0,0,0,0,Number of Pancreatic Cancer Cases and Matched Controls With the Indicated Cumulative Dose of Gabapentin,PRIMARY,NA,D010190; D001749; D002292; D001005; D007680; D013274; D010386; D009423; D010412; D010195; D050500; D009437,Cancer in Patients With Gabapentin (GPRD),FALSE,20382,logistic_regression,NA,NA,NA,2.575971391,"There is a statistically significant association between a low level of cumulative gabapentin dose and increased odds of being a pancreatic cancer patient. Specifically, patients in the first tertile of cumulative gabapentin dose have higher odds of being a pancreatic cancer patient compared to those with no exposure.",
f4452d3c1c635a31ed14fe77eaf7e112,NCT01236053,NCT01236053,0.0066,Conditional logistic regression,OBSERVATIONAL,0,0,0,0,0,Number of Pancreatic Cancer Cases and Matched Controls With the Indicated Exposure to Gabapentin,PRIMARY,NA,D010190; D001749; D002292; D001005; D007680; D013274; D010386; D009423; D010412; D010195; D050500; D009437,Cancer in Patients With Gabapentin (GPRD),FALSE,20382,logistic_regression,NA,NA,NA,3.568063431,"There is a statistically significant association between any gabapentin exposure and increased odds of being a pancreatic cancer patient. Specifically, patients who have ever had gabapentin exposure have higher odds of being a pancreatic cancer patient compared to those with no exposure. The analysis accounts for a two-year lag between the exposure and the cancer diagnosis to help control for prediagnostic gabapentin prescribing for pain symptoms possibly related to the cancer itself.",
d1738ea0ae2e098dc732820e636790b3,NCT01236053,NCT01236053,0.008,Conditional logistic regression,OBSERVATIONAL,0,0,0,0,0,Number of Pancreatic Cancer Cases and Matched Controls With the Indicated Number of Gabapentin Prescriptions,PRIMARY,NA,D010190; D001749; D002292; D001005; D007680; D013274; D010386; D009423; D010412; D010195; D050500; D009437,Cancer in Patients With Gabapentin (GPRD),FALSE,20382,logistic_regression,NA,NA,NA,4.240321649,"There is a statistically significant association between a low level of gabapentin prescriptions and increased odds of being a pancreatic cancer patient. Specifically, patients in the first tertile of gabapentin prescriptions have higher odds of being a pancreatic cancer patient compared to those with no exposure. The analysis has been adjusted for other factors such as smoking, BMI, diabetes, neuropathic pain, back pain, epilepsy, and chronic pancreatitis.",
b338670a08530daea2563b54c961a882,NCT01236053,NCT01236053,8.00E-04,Conditional logistic regression,OBSERVATIONAL,0,0,0,0,0,Number of All-Cancer Cases and Matched Controls With the Indicated Number of Gabapentin Prescriptions,PRIMARY,NA,D010190; D001749; D002292; D001005; D007680; D013274; D010386; D009423; D010412; D010195; D050500; D009437,Cancer in Patients With Gabapentin (GPRD),FALSE,1710950,logistic_regression,NA,NA,NA,4.738243654,"There is a statistically significant association between a moderate level of gabapentin prescriptions and increased odds of being an all-cancer patient. Specifically, patients in the second tertile of gabapentin prescriptions have higher odds of being an all-cancer patient compared to those with no exposure. The analysis has been adjusted for other factors such as smoking, BMI, alcohol consumption, diabetes, neuropathic pain, back pain, and epilepsy.",
582c8c4a5dac81f6b18193773635bb1b,NCT01236053,NCT01236053,0.0012,Conditional logistic regression,OBSERVATIONAL,0,0,0,0,0,Number of All-Cancer Cases and Matched Controls With the Indicated Duration of Exposure to Gabapentin,PRIMARY,NA,D010190; D001749; D002292; D001005; D007680; D013274; D010386; D009423; D010412; D010195; D050500; D009437,Cancer in Patients With Gabapentin (GPRD),FALSE,1710950,logistic_regression,NA,NA,NA,6.89716543,"There is a statistically significant association between a high level of gabapentin exposure duration and increased odds of being an all-cancer patient. Specifically, patients in the third tertile of gabapentin exposure duration have higher odds of being an all-cancer patient compared to those with no exposure.",
a028759dd263ae5ac386790af23557d4,NCT01236053,NCT01236053,0.0033,Conditional logistic regression,OBSERVATIONAL,0,0,0,0,0,Number of All-Cancer Cases and Matched Controls With the Indicated Number of Gabapentin Prescriptions,PRIMARY,NA,D010190; D001749; D002292; D001005; D007680; D013274; D010386; D009423; D010412; D010195; D050500; D009437,Cancer in Patients With Gabapentin (GPRD),FALSE,1710950,logistic_regression,NA,NA,NA,17.45158388,"There is a statistically significant association between a moderate level of gabapentin prescriptions and increased odds of being an all-cancer patient. Specifically, patients in the second tertile of gabapentin prescriptions have higher odds of being an all-cancer patient compared to those with no exposure. The analysis accounts for a two-year lag between the exposure and the cancer diagnosis.",
4073ff4be9054e3e245d00ff1fa84c85,NCT01236053,NCT01236053,0.0062,Conditional logistic regression,OBSERVATIONAL,0,0,0,0,0,Number of All-Cancer Cases and Matched Controls With the Indicated Cumulative Dose of Gabapentin,PRIMARY,NA,D010190; D001749; D002292; D001005; D007680; D013274; D010386; D009423; D010412; D010195; D050500; D009437,Cancer in Patients With Gabapentin (GPRD),FALSE,1710950,logistic_regression,NA,NA,NA,30.89715333,"There is a statistically significant association between moderate cumulative Gabapentin dose and increased odds of being an all-cancer patient. Specifically, patients in the second tertile of cumulative Gabapentin dose have higher odds of being an all-cancer patient compared to those with no exposure. The analysis accounts for a two-year lag between the exposure and the cancer diagnosis.",
af0eaf8918497f98864f02a2e958d05a,NCT01138124,NCT01138124,0.0015,Conditional logistic regression,OBSERVATIONAL,0,0,0,0,0,Number of Pancreatic Cancer Cases and Matched Controls With the Indicated Duration of Exposure to Gabapentin,PRIMARY,NA,D010190; D002292; D007680; D010386; D010195; D050500; D012148,Gabapentin and Risk of Pancreatic Cancer and Renal Cancer (GPRD),FALSE,30026,logistic_regression,NA,NA,NA,1.122737116,"There is a statistically significant association between a low level of gabapentin exposure duration and increased odds of being a pancreatic cancer patient. Specifically, patients in the first tertile of gabapentin exposure duration have higher odds of being a pancreatic cancer patient compared to those with no exposure. The analysis accounts for a two-year lag between the exposure and the cancer diagnosis.",
cb8df7e6df3328cc2e5f307c325f8148,NCT01138124,NCT01138124,0.0026,Conditional logistic regression,OBSERVATIONAL,0,0,0,0,0,Number of Renal Cancer Cases and Matched Controls With the Indicated Cumulative Dose of Gabapentin,PRIMARY,NA,D010190; D002292; D007680; D010386; D010195; D050500; D012148,Gabapentin and Risk of Pancreatic Cancer and Renal Cancer (GPRD),FALSE,19046,logistic_regression,NA,NA,NA,1.481592318,"


There is a statistically significant association between a moderate level of gabapentin cumulative dose and increased odds of being a renal cancer patient. Specifically, patients in the second tertile of gabapentin cumulative dose have higher odds of being a renal cancer patient compared to those with no exposure. The analysis has been adjusted for other factors such as smoking, BMI, hypertension, diuretic use, diabetes, neuropathic pain, and epilepsy.",
54597b48bf56620ddf4330858b65a69a,NCT01138124,NCT01138124,0.0031,Conditional logistic regression,OBSERVATIONAL,0,0,0,0,0,Number of Renal Cancer Cases and Matched Controls With the Indicated Exposure to Gabapentin,PRIMARY,NA,D010190; D002292; D007680; D010386; D010195; D050500; D012148,Gabapentin and Risk of Pancreatic Cancer and Renal Cancer (GPRD),FALSE,19046,logistic_regression,NA,NA,NA,1.739690228,"There is a statistically significant association between any gabapentin exposure and increased odds of being a renal cancer patient. Specifically, patients who have ever had gabapentin exposure have higher odds of being a renal cancer patient compared to those with no exposure.",
b99459d1a643d1464ae4e6d6f4224f74,NCT01138124,NCT01138124,0.0034,Conditional logistic regression,OBSERVATIONAL,0,0,0,0,0,Number of Renal Cancer Cases and Matched Controls With the Indicated Number of Gabapentin Prescriptions,PRIMARY,NA,D010190; D002292; D007680; D010386; D010195; D050500; D012148,Gabapentin and Risk of Pancreatic Cancer and Renal Cancer (GPRD),FALSE,19046,logistic_regression,NA,NA,NA,1.892436596,"There is a statistically significant association between a low level of gabapentin prescriptions and increased odds of being a renal cancer patient. Specifically, patients in the first tertile of gabapentin prescriptions have higher odds of being a renal cancer patient compared to those with no exposure. The analysis has been adjusted for other factors such as smoking, BMI, hypertension, diuretic use, diabetes, neuropathic pain, and epilepsy.",
ad53538adb80f2c000e4ad8b7c7f704d,NCT01138124,NCT01138124,0.0042,Conditional logistic regression,OBSERVATIONAL,0,0,0,0,0,Number of Pancreatic Cancer Cases and Matched Controls With the Indicated Number of Gabapentin Prescriptions,PRIMARY,NA,D010190; D002292; D007680; D010386; D010195; D050500; D012148,Gabapentin and Risk of Pancreatic Cancer and Renal Cancer (GPRD),FALSE,30026,logistic_regression,NA,NA,NA,2.87892364,"There is a statistically significant association between a low level of gabapentin prescriptions and increased odds of being a pancreatic cancer patient. Specifically, patients in the first tertile of gabapentin prescriptions have higher odds of being a pancreatic cancer patient compared to those with no exposure. The analysis accounts for a two-year lag between the exposure and the cancer diagnosis and has been adjusted for other factors such as smoking, BMI, diabetes, chronic pancreatitis, neuropathic pain, and epilepsy.",
533ead8c3d40cf06ed4ba055f6775dd0,NCT01138124,NCT01138124,0.0053,Conditional logistic regression,OBSERVATIONAL,0,0,0,0,0,Number of Pancreatic Cancer Cases and Matched Controls With the Indicated Duration of Exposure to Gabapentin,PRIMARY,NA,D010190; D002292; D007680; D010386; D010195; D050500; D012148,Gabapentin and Risk of Pancreatic Cancer and Renal Cancer (GPRD),FALSE,30026,logistic_regression,NA,NA,NA,3.553661359,"There is a statistically significant association between a low level of gabapentin exposure duration and increased odds of being a pancreatic cancer patient. Specifically, patients in the first tertile of gabapentin exposure duration have higher odds of being a pancreatic cancer patient compared to those with no exposure. The analysis accounts for a two-year lag between the exposure and the cancer diagnosis and has been adjusted for other factors such as smoking, BMI, diabetes, chronic pancreatitis, neuropathic pain, and epilepsy.",
a260634ef2740f9f16dc9334d2385ed9,NCT01138124,NCT01138124,0.0095,Conditional logistic regression,OBSERVATIONAL,0,0,0,0,0,Number of Renal Cancer Cases and Matched Controls With the Indicated Exposure to Gabapentin,PRIMARY,NA,D010190; D002292; D007680; D010386; D010195; D050500; D012148,Gabapentin and Risk of Pancreatic Cancer and Renal Cancer (GPRD),FALSE,19046,logistic_regression,NA,NA,NA,4.779419223,"There is a statistically significant association between any gabapentin exposure and increased odds of being a renal cancer patient. Specifically, patients who have ever had gabapentin exposure have higher odds of being a renal cancer patient compared to those with no exposure. The analysis has been adjusted for other factors such as smoking, BMI, hypertension, diuretic use, diabetes, neuropathic pain, and epilepsy.",
4ffabed91b3fe41ff5d8d3bf915fde1f,NCT01087541,NCT01087541,0.01,Two-sample t-test,INTERVENTIONAL,0,0,0,0,0,Glycosylated Haemoglobin A1c at 6 Months,PRIMARY,NA,D003920,SEGUDIAB Study: Evaluation of Safety in the Diabetic Patients,TRUE,6830,t-test,NA,NA,NA,2.996896919,"There is a statistically significant difference in Glycosylated Haemoglobin A1c at 6 months from the start of the RCT between the two groups. Specifically, the group that received a behavioural program of education for health professionals had a lower mean A1c compared to the group that received usual healthcare for diabetic patients.",
bd4340a8e5adc9b94329d62baa76b67a,NCT01070550,NCT01070550,0.0062,Logistic regression,OBSERVATIONAL,0,0,0,0,0,Percentage of Participants With Modified Sustained Virological Response by Genotype in Modified All-Treated Population,PRIMARY,"The statistical analysis is presented for cumulative ribavirin dose per 10000 mg, first 12 weeks. The logistic regression analysis for mSVR was performed for association between treatment exposure and baseline factors available in at least 90% of participants (including cumulative dose of peginterferon and ribavirin up to Week 12), in naive HCV mono-infected mTRT participants receiving PEG-IFN alfa-2a.",D006506; D006526; D019698; D006505,PROPHESYS 1: An Observational Study on Predictors of Response in Treatment-naïve Patients With Chronic Hepatitis C Virus (HCV)Treated With Pegasys (Peginterferon Alfa-2a),FALSE,2981,logistic_regression,NA,NA,NA,1.291295198,"In patients with Genotype 1, there is a statistically significant association between cumulative ribavirin dose (per 10,000 mg) during the first 12 weeks of therapy and the odds of achieving a modified sustained virological response (mSVR). Specifically, for every additional 10,000 mg of ribavirin administered, patients had 1.1 times the odds of achieving mSVR. The analysis was conducted in treatment-naïve, HCV mono-infected participants receiving PEG-IFN alfa-2a, and evaluated outcomes 24 weeks after the end of treatment.",
eb3c747e48bdf474696d7a0a2db81cc9,NCT01070550,NCT01070550,0.0069,Logistic regression,OBSERVATIONAL,0,0,0,0,0,Percentage of Participants With Modified Sustained Virological Response by Genotype in Modified All-Treated Population,PRIMARY,"The statistical analysis is presented for aspartate aminotransferase (AST) ratio at BL (\> 1.5 vs \<=1.5). The logistic regression analysis for mSVR was performed for association between treatment exposure and baseline factors available in at least 90% of participants (including cumulative dose of peginterferon and ribavirin up to Week 12), in naive HCV mono-infected mTRT participants receiving PEG-IFN alfa-2a.",D006506; D006526; D019698; D006505,PROPHESYS 1: An Observational Study on Predictors of Response in Treatment-naïve Patients With Chronic Hepatitis C Virus (HCV)Treated With Pegasys (Peginterferon Alfa-2a),FALSE,2981,logistic_regression,NA,NA,NA,1.421656056,"In patients with Genotype 1, there is a statistically significant association between a high baseline AST ratio and decreased odds of achieving a modified sustained virological response (mSVR). Specifically, patients with a baseline AST ratio greater than 1.5 had 0.717 times the odds of achieving a modified sustained virological response compared to patients with a baseline AST ratio less than or equal to 1.5. The analysis was conducted at 24 weeks after the end of treatment.",
ac6e6790cff3027f599462ef038c7f1e,NCT01070550,NCT01070550,0.0071,Logistic regression,OBSERVATIONAL,0,0,0,0,0,Percentage of Participants With Modified Sustained Virological Response by Genotype in Modified All-Treated Population,PRIMARY,"The statistical analysis is presented for AST ratio at BL (\> 1.5 vs \<=1.5). The logistic regression analysis for mSVR was performed for association between treatment exposure and baseline factors available in at least 90% of participants (including total cumulative dose of peginterferon and ribavirin), in naive HCV mono-infected mTRT participants receiving PEG-IFN alfa-2a.",D006506; D006526; D019698; D006505,PROPHESYS 1: An Observational Study on Predictors of Response in Treatment-naïve Patients With Chronic Hepatitis C Virus (HCV)Treated With Pegasys (Peginterferon Alfa-2a),FALSE,2981,logistic_regression,NA,NA,NA,1.458597385,"In patients with Genotype 1, there is a statistically significant association between a high baseline AST ratio and decreased odds of achieving a modified sustained virological response (mSVR). Specifically, patients with a baseline AST ratio greater than 1.5 had 0.718 times the odds of achieving a modified sustained virological response compared to patients with a baseline AST ratio less than or equal to 1.5. The analysis was conducted at 24 weeks after the end of treatment.",
4e2a66f6cb4772cd4c5d1007089a0c4b,NCT01070550,NCT01070550,0.0074,Logistic regression,OBSERVATIONAL,0,0,0,0,0,Percentage of Participants With Modified Sustained Virological Response by Genotype in Modified All-Treated Population,PRIMARY,"The statistical analysis is presented for age per 10 years. The logistic regression analysis for mSVR was performed for association between treatment exposure and baseline factors available in at least 90% of participants (including total cumulative dose of peginterferon and ribavirin), in naive HCV mono-infected mTRT participants receiving PEG-IFN alfa-2a.",D006506; D006526; D019698; D006505,PROPHESYS 1: An Observational Study on Predictors of Response in Treatment-naïve Patients With Chronic Hepatitis C Virus (HCV)Treated With Pegasys (Peginterferon Alfa-2a),FALSE,2981,logistic_regression,NA,NA,NA,1.513768486,"


In patients with Genotype 1, there is a statistically significant association between age and decreased odds of achieving a modified sustained virological response (mSVR). Specifically, for every 10-year increase in age, the odds of a modified sustained virological response decrease by a factor of 0.896. The analysis was conducted at 24 weeks after the end of treatment.",
391226cfb0c0dfac54e264c0a0bd33d3,NCT01070550,NCT01070550,0.0088,Logistic regression,OBSERVATIONAL,0,0,0,0,0,Percentage of Participants With Modified Sustained Virological Response by Genotype in Modified All-Treated Population,PRIMARY,"The statistical analysis is presented for BMI in kg/m\^2. The logistic regression analysis for mSVR was performed for association between treatment exposure and baseline factors available in at least 90% of participants (including total cumulative dose of peginterferon and ribavirin), in naive HCV mono-infected mTRT participants receiving PEG-IFN alfa-2a.",D006506; D006526; D019698; D006505,PROPHESYS 1: An Observational Study on Predictors of Response in Treatment-naïve Patients With Chronic Hepatitis C Virus (HCV)Treated With Pegasys (Peginterferon Alfa-2a),FALSE,2981,logistic_regression,NA,NA,NA,1.767686323,"


In patients with Genotype 1, there is a statistically significant association between a patient's BMI and decreased odds of achieving a modified sustained virological response (mSVR). Specifically, for every 1 kg/m^2 increase in BMI, the odds of achieving a modified sustained virological response decrease by a factor of 0.971. The analysis was conducted at 24 weeks after the end of treatment.",
5981cad8aed9256057efd0ea9524de81,NCT01066793,NCT01066793,0.0089,Logistic regression,OBSERVATIONAL,0,0,0,0,0,Percentage of Participants With Modified Sustained Virological Response by Type of Peginterferon and Genotype in Modified All Treated Population,PRIMARY,"The statistical analysis is presented for on-treatment response (pEVR \[Partial Early Virological Response\] vs No RVR/EVR). The logistic regression analysis for mSVR was performed for association between on-treatment response and baseline factors available in at least 90% of participants, in naive HCV mono-infected mTRT participants receiving PEG-IFN alfa-2a.",D006506; D006526; D019698; D006505,PROPHESYS 2: An Observational Study on Predictors of Response in Treatment-naïve Patients With Chronic Hepatitis C Treated With Pegasys (Peginterferon Alfa-2a) or Peginterferon-alfa-2b,FALSE,960,logistic_regression,NA,NA,NA,1.015761209,"In patients with Genotype 1 receiving PEG-IFN alfa-2a, there is a statistically significant association between achieving a partial early virological response (pEVR) and increased odds of achieving a modified sustained virological response (mSVR). Specifically, patients who achieved a partial early virological response had 2.519 times the odds of achieving a modified sustained virological response compared to patients with no early virological response. The analysis was conducted at 24 weeks after the end of treatment.",
e1a305d124062b3d4c33ac2ff4e290cb,NCT01066793,NCT01066793,0.0092,Logistic regression,OBSERVATIONAL,0,0,0,0,0,Percentage of Participants With Relapse After Modified End of Treatment Response by Genotype in Modified All-Treated Population at 24 Weeks After End of Treatment,SECONDARY,"The statistical analysis is presented for HCV RNA at BL in log10 (IU/mL). The logistic regression analysis for relapse was performed for association between treatment response and baseline factors available in at least 90% of participants, in naive HCV mono-infected mTRT participants receiving PEG-IFN alfa-2a.",D006506; D006526; D019698; D006505,PROPHESYS 2: An Observational Study on Predictors of Response in Treatment-naïve Patients With Chronic Hepatitis C Treated With Pegasys (Peginterferon Alfa-2a) or Peginterferon-alfa-2b,FALSE,960,logistic_regression,NA,NA,NA,1.046245398,"In patients with Genotype 1 receiving PEG-IFN alfa-2a, there is a statistically significant association between a higher baseline HCV RNA level and increased odds of relapse. Specifically, for every 1 log10 (IU/mL) increase in baseline HCV RNA, the odds of a participant relapsing increase by a factor of 1.590. The analysis was conducted at 24 weeks after the end of treatment.",
1e675c7bb4cfa1d1265fda5801adf360,NCT01001234,NCT01001234,0.01,Logistic regression,INTERVENTIONAL,0,0,0,1,0,Pain Freedom at 2 Hours Post Dose in Participants Between 6 and 17 Years of Age,SECONDARY,"The comparison of rizatriptan versus placebo with respect to pain freedom at 2 hours post Stage 2 dose for participants between 6 and 17 years of age was conducted using a logistic regression model with factors for treatment, Stage 2 baseline pain severity (moderate or severe), age (6 to 11 years old or 12 to 17 years old), and region (US or ex-US). Model-derived odds ratio and a two-sided p-value were provided. An odds ratio \>1 is in favor of the rizatriptan group.",D008881,A Study to Evaluate the Efficacy and Tolerability of Rizatriptan for Treatment of Acute Migraine in Children and Adolescents (MK-0462-082 AM7),FALSE,770,logistic_regression,NA,NA,NA,1.010106056,"There is a statistically significant association between the use of rizatriptan and increased odds of achieving pain freedom. Specifically, participants who received rizatriptan had 1.52 times the odds of achieving pain freedom compared to participants who received placebo. The analysis was conducted on participants between 6 and 17 years of age and measured pain freedom at 2 hours post-dose.",
a0df77c29a8e11f942f643901666054b,NCT00949884,NCT00949884,0.0096,Logistic regression,INTERVENTIONAL,0,0,0,0,1,Percentage of Participants Achieving Blood Pressure Goals at Week 8,OTHER_PRE_SPECIFIED,Percentage of participants achieving diastolic blood pressure goal of \<80 mmHg,D006973,Olmesartan Comparison to Losartan in Hypertensive Subjects,FALSE,850,logistic_regression,NA,NA,NA,1.022997876,"There is a statistically significant association between the use of Combined Olmesartan and achieving a diastolic blood pressure goal of <80 mmHg. The analysis, conducted at Week 8, shows that 11.8% of participants in the Combined Olmesartan group achieved this goal, compared to 6.6% in the Losartan group.",
11052175734cc6a84a54644c9365937e,NCT00556374,NCT00556374,0.007,Logistic regression,INTERVENTIONAL,0,0,0,1,0,Number of Participants With New or Worsening Vertebral Fractures,SECONDARY,NA,D001943,Study to Determine Treatment Effects of Denosumab in Patients With Breast Cancer Receiving Aromatase Inhibitor Therapy,FALSE,1644,logistic_regression,NA,NA,NA,1.070548654,"There is a statistically significant association between the use of Denosumab and decreased odds of having new or worsening vertebral fractures. Specifically, participants who received Denosumab had 0.54 times the odds of having new or worsening vertebral fractures compared to those who received placebo. The analysis was conducted over a 36-month period.",
29d70d17926c0c9dfb94f17985f7af80,NCT00556374,NCT00556374,0.0088,Logistic regression,INTERVENTIONAL,0,0,0,1,0,Number of Participants With New Vertebral Fractures,SECONDARY,NA,D001943,Study to Determine Treatment Effects of Denosumab in Patients With Breast Cancer Receiving Aromatase Inhibitor Therapy,FALSE,1644,logistic_regression,NA,NA,NA,1.313958623,"There is a statistically significant association between the use of Denosumab and decreased odds of having new vertebral fractures. Specifically, participants who received Denosumab had 0.53 times the odds of having a new vertebral fracture compared to those who received placebo. The analysis was conducted over a 36-month period.",
c1cbc951e8158bc30b1b3edd83ae97d3,NCT00443560,NCT00443560,0.01,Mann-Whitney,OBSERVATIONAL,0,0,0,0,0,Duration of Labor Analgesia,SECONDARY,NA,D048949,The Association Between Decreasing Labor Analgesia Epidural Infusion and Forceps Delivery,TRUE,2072,mann_whitney,NA,NA,NA,1.65249718,"There is a statistically significant association between the type of delivery and the duration of labor analgesia. Specifically, the median duration of labor analgesia was significantly longer for participants who had an instrumental vaginal delivery (420 minutes) compared to those who had a spontaneous vaginal delivery (300 minutes).",
f35db23e840ff4bb5555922a5f9d99da,NCT00337727,NCT00337727,0.01,Logistic regression,INTERVENTIONAL,0,0,0,1,0,Number of Patients Who Reported No Vomiting,PRIMARY,NA,D009325; D014839,Aprepitant for the Prevention of Chemotherapy Induced Nausea and Vomiting (CINV)(0869-130)(COMPLETED),TRUE,831,logistic_regression,NA,NA,NA,1.049022431,"There is a statistically significant association between the use of the Aprepitant Regimen and an increased rate of no vomiting. Specifically, 76.2% of patients on the Aprepitant Regimen reported no vomiting, compared to 62.1% of patients on the Standard Regimen. The analysis was conducted over the overall phase (0-120 hours post initiation of MEC) in Cycle 1.",
0fbd6baec27178049c0e5901e354b893,NCT00337727,NCT00337727,0.01,Logistic regression,INTERVENTIONAL,0,0,0,1,0,Number of Patients Who Reported Complete Response,SECONDARY,NA,D009325; D014839,Aprepitant for the Prevention of Chemotherapy Induced Nausea and Vomiting (CINV)(0869-130)(COMPLETED),TRUE,832,logistic_regression,NA,NA,NA,1.049648386,"There is a statistically significant association between the use of the Aprepitant Regimen and an increased rate of complete response. Specifically, 68.7% of patients on the Aprepitant Regimen reported a complete response (no vomiting and no use of rescue medication), compared to 56.3% of patients on the Standard Regimen. The analysis was conducted over the overall phase (0-120 hours post initiation of MEC) in Cycle 1.",
e9d71652b54c4fcb24ee4d0abf396c69,NCT00331773,NCT00331773,0.009,Logistic regression,INTERVENTIONAL,0,0,0,1,0,Frequency of Patients With GU and GI Acute and Late Toxicity,SECONDARY,"Late GU toxicity rates were tabulated and dichotomized as \< grade 2 vs ≥ grade 2. To evaluate the differences by treatment arm, 2 X 2 subtables were formed and relative risk (RR) estimates with 95% CIs were computed.",D011471,Radiation Therapy in Treating Patients With Stage II Prostate Cancer,FALSE,1079,logistic_regression,NA,NA,NA,1.087240906,"There is a statistically significant association between the use of Hypofractionated 3D-CRT and an increased risk of Late GU toxicity. Specifically, patients who received Hypofractionated 3D-CRT had 1.31 times the risk of experiencing Late GU toxicity of grade ≥ 2 compared to those who received Conventional 3D-CRT.",
91ecd13bec6ebeb55a404f1ccc12dc97,NCT00279201,NCT00279201,0.006,ANOVA,INTERVENTIONAL,0,0,0,0,1,INITIATION: Rate of Self-reported Hypoglycemic Episodes,SECONDARY,NA,D003920; D003924,The DURABLE Trial: Evaluating the Durability of Starter Insulin Regimens in Patients With Type 2 Diabetes (IOOV),FALSE,2050,anova,2,NA,NA,1.04027781,"There is a statistically significant association between the type of insulin and the rate of hypoglycemia episodes. Specifically, participants on the Insulin Glargine regimen experienced a lower mean rate of hypoglycemia episodes (20.28 episodes/participant/year) compared to those on the Lispro Low Mix regimen (24.96 episodes/participant/year). The analysis was conducted over a 24-week period.",
5004b27cc4b73572a47dec917e9a0395,NCT00279201,NCT00279201,0.009,ANOVA,INTERVENTIONAL,0,0,0,0,1,INITIATION: Rate of Self-reported Hypoglycemic Episodes,SECONDARY,NA,D003920; D003924,The DURABLE Trial: Evaluating the Durability of Starter Insulin Regimens in Patients With Type 2 Diabetes (IOOV),FALSE,2050,anova,2,NA,NA,1.496379048,"There is a statistically significant association between the type of insulin and the rate of nocturnal hypoglycemic episodes. Specifically, participants on the Lispro Low Mix regimen experienced a lower mean rate of nocturnal hypoglycemic episodes (8.86 episodes/participant/year) compared to those on the Insulin Glargine regimen (11.42 episodes/participant/year). The analysis was conducted over a 24-week period.",
be1dbd754aae92e9b918554dc7494848,NCT00144339,NCT00144339,0.0069,ANOVA,INTERVENTIONAL,0,0,0,1,0,Estimated Post-bronchodilator Slow Vital Capacity (SVC) at Month 12,SECONDARY,NA,D008171; D029424,Evaluation of the Long- Term Effects of Spiriva on Lung Function in COPD Patients,FALSE,4807,anova,2,NA,NA,1.804465777,"There is a statistically significant association between the use of Tiotropium Bromide Inhalation Capsules and a higher estimated post-bronchodilator Slow Vital Capacity (SVC). Specifically, participants who received Tiotropium Bromide Inhalation Capsules had a mean SVC that was 0.032 L higher than those who received placebo. The analysis was conducted at Month 12.",
68f42732f943134955b75a252cdef8b2,NCT00099359,NCT00099359,0.01,Logistic regression,INTERVENTIONAL,0,0,0,1,0,Risk Factors for Perinatal HIV-1 Transmission,SECONDARY,NA,D015658; D000163,Trial of Three Neonatal Antiretroviral Regimens for Prevention of Intrapartum HIV Transmission,FALSE,1591,logistic_regression,NA,NA,NA,1.448742368,"There is a statistically significant association between a mother's treatment with ZDV+NVP and decreased odds of perinatal HIV-1 infection. Specifically, mothers treated with ZDV+NVP had 0.39 times the odds of their infant being intrapartum infected with HIV-1 compared to mothers treated with ZDV only. The analysis was conducted for the time period through age 3 months.",
cdc692fde87bc1c8eb3b85824c8fb3e4,NCT00094302,NCT00094302,0.01,Linear regression,INTERVENTIONAL,0,0,0,1,0,"Depression Symptoms, as Measured by Patient Health Questionnaire.",SECONDARY,"Since the p-value for the preceding test (Statistical Analysis 1) was not significant at the 0.05 level, another generalized linear model was fit, omitting the interaction between treatment group and month of visit. This tests whether the value of the post-baseline quality of life parameter differs by treatment group, taking into account that measurements in the same subject over time may be correlated.",D006333; D002318; D006331,Aldosterone Antagonist Therapy for Adults With Heart Failure and Preserved Systolic Function,FALSE,1477,linear_regression,NA,NA,NA,1.396098992,"Based on the data for Depression Symptoms, as measured by the Patient Health Questionnaire (PHQ), there is a statistically significant association between the use of spironolactone and a reduction in depression symptoms. Specifically, participants who received spironolactone had a lower average PHQ score (5.1 units), reflecting a better mental health status, compared to those who received placebo (5.6 units). The analysis was conducted for each subject up to a maximum of 6 years.",
0ee92e13f4634d01b148f2122962b3dd,NCT00094302,NCT00094302,0.01,Linear regression,INTERVENTIONAL,0,0,0,1,0,Potassium,SECONDARY,"Since the p-value for the preceding test (Statistical Analysis 1) was not significant at the 0.05 level, another generalized linear model was fit, omitting the interaction between treatment group and month of visit. This tests whether the value of the post-baseline laboratory parameter differs by treatment group, taking into account that measurements in the same subject over time may be correlated.",D006333; D002318; D006331,Aldosterone Antagonist Therapy for Adults With Heart Failure and Preserved Systolic Function,TRUE,3445,linear_regression,NA,NA,NA,2.129429846,"There is a statistically significant association between the use of spironolactone and average post-baseline potassium levels. Specifically, participants who received spironolactone had a higher average post-baseline potassium level (4.49 mEq/L) compared to those who received placebo (4.32 mEq/L). The analysis was conducted for each subject up to a maximum of 6 years.",
2c1f77c83ca702ec9828b1155d855ec4,NCT00094302,NCT00094302,0.01,Linear regression,INTERVENTIONAL,0,0,0,1,0,"Quality of Life, as Measured by the Kansas City Cardiomyopathy Questionnaire.",SECONDARY,"Since the p-value for the preceding test (Statistical Analysis 1) was not significant at the 0.05 level, another generalized linear model was fit, omitting the interaction between treatment group and month of visit. This tests whether the value of the post-baseline quality of life parameter differs by treatment group, taking into account that measurements in the same subject over time may be correlated.",D006333; D002318; D006331,Aldosterone Antagonist Therapy for Adults With Heart Failure and Preserved Systolic Function,TRUE,3445,linear_regression,NA,NA,NA,2.129429846,"There is a statistically significant association between the use of spironolactone and quality of life, as measured by the Kansas City Cardiomyopathy Questionnaire. Specifically, participants who received spironolactone had a higher average KCCQ score (64.4 units) compared to those who received placebo (63.1 units). The analysis was conducted for each subject up to a maximum of 6 years.",
66389dcd9cf3a8bb91bae24301a0ff04,NCT00094302,NCT00094302,0.01,Linear regression,INTERVENTIONAL,0,0,0,1,0,Sodium,SECONDARY,"Since the p-value for the preceding test (Statistical Analysis 1) was not significant at the 0.05 level, another generalized linear model was fit, omitting the interaction between treatment group and month of visit. This tests whether the value of the post-baseline laboratory parameter differs by treatment group, taking into account that measurements in the same subject over time may be correlated.",D006333; D002318; D006331,Aldosterone Antagonist Therapy for Adults With Heart Failure and Preserved Systolic Function,TRUE,3445,linear_regression,NA,NA,NA,2.129429846,"There is a statistically significant association between the use of spironolactone and average post-baseline sodium levels. Specifically, participants who received spironolactone had a lower average post-baseline sodium level (140.33 mEq/L) compared to those who received placebo (140.95 mEq/L). The analysis was conducted for each subject up to a maximum of 6 years.",
d870808bcfa93edd59dfa49b19262d1a,NCT00094302,NCT00094302,0.01,Linear regression,INTERVENTIONAL,0,0,0,1,0,Serum Creatinine,SECONDARY,"Since the p-value for the preceding test (Statistical Analysis 1) was not significant at the 0.05 level, another generalized linear model was fit, omitting the interaction between treatment group and month of visit. This tests whether the value of the post-baseline laboratory parameter differs by treatment group, taking into account that measurements in the same subject over time may be correlated.",D006333; D002318; D006331,Aldosterone Antagonist Therapy for Adults With Heart Failure and Preserved Systolic Function,TRUE,3445,linear_regression,NA,NA,NA,2.129429846,"There is a statistically significant association between the use of spironolactone and average post-baseline serum creatinine levels. Specifically, participants who received spironolactone had a higher average post-baseline serum creatinine level (1.17 mg/dL) compared to those who received placebo (1.11 mg/dL). The analysis was conducted for each subject up to a maximum of 6 years.",
936f1684f0413f8e324fa8f323db7132,NCT00091507,NCT00091507,0.01,Logistic regression,INTERVENTIONAL,0,0,0,1,0,Cardiac Arrest or Acute Mortality,SECONDARY,NA,D006333; D002318; D006331; D009203; D003327; D000789; D007238,"IMMEDIATE Trial - Out of Hospital Administration of Glucose, Insulin and Potassium.",FALSE,871,logistic_regression,NA,NA,NA,1.073776065,"There is a statistically significant association between the use of GIK and decreased odds of cardiac arrest or acute mortality. Specifically, participants who received GIK had 0.48 times the odds of experiencing cardiac arrest or acute mortality compared to those who received placebo. The analysis was conducted for the time period from the prehospital setting through hospitalization.",
326e2b905c6b7568f8ba256e06d6cd1e,NCT00023595,NCT00023595,0.008,Logistic regression,INTERVENTIONAL,0,0,0,1,0,H01: All-cause Mortality Within 30 Days After Randomization,SECONDARY,NA,D006333; D002318; D006331; D003327,Comparison of Surgical and Medical Treatment for Congestive Heart Failure and Coronary Artery Disease,FALSE,1212,logistic_regression,NA,NA,NA,1.036840438,"There is a statistically significant association between the Total H01: Medication + CABG treatment and increased odds of all-cause mortality. Specifically, participants in the Total H01: Medication + CABG group had 3.19 times the odds of all-cause mortality within 30 days compared to participants in the H01: Medication group. The analysis was conducted for the time period within 30 days after randomization.",
a0f75a9a1e87e059970e0bdd0ed0edcb,NCT00023595,NCT00023595,0.01,Mann-Whitney,INTERVENTIONAL,0,0,0,1,0,H02: Seattle Angina Questionnaire (SAQ) Anginal Frequency Subscale,SECONDARY,NA,D006333; D002318; D006331; D003327,Comparison of Surgical and Medical Treatment for Congestive Heart Failure and Coronary Artery Disease,FALSE,970,mann_whitney,NA,NA,NA,1.132717695,"There is a statistically significant association between the treatment group and the SAQ score. Specifically, participants in the H02: Medication+CABG+SVR group had a higher median baseline SAQ Anginal Frequency score (80 units) compared to those in the H02: Medication+CABG group (70 units). ",
04f8529e63a017fda3a52d14db4d11d2,NCT00023595,NCT00023595,0.009,Mann-Whitney,INTERVENTIONAL,0,0,0,1,0,H01: KCCQ Symptom Stability,SECONDARY,NA,D006333; D002318; D006331; D003327,Comparison of Surgical and Medical Treatment for Congestive Heart Failure and Coronary Artery Disease,FALSE,1194,mann_whitney,NA,NA,NA,1.143365217,"There is a statistically significant association between treatment arm and KCCQ Symptom Stability scores. Specifically, participants in the Total H01: Medication + CABG group had a higher mean KCCQ Symptom Stability score (51.7 units) compared to participants in the H01: Medication group (49.3 units). The analysis was conducted at 24 months.",