"test_key","test","q","n","theta","null_valid_reps","alt_valid_reps","alpha_p","power_p","alpha_ejab","power_ejab","alpha_bic","power_bic","alpha_tsbf","power_tsbf","risk_p","risk_ejab","risk_bic","risk_tsbf","delta_p_minus_ejab","delta_bic_minus_ejab","delta_tsbf_minus_ejab"
"anova","One-way ANOVA",3,30,0.025,2000,400,0.0045,0.005,0.043,0.0475,0.014,0.0175,0,0,0.49975,0.49775,0.49825,0.5,0.002,0.000500000000000056,0.00225000000000003
"anova","One-way ANOVA",3,30,0.0710526315789474,2000,400,0.0045,0.0025,0.043,0.045,0.014,0.01,0,0,0.501,0.499,0.502,0.5,0.00200000000000006,0.00300000000000006,0.00100000000000006
"anova","One-way ANOVA",3,30,0.117105263157895,2000,400,0.0045,0.0025,0.043,0.0575,0.014,0.0125,0,0,0.501,0.49275,0.50075,0.5,0.00825000000000004,0.00800000000000006,0.00725000000000003
"anova","One-way ANOVA",3,30,0.163157894736842,2000,400,0.0045,0.01,0.043,0.11,0.014,0.03,0,0,0.49725,0.4665,0.492,0.5,0.03075,0.0255,0.0335
"anova","One-way ANOVA",3,30,0.209210526315789,2000,400,0.0045,0.0125,0.043,0.125,0.014,0.0525,0.0045,0.01,0.496,0.459,0.48075,0.49725,0.037,0.02175,0.03825
"anova","One-way ANOVA",3,30,0.255263157894737,2000,400,0.0045,0.0375,0.043,0.1625,0.014,0.0675,0.019,0.085,0.4835,0.44025,0.47325,0.467,0.04325,0.033,0.02675
"anova","One-way ANOVA",3,30,0.301315789473684,2000,400,0.0045,0.03,0.043,0.19,0.014,0.0825,0.031,0.1675,0.48725,0.4265,0.46575,0.43175,0.06075,0.03925,0.00524999999999998
"anova","One-way ANOVA",3,30,0.347368421052632,2000,400,0.0045,0.0725,0.043,0.2675,0.014,0.115,0.0425,0.2675,0.466,0.38775,0.4495,0.3875,0.07825,0.0617500000000001,-0.000249999999999972
"anova","One-way ANOVA",3,30,0.393421052631579,2000,400,0.0045,0.1025,0.043,0.3275,0.014,0.17,0.052,0.355,0.451,0.35775,0.422,0.3485,0.09325,0.06425,-0.00924999999999992
"anova","One-way ANOVA",3,30,0.439473684210526,2000,400,0.0045,0.1625,0.043,0.4025,0.014,0.2575,0.0565,0.445,0.421,0.32025,0.37825,0.30575,0.10075,0.058,-0.0145
"anova","One-way ANOVA",3,30,0.485526315789474,2000,400,0.0045,0.205,0.043,0.4875,0.014,0.29,0.0565,0.5275,0.39975,0.27775,0.362,0.2645,0.122,0.08425,-0.0132499999999999
"anova","One-way ANOVA",3,30,0.531578947368421,2000,400,0.0045,0.2275,0.043,0.5625,0.014,0.36,0.0565,0.61,0.3885,0.24025,0.327,0.22325,0.14825,0.08675,-0.017
"anova","One-way ANOVA",3,30,0.577631578947368,2000,400,0.0045,0.3275,0.043,0.6175,0.014,0.45,0.0555,0.6575,0.3385,0.21275,0.282,0.199,0.12575,0.0692500000000001,-0.0137499999999999
"anova","One-way ANOVA",3,30,0.623684210526316,2000,400,0.0045,0.39,0.043,0.7275,0.014,0.5425,0.053,0.755,0.30725,0.15775,0.23575,0.149,0.1495,0.0780000000000001,-0.00874999999999998
"anova","One-way ANOVA",3,30,0.669736842105263,2000,400,0.0045,0.51,0.043,0.7975,0.014,0.6175,0.0485,0.81,0.24725,0.12275,0.19825,0.11925,0.1245,0.0755,-0.0035
"anova","One-way ANOVA",3,30,0.71578947368421,2000,400,0.0045,0.515,0.043,0.87,0.014,0.6675,0.044,0.8725,0.24475,0.0865,0.17325,0.08575,0.15825,0.08675,-0.000749999999999973
"anova","One-way ANOVA",3,30,0.761842105263158,2000,400,0.0045,0.65,0.043,0.9175,0.014,0.78,0.04,0.9125,0.17725,0.06275,0.117,0.06375,0.1145,0.05425,0.00100000000000006
"anova","One-way ANOVA",3,30,0.807894736842105,2000,400,0.0045,0.7075,0.043,0.9125,0.014,0.8025,0.0385,0.8975,0.1485,0.06525,0.10575,0.0705,0.08325,0.0405,0.00525000000000003
"anova","One-way ANOVA",3,30,0.853947368421053,2000,400,0.0045,0.78,0.043,0.9675,0.014,0.8625,0.0345,0.955,0.11225,0.03775,0.07575,0.03975,0.0745,0.038,0.00200000000000006
"anova","One-way ANOVA",3,30,0.9,2000,400,0.0045,0.82,0.043,0.98,0.014,0.92,0.031,0.9675,0.09225,0.0315,0.047,0.0317499999999999,0.06075,0.0155,0.000249999999999972
"anova","One-way ANOVA",3,37,0.025,2000,400,0.0045,0,0.044,0.025,0.009,0.0025,0,0,0.50225,0.5095,0.50325,0.5,-0.00725000000000009,-0.00625000000000009,-0.00950000000000006
"anova","One-way ANOVA",3,37,0.0710526315789474,2000,400,0.0045,0.0025,0.044,0.03,0.009,0.0075,0,0,0.501,0.507,0.50075,0.5,-0.006,-0.00625000000000009,-0.00700000000000001
"anova","One-way ANOVA",3,37,0.117105263157895,2000,400,0.0045,0.0075,0.044,0.065,0.009,0.0125,0,0,0.4985,0.4895,0.49825,0.5,0.00899999999999995,0.00874999999999992,0.0105
"anova","One-way ANOVA",3,37,0.163157894736842,2000,400,0.0045,0.025,0.044,0.07,0.009,0.03,5e-04,0.0125,0.48975,0.487,0.4895,0.494,0.00274999999999997,0.00249999999999995,0.00700000000000001
"anova","One-way ANOVA",3,37,0.209210526315789,2000,400,0.0045,0.0125,0.044,0.1475,0.009,0.04,0.012,0.0575,0.496,0.44825,0.4845,0.47725,0.04775,0.0362499999999999,0.029
"anova","One-way ANOVA",3,37,0.255263157894737,2000,400,0.0045,0.03,0.044,0.1375,0.009,0.0375,0.027,0.09,0.48725,0.45325,0.48575,0.4685,0.0339999999999999,0.0324999999999999,0.0152499999999999
"anova","One-way ANOVA",3,37,0.301315789473684,2000,400,0.0045,0.0775,0.044,0.25,0.009,0.1025,0.042,0.245,0.4635,0.397,0.45325,0.3985,0.0665,0.0562499999999999,0.0015
"anova","One-way ANOVA",3,37,0.347368421052632,2000,400,0.0045,0.085,0.044,0.32,0.009,0.1325,0.0525,0.34,0.45975,0.362,0.43825,0.35625,0.09775,0.0762499999999999,-0.00575000000000003
"anova","One-way ANOVA",3,37,0.393421052631579,2000,400,0.0045,0.1625,0.044,0.445,0.009,0.2225,0.054,0.49,0.421,0.2995,0.39325,0.282,0.1215,0.09375,-0.0175
"anova","One-way ANOVA",3,37,0.439473684210526,2000,400,0.0045,0.2375,0.044,0.555,0.009,0.2775,0.0545,0.6025,0.3835,0.2445,0.36575,0.226,0.139,0.12125,-0.0185
"anova","One-way ANOVA",3,37,0.485526315789474,2000,400,0.0045,0.2775,0.044,0.6075,0.009,0.3525,0.0535,0.65,0.3635,0.21825,0.32825,0.20175,0.14525,0.11,-0.0165
"anova","One-way ANOVA",3,37,0.531578947368421,2000,400,0.0045,0.4,0.044,0.7225,0.009,0.4725,0.053,0.7425,0.30225,0.16075,0.26825,0.15525,0.1415,0.1075,-0.00550000000000006
"anova","One-way ANOVA",3,37,0.577631578947368,2000,400,0.0045,0.445,0.044,0.7675,0.009,0.5475,0.051,0.7825,0.27975,0.13825,0.23075,0.13425,0.1415,0.0924999999999999,-0.00400000000000006
"anova","One-way ANOVA",3,37,0.623684210526316,2000,400,0.0045,0.595,0.044,0.87,0.009,0.65,0.0465,0.875,0.20475,0.087,0.1795,0.08575,0.11775,0.0924999999999999,-0.00125000000000003
"anova","One-way ANOVA",3,37,0.669736842105263,2000,400,0.0045,0.62,0.044,0.8675,0.009,0.705,0.0405,0.8575,0.19225,0.08825,0.152,0.0915,0.104,0.06375,0.00324999999999998
"anova","One-way ANOVA",3,37,0.71578947368421,2000,400,0.0045,0.7625,0.044,0.935,0.009,0.795,0.036,0.9225,0.121,0.0545,0.107,0.05675,0.0665,0.0524999999999999,0.00225000000000003
"anova","One-way ANOVA",3,37,0.761842105263158,2000,400,0.0045,0.7775,0.044,0.97,0.009,0.845,0.0305,0.9575,0.1135,0.037,0.082,0.0365,0.0765,0.0449999999999999,-0.000500000000000056
"anova","One-way ANOVA",3,37,0.807894736842105,2000,400,0.0045,0.885,0.044,0.9925,0.009,0.9125,0.029,0.9825,0.05975,0.02575,0.04825,0.0232499999999999,0.034,0.0225,-0.00250000000000006
"anova","One-way ANOVA",3,37,0.853947368421053,2000,400,0.0045,0.9325,0.044,0.995,0.009,0.9525,0.026,0.985,0.036,0.0245,0.0282499999999999,0.0205,0.0115,0.00374999999999992,-0.004
"anova","One-way ANOVA",3,37,0.9,2000,400,0.0045,0.9425,0.044,0.995,0.009,0.9575,0.025,0.9875,0.031,0.0245,0.0257499999999999,0.0187499999999999,0.00649999999999995,0.00124999999999992,-0.00575000000000009
"anova","One-way ANOVA",3,46,0.025,2000,400,0.006,0.0025,0.045,0.0525,0.006,0.005,0,0,0.50175,0.49625,0.5005,0.5,0.00550000000000006,0.00425000000000009,0.00375000000000003
"anova","One-way ANOVA",3,46,0.0710526315789474,2000,400,0.006,0.0075,0.045,0.0525,0.006,0.0075,0,0,0.49925,0.49625,0.49925,0.5,0.00300000000000006,0.00300000000000006,0.00375000000000003
"anova","One-way ANOVA",3,46,0.117105263157895,2000,400,0.006,0.0025,0.045,0.0575,0.006,0.0025,0,0,0.50175,0.49375,0.50175,0.5,0.00800000000000006,0.00800000000000006,0.00625000000000003
"anova","One-way ANOVA",3,46,0.163157894736842,2000,400,0.006,0.02,0.045,0.11,0.006,0.02,0.0055,0.0175,0.493,0.4675,0.493,0.494,0.0255,0.0255,0.0265000000000001
"anova","One-way ANOVA",3,46,0.209210526315789,2000,400,0.006,0.0325,0.045,0.125,0.006,0.035,0.0215,0.0825,0.48675,0.46,0.4855,0.4695,0.02675,0.0255,0.00950000000000006
"anova","One-way ANOVA",3,46,0.255263157894737,2000,400,0.006,0.0525,0.045,0.1975,0.006,0.0625,0.0395,0.1875,0.47675,0.42375,0.47175,0.426,0.053,0.048,0.00225000000000009
"anova","One-way ANOVA",3,46,0.301315789473684,2000,400,0.006,0.1,0.045,0.305,0.006,0.1025,0.05,0.325,0.453,0.37,0.45175,0.3625,0.083,0.08175,-0.00749999999999995
"anova","One-way ANOVA",3,46,0.347368421052632,2000,400,0.006,0.1625,0.045,0.385,0.006,0.1675,0.0565,0.43,0.42175,0.33,0.41925,0.31325,0.09175,0.08925,-0.0167499999999999
"anova","One-way ANOVA",3,46,0.393421052631579,2000,400,0.006,0.1975,0.045,0.475,0.006,0.2025,0.0575,0.5125,0.40425,0.285,0.40175,0.2725,0.11925,0.11675,-0.0124999999999999
"anova","One-way ANOVA",3,46,0.439473684210526,2000,400,0.006,0.335,0.045,0.6625,0.006,0.345,0.0565,0.705,0.3355,0.19125,0.3305,0.17575,0.14425,0.13925,-0.0155
"anova","One-way ANOVA",3,46,0.485526315789474,2000,400,0.006,0.37,0.045,0.675,0.006,0.3875,0.0515,0.705,0.318,0.185,0.30925,0.17325,0.133,0.12425,-0.0117499999999999
"anova","One-way ANOVA",3,46,0.531578947368421,2000,400,0.006,0.55,0.045,0.8325,0.006,0.5575,0.049,0.8375,0.228,0.10625,0.22425,0.10575,0.12175,0.118,-5e-04
"anova","One-way ANOVA",3,46,0.577631578947368,2000,400,0.006,0.5925,0.045,0.8475,0.006,0.6,0.045,0.8475,0.20675,0.09875,0.203,0.09875,0.108,0.10425,0
"anova","One-way ANOVA",3,46,0.623684210526316,2000,400,0.006,0.715,0.045,0.9175,0.006,0.72,0.0405,0.9075,0.1455,0.06375,0.143,0.0665,0.08175,0.07925,0.00275000000000003
"anova","One-way ANOVA",3,46,0.669736842105263,2000,400,0.006,0.7975,0.045,0.9425,0.006,0.805,0.0365,0.9275,0.10425,0.05125,0.1005,0.0545,0.053,0.04925,0.00325000000000003
"anova","One-way ANOVA",3,46,0.71578947368421,2000,400,0.006,0.9375,0.045,0.98,0.006,0.945,0.031,0.9725,0.03425,0.0325,0.0305,0.0292499999999999,0.00175000000000003,-0.00199999999999995,-0.00325000000000003
"anova","One-way ANOVA",3,46,0.761842105263158,2000,400,0.006,0.9175,0.045,0.9925,0.006,0.925,0.03,0.9875,0.04425,0.0262499999999999,0.0405,0.02125,0.0180000000000001,0.01425,-0.00499999999999995
"anova","One-way ANOVA",3,46,0.807894736842105,2000,400,0.006,0.9525,0.045,0.995,0.006,0.96,0.025,0.99,0.02675,0.025,0.023,0.0175,0.00175000000000003,-0.00199999999999995,-0.00750000000000001
"anova","One-way ANOVA",3,46,0.853947368421053,2000,400,0.006,0.9625,0.045,0.9975,0.006,0.9625,0.023,0.9925,0.02175,0.0237499999999999,0.02175,0.0152499999999999,-0.00199999999999995,-0.00199999999999995,-0.00850000000000001
"anova","One-way ANOVA",3,46,0.9,2000,400,0.006,0.9875,0.045,1,0.006,0.9875,0.0195,0.9975,0.00924999999999998,0.0225,0.00924999999999998,0.011,-0.01325,-0.01325,-0.0115
"anova","One-way ANOVA",3,57,0.025,2000,400,0.004,0.0025,0.0325,0.045,0.0035,0,0,0,0.50075,0.49375,0.50175,0.5,0.00700000000000006,0.00800000000000006,0.00625000000000003
"anova","One-way ANOVA",3,57,0.0710526315789474,2000,400,0.004,0.005,0.0325,0.04,0.0035,0.0025,0,0,0.4995,0.49625,0.5005,0.5,0.00325000000000003,0.00425000000000009,0.00375000000000003
"anova","One-way ANOVA",3,57,0.117105263157895,2000,400,0.004,0.0125,0.0325,0.09,0.0035,0.0075,5e-04,0,0.49575,0.47125,0.498,0.50025,0.0245,0.02675,0.029
"anova","One-way ANOVA",3,57,0.163157894736842,2000,400,0.004,0.0225,0.0325,0.09,0.0035,0.02,0.008,0.0325,0.49075,0.47125,0.49175,0.48775,0.0195,0.0205,0.0165
"anova","One-way ANOVA",3,57,0.209210526315789,2000,400,0.004,0.0375,0.0325,0.1775,0.0035,0.025,0.0235,0.14,0.48325,0.4275,0.48925,0.44175,0.05575,0.06175,0.01425
"anova","One-way ANOVA",3,57,0.255263157894737,2000,400,0.004,0.0975,0.0325,0.2725,0.0035,0.0875,0.037,0.285,0.45325,0.38,0.458,0.376,0.07325,0.078,-0.004
"anova","One-way ANOVA",3,57,0.301315789473684,2000,400,0.004,0.125,0.0325,0.375,0.0035,0.115,0.045,0.42,0.4395,0.32875,0.44425,0.3125,0.11075,0.1155,-0.01625
"anova","One-way ANOVA",3,57,0.347368421052632,2000,400,0.004,0.225,0.0325,0.4675,0.0035,0.195,0.0465,0.52,0.3895,0.2825,0.40425,0.26325,0.107,0.12175,-0.01925
"anova","One-way ANOVA",3,57,0.393421052631579,2000,400,0.004,0.325,0.0325,0.6275,0.0035,0.2875,0.045,0.6825,0.3395,0.2025,0.358,0.18125,0.137,0.1555,-0.02125
"anova","One-way ANOVA",3,57,0.439473684210526,2000,400,0.004,0.4525,0.0325,0.78,0.0035,0.42,0.038,0.8075,0.27575,0.12625,0.29175,0.11525,0.1495,0.1655,-0.011
"anova","One-way ANOVA",3,57,0.485526315789474,2000,400,0.004,0.53,0.0325,0.82,0.0035,0.5025,0.0355,0.8325,0.237,0.10625,0.2505,0.1015,0.13075,0.14425,-0.00474999999999998
"anova","One-way ANOVA",3,57,0.531578947368421,2000,400,0.004,0.7075,0.0325,0.9,0.0035,0.6725,0.0295,0.8925,0.14825,0.06625,0.1655,0.0685000000000001,0.082,0.0992500000000001,0.00225000000000009
"anova","One-way ANOVA",3,57,0.577631578947368,2000,400,0.004,0.7675,0.0325,0.9225,0.0035,0.7425,0.028,0.92,0.11825,0.055,0.1305,0.054,0.06325,0.0755,-0.001
"anova","One-way ANOVA",3,57,0.623684210526316,2000,400,0.004,0.8575,0.0325,0.98,0.0035,0.8325,0.0235,0.9675,0.07325,0.02625,0.0855,0.028,0.047,0.05925,0.00175000000000003
"anova","One-way ANOVA",3,57,0.669736842105263,2000,400,0.004,0.9325,0.0325,0.9875,0.0035,0.9175,0.0205,0.985,0.03575,0.0225,0.043,0.01775,0.01325,0.0205000000000001,-0.00474999999999998
"anova","One-way ANOVA",3,57,0.71578947368421,2000,400,0.004,0.9725,0.0325,0.9975,0.0035,0.9675,0.016,0.99,0.01575,0.0175,0.018,0.013,-0.00174999999999997,0.000500000000000056,-0.00449999999999995
"anova","One-way ANOVA",3,57,0.761842105263158,2000,400,0.004,0.98,0.0325,0.9975,0.0035,0.9725,0.015,0.9975,0.012,0.0175,0.0155,0.00874999999999992,-0.00549999999999995,-0.00199999999999995,-0.00875000000000004
"anova","One-way ANOVA",3,57,0.807894736842105,2000,400,0.004,0.9975,0.0325,1,0.0035,0.995,0.013,1,0.00324999999999998,0.01625,0.00425000000000003,0.00649999999999995,-0.013,-0.012,-0.00975000000000004
"anova","One-way ANOVA",3,57,0.853947368421053,2000,400,0.004,0.995,0.0325,1,0.0035,0.9925,0.012,1,0.0045,0.01625,0.0055,0.006,-0.01175,-0.01075,-0.01025
"anova","One-way ANOVA",3,57,0.9,2000,400,0.004,1,0.0325,1,0.0035,1,0.01,1,0.002,0.01625,0.00175000000000003,0.005,-0.01425,-0.0145,-0.01125
"anova","One-way ANOVA",3,71,0.025,2000,400,0.0035,0.0025,0.0405,0.04,0.002,0.0025,0,0,0.5005,0.50025,0.49975,0.5,0.000250000000000083,-0.000499999999999945,-0.000249999999999972
"anova","One-way ANOVA",3,71,0.0710526315789474,2000,400,0.0035,0.005,0.0405,0.06,0.002,0.005,0,0,0.49925,0.49025,0.4985,0.5,0.00900000000000006,0.00825000000000004,0.00975000000000004
"anova","One-way ANOVA",3,71,0.117105263157895,2000,400,0.0035,0.015,0.0405,0.07,0.002,0.005,0.001,0.005,0.49425,0.48525,0.4985,0.498,0.00900000000000006,0.01325,0.01275
"anova","One-way ANOVA",3,71,0.163157894736842,2000,400,0.0035,0.0625,0.0405,0.175,0.002,0.0375,0.0155,0.1175,0.4705,0.43275,0.48225,0.449,0.0377500000000001,0.0495,0.0162500000000001
"anova","One-way ANOVA",3,71,0.209210526315789,2000,400,0.0035,0.055,0.0405,0.2025,0.002,0.045,0.0385,0.2,0.47425,0.419,0.4785,0.41925,0.05525,0.0595,0.000250000000000028
"anova","One-way ANOVA",3,71,0.255263157894737,2000,400,0.0035,0.1175,0.0405,0.3525,0.002,0.0775,0.0525,0.3925,0.443,0.344,0.46225,0.33,0.0990000000000001,0.11825,-0.014
"anova","One-way ANOVA",3,71,0.301315789473684,2000,400,0.0035,0.1925,0.0405,0.42,0.002,0.1425,0.056,0.47,0.4055,0.31025,0.42975,0.293,0.09525,0.1195,-0.01725
"anova","One-way ANOVA",3,71,0.347368421052632,2000,400,0.0035,0.265,0.0405,0.6275,0.002,0.2025,0.055,0.6775,0.36925,0.2065,0.39975,0.18875,0.16275,0.19325,-0.01775
"anova","One-way ANOVA",3,71,0.393421052631579,2000,400,0.0035,0.4475,0.0405,0.745,0.002,0.3575,0.051,0.7825,0.278,0.14775,0.32225,0.13425,0.13025,0.1745,-0.0135
"anova","One-way ANOVA",3,71,0.439473684210526,2000,400,0.0035,0.63,0.0405,0.8425,0.002,0.5375,0.0445,0.85,0.18675,0.099,0.23225,0.09725,0.08775,0.13325,-0.00174999999999997
"anova","One-way ANOVA",3,71,0.485526315789474,2000,400,0.0035,0.7225,0.0405,0.9175,0.002,0.6475,0.0375,0.915,0.1405,0.0615,0.17725,0.06125,0.079,0.11575,-0.000249999999999972
"anova","One-way ANOVA",3,71,0.531578947368421,2000,400,0.0035,0.8,0.0405,0.93,0.002,0.7375,0.033,0.925,0.10175,0.05525,0.13225,0.0539999999999999,0.0465,0.077,-0.00125000000000003
"anova","One-way ANOVA",3,71,0.577631578947368,2000,400,0.0035,0.91,0.0405,0.9775,0.002,0.86,0.029,0.965,0.04675,0.0315,0.071,0.032,0.01525,0.0395,5e-04
"anova","One-way ANOVA",3,71,0.623684210526316,2000,400,0.0035,0.955,0.0405,0.9975,0.002,0.93,0.0215,0.98,0.02425,0.0215,0.036,0.02075,0.00275000000000009,0.0145,-0.000749999999999917
"anova","One-way ANOVA",3,71,0.669736842105263,2000,400,0.0035,0.98,0.0405,1,0.002,0.97,0.018,0.995,0.01175,0.02025,0.016,0.0115,-0.00849999999999995,-0.00424999999999998,-0.00874999999999998
"anova","One-way ANOVA",3,71,0.71578947368421,2000,400,0.0035,0.9975,0.0405,1,0.002,0.9975,0.015,1,0.003,0.02025,0.00224999999999997,0.00749999999999995,-0.01725,-0.018,-0.01275
"anova","One-way ANOVA",3,71,0.761842105263158,2000,400,0.0035,0.9975,0.0405,1,0.002,0.995,0.0135,1,0.003,0.02025,0.0035,0.00675000000000003,-0.01725,-0.01675,-0.0135
"anova","One-way ANOVA",3,71,0.807894736842105,2000,400,0.0035,1,0.0405,1,0.002,0.9975,0.012,1,0.00175000000000003,0.02025,0.00224999999999997,0.006,-0.0185,-0.018,-0.01425
"anova","One-way ANOVA",3,71,0.853947368421053,2000,400,0.0035,1,0.0405,1,0.002,0.9975,0.0105,1,0.00175000000000003,0.02025,0.00224999999999997,0.00524999999999998,-0.0185,-0.018,-0.015
"anova","One-way ANOVA",3,71,0.9,2000,400,0.0035,1,0.0405,1,0.002,1,0.0095,1,0.00175000000000003,0.02025,0.001,0.00475000000000003,-0.0185,-0.01925,-0.0155
"anova","One-way ANOVA",3,89,0.025,2000,400,0.005,0.0075,0.0355,0.0425,0.0015,0,0,0,0.49875,0.4965,0.50075,0.5,0.00224999999999992,0.00424999999999998,0.00349999999999995
"anova","One-way ANOVA",3,89,0.0710526315789474,2000,400,0.005,0.01,0.0355,0.055,0.0015,0,0,0,0.4975,0.49025,0.50075,0.5,0.00724999999999992,0.0105,0.00974999999999998
"anova","One-way ANOVA",3,89,0.117105263157895,2000,400,0.005,0.0225,0.0355,0.1,0.0015,0.02,0.0055,0.0225,0.49125,0.46775,0.49075,0.4915,0.0234999999999999,0.023,0.02375
"anova","One-way ANOVA",3,89,0.163157894736842,2000,400,0.005,0.0475,0.0355,0.15,0.0015,0.0125,0.0265,0.13,0.47875,0.44275,0.4945,0.44825,0.0359999999999999,0.05175,0.00549999999999995
"anova","One-way ANOVA",3,89,0.209210526315789,2000,400,0.005,0.1275,0.0355,0.305,0.0015,0.08,0.0435,0.3325,0.43875,0.36525,0.46075,0.3555,0.0734999999999999,0.0955,-0.00975000000000004
"anova","One-way ANOVA",3,89,0.255263157894737,2000,400,0.005,0.1875,0.0355,0.43,0.0015,0.12,0.048,0.4825,0.40875,0.30275,0.44075,0.28275,0.106,0.138,-0.02
"anova","One-way ANOVA",3,89,0.301315789473684,2000,400,0.005,0.3125,0.0355,0.5775,0.0015,0.2125,0.0475,0.6325,0.34625,0.229,0.3945,0.2075,0.11725,0.1655,-0.0215
"anova","One-way ANOVA",3,89,0.347368421052632,2000,400,0.005,0.4975,0.0355,0.745,0.0015,0.36,0.045,0.7625,0.25375,0.14525,0.32075,0.14125,0.1085,0.1755,-0.00400000000000006
"anova","One-way ANOVA",3,89,0.393421052631579,2000,400,0.005,0.625,0.0355,0.855,0.0015,0.4675,0.04,0.8675,0.19,0.09025,0.267,0.08625,0.0997499999999999,0.17675,-0.00400000000000006
"anova","One-way ANOVA",3,89,0.439473684210526,2000,400,0.005,0.7525,0.0355,0.895,0.0015,0.6275,0.034,0.895,0.12625,0.07025,0.187,0.0695,0.0559999999999999,0.11675,-0.000750000000000028
"anova","One-way ANOVA",3,89,0.485526315789474,2000,400,0.005,0.855,0.0355,0.95,0.0015,0.785,0.028,0.9475,0.075,0.0427500000000001,0.10825,0.04025,0.0322499999999999,0.0655,-0.00250000000000006
"anova","One-way ANOVA",3,89,0.531578947368421,2000,400,0.005,0.9525,0.0355,0.9875,0.0015,0.885,0.0235,0.9825,0.0262499999999999,0.024,0.05825,0.0205,0.00224999999999992,0.03425,-0.0035
"anova","One-way ANOVA",3,89,0.577631578947368,2000,400,0.005,0.9775,0.0355,0.9975,0.0015,0.9575,0.019,0.9925,0.0137499999999999,0.019,0.022,0.0132499999999999,-0.00525000000000009,0.003,-0.00575000000000009
"anova","One-way ANOVA",3,89,0.623684210526316,2000,400,0.005,0.9875,0.0355,0.995,0.0015,0.98,0.017,0.995,0.00874999999999992,0.02025,0.01075,0.011,-0.0115000000000001,-0.00950000000000001,-0.00925000000000009
"anova","One-way ANOVA",3,89,0.669736842105263,2000,400,0.005,0.995,0.0355,1,0.0015,0.9875,0.0145,0.995,0.00499999999999995,0.01775,0.00700000000000001,0.00974999999999998,-0.0127500000000001,-0.01075,-0.00800000000000006
"anova","One-way ANOVA",3,89,0.71578947368421,2000,400,0.005,1,0.0355,1,0.0015,1,0.0125,1,0.00249999999999995,0.01775,0.000750000000000028,0.00624999999999998,-0.0152500000000001,-0.017,-0.0115000000000001
"anova","One-way ANOVA",3,89,0.761842105263158,2000,400,0.005,1,0.0355,1,0.0015,1,0.0105,1,0.00249999999999995,0.01775,0.000750000000000028,0.00524999999999998,-0.0152500000000001,-0.017,-0.0125000000000001
"anova","One-way ANOVA",3,89,0.807894736842105,2000,400,0.005,1,0.0355,1,0.0015,1,0.009,1,0.00249999999999995,0.01775,0.000750000000000028,0.00449999999999995,-0.0152500000000001,-0.017,-0.0132500000000001
"anova","One-way ANOVA",3,89,0.853947368421053,2000,400,0.005,1,0.0355,1,0.0015,1,0.0075,1,0.00249999999999995,0.01775,0.000750000000000028,0.00375000000000003,-0.0152500000000001,-0.017,-0.014
"anova","One-way ANOVA",3,89,0.9,2000,400,0.005,1,0.0355,1,0.0015,1,0.0055,1,0.00249999999999995,0.01775,0.000750000000000028,0.00275000000000003,-0.0152500000000001,-0.017,-0.015
"anova","One-way ANOVA",3,110,0.025,2000,400,0.0055,0,0.0335,0.0175,0.002,0,0,0,0.50275,0.508,0.501,0.5,-0.00524999999999998,-0.00700000000000001,-0.00800000000000001
"anova","One-way ANOVA",3,110,0.0710526315789474,2000,400,0.0055,0.005,0.0335,0.05,0.002,0,0,0,0.50025,0.49175,0.501,0.5,0.00850000000000006,0.00924999999999998,0.00824999999999998
"anova","One-way ANOVA",3,110,0.117105263157895,2000,400,0.0055,0.0225,0.0335,0.1175,0.002,0.01,0.0125,0.045,0.4915,0.458,0.496,0.48375,0.0335,0.0379999999999999,0.0257499999999999
"anova","One-way ANOVA",3,110,0.163157894736842,2000,400,0.0055,0.0775,0.0335,0.2075,0.002,0.0375,0.0335,0.21,0.464,0.413,0.48225,0.41175,0.051,0.06925,-0.00124999999999997
"anova","One-way ANOVA",3,110,0.209210526315789,2000,400,0.0055,0.1475,0.0335,0.3625,0.002,0.0725,0.0435,0.4175,0.429,0.3355,0.46475,0.313,0.0935,0.12925,-0.0225
"anova","One-way ANOVA",3,110,0.255263157894737,2000,400,0.0055,0.2525,0.0335,0.5325,0.002,0.1175,0.046,0.575,0.3765,0.2505,0.44225,0.2355,0.126,0.19175,-0.015
"anova","One-way ANOVA",3,110,0.301315789473684,2000,400,0.0055,0.4375,0.0335,0.69,0.002,0.2925,0.0425,0.725,0.284,0.17175,0.35475,0.15875,0.11225,0.183,-0.0130000000000001
"anova","One-way ANOVA",3,110,0.347368421052632,2000,400,0.0055,0.6575,0.0335,0.8425,0.002,0.4875,0.0365,0.865,0.174,0.0955,0.25725,0.08575,0.0785,0.16175,-0.00975000000000004
"anova","One-way ANOVA",3,110,0.393421052631579,2000,400,0.0055,0.7575,0.0335,0.9325,0.002,0.5975,0.0325,0.9275,0.124,0.0505,0.20225,0.0525,0.0735,0.15175,0.00199999999999995
"anova","One-way ANOVA",3,110,0.439473684210526,2000,400,0.0055,0.85,0.0335,0.9725,0.002,0.74,0.027,0.9625,0.07775,0.0305,0.131,0.0322499999999999,0.04725,0.1005,0.00174999999999992
"anova","One-way ANOVA",3,110,0.485526315789474,2000,400,0.0055,0.9525,0.0335,0.99,0.002,0.8725,0.022,0.9875,0.0265,0.02175,0.06475,0.01725,0.00474999999999998,0.0429999999999999,-0.00450000000000006
"anova","One-way ANOVA",3,110,0.531578947368421,2000,400,0.0055,0.985,0.0335,0.9975,0.002,0.95,0.0175,0.995,0.01025,0.018,0.026,0.01125,-0.00774999999999998,0.00800000000000001,-0.00674999999999998
"anova","One-way ANOVA",3,110,0.577631578947368,2000,400,0.0055,0.9975,0.0335,0.9975,0.002,0.98,0.0155,0.9975,0.004,0.018,0.011,0.00900000000000001,-0.014,-0.00700000000000001,-0.00900000000000001
"anova","One-way ANOVA",3,110,0.623684210526316,2000,400,0.0055,1,0.0335,1,0.002,0.995,0.013,1,0.00275000000000003,0.01675,0.0035,0.00649999999999995,-0.014,-0.01325,-0.0102500000000001
"anova","One-way ANOVA",3,110,0.669736842105263,2000,400,0.0055,1,0.0335,1,0.002,0.9975,0.0125,1,0.00275000000000003,0.01675,0.00224999999999997,0.00624999999999998,-0.014,-0.0145000000000001,-0.0105000000000001
"anova","One-way ANOVA",3,110,0.71578947368421,2000,400,0.0055,1,0.0335,1,0.002,1,0.011,1,0.00275000000000003,0.01675,0.001,0.00549999999999995,-0.014,-0.01575,-0.0112500000000001
"anova","One-way ANOVA",3,110,0.761842105263158,2000,400,0.0055,1,0.0335,1,0.002,1,0.008,1,0.00275000000000003,0.01675,0.001,0.004,-0.014,-0.01575,-0.01275
"anova","One-way ANOVA",3,110,0.807894736842105,2000,400,0.0055,1,0.0335,1,0.002,1,0.007,1,0.00275000000000003,0.01675,0.001,0.00349999999999995,-0.014,-0.01575,-0.0132500000000001
"anova","One-way ANOVA",3,110,0.853947368421053,2000,400,0.0055,1,0.0335,1,0.002,1,0.0055,1,0.00275000000000003,0.01675,0.001,0.00275000000000003,-0.014,-0.01575,-0.014
"anova","One-way ANOVA",3,110,0.9,2000,400,0.0055,1,0.0335,1,0.002,1,0.0045,1,0.00275000000000003,0.01675,0.001,0.00224999999999997,-0.014,-0.01575,-0.0145000000000001
"anova","One-way ANOVA",3,136,0.025,2000,400,0.0045,0.01,0.0295,0.05,5e-04,0,0,0,0.49725,0.48975,0.50025,0.5,0.00749999999999995,0.0105,0.01025
"anova","One-way ANOVA",3,136,0.0710526315789474,2000,400,0.0045,0.01,0.0295,0.055,5e-04,0.005,0,0,0.49725,0.48725,0.49775,0.5,0.00999999999999995,0.0105,0.01275
"anova","One-way ANOVA",3,136,0.117105263157895,2000,400,0.0045,0.045,0.0295,0.1425,5e-04,0.005,0.013,0.1,0.47975,0.4435,0.49775,0.4565,0.0362499999999999,0.0542499999999999,0.0129999999999999
"anova","One-way ANOVA",3,136,0.163157894736842,2000,400,0.0045,0.0625,0.0295,0.2425,5e-04,0.015,0.039,0.275,0.471,0.3935,0.49275,0.382,0.0774999999999999,0.0992499999999999,-0.0115000000000001
"anova","One-way ANOVA",3,136,0.209210526315789,2000,400,0.0045,0.2,0.0295,0.4275,5e-04,0.0825,0.049,0.5,0.40225,0.301,0.459,0.2745,0.10125,0.158,-0.0265000000000001
"anova","One-way ANOVA",3,136,0.255263157894737,2000,400,0.0045,0.3125,0.0295,0.6125,5e-04,0.165,0.046,0.6675,0.346,0.2085,0.41775,0.18925,0.1375,0.20925,-0.01925
"anova","One-way ANOVA",3,136,0.301315789473684,2000,400,0.0045,0.56,0.0295,0.805,5e-04,0.3175,0.0385,0.83,0.22225,0.11225,0.3415,0.10425,0.11,0.22925,-0.00800000000000001
"anova","One-way ANOVA",3,136,0.347368421052632,2000,400,0.0045,0.7175,0.0295,0.9,5e-04,0.4825,0.031,0.9,0.1435,0.06475,0.259,0.0655,0.0787499999999999,0.19425,0.000749999999999917
"anova","One-way ANOVA",3,136,0.393421052631579,2000,400,0.0045,0.88,0.0295,0.9675,5e-04,0.7325,0.0235,0.9575,0.06225,0.031,0.134,0.033,0.0312499999999999,0.103,0.002
"anova","One-way ANOVA",3,136,0.439473684210526,2000,400,0.0045,0.965,0.0295,0.9875,5e-04,0.89,0.0165,0.9825,0.01975,0.021,0.05525,0.017,-0.00125000000000003,0.03425,-0.00400000000000006
"anova","One-way ANOVA",3,136,0.485526315789474,2000,400,0.0045,0.985,0.0295,1,5e-04,0.94,0.013,0.995,0.00974999999999998,0.01475,0.03025,0.00899999999999995,-0.00500000000000006,0.0155,-0.00575000000000009
"anova","One-way ANOVA",3,136,0.531578947368421,2000,400,0.0045,1,0.0295,1,5e-04,0.985,0.0115,1,0.00224999999999997,0.01475,0.00774999999999998,0.00575000000000003,-0.0125000000000001,-0.00700000000000006,-0.00900000000000001
"anova","One-way ANOVA",3,136,0.577631578947368,2000,400,0.0045,0.9975,0.0295,0.9975,5e-04,0.995,0.01,0.9975,0.00349999999999995,0.016,0.00274999999999997,0.00624999999999998,-0.0125000000000001,-0.01325,-0.00975000000000004
"anova","One-way ANOVA",3,136,0.623684210526316,2000,400,0.0045,1,0.0295,1,5e-04,1,0.0095,1,0.00224999999999997,0.01475,0.000249999999999972,0.00475000000000003,-0.0125000000000001,-0.0145000000000001,-0.01
"anova","One-way ANOVA",3,136,0.669736842105263,2000,400,0.0045,1,0.0295,1,5e-04,0.9975,0.008,1,0.00224999999999997,0.01475,0.00149999999999995,0.004,-0.0125000000000001,-0.0132500000000001,-0.01075
"anova","One-way ANOVA",3,136,0.71578947368421,2000,400,0.0045,1,0.0295,1,5e-04,1,0.006,1,0.00224999999999997,0.01475,0.000249999999999972,0.003,-0.0125000000000001,-0.0145000000000001,-0.01175
"anova","One-way ANOVA",3,136,0.761842105263158,2000,400,0.0045,1,0.0295,1,5e-04,1,0.0045,1,0.00224999999999997,0.01475,0.000249999999999972,0.00224999999999997,-0.0125000000000001,-0.0145000000000001,-0.0125000000000001
"anova","One-way ANOVA",3,136,0.807894736842105,2000,400,0.0045,1,0.0295,1,5e-04,1,0.003,1,0.00224999999999997,0.01475,0.000249999999999972,0.00149999999999995,-0.0125000000000001,-0.0145000000000001,-0.0132500000000001
"anova","One-way ANOVA",3,136,0.853947368421053,2000,400,0.0045,1,0.0295,1,5e-04,1,0.0025,1,0.00224999999999997,0.01475,0.000249999999999972,0.00124999999999997,-0.0125000000000001,-0.0145000000000001,-0.0135000000000001
"anova","One-way ANOVA",3,136,0.9,2000,400,0.0045,1,0.0295,1,5e-04,1,0.002,1,0.00224999999999997,0.01475,0.000249999999999972,0.001,-0.0125000000000001,-0.0145000000000001,-0.01375
"anova","One-way ANOVA",3,169,0.025,2000,400,0.006,0.01,0.031,0.045,0.001,0.0025,0,0,0.498,0.493,0.49925,0.5,0.00500000000000006,0.00625000000000003,0.00700000000000006
"anova","One-way ANOVA",3,169,0.0710526315789474,2000,400,0.006,0.0175,0.031,0.07,0.001,0,0.0015,0.0025,0.49425,0.4805,0.5005,0.4995,0.0137500000000001,0.02,0.0190000000000001
"anova","One-way ANOVA",3,169,0.117105263157895,2000,400,0.006,0.0625,0.031,0.1775,0.001,0.0125,0.027,0.1525,0.47175,0.42675,0.49425,0.43725,0.045,0.0675,0.0105
"anova","One-way ANOVA",3,169,0.163157894736842,2000,400,0.006,0.14,0.031,0.3375,0.001,0.05,0.0435,0.3925,0.433,0.34675,0.4755,0.3255,0.08625,0.12875,-0.0212499999999999
"anova","One-way ANOVA",3,169,0.209210526315789,2000,400,0.006,0.3025,0.031,0.5325,0.001,0.13,0.0455,0.6075,0.35175,0.24925,0.4355,0.219,0.1025,0.18625,-0.0302499999999999
"anova","One-way ANOVA",3,169,0.255263157894737,2000,400,0.006,0.45,0.031,0.7125,0.001,0.2175,0.042,0.7625,0.278,0.15925,0.39175,0.13975,0.11875,0.2325,-0.0194999999999999
"anova","One-way ANOVA",3,169,0.301315789473684,2000,400,0.006,0.725,0.031,0.8925,0.001,0.495,0.0345,0.9075,0.1405,0.06925,0.253,0.0635,0.07125,0.18375,-0.00574999999999998
"anova","One-way ANOVA",3,169,0.347368421052632,2000,400,0.006,0.8475,0.031,0.9525,0.001,0.69,0.03,0.945,0.07925,0.03925,0.1555,0.0425,0.04,0.11625,0.00325000000000009
"anova","One-way ANOVA",3,169,0.393421052631579,2000,400,0.006,0.945,0.031,0.9875,0.001,0.86,0.0215,0.9825,0.0305,0.0217499999999999,0.0705,0.0195,0.00875000000000009,0.04875,-0.00224999999999992
"anova","One-way ANOVA",3,169,0.439473684210526,2000,400,0.006,0.99,0.031,0.9975,0.001,0.96,0.0145,0.9975,0.00800000000000001,0.0167499999999999,0.0205,0.00849999999999995,-0.00874999999999992,0.00375000000000003,-0.00824999999999998
"anova","One-way ANOVA",3,169,0.485526315789474,2000,400,0.006,1,0.031,1,0.001,0.995,0.011,1,0.003,0.0155,0.00299999999999995,0.00549999999999995,-0.0125,-0.0125,-0.01
"anova","One-way ANOVA",3,169,0.531578947368421,2000,400,0.006,1,0.031,1,0.001,0.9975,0.008,1,0.003,0.0155,0.00174999999999992,0.004,-0.0125,-0.01375,-0.0115
"anova","One-way ANOVA",3,169,0.577631578947368,2000,400,0.006,1,0.031,1,0.001,0.9975,0.007,1,0.003,0.0155,0.00174999999999992,0.00349999999999995,-0.0125,-0.01375,-0.012
"anova","One-way ANOVA",3,169,0.623684210526316,2000,400,0.006,1,0.031,1,0.001,1,0.007,1,0.003,0.0155,0.000499999999999945,0.00349999999999995,-0.0125,-0.015,-0.012
"anova","One-way ANOVA",3,169,0.669736842105263,2000,400,0.006,1,0.031,1,0.001,1,0.006,1,0.003,0.0155,0.000499999999999945,0.003,-0.0125,-0.015,-0.0125
"anova","One-way ANOVA",3,169,0.71578947368421,2000,400,0.006,1,0.031,1,0.001,1,0.0045,1,0.003,0.0155,0.000499999999999945,0.00224999999999997,-0.0125,-0.015,-0.01325
"anova","One-way ANOVA",3,169,0.761842105263158,2000,400,0.006,1,0.031,1,0.001,1,0.004,1,0.003,0.0155,0.000499999999999945,0.002,-0.0125,-0.015,-0.0135
"anova","One-way ANOVA",3,169,0.807894736842105,2000,400,0.006,1,0.031,1,0.001,1,0.003,1,0.003,0.0155,0.000499999999999945,0.00149999999999995,-0.0125,-0.015,-0.014
"anova","One-way ANOVA",3,169,0.853947368421053,2000,400,0.006,1,0.031,1,0.001,1,0.003,1,0.003,0.0155,0.000499999999999945,0.00149999999999995,-0.0125,-0.015,-0.014
"anova","One-way ANOVA",3,169,0.9,2000,400,0.006,1,0.031,1,0.001,1,0.0015,1,0.003,0.0155,0.000499999999999945,0.000750000000000028,-0.0125,-0.015,-0.0147499999999999
"anova","One-way ANOVA",3,210,0.025,2000,400,0.005,0.0075,0.032,0.0425,0.001,0.005,0,0,0.49875,0.49475,0.498,0.5,0.00399999999999995,0.00324999999999992,0.00524999999999998
"anova","One-way ANOVA",3,210,0.0710526315789474,2000,400,0.005,0.0375,0.032,0.085,0.001,0,0.0035,0.03,0.48375,0.4735,0.5005,0.48675,0.0102499999999999,0.0269999999999999,0.01325
"anova","One-way ANOVA",3,210,0.117105263157895,2000,400,0.005,0.055,0.032,0.2075,0.001,0.01,0.0365,0.22,0.475,0.41225,0.4955,0.40825,0.0627499999999999,0.0832499999999999,-0.004
"anova","One-way ANOVA",3,210,0.163157894736842,2000,400,0.005,0.175,0.032,0.3875,0.001,0.0675,0.0505,0.475,0.415,0.32225,0.46675,0.28775,0.0927499999999999,0.1445,-0.0345
"anova","One-way ANOVA",3,210,0.209210526315789,2000,400,0.005,0.405,0.032,0.62,0.001,0.1975,0.048,0.6975,0.3,0.206,0.40175,0.17525,0.0939999999999999,0.19575,-0.03075
"anova","One-way ANOVA",3,210,0.255263157894737,2000,400,0.005,0.6275,0.032,0.82,0.001,0.335,0.0395,0.8425,0.18875,0.106,0.333,0.0985,0.0827499999999999,0.227,-0.00750000000000001
"anova","One-way ANOVA",3,210,0.301315789473684,2000,400,0.005,0.87,0.032,0.965,0.001,0.65,0.0325,0.9675,0.0675,0.0335,0.1755,0.0325,0.0339999999999999,0.142,-0.00100000000000006
"anova","One-way ANOVA",3,210,0.347368421052632,2000,400,0.005,0.9475,0.032,0.985,0.001,0.8075,0.024,0.98,0.0287499999999999,0.0235,0.09675,0.022,0.00524999999999992,0.0732499999999999,-0.0015
"anova","One-way ANOVA",3,210,0.393421052631579,2000,400,0.005,0.9925,0.032,1,0.001,0.9325,0.02,0.9975,0.00624999999999992,0.016,0.03425,0.01125,-0.00975000000000009,0.0182499999999999,-0.00475000000000003
"anova","One-way ANOVA",3,210,0.439473684210526,2000,400,0.005,1,0.032,1,0.001,0.9875,0.0145,1,0.00249999999999995,0.016,0.00674999999999992,0.00724999999999998,-0.0135000000000001,-0.00925000000000009,-0.00875000000000004
"anova","One-way ANOVA",3,210,0.485526315789474,2000,400,0.005,1,0.032,1,0.001,0.995,0.0125,1,0.00249999999999995,0.016,0.00299999999999995,0.00624999999999998,-0.0135000000000001,-0.0130000000000001,-0.00975000000000004
"anova","One-way ANOVA",3,210,0.531578947368421,2000,400,0.005,1,0.032,1,0.001,1,0.0095,1,0.00249999999999995,0.016,0.000499999999999945,0.00475000000000003,-0.0135000000000001,-0.0155000000000001,-0.01125
"anova","One-way ANOVA",3,210,0.577631578947368,2000,400,0.005,1,0.032,1,0.001,1,0.006,1,0.00249999999999995,0.016,0.000499999999999945,0.003,-0.0135000000000001,-0.0155000000000001,-0.013
"anova","One-way ANOVA",3,210,0.623684210526316,2000,400,0.005,1,0.032,1,0.001,1,0.004,1,0.00249999999999995,0.016,0.000499999999999945,0.002,-0.0135000000000001,-0.0155000000000001,-0.014
"anova","One-way ANOVA",3,210,0.669736842105263,2000,400,0.005,1,0.032,1,0.001,1,0.003,1,0.00249999999999995,0.016,0.000499999999999945,0.00149999999999995,-0.0135000000000001,-0.0155000000000001,-0.0145000000000001
"anova","One-way ANOVA",3,210,0.71578947368421,2000,400,0.005,1,0.032,1,0.001,1,0.002,1,0.00249999999999995,0.016,0.000499999999999945,0.001,-0.0135000000000001,-0.0155000000000001,-0.015
"anova","One-way ANOVA",3,210,0.761842105263158,2000,400,0.005,1,0.032,1,0.001,1,0.002,1,0.00249999999999995,0.016,0.000499999999999945,0.001,-0.0135000000000001,-0.0155000000000001,-0.015
"anova","One-way ANOVA",3,210,0.807894736842105,2000,400,0.005,1,0.032,1,0.001,1,0.002,1,0.00249999999999995,0.016,0.000499999999999945,0.001,-0.0135000000000001,-0.0155000000000001,-0.015
"anova","One-way ANOVA",3,210,0.853947368421053,2000,400,0.005,1,0.032,1,0.001,1,0.0015,1,0.00249999999999995,0.016,0.000499999999999945,0.000750000000000028,-0.0135000000000001,-0.0155000000000001,-0.01525
"anova","One-way ANOVA",3,210,0.9,2000,400,0.005,1,0.032,1,0.001,1,0.0015,1,0.00249999999999995,0.016,0.000499999999999945,0.000750000000000028,-0.0135000000000001,-0.0155000000000001,-0.01525
"anova","One-way ANOVA",3,261,0.025,2000,400,0.0045,0.0025,0.029,0.0275,0,0,0,0,0.501,0.50075,0.5,0.5,0.000250000000000083,-0.000749999999999917,-0.000749999999999917
"anova","One-way ANOVA",3,261,0.0710526315789474,2000,400,0.0045,0.02,0.029,0.07,0,0,0.008,0.0275,0.49225,0.4795,0.5,0.49025,0.01275,0.0205000000000001,0.0107500000000001
"anova","One-way ANOVA",3,261,0.117105263157895,2000,400,0.0045,0.0775,0.029,0.235,0,0.0125,0.046,0.2925,0.4635,0.397,0.49375,0.37675,0.0665,0.0967500000000001,-0.0202499999999999
"anova","One-way ANOVA",3,261,0.163157894736842,2000,400,0.0045,0.25,0.029,0.48,0,0.0725,0.0555,0.58,0.37725,0.2745,0.46375,0.23775,0.10275,0.18925,-0.0367499999999999
"anova","One-way ANOVA",3,261,0.209210526315789,2000,400,0.0045,0.5025,0.029,0.68,0,0.2175,0.0465,0.745,0.251,0.1745,0.39125,0.15075,0.0765000000000001,0.21675,-0.0237499999999999
"anova","One-way ANOVA",3,261,0.255263157894737,2000,400,0.0045,0.745,0.029,0.9,0,0.4775,0.034,0.905,0.12975,0.0645,0.26125,0.0645,0.06525,0.19675,5.55111512312578e-17
"anova","One-way ANOVA",3,261,0.301315789473684,2000,400,0.0045,0.9475,0.029,0.9825,0,0.7475,0.024,0.9825,0.0285,0.0232499999999999,0.12625,0.02075,0.00525000000000003,0.103,-0.00249999999999995
"anova","One-way ANOVA",3,261,0.347368421052632,2000,400,0.0045,0.98,0.029,0.9925,0,0.89,0.0175,0.9925,0.01225,0.0182499999999999,0.055,0.0125,-0.00599999999999995,0.0367500000000001,-0.00574999999999992
"anova","One-way ANOVA",3,261,0.393421052631579,2000,400,0.0045,1,0.029,1,0,0.9825,0.0155,1,0.00224999999999997,0.0145,0.00874999999999998,0.00775000000000003,-0.01225,-0.00574999999999998,-0.00674999999999992
"anova","One-way ANOVA",3,261,0.439473684210526,2000,400,0.0045,1,0.029,1,0,1,0.0095,1,0.00224999999999997,0.0145,0,0.00475000000000003,-0.01225,-0.0145,-0.00974999999999993
"anova","One-way ANOVA",3,261,0.485526315789474,2000,400,0.0045,1,0.029,1,0,1,0.0075,1,0.00224999999999997,0.0145,0,0.00375000000000003,-0.01225,-0.0145,-0.0107499999999999
"anova","One-way ANOVA",3,261,0.531578947368421,2000,400,0.0045,1,0.029,1,0,1,0.0055,1,0.00224999999999997,0.0145,0,0.00275000000000003,-0.01225,-0.0145,-0.0117499999999999
"anova","One-way ANOVA",3,261,0.577631578947368,2000,400,0.0045,1,0.029,1,0,1,0.0035,1,0.00224999999999997,0.0145,0,0.00175000000000003,-0.01225,-0.0145,-0.0127499999999999
"anova","One-way ANOVA",3,261,0.623684210526316,2000,400,0.0045,1,0.029,1,0,1,0.002,1,0.00224999999999997,0.0145,0,0.001,-0.01225,-0.0145,-0.0135
"anova","One-way ANOVA",3,261,0.669736842105263,2000,400,0.0045,1,0.029,1,0,1,0.0015,1,0.00224999999999997,0.0145,0,0.000750000000000028,-0.01225,-0.0145,-0.0137499999999999
"anova","One-way ANOVA",3,261,0.71578947368421,2000,400,0.0045,1,0.029,1,0,1,0.0015,1,0.00224999999999997,0.0145,0,0.000750000000000028,-0.01225,-0.0145,-0.0137499999999999
"anova","One-way ANOVA",3,261,0.761842105263158,2000,400,0.0045,1,0.029,1,0,1,0.0015,1,0.00224999999999997,0.0145,0,0.000750000000000028,-0.01225,-0.0145,-0.0137499999999999
"anova","One-way ANOVA",3,261,0.807894736842105,2000,400,0.0045,1,0.029,1,0,1,0.0015,1,0.00224999999999997,0.0145,0,0.000750000000000028,-0.01225,-0.0145,-0.0137499999999999
"anova","One-way ANOVA",3,261,0.853947368421053,2000,400,0.0045,1,0.029,1,0,1,0.0015,1,0.00224999999999997,0.0145,0,0.000750000000000028,-0.01225,-0.0145,-0.0137499999999999
"anova","One-way ANOVA",3,261,0.9,2000,400,0.0045,1,0.029,1,0,1,0.0015,1,0.00224999999999997,0.0145,0,0.000750000000000028,-0.01225,-0.0145,-0.0137499999999999
"anova","One-way ANOVA",3,324,0.025,2000,400,0.006,0.005,0.0245,0.0325,0,0,0,0,0.5005,0.496,0.5,0.5,0.00450000000000006,0.004,0.004
"anova","One-way ANOVA",3,324,0.0710526315789474,2000,400,0.006,0.0225,0.0245,0.0775,0,0,0.014,0.0375,0.49175,0.4735,0.5,0.48825,0.01825,0.0265,0.01475
"anova","One-way ANOVA",3,324,0.117105263157895,2000,400,0.006,0.09,0.0245,0.23,0,0.0075,0.049,0.3225,0.458,0.39725,0.49625,0.36325,0.06075,0.099,-0.034
"anova","One-way ANOVA",3,324,0.163157894736842,2000,400,0.006,0.3625,0.0245,0.57,0,0.1075,0.0495,0.665,0.32175,0.22725,0.44625,0.19225,0.0945,0.219,-0.035
"anova","One-way ANOVA",3,324,0.209210526315789,2000,400,0.006,0.61,0.0245,0.8275,0,0.2925,0.0375,0.8525,0.198,0.0985,0.35375,0.0925,0.0995,0.25525,-0.00599999999999995
"anova","One-way ANOVA",3,324,0.255263157894737,2000,400,0.006,0.8975,0.0245,0.9625,0,0.6725,0.025,0.9625,0.05425,0.031,0.16375,0.0312499999999999,0.02325,0.13275,0.000249999999999972
"anova","One-way ANOVA",3,324,0.301315789473684,2000,400,0.006,0.9825,0.0245,0.9925,0,0.8625,0.019,0.99,0.01175,0.016,0.06875,0.0145,-0.00424999999999998,0.05275,-0.0015
"anova","One-way ANOVA",3,324,0.347368421052632,2000,400,0.006,0.9975,0.0245,0.9975,0,0.9625,0.0135,0.9975,0.00424999999999998,0.0135,0.01875,0.00800000000000001,-0.00924999999999998,0.00525000000000003,-0.00549999999999995
"anova","One-way ANOVA",3,324,0.393421052631579,2000,400,0.006,1,0.0245,1,0,1,0.011,1,0.003,0.01225,0,0.00549999999999995,-0.00924999999999998,-0.01225,-0.00675000000000003
"anova","One-way ANOVA",3,324,0.439473684210526,2000,400,0.006,1,0.0245,1,0,1,0.0085,1,0.003,0.01225,0,0.00424999999999998,-0.00924999999999998,-0.01225,-0.00800000000000001
"anova","One-way ANOVA",3,324,0.485526315789474,2000,400,0.006,1,0.0245,1,0,1,0.0055,1,0.003,0.01225,0,0.00275000000000003,-0.00924999999999998,-0.01225,-0.00949999999999995
"anova","One-way ANOVA",3,324,0.531578947368421,2000,400,0.006,1,0.0245,1,0,1,0.004,1,0.003,0.01225,0,0.002,-0.00924999999999998,-0.01225,-0.01025
"anova","One-way ANOVA",3,324,0.577631578947368,2000,400,0.006,1,0.0245,1,0,1,0.0025,1,0.003,0.01225,0,0.00124999999999997,-0.00924999999999998,-0.01225,-0.011
"anova","One-way ANOVA",3,324,0.623684210526316,2000,400,0.006,1,0.0245,1,0,1,0.002,1,0.003,0.01225,0,0.001,-0.00924999999999998,-0.01225,-0.01125
"anova","One-way ANOVA",3,324,0.669736842105263,2000,400,0.006,1,0.0245,1,0,1,0.001,1,0.003,0.01225,0,0.000499999999999945,-0.00924999999999998,-0.01225,-0.01175
"anova","One-way ANOVA",3,324,0.71578947368421,2000,400,0.006,1,0.0245,1,0,1,5e-04,1,0.003,0.01225,0,0.000249999999999972,-0.00924999999999998,-0.01225,-0.012
"anova","One-way ANOVA",3,324,0.761842105263158,2000,400,0.006,1,0.0245,1,0,1,0,1,0.003,0.01225,0,0,-0.00924999999999998,-0.01225,-0.01225
"anova","One-way ANOVA",3,324,0.807894736842105,2000,400,0.006,1,0.0245,1,0,1,0,1,0.003,0.01225,0,0,-0.00924999999999998,-0.01225,-0.01225
"anova","One-way ANOVA",3,324,0.853947368421053,2000,400,0.006,1,0.0245,1,0,1,0,1,0.003,0.01225,0,0,-0.00924999999999998,-0.01225,-0.01225
"anova","One-way ANOVA",3,324,0.9,2000,400,0.006,1,0.0245,1,0,1,0,1,0.003,0.01225,0,0,-0.00924999999999998,-0.01225,-0.01225
"anova","One-way ANOVA",3,403,0.025,2000,400,0.0045,0.0125,0.017,0.0375,0,0.0025,0,0,0.496,0.48975,0.49875,0.5,0.00625000000000003,0.00900000000000006,0.01025
"anova","One-way ANOVA",3,403,0.0710526315789474,2000,400,0.0045,0.045,0.017,0.105,0,0.0025,0.0165,0.0975,0.47975,0.456,0.49875,0.4595,0.02375,0.0427500000000001,0.0035
"anova","One-way ANOVA",3,403,0.117105263157895,2000,400,0.0045,0.1825,0.017,0.35,0,0.0275,0.0425,0.455,0.411,0.3335,0.48625,0.29375,0.0775,0.15275,-0.03975
"anova","One-way ANOVA",3,403,0.163157894736842,2000,400,0.0045,0.505,0.017,0.6975,0,0.1675,0.0375,0.775,0.24975,0.15975,0.41625,0.13125,0.09,0.2565,-0.0284999999999999
"anova","One-way ANOVA",3,403,0.209210526315789,2000,400,0.0045,0.8,0.017,0.93,0,0.39,0.0225,0.94,0.10225,0.0434999999999999,0.305,0.04125,0.05875,0.2615,-0.00224999999999992
"anova","One-way ANOVA",3,403,0.255263157894737,2000,400,0.0045,0.9725,0.017,0.99,0,0.8325,0.016,0.99,0.016,0.0135,0.08375,0.013,0.0025,0.07025,-0.000499999999999945
"anova","One-way ANOVA",3,403,0.301315789473684,2000,400,0.0045,0.99,0.017,0.9975,0,0.95,0.0125,0.9975,0.00724999999999998,0.00974999999999993,0.025,0.00749999999999995,-0.00249999999999995,0.0152500000000001,-0.00224999999999997
"anova","One-way ANOVA",3,403,0.347368421052632,2000,400,0.0045,1,0.017,1,0,1,0.008,1,0.00224999999999997,0.00849999999999995,0,0.004,-0.00624999999999998,-0.00849999999999995,-0.00449999999999995
"anova","One-way ANOVA",3,403,0.393421052631579,2000,400,0.0045,1,0.017,1,0,1,0.006,1,0.00224999999999997,0.00849999999999995,0,0.003,-0.00624999999999998,-0.00849999999999995,-0.00549999999999995
"anova","One-way ANOVA",3,403,0.439473684210526,2000,400,0.0045,1,0.017,1,0,1,0.004,1,0.00224999999999997,0.00849999999999995,0,0.002,-0.00624999999999998,-0.00849999999999995,-0.00649999999999995
"anova","One-way ANOVA",3,403,0.485526315789474,2000,400,0.0045,1,0.017,1,0,1,0.003,1,0.00224999999999997,0.00849999999999995,0,0.00149999999999995,-0.00624999999999998,-0.00849999999999995,-0.00700000000000001
"anova","One-way ANOVA",3,403,0.531578947368421,2000,400,0.0045,1,0.017,1,0,1,0.002,1,0.00224999999999997,0.00849999999999995,0,0.001,-0.00624999999999998,-0.00849999999999995,-0.00749999999999995
"anova","One-way ANOVA",3,403,0.577631578947368,2000,400,0.0045,1,0.017,1,0,1,0.002,1,0.00224999999999997,0.00849999999999995,0,0.001,-0.00624999999999998,-0.00849999999999995,-0.00749999999999995
"anova","One-way ANOVA",3,403,0.623684210526316,2000,400,0.0045,1,0.017,1,0,1,0.0015,1,0.00224999999999997,0.00849999999999995,0,0.000750000000000028,-0.00624999999999998,-0.00849999999999995,-0.00774999999999992
"anova","One-way ANOVA",3,403,0.669736842105263,2000,400,0.0045,1,0.017,1,0,1,0.0015,1,0.00224999999999997,0.00849999999999995,0,0.000750000000000028,-0.00624999999999998,-0.00849999999999995,-0.00774999999999992
"anova","One-way ANOVA",3,403,0.71578947368421,2000,400,0.0045,1,0.017,1,0,1,5e-04,1,0.00224999999999997,0.00849999999999995,0,0.000249999999999972,-0.00624999999999998,-0.00849999999999995,-0.00824999999999998
"anova","One-way ANOVA",3,403,0.761842105263158,2000,400,0.0045,1,0.017,1,0,1,5e-04,1,0.00224999999999997,0.00849999999999995,0,0.000249999999999972,-0.00624999999999998,-0.00849999999999995,-0.00824999999999998
"anova","One-way ANOVA",3,403,0.807894736842105,2000,400,0.0045,1,0.017,1,0,1,0,1,0.00224999999999997,0.00849999999999995,0,0,-0.00624999999999998,-0.00849999999999995,-0.00849999999999995
"anova","One-way ANOVA",3,403,0.853947368421053,2000,400,0.0045,1,0.017,1,0,1,0,1,0.00224999999999997,0.00849999999999995,0,0,-0.00624999999999998,-0.00849999999999995,-0.00849999999999995
"anova","One-way ANOVA",3,403,0.9,2000,400,0.0045,1,0.017,1,0,1,0,1,0.00224999999999997,0.00849999999999995,0,0,-0.00624999999999998,-0.00849999999999995,-0.00849999999999995
"anova","One-way ANOVA",3,500,0.025,2000,400,0.007,0.0125,0.025,0.045,0,0.0025,0,0,0.49725,0.49,0.49875,0.5,0.00725000000000003,0.00875000000000009,0.0100000000000001
"anova","One-way ANOVA",3,500,0.0710526315789474,2000,400,0.007,0.05,0.025,0.13,0,0,0.033,0.16,0.4785,0.4475,0.5,0.4365,0.031,0.0525,-0.011
"anova","One-way ANOVA",3,500,0.117105263157895,2000,400,0.007,0.26,0.025,0.4875,0,0.05,0.0525,0.62,0.3735,0.26875,0.475,0.21625,0.10475,0.20625,-0.0524999999999999
"anova","One-way ANOVA",3,500,0.163157894736842,2000,400,0.007,0.6575,0.025,0.7875,0,0.2625,0.043,0.845,0.17475,0.11875,0.36875,0.099,0.056,0.25,-0.01975
"anova","One-way ANOVA",3,500,0.209210526315789,2000,400,0.007,0.925,0.025,0.98,0,0.67,0.028,0.985,0.0409999999999999,0.0225,0.165,0.0215,0.0185,0.1425,-0.000999999999999945
"anova","One-way ANOVA",3,500,0.255263157894737,2000,400,0.007,0.985,0.025,0.9925,0,0.8825,0.019,0.9925,0.011,0.0162499999999999,0.05875,0.0132499999999999,-0.00524999999999998,0.0425000000000001,-0.003
"anova","One-way ANOVA",3,500,0.301315789473684,2000,400,0.007,1,0.025,1,0,0.9875,0.01,1,0.00349999999999995,0.0125,0.00624999999999998,0.005,-0.00900000000000001,-0.00624999999999998,-0.00749999999999995
"anova","One-way ANOVA",3,500,0.347368421052632,2000,400,0.007,1,0.025,1,0,1,0.0085,1,0.00349999999999995,0.0125,0,0.00424999999999998,-0.00900000000000001,-0.0125,-0.00824999999999998
"anova","One-way ANOVA",3,500,0.393421052631579,2000,400,0.007,1,0.025,1,0,1,0.007,1,0.00349999999999995,0.0125,0,0.00349999999999995,-0.00900000000000001,-0.0125,-0.00900000000000001
"anova","One-way ANOVA",3,500,0.439473684210526,2000,400,0.007,1,0.025,1,0,1,0.0045,1,0.00349999999999995,0.0125,0,0.00224999999999997,-0.00900000000000001,-0.0125,-0.01025
"anova","One-way ANOVA",3,500,0.485526315789474,2000,400,0.007,1,0.025,1,0,1,0.003,1,0.00349999999999995,0.0125,0,0.00149999999999995,-0.00900000000000001,-0.0125,-0.011
"anova","One-way ANOVA",3,500,0.531578947368421,2000,400,0.007,1,0.025,1,0,1,0.003,1,0.00349999999999995,0.0125,0,0.00149999999999995,-0.00900000000000001,-0.0125,-0.011
"anova","One-way ANOVA",3,500,0.577631578947368,2000,400,0.007,1,0.025,1,0,1,0.0025,1,0.00349999999999995,0.0125,0,0.00124999999999997,-0.00900000000000001,-0.0125,-0.01125
"anova","One-way ANOVA",3,500,0.623684210526316,2000,400,0.007,1,0.025,1,0,1,0.0015,1,0.00349999999999995,0.0125,0,0.000750000000000028,-0.00900000000000001,-0.0125,-0.0117499999999999
"anova","One-way ANOVA",3,500,0.669736842105263,2000,400,0.007,1,0.025,1,0,1,0.0015,1,0.00349999999999995,0.0125,0,0.000750000000000028,-0.00900000000000001,-0.0125,-0.0117499999999999
"anova","One-way ANOVA",3,500,0.71578947368421,2000,400,0.007,1,0.025,1,0,1,0.001,1,0.00349999999999995,0.0125,0,0.000499999999999945,-0.00900000000000001,-0.0125,-0.012
"anova","One-way ANOVA",3,500,0.761842105263158,2000,400,0.007,1,0.025,1,0,1,0.001,1,0.00349999999999995,0.0125,0,0.000499999999999945,-0.00900000000000001,-0.0125,-0.012
"anova","One-way ANOVA",3,500,0.807894736842105,2000,400,0.007,1,0.025,1,0,1,0.001,1,0.00349999999999995,0.0125,0,0.000499999999999945,-0.00900000000000001,-0.0125,-0.012
"anova","One-way ANOVA",3,500,0.853947368421053,2000,400,0.007,1,0.025,1,0,1,5e-04,1,0.00349999999999995,0.0125,0,0.000249999999999972,-0.00900000000000001,-0.0125,-0.01225
"anova","One-way ANOVA",3,500,0.9,2000,400,0.007,1,0.025,1,0,1,5e-04,1,0.00349999999999995,0.0125,0,0.000249999999999972,-0.00900000000000001,-0.0125,-0.01225
"chisq","Chi-square independence",4,30,0.025,2000,400,0.0015,0.0025,0.042,0.045,0.006,0.0125,0,0,0.4995,0.4985,0.49675,0.5,0.00100000000000006,-0.00174999999999997,0.0015
"chisq","Chi-square independence",4,30,0.0710526315789474,2000,400,0.0015,0,0.042,0.0325,0.006,0,0,0,0.50075,0.50475,0.503,0.5,-0.004,-0.00175000000000003,-0.00475000000000003
"chisq","Chi-square independence",4,30,0.117105263157895,2000,400,0.0015,0.0025,0.042,0.045,0.006,0.0025,0,0,0.4995,0.4985,0.50175,0.5,0.00100000000000006,0.00325000000000003,0.0015
"chisq","Chi-square independence",4,30,0.163157894736842,2000,400,0.0015,0,0.042,0.0425,0.006,0.005,0.0015,0,0.50075,0.49975,0.5005,0.50075,0.001,0.000750000000000028,0.001
"chisq","Chi-square independence",4,30,0.209210526315789,2000,400,0.0015,0.0075,0.042,0.0625,0.006,0.015,0.0135,0.0225,0.497,0.48975,0.4955,0.4955,0.00725000000000003,0.00574999999999998,0.00575000000000003
"chisq","Chi-square independence",4,30,0.255263157894737,2000,400,0.0015,0.0025,0.042,0.0575,0.006,0.01,0.028,0.0475,0.4995,0.49225,0.498,0.49025,0.00725000000000003,0.00574999999999998,-0.002
"chisq","Chi-square independence",4,30,0.301315789473684,2000,400,0.0015,0.01,0.042,0.07,0.006,0.01,0.042,0.07,0.49575,0.486,0.498,0.486,0.00975000000000004,0.012,0
"chisq","Chi-square independence",4,30,0.347368421052632,2000,400,0.0015,0.01,0.042,0.09,0.006,0.02,0.045,0.1025,0.49575,0.476,0.493,0.47125,0.01975,0.017,-0.00475000000000009
"chisq","Chi-square independence",4,30,0.393421052631579,2000,400,0.0015,0.02,0.042,0.0775,0.006,0.025,0.0445,0.0825,0.49075,0.48225,0.4905,0.481,0.00850000000000001,0.00824999999999998,-0.00125000000000003
"chisq","Chi-square independence",4,30,0.439473684210526,2000,400,0.0015,0.025,0.042,0.1275,0.006,0.035,0.042,0.1275,0.48825,0.45725,0.4855,0.45725,0.031,0.0282499999999999,0
"chisq","Chi-square independence",4,30,0.485526315789474,2000,400,0.0015,0.03,0.042,0.125,0.006,0.0275,0.0335,0.115,0.48575,0.4585,0.48925,0.45925,0.02725,0.03075,0.000750000000000028
"chisq","Chi-square independence",4,30,0.531578947368421,2000,400,0.0015,0.0275,0.042,0.1425,0.006,0.04,0.028,0.1175,0.487,0.44975,0.483,0.45525,0.03725,0.0332499999999999,0.0055
"chisq","Chi-square independence",4,30,0.577631578947368,2000,400,0.0015,0.04,0.042,0.21,0.006,0.0525,0.0225,0.1625,0.48075,0.416,0.47675,0.43,0.06475,0.06075,0.014
"chisq","Chi-square independence",4,30,0.623684210526316,2000,400,0.0015,0.06,0.042,0.23,0.006,0.0625,0.0185,0.165,0.47075,0.406,0.47175,0.42675,0.06475,0.06575,0.0207499999999999
"chisq","Chi-square independence",4,30,0.669736842105263,2000,400,0.0015,0.0475,0.042,0.2,0.006,0.055,0.0155,0.1325,0.477,0.421,0.4755,0.4415,0.056,0.0544999999999999,0.0205
"chisq","Chi-square independence",4,30,0.71578947368421,2000,400,0.0015,0.0925,0.042,0.3375,0.006,0.1025,0.013,0.1975,0.4545,0.35225,0.45175,0.40775,0.10225,0.0995,0.0554999999999999
"chisq","Chi-square independence",4,30,0.761842105263158,2000,400,0.0015,0.09,0.042,0.3275,0.006,0.11,0.0095,0.175,0.45575,0.35725,0.448,0.41725,0.0985,0.09075,0.06
"chisq","Chi-square independence",4,30,0.807894736842105,2000,400,0.0015,0.125,0.042,0.3825,0.006,0.145,0.0065,0.21,0.43825,0.32975,0.4305,0.39825,0.1085,0.10075,0.0685
"chisq","Chi-square independence",4,30,0.853947368421053,2000,400,0.0015,0.15,0.042,0.4225,0.006,0.1575,0.0045,0.24,0.42575,0.30975,0.42425,0.38225,0.116,0.1145,0.0725
"chisq","Chi-square independence",4,30,0.9,2000,400,0.0015,0.155,0.042,0.4375,0.006,0.175,0.003,0.225,0.42325,0.30225,0.4155,0.389,0.121,0.11325,0.0867499999999999
"chisq","Chi-square independence",4,37,0.025,2000,400,0.003,0.0025,0.0385,0.045,0.0035,0.01,0,0,0.50025,0.49675,0.49675,0.5,0.0035,5.55111512312578e-17,0.00325000000000003
"chisq","Chi-square independence",4,37,0.0710526315789474,2000,400,0.003,0.0075,0.0385,0.035,0.0035,0.015,0,0,0.49775,0.50175,0.49425,0.5,-0.00400000000000006,-0.00750000000000001,-0.00175000000000003
"chisq","Chi-square independence",4,37,0.117105263157895,2000,400,0.003,0.005,0.0385,0.0275,0.0035,0.0075,0,0.005,0.499,0.5055,0.498,0.4975,-0.00650000000000001,-0.0074999999999999,-0.00799999999999995
"chisq","Chi-square independence",4,37,0.163157894736842,2000,400,0.003,0.0075,0.0385,0.0625,0.0035,0.0075,0.005,0.01,0.49775,0.488,0.498,0.4975,0.00974999999999998,0.0100000000000001,0.00949999999999995
"chisq","Chi-square independence",4,37,0.209210526315789,2000,400,0.003,0.0025,0.0385,0.04,0.0035,0,0.0265,0.025,0.50025,0.49925,0.50175,0.50075,0.001,0.00250000000000006,0.00150000000000006
"chisq","Chi-square independence",4,37,0.255263157894737,2000,400,0.003,0.0125,0.0385,0.0625,0.0035,0.0125,0.036,0.055,0.49525,0.488,0.4955,0.4905,0.00724999999999998,0.00750000000000006,0.0025
"chisq","Chi-square independence",4,37,0.301315789473684,2000,400,0.003,0.005,0.0385,0.035,0.0035,0.0075,0.042,0.035,0.499,0.50175,0.498,0.5035,-0.00275000000000009,-0.00374999999999998,0.00175000000000003
"chisq","Chi-square independence",4,37,0.347368421052632,2000,400,0.003,0.005,0.0385,0.1075,0.0035,0.01,0.0425,0.1075,0.499,0.4655,0.49675,0.4675,0.0335,0.0312500000000001,0.002
"chisq","Chi-square independence",4,37,0.393421052631579,2000,400,0.003,0.025,0.0385,0.1225,0.0035,0.025,0.039,0.1225,0.489,0.458,0.48925,0.45825,0.031,0.0312500000000001,0.000249999999999972
"chisq","Chi-square independence",4,37,0.439473684210526,2000,400,0.003,0.0325,0.0385,0.1325,0.0035,0.035,0.0355,0.115,0.48525,0.453,0.48425,0.46025,0.03225,0.0312500000000001,0.00725000000000009
"chisq","Chi-square independence",4,37,0.485526315789474,2000,400,0.003,0.0275,0.0385,0.1575,0.0035,0.0325,0.033,0.1175,0.48775,0.4405,0.4855,0.45775,0.04725,0.045,0.01725
"chisq","Chi-square independence",4,37,0.531578947368421,2000,400,0.003,0.0325,0.0385,0.1875,0.0035,0.0325,0.0275,0.145,0.48525,0.4255,0.4855,0.44125,0.05975,0.06,0.01575
"chisq","Chi-square independence",4,37,0.577631578947368,2000,400,0.003,0.045,0.0385,0.25,0.0035,0.0375,0.0215,0.165,0.479,0.39425,0.483,0.42825,0.0847499999999999,0.08875,0.034
"chisq","Chi-square independence",4,37,0.623684210526316,2000,400,0.003,0.0725,0.0385,0.2375,0.0035,0.075,0.016,0.1575,0.46525,0.4005,0.46425,0.42925,0.06475,0.0637500000000001,0.0287500000000001
"chisq","Chi-square independence",4,37,0.669736842105263,2000,400,0.003,0.0975,0.0385,0.3075,0.0035,0.0875,0.015,0.1775,0.45275,0.3655,0.458,0.41875,0.0872499999999999,0.0925,0.05325
"chisq","Chi-square independence",4,37,0.71578947368421,2000,400,0.003,0.1375,0.0385,0.3725,0.0035,0.1075,0.0125,0.2,0.43275,0.333,0.448,0.40625,0.09975,0.115,0.07325
"chisq","Chi-square independence",4,37,0.761842105263158,2000,400,0.003,0.1575,0.0385,0.4025,0.0035,0.155,0.009,0.245,0.42275,0.318,0.42425,0.382,0.10475,0.10625,0.064
"chisq","Chi-square independence",4,37,0.807894736842105,2000,400,0.003,0.1825,0.0385,0.4525,0.0035,0.155,0.005,0.245,0.41025,0.293,0.42425,0.38,0.11725,0.13125,0.087
"chisq","Chi-square independence",4,37,0.853947368421053,2000,400,0.003,0.2075,0.0385,0.49,0.0035,0.1675,0.004,0.2875,0.39775,0.27425,0.418,0.35825,0.1235,0.14375,0.084
"chisq","Chi-square independence",4,37,0.9,2000,400,0.003,0.2225,0.0385,0.515,0.0035,0.1975,0.004,0.2525,0.39025,0.26175,0.403,0.37575,0.1285,0.14125,0.114
"chisq","Chi-square independence",4,46,0.025,2000,400,0.0045,0.0025,0.0445,0.06,0.0035,0.0025,0,0,0.501,0.49225,0.5005,0.5,0.00875000000000004,0.00825000000000009,0.00775000000000003
"chisq","Chi-square independence",4,46,0.0710526315789474,2000,400,0.0045,0.0125,0.0445,0.0625,0.0035,0.0125,0,0,0.496,0.491,0.4955,0.5,0.005,0.00450000000000006,0.00900000000000001
"chisq","Chi-square independence",4,46,0.117105263157895,2000,400,0.0045,0.0025,0.0445,0.0575,0.0035,0.005,0.0025,0.0025,0.501,0.4935,0.49925,0.5,0.00750000000000001,0.00575000000000003,0.00650000000000001
"chisq","Chi-square independence",4,46,0.163157894736842,2000,400,0.0045,0.005,0.0445,0.0525,0.0035,0,0.0155,0.015,0.49975,0.496,0.50175,0.50025,0.00374999999999998,0.00575000000000003,0.00425000000000009
"chisq","Chi-square independence",4,46,0.209210526315789,2000,400,0.0045,0.01,0.0445,0.0825,0.0035,0.0025,0.0335,0.07,0.49725,0.481,0.5005,0.48175,0.01625,0.0195000000000001,0.000750000000000028
"chisq","Chi-square independence",4,46,0.255263157894737,2000,400,0.0045,0.0075,0.0445,0.075,0.0035,0.0025,0.0475,0.075,0.4985,0.48475,0.5005,0.48625,0.01375,0.01575,0.00150000000000006
"chisq","Chi-square independence",4,46,0.301315789473684,2000,400,0.0045,0.01,0.0445,0.0625,0.0035,0.005,0.0495,0.0675,0.49725,0.491,0.49925,0.491,0.00624999999999998,0.00825000000000004,5.55111512312578e-17
"chisq","Chi-square independence",4,46,0.347368421052632,2000,400,0.0045,0.0075,0.0445,0.115,0.0035,0.0075,0.046,0.115,0.4985,0.46475,0.498,0.4655,0.03375,0.0332500000000001,0.000750000000000028
"chisq","Chi-square independence",4,46,0.393421052631579,2000,400,0.0045,0.0225,0.0445,0.15,0.0035,0.01,0.0405,0.1425,0.491,0.44725,0.49675,0.449,0.04375,0.0495,0.00175000000000003
"chisq","Chi-square independence",4,46,0.439473684210526,2000,400,0.0045,0.0375,0.0445,0.145,0.0035,0.0225,0.033,0.115,0.4835,0.44975,0.4905,0.459,0.03375,0.0407500000000001,0.00924999999999998
"chisq","Chi-square independence",4,46,0.485526315789474,2000,400,0.0045,0.05,0.0445,0.215,0.0035,0.035,0.027,0.1775,0.47725,0.41475,0.48425,0.42475,0.0625,0.0695,0.00999999999999995
"chisq","Chi-square independence",4,46,0.531578947368421,2000,400,0.0045,0.065,0.0445,0.235,0.0035,0.04,0.0225,0.1625,0.46975,0.40475,0.48175,0.43,0.065,0.077,0.02525
"chisq","Chi-square independence",4,46,0.577631578947368,2000,400,0.0045,0.105,0.0445,0.28,0.0035,0.065,0.0185,0.2025,0.44975,0.38225,0.46925,0.408,0.0675,0.0870000000000001,0.02575
"chisq","Chi-square independence",4,46,0.623684210526316,2000,400,0.0045,0.1075,0.0445,0.335,0.0035,0.0825,0.015,0.1875,0.4485,0.35475,0.4605,0.41375,0.09375,0.10575,0.0589999999999999
"chisq","Chi-square independence",4,46,0.669736842105263,2000,400,0.0045,0.14,0.0445,0.3775,0.0035,0.1025,0.012,0.2275,0.43225,0.3335,0.4505,0.39225,0.09875,0.117,0.05875
"chisq","Chi-square independence",4,46,0.71578947368421,2000,400,0.0045,0.165,0.0445,0.4175,0.0035,0.1125,0.01,0.235,0.41975,0.3135,0.4455,0.3875,0.10625,0.132,0.074
"chisq","Chi-square independence",4,46,0.761842105263158,2000,400,0.0045,0.23,0.0445,0.5375,0.0035,0.1625,0.0075,0.295,0.38725,0.2535,0.4205,0.35625,0.13375,0.167,0.10275
"chisq","Chi-square independence",4,46,0.807894736842105,2000,400,0.0045,0.26,0.0445,0.5525,0.0035,0.185,0.005,0.2975,0.37225,0.246,0.40925,0.35375,0.12625,0.16325,0.10775
"chisq","Chi-square independence",4,46,0.853947368421053,2000,400,0.0045,0.325,0.0445,0.63,0.0035,0.23,0.0045,0.3525,0.33975,0.20725,0.38675,0.326,0.1325,0.1795,0.11875
"chisq","Chi-square independence",4,46,0.9,2000,400,0.0045,0.345,0.0445,0.6375,0.0035,0.26,0.004,0.3425,0.32975,0.2035,0.37175,0.33075,0.12625,0.16825,0.12725
"chisq","Chi-square independence",4,57,0.025,2000,400,0.0035,0.005,0.0355,0.0375,0.002,0.0025,0,0,0.49925,0.499,0.49975,0.5,0.000249999999999972,0.000749999999999973,0.000999999999999945
"chisq","Chi-square independence",4,57,0.0710526315789474,2000,400,0.0035,0.0025,0.0355,0.0475,0.002,0,0,0,0.5005,0.494,0.501,0.5,0.00650000000000001,0.00699999999999995,0.00599999999999995
"chisq","Chi-square independence",4,57,0.117105263157895,2000,400,0.0035,0.005,0.0355,0.04,0.002,0.005,0.003,0.0025,0.49925,0.49775,0.4985,0.50025,0.0015,0.000749999999999973,0.00249999999999995
"chisq","Chi-square independence",4,57,0.163157894736842,2000,400,0.0035,0.005,0.0355,0.0675,0.002,0.005,0.022,0.045,0.49925,0.484,0.4985,0.4885,0.01525,0.0145,0.00449999999999995
"chisq","Chi-square independence",4,57,0.209210526315789,2000,400,0.0035,0.02,0.0355,0.065,0.002,0.0125,0.034,0.065,0.49175,0.48525,0.49475,0.4845,0.00649999999999995,0.00949999999999995,-0.000750000000000028
"chisq","Chi-square independence",4,57,0.255263157894737,2000,400,0.0035,0.0225,0.0355,0.0725,0.002,0.0075,0.037,0.0775,0.4905,0.4815,0.49725,0.47975,0.00900000000000001,0.01575,-0.00175000000000008
"chisq","Chi-square independence",4,57,0.301315789473684,2000,400,0.0035,0.025,0.0355,0.145,0.002,0.01,0.036,0.1475,0.48925,0.44525,0.496,0.44425,0.044,0.05075,-0.001
"chisq","Chi-square independence",4,57,0.347368421052632,2000,400,0.0035,0.0275,0.0355,0.1225,0.002,0.0125,0.033,0.12,0.488,0.4565,0.49475,0.4565,0.0315,0.03825,-5.55111512312578e-17
"chisq","Chi-square independence",4,57,0.393421052631579,2000,400,0.0035,0.0375,0.0355,0.1575,0.002,0.0175,0.029,0.1325,0.483,0.439,0.49225,0.44825,0.044,0.05325,0.00924999999999987
"chisq","Chi-square independence",4,57,0.439473684210526,2000,400,0.0035,0.04,0.0355,0.1875,0.002,0.02,0.0245,0.145,0.48175,0.424,0.491,0.43975,0.05775,0.067,0.0157499999999999
"chisq","Chi-square independence",4,57,0.485526315789474,2000,400,0.0035,0.085,0.0355,0.2275,0.002,0.0325,0.0205,0.1775,0.45925,0.404,0.48475,0.4215,0.05525,0.08075,0.0175
"chisq","Chi-square independence",4,57,0.531578947368421,2000,400,0.0035,0.1075,0.0355,0.2825,0.002,0.0575,0.016,0.21,0.448,0.3765,0.47225,0.403,0.0715,0.09575,0.0265
"chisq","Chi-square independence",4,57,0.577631578947368,2000,400,0.0035,0.1475,0.0355,0.3775,0.002,0.0675,0.011,0.2375,0.428,0.329,0.46725,0.38675,0.099,0.13825,0.0577499999999999
"chisq","Chi-square independence",4,57,0.623684210526316,2000,400,0.0035,0.18,0.0355,0.425,0.002,0.1125,0.007,0.2675,0.41175,0.30525,0.44475,0.36975,0.1065,0.1395,0.0644999999999999
"chisq","Chi-square independence",4,57,0.669736842105263,2000,400,0.0035,0.1975,0.0355,0.4775,0.002,0.12,0.0065,0.255,0.403,0.279,0.441,0.37575,0.124,0.162,0.09675
"chisq","Chi-square independence",4,57,0.71578947368421,2000,400,0.0035,0.24,0.0355,0.53,0.002,0.1325,0.0045,0.295,0.38175,0.25275,0.43475,0.35475,0.129,0.182,0.102
"chisq","Chi-square independence",4,57,0.761842105263158,2000,400,0.0035,0.28,0.0355,0.5675,0.002,0.1675,0.0045,0.295,0.36175,0.234,0.41725,0.35475,0.12775,0.18325,0.12075
"chisq","Chi-square independence",4,57,0.807894736842105,2000,400,0.0035,0.3775,0.0355,0.7,0.002,0.225,0.0035,0.3725,0.313,0.16775,0.3885,0.3155,0.14525,0.22075,0.14775
"chisq","Chi-square independence",4,57,0.853947368421053,2000,400,0.0035,0.4275,0.0355,0.73,0.002,0.265,0.003,0.3975,0.288,0.15275,0.3685,0.30275,0.13525,0.21575,0.15
"chisq","Chi-square independence",4,57,0.9,2000,400,0.0035,0.455,0.0355,0.7925,0.002,0.2825,0.003,0.4225,0.27425,0.1215,0.35975,0.29025,0.15275,0.23825,0.16875
"chisq","Chi-square independence",4,71,0.025,2000,400,0.004,0.0025,0.045,0.05,5e-04,0,0,0,0.50075,0.4975,0.50025,0.5,0.00325000000000009,0.00275000000000003,0.00250000000000006
"chisq","Chi-square independence",4,71,0.0710526315789474,2000,400,0.004,0.0025,0.045,0.05,5e-04,0,0,0,0.50075,0.4975,0.50025,0.5,0.00325000000000009,0.00275000000000003,0.00250000000000006
"chisq","Chi-square independence",4,71,0.117105263157895,2000,400,0.004,0.005,0.045,0.04,5e-04,0.0025,0.007,0.0075,0.4995,0.5025,0.499,0.49975,-0.00299999999999995,-0.00349999999999995,-0.00274999999999997
"chisq","Chi-square independence",4,71,0.163157894736842,2000,400,0.004,0.015,0.045,0.08,5e-04,0,0.0355,0.0575,0.4945,0.4825,0.50025,0.489,0.012,0.01775,0.00650000000000006
"chisq","Chi-square independence",4,71,0.209210526315789,2000,400,0.004,0.02,0.045,0.07,5e-04,0.005,0.052,0.075,0.492,0.4875,0.49775,0.4885,0.00450000000000006,0.01025,0.00100000000000011
"chisq","Chi-square independence",4,71,0.255263157894737,2000,400,0.004,0.025,0.045,0.1025,5e-04,0.01,0.0535,0.11,0.4895,0.47125,0.49525,0.47175,0.01825,0.024,0.000500000000000111
"chisq","Chi-square independence",4,71,0.301315789473684,2000,400,0.004,0.0125,0.045,0.1125,5e-04,0.005,0.045,0.1125,0.49575,0.46625,0.49775,0.46625,0.0295000000000001,0.0315,0
"chisq","Chi-square independence",4,71,0.347368421052632,2000,400,0.004,0.04,0.045,0.1425,5e-04,0.0125,0.0375,0.1275,0.482,0.45125,0.494,0.455,0.03075,0.04275,0.00375000000000009
"chisq","Chi-square independence",4,71,0.393421052631579,2000,400,0.004,0.0375,0.045,0.18,5e-04,0.01,0.0305,0.125,0.48325,0.4325,0.49525,0.45275,0.05075,0.06275,0.02025
"chisq","Chi-square independence",4,71,0.439473684210526,2000,400,0.004,0.075,0.045,0.245,5e-04,0.0375,0.022,0.1825,0.4645,0.4,0.4815,0.41975,0.0645000000000001,0.0815,0.01975
"chisq","Chi-square independence",4,71,0.485526315789474,2000,400,0.004,0.095,0.045,0.2825,5e-04,0.045,0.0145,0.185,0.4545,0.38125,0.47775,0.41475,0.07325,0.0965,0.0335
"chisq","Chi-square independence",4,71,0.531578947368421,2000,400,0.004,0.125,0.045,0.375,5e-04,0.0375,0.0115,0.195,0.4395,0.335,0.4815,0.40825,0.1045,0.1465,0.07325
"chisq","Chi-square independence",4,71,0.577631578947368,2000,400,0.004,0.145,0.045,0.41,5e-04,0.0625,0.007,0.195,0.4295,0.3175,0.469,0.406,0.112,0.1515,0.0884999999999999
"chisq","Chi-square independence",4,71,0.623684210526316,2000,400,0.004,0.2775,0.045,0.5525,5e-04,0.125,0.0065,0.34,0.36325,0.24625,0.43775,0.33325,0.117,0.1915,0.087
"chisq","Chi-square independence",4,71,0.669736842105263,2000,400,0.004,0.2875,0.045,0.5625,5e-04,0.1425,0.0055,0.305,0.35825,0.24125,0.429,0.35025,0.117,0.18775,0.109
"chisq","Chi-square independence",4,71,0.71578947368421,2000,400,0.004,0.39,0.045,0.69,5e-04,0.1825,0.004,0.3975,0.307,0.1775,0.409,0.30325,0.1295,0.2315,0.12575
"chisq","Chi-square independence",4,71,0.761842105263158,2000,400,0.004,0.415,0.045,0.7275,5e-04,0.18,0.0025,0.395,0.2945,0.15875,0.41025,0.30375,0.13575,0.2515,0.145
"chisq","Chi-square independence",4,71,0.807894736842105,2000,400,0.004,0.485,0.045,0.78,5e-04,0.2725,0.002,0.4475,0.2595,0.1325,0.364,0.27725,0.127,0.2315,0.14475
"chisq","Chi-square independence",4,71,0.853947368421053,2000,400,0.004,0.5475,0.045,0.77,5e-04,0.3575,0.002,0.4875,0.22825,0.1375,0.3215,0.25725,0.09075,0.184,0.11975
"chisq","Chi-square independence",4,71,0.9,2000,400,0.004,0.595,0.045,0.835,5e-04,0.3625,0.002,0.505,0.2045,0.105,0.319,0.2485,0.0995,0.214,0.1435
"chisq","Chi-square independence",4,89,0.025,2000,400,0.0045,0.0075,0.037,0.0475,0.001,0.0025,0,0,0.4985,0.49475,0.49925,0.5,0.00375000000000003,0.0045,0.00525000000000003
"chisq","Chi-square independence",4,89,0.0710526315789474,2000,400,0.0045,0.005,0.037,0.0575,0.001,0,5e-04,0,0.49975,0.48975,0.5005,0.50025,0.01,0.01075,0.0105
"chisq","Chi-square independence",4,89,0.117105263157895,2000,400,0.0045,0.0075,0.037,0.0425,0.001,0,0.0155,0.0225,0.4985,0.49725,0.5005,0.4965,0.00125000000000003,0.00324999999999998,-0.000749999999999917
"chisq","Chi-square independence",4,89,0.163157894736842,2000,400,0.0045,0,0.037,0.0525,0.001,0,0.035,0.0475,0.50225,0.49225,0.5005,0.49375,0.01,0.00824999999999998,0.0015
"chisq","Chi-square independence",4,89,0.209210526315789,2000,400,0.0045,0.0125,0.037,0.0825,0.001,0.0025,0.0445,0.09,0.496,0.47725,0.49925,0.47725,0.01875,0.022,5.55111512312578e-17
"chisq","Chi-square independence",4,89,0.255263157894737,2000,400,0.0045,0.0325,0.037,0.14,0.001,0,0.04,0.145,0.486,0.4485,0.5005,0.4475,0.0375,0.052,-0.000999999999999945
"chisq","Chi-square independence",4,89,0.301315789473684,2000,400,0.0045,0.05,0.037,0.175,0.001,0.005,0.0345,0.1625,0.47725,0.431,0.498,0.436,0.04625,0.067,0.00500000000000006
"chisq","Chi-square independence",4,89,0.347368421052632,2000,400,0.0045,0.0475,0.037,0.195,0.001,0.0175,0.024,0.165,0.4785,0.421,0.49175,0.4295,0.0575,0.07075,0.00850000000000006
"chisq","Chi-square independence",4,89,0.393421052631579,2000,400,0.0045,0.06,0.037,0.22,0.001,0.0125,0.019,0.155,0.47225,0.4085,0.49425,0.432,0.06375,0.08575,0.0235
"chisq","Chi-square independence",4,89,0.439473684210526,2000,400,0.0045,0.0925,0.037,0.2875,0.001,0.035,0.0165,0.19,0.456,0.37475,0.483,0.41325,0.08125,0.10825,0.0385
"chisq","Chi-square independence",4,89,0.485526315789474,2000,400,0.0045,0.1525,0.037,0.35,0.001,0.0375,0.013,0.2375,0.426,0.3435,0.48175,0.38775,0.0825,0.13825,0.04425
"chisq","Chi-square independence",4,89,0.531578947368421,2000,400,0.0045,0.1975,0.037,0.445,0.001,0.05,0.009,0.2675,0.4035,0.296,0.4755,0.37075,0.1075,0.1795,0.07475
"chisq","Chi-square independence",4,89,0.577631578947368,2000,400,0.0045,0.2575,0.037,0.5375,0.001,0.0925,0.006,0.2975,0.3735,0.24975,0.45425,0.35425,0.12375,0.2045,0.1045
"chisq","Chi-square independence",4,89,0.623684210526316,2000,400,0.0045,0.3125,0.037,0.585,0.001,0.11,0.0045,0.325,0.346,0.226,0.4455,0.33975,0.12,0.2195,0.11375
"chisq","Chi-square independence",4,89,0.669736842105263,2000,400,0.0045,0.38,0.037,0.6425,0.001,0.1575,0.0045,0.355,0.31225,0.19725,0.42175,0.32475,0.115,0.2245,0.1275
"chisq","Chi-square independence",4,89,0.71578947368421,2000,400,0.0045,0.4825,0.037,0.725,0.001,0.255,0.0035,0.43,0.261,0.156,0.373,0.28675,0.105,0.217,0.13075
"chisq","Chi-square independence",4,89,0.761842105263158,2000,400,0.0045,0.5525,0.037,0.8,0.001,0.3175,0.003,0.4825,0.226,0.1185,0.34175,0.26025,0.1075,0.22325,0.14175
"chisq","Chi-square independence",4,89,0.807894736842105,2000,400,0.0045,0.64,0.037,0.855,0.001,0.4,0.003,0.5425,0.18225,0.091,0.3005,0.23025,0.09125,0.2095,0.13925
"chisq","Chi-square independence",4,89,0.853947368421053,2000,400,0.0045,0.7075,0.037,0.9125,0.001,0.4675,0.003,0.61,0.1485,0.06225,0.26675,0.1965,0.08625,0.2045,0.13425
"chisq","Chi-square independence",4,89,0.9,2000,400,0.0045,0.7925,0.037,0.93,0.001,0.5775,0.0015,0.6825,0.106,0.0534999999999999,0.21175,0.1595,0.0525,0.15825,0.106
"chisq","Chi-square independence",4,110,0.025,2000,400,0.004,0.0075,0.0395,0.05,5e-04,0,0,0,0.49825,0.49475,0.50025,0.5,0.0035,0.00549999999999995,0.00524999999999998
"chisq","Chi-square independence",4,110,0.0710526315789474,2000,400,0.004,0,0.0395,0.0525,5e-04,0,0.001,0,0.502,0.4935,0.50025,0.5005,0.00849999999999995,0.00674999999999992,0.0069999999999999
"chisq","Chi-square independence",4,110,0.117105263157895,2000,400,0.004,0.01,0.0395,0.0625,5e-04,0,0.024,0.045,0.497,0.4885,0.50025,0.4895,0.00849999999999995,0.0117499999999999,0.000999999999999945
"chisq","Chi-square independence",4,110,0.163157894736842,2000,400,0.004,0.0125,0.0395,0.075,5e-04,0.0025,0.043,0.08,0.49575,0.48225,0.499,0.4815,0.0135,0.0167499999999999,-0.000750000000000084
"chisq","Chi-square independence",4,110,0.209210526315789,2000,400,0.004,0.0275,0.0395,0.0975,5e-04,0.005,0.0445,0.11,0.48825,0.471,0.49775,0.46725,0.01725,0.0267499999999999,-0.00375000000000003
"chisq","Chi-square independence",4,110,0.255263157894737,2000,400,0.004,0.0275,0.0395,0.155,5e-04,0.005,0.0395,0.155,0.48825,0.44225,0.49775,0.44225,0.046,0.0554999999999999,0
"chisq","Chi-square independence",4,110,0.301315789473684,2000,400,0.004,0.03,0.0395,0.155,5e-04,0.0125,0.032,0.1325,0.487,0.44225,0.494,0.44975,0.04475,0.05175,0.00749999999999995
"chisq","Chi-square independence",4,110,0.347368421052632,2000,400,0.004,0.0575,0.0395,0.2225,5e-04,0,0.024,0.16,0.47325,0.4085,0.50025,0.432,0.06475,0.0917499999999999,0.0235
"chisq","Chi-square independence",4,110,0.393421052631579,2000,400,0.004,0.115,0.0395,0.3125,5e-04,0.0225,0.0175,0.2,0.4445,0.3635,0.489,0.40875,0.081,0.1255,0.04525
"chisq","Chi-square independence",4,110,0.439473684210526,2000,400,0.004,0.125,0.0395,0.3325,5e-04,0.0425,0.013,0.2025,0.4395,0.3535,0.479,0.40525,0.086,0.1255,0.0517499999999999
"chisq","Chi-square independence",4,110,0.485526315789474,2000,400,0.004,0.205,0.0395,0.48,5e-04,0.0775,0.009,0.265,0.3995,0.27975,0.4615,0.372,0.11975,0.18175,0.0922499999999999
"chisq","Chi-square independence",4,110,0.531578947368421,2000,400,0.004,0.275,0.0395,0.5,5e-04,0.1075,0.007,0.31,0.3645,0.26975,0.4465,0.3485,0.09475,0.17675,0.0787499999999999
"chisq","Chi-square independence",4,110,0.577631578947368,2000,400,0.004,0.3325,0.0395,0.5875,5e-04,0.115,0.004,0.3375,0.33575,0.226,0.44275,0.33325,0.10975,0.21675,0.10725
"chisq","Chi-square independence",4,110,0.623684210526316,2000,400,0.004,0.425,0.0395,0.73,5e-04,0.18,0.003,0.41,0.2895,0.15475,0.41025,0.2965,0.13475,0.2555,0.14175
"chisq","Chi-square independence",4,110,0.669736842105263,2000,400,0.004,0.455,0.0395,0.75,5e-04,0.24,0.002,0.4,0.2745,0.14475,0.38025,0.301,0.12975,0.2355,0.15625
"chisq","Chi-square independence",4,110,0.71578947368421,2000,400,0.004,0.61,0.0395,0.8425,5e-04,0.3025,0.0015,0.5325,0.197,0.0985,0.349,0.2345,0.0985,0.2505,0.136
"chisq","Chi-square independence",4,110,0.761842105263158,2000,400,0.004,0.7025,0.0395,0.89,5e-04,0.4275,0.0015,0.5875,0.15075,0.07475,0.2865,0.207,0.076,0.21175,0.13225
"chisq","Chi-square independence",4,110,0.807894736842105,2000,400,0.004,0.81,0.0395,0.95,5e-04,0.5175,0.0015,0.685,0.097,0.0447500000000001,0.2415,0.15825,0.0522499999999999,0.19675,0.1135
"chisq","Chi-square independence",4,110,0.853947368421053,2000,400,0.004,0.86,0.0395,0.9725,5e-04,0.6325,0.0015,0.765,0.072,0.0335,0.184,0.11825,0.0385,0.1505,0.08475
"chisq","Chi-square independence",4,110,0.9,2000,400,0.004,0.925,0.0395,0.9775,5e-04,0.6975,0.001,0.81,0.0395,0.031,0.1515,0.0954999999999999,0.00849999999999995,0.1205,0.0644999999999999
"chisq","Chi-square independence",4,136,0.025,2000,400,0.004,0.0075,0.0335,0.035,5e-04,0,0,0,0.49825,0.49925,0.50025,0.5,-0.001,0.000999999999999945,0.000749999999999973
"chisq","Chi-square independence",4,136,0.0710526315789474,2000,400,0.004,0.01,0.0335,0.0525,5e-04,0.0025,0.002,0.005,0.497,0.4905,0.499,0.4985,0.00649999999999995,0.00849999999999995,0.00799999999999995
"chisq","Chi-square independence",4,136,0.117105263157895,2000,400,0.004,0.0125,0.0335,0.0575,5e-04,0,0.028,0.0475,0.49575,0.488,0.50025,0.49025,0.00774999999999998,0.0122499999999999,0.00224999999999997
"chisq","Chi-square independence",4,136,0.163157894736842,2000,400,0.004,0.015,0.0335,0.0825,5e-04,0.0025,0.0425,0.09,0.4945,0.4755,0.499,0.47625,0.019,0.0235,0.000749999999999973
"chisq","Chi-square independence",4,136,0.209210526315789,2000,400,0.004,0.025,0.0335,0.135,5e-04,0.005,0.0385,0.1475,0.4895,0.44925,0.49775,0.4455,0.04025,0.0484999999999999,-0.00375000000000003
"chisq","Chi-square independence",4,136,0.255263157894737,2000,400,0.004,0.0325,0.0335,0.16,5e-04,0.0025,0.0305,0.1475,0.48575,0.43675,0.499,0.4415,0.049,0.06225,0.00474999999999998
"chisq","Chi-square independence",4,136,0.301315789473684,2000,400,0.004,0.065,0.0335,0.2225,5e-04,0.0075,0.0245,0.1875,0.4695,0.4055,0.4965,0.4185,0.064,0.091,0.013
"chisq","Chi-square independence",4,136,0.347368421052632,2000,400,0.004,0.0725,0.0335,0.2375,5e-04,0.0125,0.0165,0.1575,0.46575,0.398,0.494,0.4295,0.06775,0.096,0.0315
"chisq","Chi-square independence",4,136,0.393421052631579,2000,400,0.004,0.13,0.0335,0.3575,5e-04,0.03,0.0115,0.2075,0.437,0.338,0.48525,0.402,0.0989999999999999,0.14725,0.064
"chisq","Chi-square independence",4,136,0.439473684210526,2000,400,0.004,0.1825,0.0335,0.46,5e-04,0.0425,0.008,0.2575,0.41075,0.28675,0.479,0.37525,0.124,0.19225,0.0884999999999999
"chisq","Chi-square independence",4,136,0.485526315789474,2000,400,0.004,0.2875,0.0335,0.555,5e-04,0.0625,0.0055,0.32,0.35825,0.23925,0.469,0.34275,0.119,0.22975,0.1035
"chisq","Chi-square independence",4,136,0.531578947368421,2000,400,0.004,0.39,0.0335,0.645,5e-04,0.11,0.004,0.39,0.307,0.19425,0.44525,0.307,0.11275,0.251,0.11275
"chisq","Chi-square independence",4,136,0.577631578947368,2000,400,0.004,0.4675,0.0335,0.7325,5e-04,0.175,0.003,0.4325,0.26825,0.1505,0.41275,0.28525,0.11775,0.26225,0.13475
"chisq","Chi-square independence",4,136,0.623684210526316,2000,400,0.004,0.5675,0.0335,0.8175,5e-04,0.2725,0.002,0.4825,0.21825,0.108,0.364,0.25975,0.11025,0.256,0.15175
"chisq","Chi-square independence",4,136,0.669736842105263,2000,400,0.004,0.68,0.0335,0.87,5e-04,0.3825,0.002,0.6025,0.162,0.08175,0.309,0.19975,0.0802499999999999,0.22725,0.118
"chisq","Chi-square independence",4,136,0.71578947368421,2000,400,0.004,0.75,0.0335,0.91,5e-04,0.4325,0.0015,0.64,0.127,0.06175,0.284,0.18075,0.06525,0.22225,0.119
"chisq","Chi-square independence",4,136,0.761842105263158,2000,400,0.004,0.8675,0.0335,0.9625,5e-04,0.5525,0.001,0.745,0.06825,0.0355,0.224,0.128,0.0327499999999999,0.1885,0.0924999999999999
"chisq","Chi-square independence",4,136,0.807894736842105,2000,400,0.004,0.9025,0.0335,0.9625,5e-04,0.6475,5e-04,0.7825,0.05075,0.0355,0.1765,0.109,0.01525,0.141,0.0735
"chisq","Chi-square independence",4,136,0.853947368421053,2000,400,0.004,0.925,0.0335,0.975,5e-04,0.71,5e-04,0.81,0.0395,0.0292500000000001,0.14525,0.09525,0.0102499999999999,0.116,0.0659999999999999
"chisq","Chi-square independence",4,136,0.9,2000,400,0.004,0.9825,0.0335,1,5e-04,0.83,5e-04,0.8975,0.01075,0.01675,0.08525,0.0515,-0.00600000000000006,0.0685,0.03475
"chisq","Chi-square independence",4,169,0.025,2000,400,0.0025,0.0075,0.0365,0.045,0,0,0,0,0.4975,0.49575,0.5,0.5,0.00175000000000003,0.00425000000000003,0.00425000000000003
"chisq","Chi-square independence",4,169,0.0710526315789474,2000,400,0.0025,0.005,0.0365,0.0375,0,0.0025,0.004,0.005,0.49875,0.4995,0.49875,0.4995,-0.000750000000000028,-0.000749999999999973,0
"chisq","Chi-square independence",4,169,0.117105263157895,2000,400,0.0025,0.0075,0.0365,0.06,0,0,0.038,0.06,0.4975,0.48825,0.5,0.489,0.00925000000000004,0.01175,0.000750000000000028
"chisq","Chi-square independence",4,169,0.163157894736842,2000,400,0.0025,0.0225,0.0365,0.075,0,0,0.0505,0.0825,0.49,0.48075,0.5,0.484,0.00924999999999998,0.01925,0.00324999999999998
"chisq","Chi-square independence",4,169,0.209210526315789,2000,400,0.0025,0.0325,0.0365,0.145,0,0.0025,0.0395,0.1475,0.485,0.44575,0.49875,0.446,0.03925,0.053,0.000250000000000083
"chisq","Chi-square independence",4,169,0.255263157894737,2000,400,0.0025,0.03,0.0365,0.1775,0,0.0025,0.0305,0.15,0.48625,0.4295,0.49875,0.44025,0.05675,0.06925,0.01075
"chisq","Chi-square independence",4,169,0.301315789473684,2000,400,0.0025,0.08,0.0365,0.255,0,0.0075,0.02,0.185,0.46125,0.39075,0.49625,0.4175,0.0705,0.1055,0.02675
"chisq","Chi-square independence",4,169,0.347368421052632,2000,400,0.0025,0.165,0.0365,0.3775,0,0.0175,0.0135,0.2425,0.41875,0.3295,0.49125,0.3855,0.0892499999999999,0.16175,0.056
"chisq","Chi-square independence",4,169,0.393421052631579,2000,400,0.0025,0.2175,0.0365,0.465,0,0.0525,0.0065,0.29,0.3925,0.28575,0.47375,0.35825,0.10675,0.188,0.0725
"chisq","Chi-square independence",4,169,0.439473684210526,2000,400,0.0025,0.2925,0.0365,0.5525,0,0.05,0.004,0.31,0.355,0.242,0.475,0.347,0.113,0.233,0.105
"chisq","Chi-square independence",4,169,0.485526315789474,2000,400,0.0025,0.42,0.0365,0.715,0,0.1375,0.0025,0.4125,0.29125,0.16075,0.43125,0.295,0.1305,0.2705,0.13425
"chisq","Chi-square independence",4,169,0.531578947368421,2000,400,0.0025,0.4975,0.0365,0.735,0,0.135,0.002,0.46,0.2525,0.15075,0.4325,0.271,0.10175,0.28175,0.12025
"chisq","Chi-square independence",4,169,0.577631578947368,2000,400,0.0025,0.6325,0.0365,0.8325,0,0.2525,0.002,0.5375,0.185,0.102,0.37375,0.23225,0.083,0.27175,0.13025
"chisq","Chi-square independence",4,169,0.623684210526316,2000,400,0.0025,0.725,0.0365,0.9125,0,0.335,0.0015,0.625,0.13875,0.062,0.3325,0.18825,0.07675,0.2705,0.12625
"chisq","Chi-square independence",4,169,0.669736842105263,2000,400,0.0025,0.8075,0.0365,0.9325,0,0.46,0.001,0.7075,0.0975,0.052,0.27,0.14675,0.0455,0.218,0.09475
"chisq","Chi-square independence",4,169,0.71578947368421,2000,400,0.0025,0.855,0.0365,0.96,0,0.5675,0.001,0.7575,0.07375,0.03825,0.21625,0.12175,0.0355,0.178,0.0835
"chisq","Chi-square independence",4,169,0.761842105263158,2000,400,0.0025,0.925,0.0365,0.9775,0,0.6575,5e-04,0.815,0.03875,0.0295,0.17125,0.09275,0.00924999999999998,0.14175,0.06325
"chisq","Chi-square independence",4,169,0.807894736842105,2000,400,0.0025,0.98,0.0365,0.9975,0,0.7975,0,0.895,0.01125,0.0195,0.10125,0.0525,-0.00824999999999998,0.08175,0.033
"chisq","Chi-square independence",4,169,0.853947368421053,2000,400,0.0025,0.975,0.0365,0.9975,0,0.8375,0,0.9025,0.01375,0.0195,0.08125,0.04875,-0.00574999999999998,0.06175,0.0292500000000001
"chisq","Chi-square independence",4,169,0.9,2000,400,0.0025,0.995,0.0365,1,0,0.9325,0,0.9775,0.00374999999999998,0.01825,0.03375,0.01125,-0.0145,0.0155,-0.00700000000000001
"chisq","Chi-square independence",4,210,0.025,2000,400,0.0045,0.01,0.0405,0.055,0,0.0025,0,0,0.49725,0.49275,0.49875,0.5,0.0045,0.00600000000000006,0.00725000000000003
"chisq","Chi-square independence",4,210,0.0710526315789474,2000,400,0.0045,0.01,0.0405,0.045,0,0,0.0135,0.015,0.49725,0.49775,0.5,0.49925,-5e-04,0.00225000000000003,0.00150000000000006
"chisq","Chi-square independence",4,210,0.117105263157895,2000,400,0.0045,0.0075,0.0405,0.0675,0,0,0.048,0.0725,0.4985,0.4865,0.5,0.48775,0.012,0.0135,0.00125000000000003
"chisq","Chi-square independence",4,210,0.163157894736842,2000,400,0.0045,0.025,0.0405,0.0925,0,0,0.0495,0.11,0.48975,0.474,0.5,0.46975,0.01575,0.026,-0.00424999999999992
"chisq","Chi-square independence",4,210,0.209210526315789,2000,400,0.0045,0.055,0.0405,0.1475,0,0.01,0.0385,0.1425,0.47475,0.4465,0.495,0.448,0.0282499999999999,0.0485,0.0015
"chisq","Chi-square independence",4,210,0.255263157894737,2000,400,0.0045,0.065,0.0405,0.2325,0,0,0.0275,0.1725,0.46975,0.404,0.5,0.4275,0.06575,0.096,0.0235000000000001
"chisq","Chi-square independence",4,210,0.301315789473684,2000,400,0.0045,0.125,0.0405,0.3375,0,0.01,0.019,0.235,0.43975,0.3515,0.495,0.392,0.08825,0.1435,0.0405
"chisq","Chi-square independence",4,210,0.347368421052632,2000,400,0.0045,0.2125,0.0405,0.48,0,0.025,0.012,0.3025,0.396,0.28025,0.4875,0.35475,0.11575,0.20725,0.0745
"chisq","Chi-square independence",4,210,0.393421052631579,2000,400,0.0045,0.305,0.0405,0.5625,0,0.04,0.0075,0.3425,0.34975,0.239,0.48,0.3325,0.11075,0.241,0.0935
"chisq","Chi-square independence",4,210,0.439473684210526,2000,400,0.0045,0.4125,0.0405,0.685,0,0.1025,0.004,0.4,0.296,0.17775,0.44875,0.302,0.11825,0.271,0.12425
"chisq","Chi-square independence",4,210,0.485526315789474,2000,400,0.0045,0.555,0.0405,0.785,0,0.13,0.002,0.5025,0.22475,0.12775,0.435,0.24975,0.097,0.30725,0.122
"chisq","Chi-square independence",4,210,0.531578947368421,2000,400,0.0045,0.6325,0.0405,0.8275,0,0.2025,0.0015,0.5175,0.186,0.1065,0.39875,0.242,0.0795,0.29225,0.1355
"chisq","Chi-square independence",4,210,0.577631578947368,2000,400,0.0045,0.805,0.0405,0.9325,0,0.4075,5e-04,0.7,0.09975,0.054,0.29625,0.15025,0.04575,0.24225,0.09625
"chisq","Chi-square independence",4,210,0.623684210526316,2000,400,0.0045,0.8275,0.0405,0.95,0,0.415,0,0.715,0.0885,0.04525,0.2925,0.1425,0.04325,0.24725,0.09725
"chisq","Chi-square independence",4,210,0.669736842105263,2000,400,0.0045,0.9075,0.0405,0.975,0,0.615,0,0.8225,0.0485,0.03275,0.1925,0.08875,0.01575,0.15975,0.056
"chisq","Chi-square independence",4,210,0.71578947368421,2000,400,0.0045,0.9625,0.0405,0.9875,0,0.735,0,0.8525,0.021,0.0265,0.1325,0.07375,-0.0055,0.106,0.04725
"chisq","Chi-square independence",4,210,0.761842105263158,2000,400,0.0045,0.97,0.0405,0.995,0,0.8225,0,0.925,0.01725,0.02275,0.08875,0.0375,-0.0055,0.066,0.01475
"chisq","Chi-square independence",4,210,0.807894736842105,2000,400,0.0045,0.9875,0.0405,0.9975,0,0.885,0,0.9475,0.00849999999999995,0.0215,0.0575,0.02625,-0.013,0.036,0.00475000000000003
"chisq","Chi-square independence",4,210,0.853947368421053,2000,400,0.0045,0.995,0.0405,0.9975,0,0.9075,0,0.95,0.00474999999999998,0.0215,0.04625,0.025,-0.01675,0.02475,0.00350000000000006
"chisq","Chi-square independence",4,210,0.9,2000,400,0.0045,0.9975,0.0405,1,0,0.965,0,0.9775,0.00349999999999995,0.02025,0.0175,0.01125,-0.01675,-0.00274999999999997,-0.00900000000000001
"chisq","Chi-square independence",4,261,0.025,2000,400,0.0055,0.01,0.0425,0.05,0,0,0,0,0.49775,0.49625,0.5,0.5,0.00150000000000006,0.00375000000000003,0.00375000000000003
"chisq","Chi-square independence",4,261,0.0710526315789474,2000,400,0.0055,0.0125,0.0425,0.0425,0,0.0025,0.0215,0.02,0.4965,0.5,0.49875,0.50075,-0.00349999999999995,-0.00124999999999997,0.000750000000000028
"chisq","Chi-square independence",4,261,0.117105263157895,2000,400,0.0055,0.0125,0.0425,0.08,0,0,0.0535,0.0925,0.4965,0.48125,0.5,0.4805,0.01525,0.01875,-0.000749999999999973
"chisq","Chi-square independence",4,261,0.163157894736842,2000,400,0.0055,0.025,0.0425,0.1125,0,0,0.0475,0.13,0.49025,0.465,0.5,0.45875,0.02525,0.035,-0.00624999999999992
"chisq","Chi-square independence",4,261,0.209210526315789,2000,400,0.0055,0.0625,0.0425,0.185,0,0.0025,0.035,0.165,0.4715,0.42875,0.49875,0.435,0.0427500000000001,0.0700000000000001,0.00624999999999998
"chisq","Chi-square independence",4,261,0.255263157894737,2000,400,0.0055,0.095,0.0425,0.265,0,0.0025,0.0215,0.195,0.45525,0.38875,0.49875,0.41325,0.0665000000000001,0.11,0.0245
"chisq","Chi-square independence",4,261,0.301315789473684,2000,400,0.0055,0.1825,0.0425,0.44,0,0.03,0.0145,0.2825,0.4115,0.30125,0.485,0.366,0.11025,0.18375,0.06475
"chisq","Chi-square independence",4,261,0.347368421052632,2000,400,0.0055,0.31,0.0425,0.5275,0,0.0425,0.007,0.3475,0.34775,0.2575,0.47875,0.32975,0.09025,0.22125,0.07225
"chisq","Chi-square independence",4,261,0.393421052631579,2000,400,0.0055,0.35,0.0425,0.65,0,0.06,0.0045,0.34,0.32775,0.19625,0.47,0.33225,0.1315,0.27375,0.136
"chisq","Chi-square independence",4,261,0.439473684210526,2000,400,0.0055,0.545,0.0425,0.8,0,0.165,0.0035,0.49,0.23025,0.12125,0.4175,0.25675,0.109,0.29625,0.1355
"chisq","Chi-square independence",4,261,0.485526315789474,2000,400,0.0055,0.6575,0.0425,0.84,0,0.2175,0.0015,0.5775,0.174,0.10125,0.39125,0.212,0.07275,0.29,0.11075
"chisq","Chi-square independence",4,261,0.531578947368421,2000,400,0.0055,0.795,0.0425,0.9325,0,0.35,0.001,0.6975,0.10525,0.055,0.325,0.15175,0.05025,0.27,0.09675
"chisq","Chi-square independence",4,261,0.577631578947368,2000,400,0.0055,0.88,0.0425,0.9675,0,0.5175,5e-04,0.7775,0.06275,0.0375,0.24125,0.1115,0.02525,0.20375,0.074
"chisq","Chi-square independence",4,261,0.623684210526316,2000,400,0.0055,0.925,0.0425,0.98,0,0.575,5e-04,0.8125,0.04025,0.03125,0.2125,0.094,0.00900000000000001,0.18125,0.06275
"chisq","Chi-square independence",4,261,0.669736842105263,2000,400,0.0055,0.9675,0.0425,0.99,0,0.7225,0,0.895,0.019,0.02625,0.13875,0.0525,-0.00724999999999998,0.1125,0.02625
"chisq","Chi-square independence",4,261,0.71578947368421,2000,400,0.0055,0.99,0.0425,1,0,0.845,0,0.9275,0.00775000000000003,0.02125,0.0775,0.03625,-0.0135,0.05625,0.015
"chisq","Chi-square independence",4,261,0.761842105263158,2000,400,0.0055,0.995,0.0425,1,0,0.9175,0,0.9625,0.00525000000000003,0.02125,0.04125,0.01875,-0.016,0.02,-0.0025
"chisq","Chi-square independence",4,261,0.807894736842105,2000,400,0.0055,1,0.0425,1,0,0.955,0,0.97,0.00275000000000003,0.02125,0.0225,0.015,-0.0185,0.00125000000000003,-0.00624999999999998
"chisq","Chi-square independence",4,261,0.853947368421053,2000,400,0.0055,0.9975,0.0425,1,0,0.98,0,0.985,0.004,0.02125,0.01,0.00750000000000001,-0.01725,-0.01125,-0.01375
"chisq","Chi-square independence",4,261,0.9,2000,400,0.0055,1,0.0425,1,0,0.995,0,0.9975,0.00275000000000003,0.02125,0.0025,0.00124999999999997,-0.0185,-0.01875,-0.02
"chisq","Chi-square independence",4,324,0.025,2000,400,0.005,0.005,0.0375,0.0375,5e-04,0,0,0,0.5,0.5,0.50025,0.5,-5.55111512312578e-17,0.000249999999999972,0
"chisq","Chi-square independence",4,324,0.0710526315789474,2000,400,0.005,0.0075,0.0375,0.03,5e-04,0,0.029,0.03,0.49875,0.50375,0.50025,0.4995,-0.00500000000000006,-0.00350000000000006,-0.00425000000000009
"chisq","Chi-square independence",4,324,0.117105263157895,2000,400,0.005,0.02,0.0375,0.0775,5e-04,0,0.0545,0.11,0.4925,0.48,0.50025,0.47225,0.0124999999999999,0.0202499999999999,-0.00775000000000003
"chisq","Chi-square independence",4,324,0.163157894736842,2000,400,0.005,0.0375,0.0375,0.165,5e-04,0,0.0435,0.1725,0.48375,0.43625,0.50025,0.4355,0.0474999999999999,0.064,-0.000749999999999973
"chisq","Chi-square independence",4,324,0.209210526315789,2000,400,0.005,0.09,0.0375,0.24,5e-04,0.005,0.0265,0.205,0.4575,0.39875,0.49775,0.41075,0.0587499999999999,0.0989999999999999,0.012
"chisq","Chi-square independence",4,324,0.255263157894737,2000,400,0.005,0.135,0.0375,0.355,5e-04,0.005,0.0145,0.215,0.435,0.34125,0.49775,0.39975,0.0937499999999999,0.1565,0.0584999999999999
"chisq","Chi-square independence",4,324,0.301315789473684,2000,400,0.005,0.205,0.0375,0.445,5e-04,0.02,0.008,0.2575,0.4,0.29625,0.49025,0.37525,0.10375,0.194,0.079
"chisq","Chi-square independence",4,324,0.347368421052632,2000,400,0.005,0.3975,0.0375,0.6325,5e-04,0.06,0.005,0.4,0.30375,0.2025,0.47025,0.3025,0.10125,0.26775,0.0999999999999999
"chisq","Chi-square independence",4,324,0.393421052631579,2000,400,0.005,0.5325,0.0375,0.77,5e-04,0.105,0.0025,0.48,0.23625,0.13375,0.44775,0.26125,0.1025,0.314,0.1275
"chisq","Chi-square independence",4,324,0.439473684210526,2000,400,0.005,0.6875,0.0375,0.88,5e-04,0.225,0.0015,0.6025,0.15875,0.07875,0.38775,0.1995,0.0799999999999999,0.309,0.12075
"chisq","Chi-square independence",4,324,0.485526315789474,2000,400,0.005,0.7975,0.0375,0.9175,5e-04,0.3625,0.001,0.6975,0.10375,0.06,0.319,0.15175,0.0437499999999999,0.259,0.0917499999999999
"chisq","Chi-square independence",4,324,0.531578947368421,2000,400,0.005,0.885,0.0375,0.97,5e-04,0.5075,0.001,0.79,0.0599999999999999,0.0337500000000001,0.2465,0.1055,0.0262499999999999,0.21275,0.0717499999999999
"chisq","Chi-square independence",4,324,0.577631578947368,2000,400,0.005,0.9475,0.0375,0.99,5e-04,0.6525,5e-04,0.845,0.0287499999999999,0.02375,0.174,0.07775,0.00499999999999989,0.15025,0.0539999999999999
"chisq","Chi-square independence",4,324,0.623684210526316,2000,400,0.005,0.9775,0.0375,0.995,5e-04,0.8,5e-04,0.9075,0.0137499999999999,0.02125,0.10025,0.0465,-0.00750000000000012,0.0789999999999999,0.0252499999999999
"chisq","Chi-square independence",4,324,0.669736842105263,2000,400,0.005,0.995,0.0375,1,5e-04,0.9025,5e-04,0.9725,0.00499999999999995,0.01875,0.049,0.014,-0.0137500000000001,0.0302499999999999,-0.00475000000000009
"chisq","Chi-square independence",4,324,0.71578947368421,2000,400,0.005,0.9925,0.0375,1,5e-04,0.9225,5e-04,0.9775,0.00624999999999992,0.01875,0.039,0.0115,-0.0125000000000001,0.0202499999999999,-0.00725000000000009
"chisq","Chi-square independence",4,324,0.761842105263158,2000,400,0.005,1,0.0375,1,5e-04,0.9725,5e-04,0.985,0.00249999999999995,0.01875,0.014,0.00774999999999998,-0.0162500000000001,-0.00475000000000009,-0.0110000000000001
"chisq","Chi-square independence",4,324,0.807894736842105,2000,400,0.005,1,0.0375,1,5e-04,0.99,5e-04,0.9975,0.00249999999999995,0.01875,0.00524999999999998,0.00149999999999995,-0.0162500000000001,-0.0135000000000001,-0.0172500000000001
"chisq","Chi-square independence",4,324,0.853947368421053,2000,400,0.005,1,0.0375,1,5e-04,0.9975,5e-04,1,0.00249999999999995,0.01875,0.00149999999999995,0.000249999999999972,-0.0162500000000001,-0.0172500000000001,-0.0185000000000001
"chisq","Chi-square independence",4,324,0.9,2000,400,0.005,1,0.0375,1,5e-04,1,5e-04,1,0.00249999999999995,0.01875,0.000249999999999972,0.000249999999999972,-0.0162500000000001,-0.0185000000000001,-0.0185000000000001
"chisq","Chi-square independence",4,403,0.025,2000,400,0.004,0.0025,0.035,0.0325,0,0,0,0,0.50075,0.50125,0.5,0.5,-0.000499999999999945,-0.00124999999999997,-0.00124999999999997
"chisq","Chi-square independence",4,403,0.0710526315789474,2000,400,0.004,0.0075,0.035,0.035,0,0,0.0385,0.0375,0.49825,0.5,0.5,0.5005,-0.00174999999999992,5.55111512312578e-17,5e-04
"chisq","Chi-square independence",4,403,0.117105263157895,2000,400,0.004,0.025,0.035,0.0925,0,0.0025,0.0495,0.115,0.4895,0.47125,0.49875,0.46725,0.01825,0.0275000000000001,-0.00399999999999989
"chisq","Chi-square independence",4,403,0.163157894736842,2000,400,0.004,0.045,0.035,0.175,0,0,0.034,0.1675,0.4795,0.43,0.5,0.43325,0.0495,0.0700000000000001,0.00325000000000009
"chisq","Chi-square independence",4,403,0.209210526315789,2000,400,0.004,0.09,0.035,0.26,0,0.0075,0.0235,0.2,0.457,0.3875,0.49625,0.41175,0.0695000000000001,0.10875,0.0242500000000001
"chisq","Chi-square independence",4,403,0.255263157894737,2000,400,0.004,0.2175,0.035,0.4025,0,0.02,0.012,0.2875,0.39325,0.31625,0.49,0.36225,0.0770000000000001,0.17375,0.0460000000000001
"chisq","Chi-square independence",4,403,0.301315789473684,2000,400,0.004,0.325,0.035,0.57,0,0.04,0.0045,0.345,0.3395,0.2325,0.48,0.32975,0.107,0.2475,0.09725
"chisq","Chi-square independence",4,403,0.347368421052632,2000,400,0.004,0.4875,0.035,0.7675,0,0.0725,0.003,0.4325,0.25825,0.13375,0.46375,0.28525,0.1245,0.33,0.1515
"chisq","Chi-square independence",4,403,0.393421052631579,2000,400,0.004,0.675,0.035,0.84,0,0.1575,0.002,0.5575,0.1645,0.0975,0.42125,0.22225,0.067,0.32375,0.12475
"chisq","Chi-square independence",4,403,0.439473684210526,2000,400,0.004,0.8075,0.035,0.9325,0,0.3125,0.001,0.655,0.09825,0.05125,0.34375,0.173,0.047,0.2925,0.12175
"chisq","Chi-square independence",4,403,0.485526315789474,2000,400,0.004,0.89,0.035,0.9675,0,0.47,5e-04,0.7775,0.057,0.0337499999999999,0.265,0.1115,0.02325,0.23125,0.07775
"chisq","Chi-square independence",4,403,0.531578947368421,2000,400,0.004,0.9575,0.035,0.9925,0,0.6225,0,0.855,0.02325,0.0212499999999999,0.18875,0.0725,0.00200000000000006,0.1675,0.0512500000000001
"chisq","Chi-square independence",4,403,0.577631578947368,2000,400,0.004,0.98,0.035,0.9975,0,0.79,0,0.93,0.012,0.0187499999999999,0.105,0.035,-0.00674999999999992,0.08625,0.01625
"chisq","Chi-square independence",4,403,0.623684210526316,2000,400,0.004,0.995,0.035,1,0,0.905,0,0.9775,0.0045,0.0175,0.0475,0.01125,-0.013,0.03,-0.00624999999999998
"chisq","Chi-square independence",4,403,0.669736842105263,2000,400,0.004,1,0.035,1,0,0.9625,0,0.9875,0.002,0.0175,0.01875,0.00624999999999998,-0.0155,0.00125000000000003,-0.01125
"chisq","Chi-square independence",4,403,0.71578947368421,2000,400,0.004,1,0.035,1,0,0.9775,0,0.9975,0.002,0.0175,0.01125,0.00124999999999997,-0.0155,-0.00624999999999998,-0.01625
"chisq","Chi-square independence",4,403,0.761842105263158,2000,400,0.004,1,0.035,1,0,1,0,1,0.002,0.0175,0,0,-0.0155,-0.0175,-0.0175
"chisq","Chi-square independence",4,403,0.807894736842105,2000,400,0.004,1,0.035,1,0,1,0,1,0.002,0.0175,0,0,-0.0155,-0.0175,-0.0175
"chisq","Chi-square independence",4,403,0.853947368421053,2000,400,0.004,1,0.035,1,0,1,0,1,0.002,0.0175,0,0,-0.0155,-0.0175,-0.0175
"chisq","Chi-square independence",4,403,0.9,2000,400,0.004,1,0.035,1,0,1,0,1,0.002,0.0175,0,0,-0.0155,-0.0175,-0.0175
"chisq","Chi-square independence",4,500,0.025,2000,400,0.0065,0.005,0.033,0.0325,0,0,0,0,0.50075,0.50025,0.5,0.5,0.000500000000000056,-0.000249999999999972,-0.000249999999999972
"chisq","Chi-square independence",4,500,0.0710526315789474,2000,400,0.0065,0.005,0.033,0.04,0,0,0.049,0.055,0.50075,0.4965,0.5,0.497,0.00425000000000009,0.00350000000000006,5e-04
"chisq","Chi-square independence",4,500,0.117105263157895,2000,400,0.0065,0.045,0.033,0.1175,0,0.0025,0.0515,0.1475,0.48075,0.45775,0.49875,0.452,0.023,0.041,-0.00574999999999992
"chisq","Chi-square independence",4,500,0.163157894736842,2000,400,0.0065,0.055,0.033,0.1875,0,0.0025,0.025,0.17,0.47575,0.42275,0.49875,0.4275,0.053,0.0760000000000001,0.00474999999999998
"chisq","Chi-square independence",4,500,0.209210526315789,2000,400,0.0065,0.1325,0.033,0.33,0,0,0.0165,0.225,0.437,0.3515,0.5,0.39575,0.0855,0.1485,0.0442500000000001
"chisq","Chi-square independence",4,500,0.255263157894737,2000,400,0.0065,0.2475,0.033,0.505,0,0.025,0.0095,0.2875,0.3795,0.264,0.4875,0.361,0.1155,0.2235,0.0970000000000001
"chisq","Chi-square independence",4,500,0.301315789473684,2000,400,0.0065,0.45,0.033,0.6675,0,0.0575,0.005,0.4225,0.27825,0.18275,0.47125,0.29125,0.0955,0.2885,0.1085
"chisq","Chi-square independence",4,500,0.347368421052632,2000,400,0.0065,0.63,0.033,0.84,0,0.1425,0.003,0.5225,0.18825,0.0965,0.42875,0.24025,0.09175,0.33225,0.14375
"chisq","Chi-square independence",4,500,0.393421052631579,2000,400,0.0065,0.8175,0.033,0.9275,0,0.27,0.002,0.705,0.0945,0.05275,0.365,0.1485,0.04175,0.31225,0.0957500000000001
"chisq","Chi-square independence",4,500,0.439473684210526,2000,400,0.0065,0.9125,0.033,0.97,0,0.4775,0.0015,0.785,0.047,0.0315,0.26125,0.10825,0.0155,0.22975,0.07675
"chisq","Chi-square independence",4,500,0.485526315789474,2000,400,0.0065,0.9725,0.033,0.9925,0,0.625,0.0015,0.8675,0.017,0.0202499999999999,0.1875,0.067,-0.00324999999999998,0.16725,0.0467500000000001
"chisq","Chi-square independence",4,500,0.531578947368421,2000,400,0.0065,0.9825,0.033,0.9975,0,0.82,0.0015,0.945,0.012,0.0177499999999999,0.09,0.02825,-0.00574999999999998,0.0722500000000001,0.0105000000000001
"chisq","Chi-square independence",4,500,0.577631578947368,2000,400,0.0065,1,0.033,1,0,0.9325,5e-04,0.985,0.00324999999999998,0.0165,0.03375,0.00774999999999998,-0.01325,0.01725,-0.00874999999999998
"chisq","Chi-square independence",4,500,0.623684210526316,2000,400,0.0065,1,0.033,1,0,0.97,0,0.9875,0.00324999999999998,0.0165,0.015,0.00624999999999998,-0.01325,-0.00149999999999995,-0.01025
"chisq","Chi-square independence",4,500,0.669736842105263,2000,400,0.0065,1,0.033,1,0,0.995,0,0.9975,0.00324999999999998,0.0165,0.0025,0.00124999999999997,-0.01325,-0.014,-0.01525
"chisq","Chi-square independence",4,500,0.71578947368421,2000,400,0.0065,1,0.033,1,0,1,0,1,0.00324999999999998,0.0165,0,0,-0.01325,-0.0165,-0.0165
"chisq","Chi-square independence",4,500,0.761842105263158,2000,400,0.0065,1,0.033,1,0,1,0,1,0.00324999999999998,0.0165,0,0,-0.01325,-0.0165,-0.0165
"chisq","Chi-square independence",4,500,0.807894736842105,2000,400,0.0065,1,0.033,1,0,1,0,1,0.00324999999999998,0.0165,0,0,-0.01325,-0.0165,-0.0165
"chisq","Chi-square independence",4,500,0.853947368421053,2000,400,0.0065,1,0.033,1,0,1,0,1,0.00324999999999998,0.0165,0,0,-0.01325,-0.0165,-0.0165
"chisq","Chi-square independence",4,500,0.9,2000,400,0.0065,1,0.033,1,0,1,0,1,0.00324999999999998,0.0165,0,0,-0.01325,-0.0165,-0.0165
"cox","Cox PH regression",1,30,0.025,2000,400,0.0055,0,0.0215,0.0125,0.027,0.0125,0,0,0.50275,0.5045,0.50725,0.5,-0.00175000000000003,0.00274999999999992,-0.00450000000000006
"cox","Cox PH regression",1,30,0.0710526315789474,2000,400,0.0055,0.0075,0.0215,0.025,0.027,0.03,0,0,0.499,0.49825,0.4985,0.5,0.000750000000000028,0.000249999999999917,0.00174999999999997
"cox","Cox PH regression",1,30,0.117105263157895,2000,400,0.0055,0.0075,0.0215,0.0325,0.027,0.035,0,0,0.499,0.4945,0.496,0.5,0.0045,0.00149999999999989,0.00549999999999995
"cox","Cox PH regression",1,30,0.163157894736842,2000,400,0.0055,0.005,0.0215,0.02,0.027,0.02,0.004,0.0025,0.50025,0.50075,0.5035,0.50075,-0.000499999999999945,0.00274999999999992,0
"cox","Cox PH regression",1,30,0.209210526315789,2000,400,0.0055,0.01,0.0215,0.035,0.027,0.0425,0.0145,0.0275,0.49775,0.49325,0.49225,0.4935,0.0045,-0.00100000000000006,0.000249999999999972
"cox","Cox PH regression",1,30,0.255263157894737,2000,400,0.0055,0.0225,0.0215,0.045,0.027,0.0575,0.029,0.055,0.4915,0.48825,0.48475,0.487,0.00325000000000003,-0.00350000000000006,-0.00125000000000008
"cox","Cox PH regression",1,30,0.301315789473684,2000,400,0.0055,0.0175,0.0215,0.0475,0.027,0.055,0.0365,0.0725,0.494,0.487,0.486,0.482,0.00700000000000001,-0.00100000000000011,-0.00500000000000006
"cox","Cox PH regression",1,30,0.347368421052632,2000,400,0.0055,0.025,0.0215,0.075,0.027,0.075,0.042,0.1075,0.49025,0.47325,0.476,0.46725,0.017,0.00274999999999992,-0.00600000000000006
"cox","Cox PH regression",1,30,0.393421052631579,2000,400,0.0055,0.035,0.0215,0.1025,0.027,0.1225,0.0445,0.18,0.48525,0.4595,0.45225,0.43225,0.02575,-0.00725000000000009,-0.02725
"cox","Cox PH regression",1,30,0.439473684210526,2000,400,0.0055,0.0475,0.0215,0.1175,0.027,0.12,0.046,0.19,0.479,0.452,0.4535,0.428,0.027,0.00149999999999989,-0.024
"cox","Cox PH regression",1,30,0.485526315789474,2000,400,0.0055,0.0575,0.0215,0.1075,0.027,0.1225,0.045,0.1875,0.474,0.457,0.45225,0.42875,0.017,-0.00475000000000009,-0.02825
"cox","Cox PH regression",1,30,0.531578947368421,2000,400,0.0055,0.0525,0.0215,0.1175,0.027,0.13,0.042,0.235,0.4765,0.452,0.4485,0.4035,0.0245,-0.00350000000000011,-0.0485
"cox","Cox PH regression",1,30,0.577631578947368,2000,400,0.0055,0.0625,0.0215,0.135,0.027,0.15,0.0405,0.2375,0.4715,0.44325,0.4385,0.4015,0.02825,-0.00475000000000009,-0.0417500000000001
"cox","Cox PH regression",1,30,0.623684210526316,2000,400,0.0055,0.0625,0.0215,0.15,0.027,0.1725,0.0395,0.235,0.4715,0.43575,0.42725,0.40225,0.03575,-0.00850000000000006,-0.0335
"cox","Cox PH regression",1,30,0.669736842105263,2000,400,0.0055,0.09,0.0215,0.1825,0.027,0.2025,0.0375,0.2925,0.45775,0.4195,0.41225,0.3725,0.03825,-0.00725000000000009,-0.047
"cox","Cox PH regression",1,30,0.71578947368421,2000,400,0.0055,0.13,0.0215,0.2575,0.027,0.275,0.0355,0.3475,0.43775,0.382,0.376,0.344,0.05575,-0.00600000000000006,-0.0379999999999999
"cox","Cox PH regression",1,30,0.761842105263158,2000,400,0.0055,0.14,0.0215,0.2525,0.027,0.2625,0.034,0.3325,0.43275,0.3845,0.38225,0.35075,0.04825,-0.00225000000000009,-0.0337500000000001
"cox","Cox PH regression",1,30,0.807894736842105,2000,400,0.0055,0.175,0.0215,0.3,0.027,0.3275,0.033,0.3925,0.41525,0.36075,0.34975,0.32025,0.0545,-0.0110000000000001,-0.0405000000000001
"cox","Cox PH regression",1,30,0.853947368421053,2000,400,0.0055,0.2,0.0215,0.3725,0.027,0.395,0.0325,0.4325,0.40275,0.3245,0.316,0.3,0.07825,-0.00850000000000006,-0.0245
"cox","Cox PH regression",1,30,0.9,2000,400,0.0055,0.2425,0.0215,0.4125,0.027,0.4325,0.0295,0.4525,0.3815,0.3045,0.29725,0.2885,0.077,-0.00725000000000009,-0.016
"cox","Cox PH regression",1,37,0.025,2000,400,0.007,0.005,0.0175,0.015,0.0195,0.0175,0,0,0.501,0.50125,0.501,0.5,-0.000250000000000083,-0.000250000000000083,-0.00125000000000008
"cox","Cox PH regression",1,37,0.0710526315789474,2000,400,0.007,0.0075,0.0175,0.0225,0.0195,0.025,0,0,0.49975,0.4975,0.49725,0.5,0.00224999999999992,-0.000250000000000028,0.00249999999999995
"cox","Cox PH regression",1,37,0.117105263157895,2000,400,0.007,0.0075,0.0175,0.0275,0.0195,0.0325,0.0015,0.0025,0.49975,0.495,0.4935,0.4995,0.00474999999999992,-0.0015,0.0045
"cox","Cox PH regression",1,37,0.163157894736842,2000,400,0.007,0.0075,0.0175,0.0325,0.0195,0.035,0.0105,0.0125,0.49975,0.4925,0.49225,0.499,0.00724999999999992,-0.000250000000000028,0.00649999999999995
"cox","Cox PH regression",1,37,0.209210526315789,2000,400,0.007,0.0125,0.0175,0.0375,0.0195,0.0375,0.0185,0.04,0.49725,0.49,0.491,0.48925,0.00724999999999992,0.001,-0.000750000000000084
"cox","Cox PH regression",1,37,0.255263157894737,2000,400,0.007,0.02,0.0175,0.0425,0.0195,0.0475,0.033,0.08,0.4935,0.4875,0.486,0.4765,0.00599999999999989,-0.0015,-0.0110000000000001
"cox","Cox PH regression",1,37,0.301315789473684,2000,400,0.007,0.0225,0.0175,0.045,0.0195,0.0525,0.0405,0.1275,0.49225,0.48625,0.4835,0.4565,0.00599999999999995,-0.00274999999999997,-0.02975
"cox","Cox PH regression",1,37,0.347368421052632,2000,400,0.007,0.0325,0.0175,0.075,0.0195,0.075,0.0455,0.1475,0.48725,0.47125,0.47225,0.449,0.0159999999999999,0.001,-0.02225
"cox","Cox PH regression",1,37,0.393421052631579,2000,400,0.007,0.0275,0.0175,0.085,0.0195,0.0925,0.0465,0.1625,0.48975,0.46625,0.4635,0.442,0.0234999999999999,-0.00275000000000003,-0.02425
"cox","Cox PH regression",1,37,0.439473684210526,2000,400,0.007,0.06,0.0175,0.1175,0.0195,0.12,0.0465,0.2,0.4735,0.45,0.44975,0.42325,0.0234999999999999,-0.000250000000000028,-0.02675
"cox","Cox PH regression",1,37,0.485526315789474,2000,400,0.007,0.0775,0.0175,0.1475,0.0195,0.1575,0.045,0.25,0.46475,0.435,0.431,0.3975,0.0297499999999999,-0.004,-0.0375000000000001
"cox","Cox PH regression",1,37,0.531578947368421,2000,400,0.007,0.0775,0.0175,0.1675,0.0195,0.185,0.044,0.27,0.46475,0.425,0.41725,0.387,0.0397499999999999,-0.00775000000000003,-0.038
"cox","Cox PH regression",1,37,0.577631578947368,2000,400,0.007,0.085,0.0175,0.1825,0.0195,0.1925,0.0405,0.285,0.461,0.4175,0.4135,0.37775,0.0434999999999999,-0.004,-0.03975
"cox","Cox PH regression",1,37,0.623684210526316,2000,400,0.007,0.0875,0.0175,0.155,0.0195,0.165,0.0365,0.275,0.45975,0.43125,0.42725,0.38075,0.0284999999999999,-0.004,-0.0505
"cox","Cox PH regression",1,37,0.669736842105263,2000,400,0.007,0.1425,0.0175,0.23,0.0195,0.24,0.0335,0.32,0.43225,0.39375,0.38975,0.35675,0.0384999999999999,-0.004,-0.037
"cox","Cox PH regression",1,37,0.71578947368421,2000,400,0.007,0.175,0.0175,0.305,0.0195,0.3075,0.031,0.37,0.416,0.35625,0.356,0.3305,0.0597499999999999,-0.000250000000000028,-0.0257500000000001
"cox","Cox PH regression",1,37,0.761842105263158,2000,400,0.007,0.185,0.0175,0.3375,0.0195,0.3575,0.0285,0.43,0.411,0.34,0.331,0.29925,0.0709999999999999,-0.00899999999999995,-0.04075
"cox","Cox PH regression",1,37,0.807894736842105,2000,400,0.007,0.245,0.0175,0.415,0.0195,0.4375,0.025,0.485,0.381,0.30125,0.291,0.27,0.0797499999999999,-0.01025,-0.0312500000000001
"cox","Cox PH regression",1,37,0.853947368421053,2000,400,0.007,0.2725,0.0175,0.4175,0.0195,0.43,0.024,0.455,0.36725,0.3,0.29475,0.2845,0.0672499999999999,-0.00524999999999998,-0.0155000000000001
"cox","Cox PH regression",1,37,0.9,2000,400,0.007,0.2975,0.0175,0.4375,0.0195,0.455,0.02,0.4825,0.35475,0.29,0.28225,0.26875,0.0647499999999999,-0.00775000000000003,-0.02125
"cox","Cox PH regression",1,46,0.025,2000,400,0.005,0.0025,0.0145,0.0125,0.0165,0.015,0,0,0.50125,0.501,0.50075,0.5,0.000249999999999972,-0.000249999999999972,-0.001
"cox","Cox PH regression",1,46,0.0710526315789474,2000,400,0.005,0,0.0145,0.0075,0.0165,0.0075,0,0,0.5025,0.5035,0.5045,0.5,-0.001,0.001,-0.00349999999999995
"cox","Cox PH regression",1,46,0.117105263157895,2000,400,0.005,0.005,0.0145,0.0225,0.0165,0.0225,0.0025,0.0025,0.5,0.496,0.497,0.5,0.00399999999999995,0.001,0.004
"cox","Cox PH regression",1,46,0.163157894736842,2000,400,0.005,0.0175,0.0145,0.035,0.0165,0.04,0.0115,0.035,0.49375,0.48975,0.48825,0.48825,0.004,-0.0015,-0.00149999999999995
"cox","Cox PH regression",1,46,0.209210526315789,2000,400,0.005,0.0075,0.0145,0.035,0.0165,0.035,0.025,0.045,0.49875,0.48975,0.49075,0.49,0.00900000000000001,0.001,0.000249999999999972
"cox","Cox PH regression",1,46,0.255263157894737,2000,400,0.005,0.015,0.0145,0.05,0.0165,0.0525,0.035,0.08,0.495,0.48225,0.482,0.4775,0.01275,-0.000249999999999972,-0.00474999999999998
"cox","Cox PH regression",1,46,0.301315789473684,2000,400,0.005,0.0175,0.0145,0.0525,0.0165,0.0575,0.0385,0.1125,0.49375,0.481,0.4795,0.463,0.01275,-0.0015,-0.018
"cox","Cox PH regression",1,46,0.347368421052632,2000,400,0.005,0.0425,0.0145,0.08,0.0165,0.085,0.039,0.175,0.48125,0.46725,0.46575,0.432,0.014,-0.0015,-0.0352500000000001
"cox","Cox PH regression",1,46,0.393421052631579,2000,400,0.005,0.055,0.0145,0.0975,0.0165,0.1075,0.0385,0.1975,0.475,0.4585,0.4545,0.4205,0.0165,-0.004,-0.038
"cox","Cox PH regression",1,46,0.439473684210526,2000,400,0.005,0.0525,0.0145,0.0925,0.0165,0.095,0.038,0.1825,0.47625,0.461,0.46075,0.42775,0.01525,-0.000249999999999972,-0.0332499999999999
"cox","Cox PH regression",1,46,0.485526315789474,2000,400,0.005,0.0625,0.0145,0.14,0.0165,0.145,0.0355,0.2425,0.47125,0.43725,0.43575,0.3965,0.034,-0.0015,-0.0407499999999999
"cox","Cox PH regression",1,46,0.531578947368421,2000,400,0.005,0.0825,0.0145,0.1725,0.0165,0.1925,0.034,0.27,0.46125,0.421,0.412,0.382,0.04025,-0.00900000000000001,-0.039
"cox","Cox PH regression",1,46,0.577631578947368,2000,400,0.005,0.12,0.0145,0.1975,0.0165,0.2075,0.0325,0.3325,0.4425,0.4085,0.4045,0.35,0.034,-0.004,-0.0585
"cox","Cox PH regression",1,46,0.623684210526316,2000,400,0.005,0.18,0.0145,0.28,0.0165,0.285,0.029,0.37,0.4125,0.36725,0.36575,0.3295,0.04525,-0.00149999999999995,-0.03775
"cox","Cox PH regression",1,46,0.669736842105263,2000,400,0.005,0.195,0.0145,0.335,0.0165,0.3525,0.0265,0.4325,0.405,0.33975,0.332,0.297,0.0652499999999999,-0.00775000000000003,-0.04275
"cox","Cox PH regression",1,46,0.71578947368421,2000,400,0.005,0.2475,0.0145,0.3675,0.0165,0.375,0.0245,0.4375,0.37875,0.3235,0.32075,0.2935,0.0552499999999999,-0.00275000000000003,-0.03
"cox","Cox PH regression",1,46,0.761842105263158,2000,400,0.005,0.2625,0.0145,0.44,0.0165,0.455,0.0225,0.505,0.37125,0.28725,0.28075,0.25875,0.084,-0.00650000000000006,-0.0285
"cox","Cox PH regression",1,46,0.807894736842105,2000,400,0.005,0.3075,0.0145,0.45,0.0165,0.4625,0.02,0.5,0.34875,0.28225,0.277,0.26,0.0665,-0.00525000000000003,-0.02225
"cox","Cox PH regression",1,46,0.853947368421053,2000,400,0.005,0.3475,0.0145,0.4775,0.0165,0.49,0.0185,0.52,0.32875,0.2685,0.26325,0.24925,0.06025,-0.00524999999999998,-0.01925
"cox","Cox PH regression",1,46,0.9,2000,400,0.005,0.415,0.0145,0.545,0.0165,0.5525,0.017,0.56,0.295,0.23475,0.232,0.2285,0.06025,-0.00274999999999997,-0.00625000000000003
"cox","Cox PH regression",1,57,0.025,2000,400,0.004,0.0025,0.0125,0.01,0.0135,0.01,0,0,0.50075,0.50125,0.50175,0.5,-0.000499999999999945,0.000500000000000056,-0.00124999999999997
"cox","Cox PH regression",1,57,0.0710526315789474,2000,400,0.004,0.01,0.0125,0.0125,0.0135,0.015,5e-04,0,0.497,0.5,0.49925,0.50025,-0.003,-0.000749999999999973,0.000249999999999972
"cox","Cox PH regression",1,57,0.117105263157895,2000,400,0.004,0.0025,0.0125,0.0125,0.0135,0.0125,0.0025,0,0.50075,0.5,0.5005,0.50125,0.000750000000000028,0.000500000000000056,0.00124999999999997
"cox","Cox PH regression",1,57,0.163157894736842,2000,400,0.004,0.0075,0.0125,0.02,0.0135,0.0225,0.019,0.0325,0.49825,0.49625,0.4955,0.49325,0.00200000000000006,-0.000749999999999917,-0.003
"cox","Cox PH regression",1,57,0.209210526315789,2000,400,0.004,0.0175,0.0125,0.0275,0.0135,0.0275,0.037,0.0675,0.49325,0.4925,0.493,0.48475,0.000750000000000028,0.000500000000000056,-0.00775000000000003
"cox","Cox PH regression",1,57,0.255263157894737,2000,400,0.004,0.03,0.0125,0.06,0.0135,0.0675,0.0485,0.1175,0.487,0.47625,0.473,0.4655,0.01075,-0.00324999999999992,-0.0107499999999999
"cox","Cox PH regression",1,57,0.301315789473684,2000,400,0.004,0.0425,0.0125,0.0675,0.0135,0.075,0.0505,0.165,0.48075,0.4725,0.46925,0.44275,0.00825000000000004,-0.00324999999999992,-0.02975
"cox","Cox PH regression",1,57,0.347368421052632,2000,400,0.004,0.055,0.0125,0.1025,0.0135,0.1125,0.0505,0.245,0.4745,0.455,0.4505,0.40275,0.0195,-0.00449999999999995,-0.05225
"cox","Cox PH regression",1,57,0.393421052631579,2000,400,0.004,0.0825,0.0125,0.1375,0.0135,0.14,0.05,0.2675,0.46075,0.4375,0.43675,0.39125,0.02325,-0.000749999999999973,-0.04625
"cox","Cox PH regression",1,57,0.439473684210526,2000,400,0.004,0.075,0.0125,0.1425,0.0135,0.15,0.0455,0.2725,0.4645,0.435,0.43175,0.3865,0.0295,-0.00324999999999998,-0.0484999999999999
"cox","Cox PH regression",1,57,0.485526315789474,2000,400,0.004,0.14,0.0125,0.2025,0.0135,0.205,0.042,0.2975,0.432,0.405,0.40425,0.37225,0.027,-0.000749999999999917,-0.0327499999999999
"cox","Cox PH regression",1,57,0.531578947368421,2000,400,0.004,0.16,0.0125,0.24,0.0135,0.25,0.039,0.34,0.422,0.38625,0.38175,0.3495,0.03575,-0.00449999999999995,-0.0367500000000001
"cox","Cox PH regression",1,57,0.577631578947368,2000,400,0.004,0.2075,0.0125,0.305,0.0135,0.3175,0.035,0.42,0.39825,0.35375,0.348,0.3075,0.0445,-0.00574999999999998,-0.04625
"cox","Cox PH regression",1,57,0.623684210526316,2000,400,0.004,0.215,0.0125,0.3425,0.0135,0.36,0.0305,0.43,0.3945,0.335,0.32675,0.30025,0.0595,-0.00824999999999992,-0.03475
"cox","Cox PH regression",1,57,0.669736842105263,2000,400,0.004,0.245,0.0125,0.35,0.0135,0.3575,0.026,0.4125,0.3795,0.33125,0.328,0.30675,0.04825,-0.00324999999999992,-0.0245
"cox","Cox PH regression",1,57,0.71578947368421,2000,400,0.004,0.275,0.0125,0.4,0.0135,0.405,0.024,0.4575,0.3645,0.30625,0.30425,0.28325,0.05825,-0.00199999999999995,-0.023
"cox","Cox PH regression",1,57,0.761842105263158,2000,400,0.004,0.415,0.0125,0.54,0.0135,0.5475,0.021,0.5925,0.2945,0.23625,0.233,0.21425,0.05825,-0.00324999999999992,-0.022
"cox","Cox PH regression",1,57,0.807894736842105,2000,400,0.004,0.4475,0.0125,0.585,0.0135,0.595,0.0195,0.6175,0.27825,0.21375,0.20925,0.201,0.0645,-0.00449999999999995,-0.01275
"cox","Cox PH regression",1,57,0.853947368421053,2000,400,0.004,0.5175,0.0125,0.6525,0.0135,0.665,0.015,0.6675,0.24325,0.18,0.17425,0.17375,0.06325,-0.00574999999999998,-0.00625000000000003
"cox","Cox PH regression",1,57,0.9,2000,400,0.004,0.615,0.0125,0.74,0.0135,0.7525,0.013,0.7425,0.1945,0.13625,0.1305,0.13525,0.05825,-0.00574999999999992,-0.00100000000000006
"cox","Cox PH regression",1,71,0.025,2000,400,0.005,0.0025,0.011,0.0075,0.012,0.01,0,0,0.50125,0.50175,0.501,0.5,-0.000499999999999945,-0.000749999999999917,-0.00174999999999992
"cox","Cox PH regression",1,71,0.0710526315789474,2000,400,0.005,0.0025,0.011,0.0175,0.012,0.02,0,0,0.50125,0.49675,0.496,0.5,0.0045,-0.000749999999999973,0.00325000000000003
"cox","Cox PH regression",1,71,0.117105263157895,2000,400,0.005,0.005,0.011,0.0125,0.012,0.0125,0.0075,0.0075,0.5,0.49925,0.49975,0.5,0.000749999999999973,0.000500000000000056,0.000750000000000028
"cox","Cox PH regression",1,71,0.163157894736842,2000,400,0.005,0.0175,0.011,0.035,0.012,0.045,0.022,0.0725,0.49375,0.488,0.4835,0.47475,0.00575000000000003,-0.00449999999999995,-0.0132499999999999
"cox","Cox PH regression",1,71,0.209210526315789,2000,400,0.005,0.0175,0.011,0.04,0.012,0.04,0.037,0.0925,0.49375,0.4855,0.486,0.47225,0.00825000000000004,0.000500000000000056,-0.01325
"cox","Cox PH regression",1,71,0.255263157894737,2000,400,0.005,0.0375,0.011,0.0625,0.012,0.065,0.0435,0.145,0.48375,0.47425,0.4735,0.44925,0.00950000000000001,-0.000749999999999917,-0.0249999999999999
"cox","Cox PH regression",1,71,0.301315789473684,2000,400,0.005,0.04,0.011,0.085,0.012,0.085,0.0445,0.195,0.4825,0.463,0.4635,0.42475,0.0195,0.000500000000000056,-0.03825
"cox","Cox PH regression",1,71,0.347368421052632,2000,400,0.005,0.075,0.011,0.1125,0.012,0.1125,0.043,0.23,0.465,0.44925,0.44975,0.4065,0.01575,0.000500000000000056,-0.04275
"cox","Cox PH regression",1,71,0.393421052631579,2000,400,0.005,0.075,0.011,0.1175,0.012,0.12,0.041,0.22,0.465,0.44675,0.446,0.4105,0.01825,-0.000749999999999973,-0.03625
"cox","Cox PH regression",1,71,0.439473684210526,2000,400,0.005,0.12,0.011,0.1925,0.012,0.2,0.0365,0.3,0.4425,0.40925,0.406,0.36825,0.03325,-0.00324999999999992,-0.041
"cox","Cox PH regression",1,71,0.485526315789474,2000,400,0.005,0.1625,0.011,0.225,0.012,0.23,0.031,0.365,0.42125,0.393,0.391,0.333,0.02825,-0.00199999999999995,-0.06
"cox","Cox PH regression",1,71,0.531578947368421,2000,400,0.005,0.21,0.011,0.305,0.012,0.3075,0.028,0.4475,0.3975,0.353,0.35225,0.29025,0.0445,-0.000749999999999973,-0.06275
"cox","Cox PH regression",1,71,0.577631578947368,2000,400,0.005,0.23,0.011,0.3275,0.012,0.335,0.0245,0.44,0.3875,0.34175,0.3385,0.29225,0.04575,-0.00324999999999992,-0.0494999999999999
"cox","Cox PH regression",1,71,0.623684210526316,2000,400,0.005,0.2975,0.011,0.425,0.012,0.43,0.021,0.5025,0.35375,0.293,0.291,0.25925,0.06075,-0.00199999999999989,-0.0337499999999999
"cox","Cox PH regression",1,71,0.669736842105263,2000,400,0.005,0.37,0.011,0.5,0.012,0.515,0.018,0.5875,0.3175,0.2555,0.2485,0.21525,0.062,-0.00699999999999995,-0.04025
"cox","Cox PH regression",1,71,0.71578947368421,2000,400,0.005,0.42,0.011,0.5825,0.012,0.5825,0.0155,0.6175,0.2925,0.21425,0.21475,0.199,0.07825,0.000500000000000056,-0.0152499999999999
"cox","Cox PH regression",1,71,0.761842105263158,2000,400,0.005,0.495,0.011,0.61,0.012,0.63,0.013,0.6425,0.255,0.2005,0.191,0.18525,0.0545,-0.00949999999999995,-0.01525
"cox","Cox PH regression",1,71,0.807894736842105,2000,400,0.005,0.5625,0.011,0.695,0.012,0.705,0.0125,0.7175,0.22125,0.158,0.1535,0.1475,0.06325,-0.00449999999999995,-0.0105
"cox","Cox PH regression",1,71,0.853947368421053,2000,400,0.005,0.635,0.011,0.725,0.012,0.73,0.012,0.725,0.185,0.143,0.141,0.1435,0.042,-0.00199999999999995,0.000500000000000056
"cox","Cox PH regression",1,71,0.9,2000,400,0.005,0.6725,0.011,0.7675,0.012,0.775,0.0105,0.7525,0.16625,0.12175,0.1185,0.129,0.0445,-0.00324999999999998,0.00725000000000003
"cox","Cox PH regression",1,89,0.025,2000,400,0.007,0.01,0.014,0.01,0.0145,0.01,0,0,0.4985,0.502,0.50225,0.5,-0.00350000000000006,0.000249999999999972,-0.002
"cox","Cox PH regression",1,89,0.0710526315789474,2000,400,0.007,0.0025,0.014,0.005,0.0145,0.005,0,0.0025,0.50225,0.5045,0.50475,0.49875,-0.00225000000000009,0.000249999999999972,-0.00575000000000003
"cox","Cox PH regression",1,89,0.117105263157895,2000,400,0.007,0.0025,0.014,0.0075,0.0145,0.01,0.0145,0.0125,0.50225,0.50325,0.50225,0.501,-0.001,-0.001,-0.00224999999999997
"cox","Cox PH regression",1,89,0.163157894736842,2000,400,0.007,0.0125,0.014,0.015,0.0145,0.015,0.0315,0.045,0.49725,0.4995,0.49975,0.49325,-0.00225000000000003,0.000249999999999972,-0.00624999999999998
"cox","Cox PH regression",1,89,0.209210526315789,2000,400,0.007,0.025,0.014,0.06,0.0145,0.06,0.0435,0.125,0.491,0.477,0.47725,0.45925,0.014,0.000249999999999972,-0.0177499999999999
"cox","Cox PH regression",1,89,0.255263157894737,2000,400,0.007,0.0375,0.014,0.075,0.0145,0.075,0.0445,0.1575,0.48475,0.4695,0.46975,0.4435,0.0152499999999999,0.000249999999999972,-0.026
"cox","Cox PH regression",1,89,0.301315789473684,2000,400,0.007,0.0675,0.014,0.1175,0.0145,0.12,0.0435,0.2325,0.46975,0.44825,0.44725,0.4055,0.0214999999999999,-0.00100000000000006,-0.04275
"cox","Cox PH regression",1,89,0.347368421052632,2000,400,0.007,0.0925,0.014,0.1375,0.0145,0.1425,0.0425,0.275,0.45725,0.43825,0.436,0.38375,0.0189999999999999,-0.00225000000000003,-0.0545
"cox","Cox PH regression",1,89,0.393421052631579,2000,400,0.007,0.105,0.014,0.17,0.0145,0.18,0.0365,0.285,0.451,0.422,0.41725,0.37575,0.029,-0.00474999999999998,-0.04625
"cox","Cox PH regression",1,89,0.439473684210526,2000,400,0.007,0.1675,0.014,0.245,0.0145,0.25,0.0325,0.3875,0.41975,0.3845,0.38225,0.3225,0.03525,-0.00225000000000003,-0.062
"cox","Cox PH regression",1,89,0.485526315789474,2000,400,0.007,0.21,0.014,0.305,0.0145,0.3075,0.0295,0.4575,0.3985,0.3545,0.3535,0.286,0.0439999999999999,-0.00100000000000006,-0.0685
"cox","Cox PH regression",1,89,0.531578947368421,2000,400,0.007,0.2475,0.014,0.3375,0.0145,0.34,0.026,0.4525,0.37975,0.33825,0.33725,0.28675,0.0414999999999999,-0.00100000000000006,-0.0515
"cox","Cox PH regression",1,89,0.577631578947368,2000,400,0.007,0.3225,0.014,0.435,0.0145,0.44,0.023,0.5425,0.34225,0.2895,0.28725,0.24025,0.05275,-0.00224999999999997,-0.04925
"cox","Cox PH regression",1,89,0.623684210526316,2000,400,0.007,0.4,0.014,0.4675,0.0145,0.4725,0.0225,0.53,0.3035,0.27325,0.271,0.24625,0.0302499999999999,-0.00224999999999997,-0.027
"cox","Cox PH regression",1,89,0.669736842105263,2000,400,0.007,0.4675,0.014,0.5725,0.0145,0.5825,0.021,0.645,0.26975,0.22075,0.216,0.188,0.0489999999999999,-0.00475000000000003,-0.0327500000000001
"cox","Cox PH regression",1,89,0.71578947368421,2000,400,0.007,0.5575,0.014,0.6775,0.0145,0.685,0.0165,0.715,0.22475,0.16825,0.16475,0.15075,0.0564999999999999,-0.00350000000000006,-0.0175
"cox","Cox PH regression",1,89,0.761842105263158,2000,400,0.007,0.6225,0.014,0.71,0.0145,0.715,0.016,0.73,0.19225,0.152,0.14975,0.143,0.0402499999999999,-0.00225000000000003,-0.00900000000000001
"cox","Cox PH regression",1,89,0.807894736842105,2000,400,0.007,0.705,0.014,0.785,0.0145,0.7875,0.015,0.7875,0.151,0.1145,0.1135,0.11375,0.0365,-0.001,-0.000750000000000028
"cox","Cox PH regression",1,89,0.853947368421053,2000,400,0.007,0.8025,0.014,0.8575,0.0145,0.8575,0.013,0.855,0.10225,0.07825,0.0785,0.079,0.024,0.000249999999999972,0.000749999999999973
"cox","Cox PH regression",1,89,0.9,2000,400,0.007,0.8325,0.014,0.88,0.0145,0.8825,0.011,0.8725,0.0872499999999999,0.067,0.066,0.0692499999999999,0.0202499999999999,-0.001,0.00224999999999992
"cox","Cox PH regression",1,110,0.025,2000,400,0.0055,0.005,0.0085,0.0125,0.0085,0.0125,0,0,0.50025,0.498,0.498,0.5,0.00225000000000009,0,0.002
"cox","Cox PH regression",1,110,0.0710526315789474,2000,400,0.0055,0.005,0.0085,0.0075,0.0085,0.0075,0,0,0.50025,0.5005,0.5005,0.5,-0.000249999999999861,0,-0.000499999999999945
"cox","Cox PH regression",1,110,0.117105263157895,2000,400,0.0055,0.0175,0.0085,0.03,0.0085,0.03,0.0135,0.0375,0.494,0.48925,0.48925,0.488,0.00475000000000009,0,-0.00124999999999992
"cox","Cox PH regression",1,110,0.163157894736842,2000,400,0.0055,0.015,0.0085,0.025,0.0085,0.0275,0.028,0.095,0.49525,0.49175,0.4905,0.4665,0.00350000000000006,-0.00124999999999997,-0.0252499999999999
"cox","Cox PH regression",1,110,0.209210526315789,2000,400,0.0055,0.0425,0.0085,0.06,0.0085,0.06,0.036,0.1325,0.4815,0.47425,0.47425,0.45175,0.00725000000000009,0,-0.0225
"cox","Cox PH regression",1,110,0.255263157894737,2000,400,0.0055,0.05,0.0085,0.07,0.0085,0.07,0.0365,0.215,0.47775,0.46925,0.46925,0.41075,0.00850000000000006,0,-0.0584999999999999
"cox","Cox PH regression",1,110,0.301315789473684,2000,400,0.0055,0.0625,0.0085,0.11,0.0085,0.12,0.034,0.2375,0.4715,0.44925,0.44425,0.39825,0.02225,-0.005,-0.051
"cox","Cox PH regression",1,110,0.347368421052632,2000,400,0.0055,0.1075,0.0085,0.17,0.0085,0.1725,0.0295,0.3025,0.449,0.41925,0.418,0.3635,0.0297500000000001,-0.00124999999999997,-0.0557499999999999
"cox","Cox PH regression",1,110,0.393421052631579,2000,400,0.0055,0.1625,0.0085,0.2375,0.0085,0.245,0.025,0.4025,0.4215,0.3855,0.38175,0.31125,0.0360000000000001,-0.00374999999999998,-0.07425
"cox","Cox PH regression",1,110,0.439473684210526,2000,400,0.0055,0.2375,0.0085,0.3175,0.0085,0.325,0.02,0.4825,0.384,0.3455,0.34175,0.26875,0.0385,-0.00374999999999998,-0.0767499999999999
"cox","Cox PH regression",1,110,0.485526315789474,2000,400,0.0055,0.34,0.0085,0.41,0.0085,0.4125,0.018,0.5375,0.33275,0.29925,0.298,0.24025,0.0335,-0.00125000000000003,-0.059
"cox","Cox PH regression",1,110,0.531578947368421,2000,400,0.0055,0.3625,0.0085,0.4425,0.0085,0.445,0.0155,0.5275,0.3215,0.283,0.28175,0.244,0.0385,-0.00125000000000003,-0.0389999999999999
"cox","Cox PH regression",1,110,0.577631578947368,2000,400,0.0055,0.4125,0.0085,0.5,0.0085,0.5125,0.0145,0.58,0.2965,0.25425,0.248,0.21725,0.0422500000000001,-0.00624999999999998,-0.037
"cox","Cox PH regression",1,110,0.623684210526316,2000,400,0.0055,0.5675,0.0085,0.6575,0.0085,0.6625,0.0115,0.7075,0.219,0.1755,0.173,0.152,0.0435,-0.0025,-0.0235
"cox","Cox PH regression",1,110,0.669736842105263,2000,400,0.0055,0.6425,0.0085,0.7275,0.0085,0.73,0.0115,0.7625,0.1815,0.1405,0.13925,0.1245,0.0410000000000001,-0.00124999999999997,-0.0159999999999999
"cox","Cox PH regression",1,110,0.71578947368421,2000,400,0.0055,0.6775,0.0085,0.76,0.0085,0.77,0.0105,0.795,0.164,0.12425,0.11925,0.10775,0.0397500000000001,-0.005,-0.0165
"cox","Cox PH regression",1,110,0.761842105263158,2000,400,0.0055,0.7975,0.0085,0.85,0.0085,0.86,0.009,0.86,0.104,0.07925,0.07425,0.0745,0.02475,-0.005,-0.00475000000000003
"cox","Cox PH regression",1,110,0.807894736842105,2000,400,0.0055,0.8525,0.0085,0.91,0.0085,0.91,0.0085,0.9,0.0765,0.04925,0.04925,0.05425,0.0272500000000001,0,0.005
"cox","Cox PH regression",1,110,0.853947368421053,2000,400,0.0055,0.9,0.0085,0.9275,0.0085,0.93,0.0075,0.9225,0.05275,0.0405,0.03925,0.0425,0.01225,-0.00125000000000003,0.00200000000000006
"cox","Cox PH regression",1,110,0.9,2000,400,0.0055,0.9,0.0085,0.925,0.0085,0.925,0.007,0.9175,0.05275,0.04175,0.04175,0.04475,0.0110000000000001,0,0.003
"cox","Cox PH regression",1,136,0.025,2000,400,0.002,0.005,0.0045,0.0075,0.0045,0.0075,0,0,0.4985,0.4985,0.4985,0.5,0,0,0.0015
"cox","Cox PH regression",1,136,0.0710526315789474,2000,400,0.002,0.0075,0.0045,0.015,0.0045,0.015,0.002,0.0025,0.49725,0.49475,0.49475,0.49975,0.00250000000000006,0,0.00500000000000006
"cox","Cox PH regression",1,136,0.117105263157895,2000,400,0.002,0.01,0.0045,0.0275,0.0045,0.0275,0.018,0.0675,0.496,0.4885,0.4885,0.47525,0.00750000000000001,0,-0.01325
"cox","Cox PH regression",1,136,0.163157894736842,2000,400,0.002,0.04,0.0045,0.0475,0.0045,0.05,0.0365,0.1275,0.481,0.4785,0.47725,0.4545,0.0025,-0.00125000000000003,-0.024
"cox","Cox PH regression",1,136,0.209210526315789,2000,400,0.002,0.0475,0.0045,0.055,0.0045,0.055,0.0405,0.1825,0.47725,0.47475,0.47475,0.429,0.00250000000000006,0,-0.04575
"cox","Cox PH regression",1,136,0.255263157894737,2000,400,0.002,0.055,0.0045,0.0875,0.0045,0.0875,0.0385,0.2425,0.4735,0.4585,0.4585,0.398,0.015,0,-0.0604999999999999
"cox","Cox PH regression",1,136,0.301315789473684,2000,400,0.002,0.1325,0.0045,0.1575,0.0045,0.165,0.0345,0.305,0.43475,0.4235,0.41975,0.36475,0.01125,-0.00375000000000003,-0.05875
"cox","Cox PH regression",1,136,0.347368421052632,2000,400,0.002,0.1625,0.0045,0.2075,0.0045,0.21,0.0265,0.365,0.41975,0.3985,0.39725,0.33075,0.02125,-0.00124999999999997,-0.06775
"cox","Cox PH regression",1,136,0.393421052631579,2000,400,0.002,0.19,0.0045,0.2425,0.0045,0.2475,0.0215,0.415,0.406,0.381,0.3785,0.30325,0.025,-0.00250000000000006,-0.07775
"cox","Cox PH regression",1,136,0.439473684210526,2000,400,0.002,0.3025,0.0045,0.3825,0.0045,0.385,0.018,0.52,0.34975,0.311,0.30975,0.249,0.0387500000000001,-0.00124999999999997,-0.062
"cox","Cox PH regression",1,136,0.485526315789474,2000,400,0.002,0.355,0.0045,0.425,0.0045,0.4375,0.013,0.575,0.3235,0.28975,0.2835,0.219,0.0337500000000001,-0.00624999999999998,-0.07075
"cox","Cox PH regression",1,136,0.531578947368421,2000,400,0.002,0.5325,0.0045,0.59,0.0045,0.59,0.011,0.6575,0.23475,0.20725,0.20725,0.17675,0.0275,0,-0.0305
"cox","Cox PH regression",1,136,0.577631578947368,2000,400,0.002,0.5925,0.0045,0.6325,0.0045,0.6325,0.008,0.715,0.20475,0.186,0.186,0.1465,0.01875,0,-0.0395
"cox","Cox PH regression",1,136,0.623684210526316,2000,400,0.002,0.665,0.0045,0.735,0.0045,0.74,0.007,0.78,0.1685,0.13475,0.13225,0.1135,0.03375,-0.0025,-0.02125
"cox","Cox PH regression",1,136,0.669736842105263,2000,400,0.002,0.74,0.0045,0.8025,0.0045,0.81,0.006,0.815,0.131,0.101,0.09725,0.0955,0.03,-0.00375000000000003,-0.00549999999999995
"cox","Cox PH regression",1,136,0.71578947368421,2000,400,0.002,0.8175,0.0045,0.8525,0.0045,0.8525,0.005,0.8525,0.09225,0.076,0.076,0.0762499999999999,0.01625,0,0.000249999999999972
"cox","Cox PH regression",1,136,0.761842105263158,2000,400,0.002,0.8725,0.0045,0.9075,0.0045,0.9075,0.0045,0.905,0.06475,0.0485,0.0485,0.04975,0.01625,0,0.00124999999999997
"cox","Cox PH regression",1,136,0.807894736842105,2000,400,0.002,0.915,0.0045,0.9425,0.0045,0.9425,0.0035,0.9325,0.0435,0.031,0.031,0.0355,0.0125,0,0.00450000000000006
"cox","Cox PH regression",1,136,0.853947368421053,2000,400,0.002,0.96,0.0045,0.9725,0.0045,0.9725,0.003,0.96,0.021,0.016,0.016,0.0215,0.00500000000000006,0,0.0055
"cox","Cox PH regression",1,136,0.9,2000,400,0.002,0.98,0.0045,0.99,0.0045,0.99,0.002,0.98,0.011,0.00724999999999998,0.00724999999999998,0.011,0.00375000000000003,0,0.00375000000000003
"cox","Cox PH regression",1,169,0.025,2000,400,0.0045,0.005,0.0075,0.005,0.0075,0.005,0,0,0.49975,0.50125,0.50125,0.5,-0.00150000000000011,0,-0.00125000000000008
"cox","Cox PH regression",1,169,0.0710526315789474,2000,400,0.0045,0.0075,0.0075,0.01,0.0075,0.01,0.0035,0.0075,0.4985,0.49875,0.49875,0.498,-0.000250000000000028,0,-0.000749999999999973
"cox","Cox PH regression",1,169,0.117105263157895,2000,400,0.0045,0.02,0.0075,0.03,0.0075,0.0325,0.0305,0.0925,0.49225,0.48875,0.4875,0.469,0.00349999999999995,-0.00124999999999997,-0.01975
"cox","Cox PH regression",1,169,0.163157894736842,2000,400,0.0045,0.0125,0.0075,0.0175,0.0075,0.0175,0.0425,0.1225,0.496,0.495,0.495,0.46,0.000999999999999945,0,-0.0350000000000001
"cox","Cox PH regression",1,169,0.209210526315789,2000,400,0.0045,0.0525,0.0075,0.0725,0.0075,0.0725,0.0445,0.23,0.476,0.4675,0.4675,0.40725,0.00849999999999995,0,-0.06025
"cox","Cox PH regression",1,169,0.255263157894737,2000,400,0.0045,0.0925,0.0075,0.115,0.0075,0.12,0.0395,0.26,0.456,0.44625,0.44375,0.38975,0.00974999999999993,-0.0025,-0.0565
"cox","Cox PH regression",1,169,0.301315789473684,2000,400,0.0045,0.1425,0.0075,0.185,0.0075,0.19,0.031,0.3525,0.431,0.41125,0.40875,0.33925,0.01975,-0.00249999999999995,-0.0720000000000001
"cox","Cox PH regression",1,169,0.347368421052632,2000,400,0.0045,0.2325,0.0075,0.275,0.0075,0.28,0.0275,0.4625,0.386,0.36625,0.36375,0.2825,0.0197499999999999,-0.0025,-0.08375
"cox","Cox PH regression",1,169,0.393421052631579,2000,400,0.0045,0.265,0.0075,0.3075,0.0075,0.31,0.022,0.455,0.36975,0.35,0.34875,0.2835,0.0197499999999999,-0.00125000000000003,-0.0665000000000001
"cox","Cox PH regression",1,169,0.439473684210526,2000,400,0.0045,0.385,0.0075,0.4475,0.0075,0.45,0.018,0.5825,0.30975,0.28,0.27875,0.21775,0.0297499999999999,-0.00124999999999997,-0.06225
"cox","Cox PH regression",1,169,0.485526315789474,2000,400,0.0045,0.5,0.0075,0.545,0.0075,0.55,0.0155,0.6375,0.25225,0.23125,0.22875,0.189,0.021,-0.0025,-0.04225
"cox","Cox PH regression",1,169,0.531578947368421,2000,400,0.0045,0.5825,0.0075,0.6275,0.0075,0.6275,0.013,0.7025,0.211,0.19,0.19,0.15525,0.0209999999999999,0,-0.0347500000000001
"cox","Cox PH regression",1,169,0.577631578947368,2000,400,0.0045,0.69,0.0075,0.7375,0.0075,0.74,0.01,0.7725,0.15725,0.135,0.13375,0.11875,0.02225,-0.00124999999999997,-0.01625
"cox","Cox PH regression",1,169,0.623684210526316,2000,400,0.0045,0.795,0.0075,0.8175,0.0075,0.8175,0.0085,0.835,0.10475,0.095,0.095,0.08675,0.00974999999999993,0,-0.00825000000000004
"cox","Cox PH regression",1,169,0.669736842105263,2000,400,0.0045,0.8625,0.0075,0.8875,0.0075,0.8875,0.008,0.8925,0.071,0.06,0.06,0.05775,0.0109999999999999,0,-0.00225000000000003
"cox","Cox PH regression",1,169,0.71578947368421,2000,400,0.0045,0.91,0.0075,0.935,0.0075,0.9375,0.007,0.93,0.04725,0.03625,0.035,0.0384999999999999,0.011,-0.00124999999999997,0.00224999999999992
"cox","Cox PH regression",1,169,0.761842105263158,2000,400,0.0045,0.935,0.0075,0.955,0.0075,0.9575,0.0055,0.9425,0.03475,0.02625,0.025,0.0315,0.0084999999999999,-0.00125000000000003,0.00524999999999998
"cox","Cox PH regression",1,169,0.807894736842105,2000,400,0.0045,0.965,0.0075,0.975,0.0075,0.975,0.0055,0.965,0.01975,0.01625,0.01625,0.02025,0.00349999999999995,0,0.004
"cox","Cox PH regression",1,169,0.853947368421053,2000,400,0.0045,0.98,0.0075,0.9825,0.0075,0.9825,0.0045,0.98,0.01225,0.0125,0.0125,0.01225,-0.000250000000000028,0,-0.000250000000000028
"cox","Cox PH regression",1,169,0.9,2000,400,0.0045,0.995,0.0075,0.995,0.0075,0.995,0.004,0.995,0.00474999999999998,0.00625000000000003,0.00625000000000003,0.0045,-0.00150000000000006,0,-0.00175000000000003
"cox","Cox PH regression",1,210,0.025,2000,400,0.0045,0.0075,0.007,0.0075,0.007,0.0075,0,0,0.4985,0.49975,0.49975,0.5,-0.00124999999999997,0,0.000250000000000028
"cox","Cox PH regression",1,210,0.0710526315789474,2000,400,0.0045,0.0025,0.007,0.005,0.007,0.005,0.0095,0.0125,0.501,0.501,0.501,0.4985,0,0,-0.00249999999999995
"cox","Cox PH regression",1,210,0.117105263157895,2000,400,0.0045,0.025,0.007,0.035,0.007,0.035,0.031,0.1025,0.48975,0.486,0.486,0.46425,0.00375000000000003,0,-0.02175
"cox","Cox PH regression",1,210,0.163157894736842,2000,400,0.0045,0.0325,0.007,0.035,0.007,0.0375,0.042,0.14,0.486,0.486,0.48475,0.451,5.55111512312578e-17,-0.00124999999999997,-0.0349999999999999
"cox","Cox PH regression",1,210,0.209210526315789,2000,400,0.0045,0.1025,0.007,0.12,0.007,0.1225,0.04,0.27,0.451,0.4435,0.44225,0.385,0.00750000000000001,-0.00125000000000003,-0.0584999999999999
"cox","Cox PH regression",1,210,0.255263157894737,2000,400,0.0045,0.1475,0.007,0.17,0.007,0.17,0.0315,0.3325,0.4285,0.4185,0.4185,0.3495,0.0100000000000001,0,-0.0689999999999999
"cox","Cox PH regression",1,210,0.301315789473684,2000,400,0.0045,0.215,0.007,0.245,0.007,0.2475,0.0265,0.4275,0.39475,0.381,0.37975,0.2995,0.01375,-0.00125000000000003,-0.0815
"cox","Cox PH regression",1,210,0.347368421052632,2000,400,0.0045,0.265,0.007,0.2875,0.007,0.2875,0.0205,0.475,0.36975,0.35975,0.35975,0.27275,0.01,0,-0.087
"cox","Cox PH regression",1,210,0.393421052631579,2000,400,0.0045,0.35,0.007,0.3975,0.007,0.4025,0.0175,0.56,0.32725,0.30475,0.30225,0.22875,0.0225,-0.00250000000000006,-0.076
"cox","Cox PH regression",1,210,0.439473684210526,2000,400,0.0045,0.525,0.007,0.565,0.007,0.57,0.0165,0.69,0.23975,0.221,0.2185,0.16325,0.01875,-0.0025,-0.05775
"cox","Cox PH regression",1,210,0.485526315789474,2000,400,0.0045,0.6625,0.007,0.685,0.007,0.685,0.014,0.775,0.171,0.161,0.161,0.1195,0.0100000000000001,0,-0.0414999999999999
"cox","Cox PH regression",1,210,0.531578947368421,2000,400,0.0045,0.7625,0.007,0.7925,0.007,0.8,0.0115,0.84,0.121,0.10725,0.1035,0.08575,0.01375,-0.00375000000000003,-0.0214999999999999
"cox","Cox PH regression",1,210,0.577631578947368,2000,400,0.0045,0.8175,0.007,0.83,0.007,0.83,0.009,0.8525,0.0935,0.0885,0.0885,0.0782499999999999,0.005,0,-0.01025
"cox","Cox PH regression",1,210,0.623684210526316,2000,400,0.0045,0.9025,0.007,0.9125,0.007,0.9125,0.0075,0.9225,0.051,0.04725,0.04725,0.0425,0.00375000000000003,0,-0.00474999999999992
"cox","Cox PH regression",1,210,0.669736842105263,2000,400,0.0045,0.9575,0.007,0.97,0.007,0.97,0.007,0.9675,0.0235,0.0185,0.0185,0.0197499999999999,0.005,0,0.00124999999999997
"cox","Cox PH regression",1,210,0.71578947368421,2000,400,0.0045,0.9625,0.007,0.9725,0.007,0.9725,0.006,0.9675,0.021,0.0172499999999999,0.0172499999999999,0.01925,0.00375000000000003,0,0.00200000000000006
"cox","Cox PH regression",1,210,0.761842105263158,2000,400,0.0045,0.9825,0.007,0.9875,0.007,0.9875,0.0045,0.9825,0.011,0.00974999999999993,0.00974999999999993,0.011,0.00125000000000003,0,0.00125000000000003
"cox","Cox PH regression",1,210,0.807894736842105,2000,400,0.0045,0.995,0.007,1,0.007,1,0.0035,0.9925,0.00474999999999998,0.00349999999999995,0.00349999999999995,0.0055,0.00125000000000003,0,0.00200000000000006
"cox","Cox PH regression",1,210,0.853947368421053,2000,400,0.0045,1,0.007,1,0.007,1,0.003,1,0.00224999999999997,0.00349999999999995,0.00349999999999995,0.00149999999999995,-0.00124999999999997,0,-0.002
"cox","Cox PH regression",1,210,0.9,2000,400,0.0045,1,0.007,1,0.007,1,0.002,1,0.00224999999999997,0.00349999999999995,0.00349999999999995,0.001,-0.00124999999999997,0,-0.00249999999999995
"cox","Cox PH regression",1,261,0.025,2000,400,0.0055,0.0025,0.0055,0.005,0.0055,0.005,0,0,0.5015,0.50025,0.50025,0.5,0.00124999999999997,0,-0.000250000000000083
"cox","Cox PH regression",1,261,0.0710526315789474,2000,400,0.0055,0.02,0.0055,0.0225,0.0055,0.0225,0.0145,0.045,0.49275,0.4915,0.4915,0.48475,0.00124999999999997,0,-0.00675000000000009
"cox","Cox PH regression",1,261,0.117105263157895,2000,400,0.0055,0.0225,0.0055,0.0225,0.0055,0.0275,0.0395,0.115,0.4915,0.4915,0.489,0.46225,0,-0.0025,-0.02925
"cox","Cox PH regression",1,261,0.163157894736842,2000,400,0.0055,0.0475,0.0055,0.0575,0.0055,0.0575,0.0425,0.215,0.479,0.474,0.474,0.41375,0.005,0,-0.06025
"cox","Cox PH regression",1,261,0.209210526315789,2000,400,0.0055,0.095,0.0055,0.105,0.0055,0.105,0.038,0.2675,0.45525,0.45025,0.45025,0.38525,0.005,0,-0.0650000000000001
"cox","Cox PH regression",1,261,0.255263157894737,2000,400,0.0055,0.1725,0.0055,0.185,0.0055,0.195,0.0345,0.38,0.4165,0.41025,0.40525,0.32725,0.00625000000000003,-0.005,-0.083
"cox","Cox PH regression",1,261,0.301315789473684,2000,400,0.0055,0.2925,0.0055,0.3175,0.0055,0.3175,0.027,0.48,0.3565,0.344,0.344,0.2735,0.0125,0,-0.0705000000000001
"cox","Cox PH regression",1,261,0.347368421052632,2000,400,0.0055,0.35,0.0055,0.3625,0.0055,0.3625,0.0215,0.545,0.32775,0.3215,0.3215,0.23825,0.00625000000000003,0,-0.08325
"cox","Cox PH regression",1,261,0.393421052631579,2000,400,0.0055,0.525,0.0055,0.545,0.0055,0.55,0.017,0.67,0.24025,0.23025,0.22775,0.1735,0.01,-0.0025,-0.0567500000000001
"cox","Cox PH regression",1,261,0.439473684210526,2000,400,0.0055,0.6325,0.0055,0.6425,0.0055,0.645,0.014,0.755,0.1865,0.1815,0.18025,0.1295,0.005,-0.00125000000000003,-0.052
"cox","Cox PH regression",1,261,0.485526315789474,2000,400,0.0055,0.7625,0.0055,0.7825,0.0055,0.785,0.011,0.8425,0.1215,0.1115,0.11025,0.0842499999999999,0.01,-0.00125000000000003,-0.0272500000000001
"cox","Cox PH regression",1,261,0.531578947368421,2000,400,0.0055,0.825,0.0055,0.8425,0.0055,0.8475,0.008,0.8825,0.09025,0.0815,0.079,0.06275,0.00875000000000004,-0.0025,-0.01875
"cox","Cox PH regression",1,261,0.577631578947368,2000,400,0.0055,0.9075,0.0055,0.91,0.0055,0.91,0.0065,0.915,0.049,0.04775,0.04775,0.04575,0.00125000000000003,0,-0.00200000000000006
"cox","Cox PH regression",1,261,0.623684210526316,2000,400,0.0055,0.9675,0.0055,0.9725,0.0055,0.9725,0.0055,0.9725,0.019,0.0165,0.0165,0.0165,0.0025,0,0
"cox","Cox PH regression",1,261,0.669736842105263,2000,400,0.0055,0.9825,0.0055,0.99,0.0055,0.99,0.0055,0.9825,0.0115,0.00775000000000003,0.00775000000000003,0.0115,0.00374999999999998,0,0.00374999999999998
"cox","Cox PH regression",1,261,0.71578947368421,2000,400,0.0055,0.98,0.0055,0.9825,0.0055,0.9825,0.005,0.98,0.01275,0.0115,0.0115,0.0125,0.00125000000000003,0,0.000999999999999945
"cox","Cox PH regression",1,261,0.761842105263158,2000,400,0.0055,1,0.0055,1,0.0055,1,0.0045,1,0.00275000000000003,0.00275000000000003,0.00275000000000003,0.00224999999999997,0,0,-0.000500000000000056
"cox","Cox PH regression",1,261,0.807894736842105,2000,400,0.0055,1,0.0055,1,0.0055,1,0.0045,1,0.00275000000000003,0.00275000000000003,0.00275000000000003,0.00224999999999997,0,0,-0.000500000000000056
"cox","Cox PH regression",1,261,0.853947368421053,2000,400,0.0055,1,0.0055,1,0.0055,1,0.004,1,0.00275000000000003,0.00275000000000003,0.00275000000000003,0.002,0,0,-0.000750000000000028
"cox","Cox PH regression",1,261,0.9,2000,400,0.0055,1,0.0055,1,0.0055,1,0.0035,1,0.00275000000000003,0.00275000000000003,0.00275000000000003,0.00175000000000003,0,0,-0.001
"cox","Cox PH regression",1,324,0.025,2000,400,0.0075,0,0.008,0,0.008,0,0,0,0.50375,0.504,0.504,0.5,-0.000249999999999972,0,-0.004
"cox","Cox PH regression",1,324,0.0710526315789474,2000,400,0.0075,0.005,0.008,0.005,0.008,0.005,0.0235,0.0575,0.50125,0.5015,0.5015,0.483,-0.000249999999999972,0,-0.0185
"cox","Cox PH regression",1,324,0.117105263157895,2000,400,0.0075,0.03,0.008,0.03,0.008,0.03,0.047,0.105,0.48875,0.489,0.489,0.471,-0.000249999999999972,0,-0.018
"cox","Cox PH regression",1,324,0.163157894736842,2000,400,0.0075,0.0575,0.008,0.06,0.008,0.06,0.0475,0.245,0.475,0.474,0.474,0.40125,0.00100000000000006,0,-0.0727499999999999
"cox","Cox PH regression",1,324,0.209210526315789,2000,400,0.0075,0.105,0.008,0.105,0.008,0.11,0.0395,0.2725,0.45125,0.4515,0.449,0.3835,-0.000249999999999972,-0.0025,-0.068
"cox","Cox PH regression",1,324,0.255263157894737,2000,400,0.0075,0.24,0.008,0.2475,0.008,0.2475,0.0345,0.455,0.38375,0.38025,0.38025,0.28975,0.00350000000000006,0,-0.0905
"cox","Cox PH regression",1,324,0.301315789473684,2000,400,0.0075,0.3275,0.008,0.3325,0.008,0.3325,0.027,0.5225,0.34,0.33775,0.33775,0.25225,0.00225000000000003,0,-0.0855
"cox","Cox PH regression",1,324,0.347368421052632,2000,400,0.0075,0.515,0.008,0.5175,0.008,0.52,0.018,0.655,0.24625,0.24525,0.244,0.1815,0.001,-0.00125000000000003,-0.06375
"cox","Cox PH regression",1,324,0.393421052631579,2000,400,0.0075,0.625,0.008,0.63,0.008,0.6325,0.016,0.7625,0.19125,0.189,0.18775,0.12675,0.00225000000000003,-0.00124999999999997,-0.06225
"cox","Cox PH regression",1,324,0.439473684210526,2000,400,0.0075,0.7325,0.008,0.7375,0.008,0.7375,0.0135,0.8025,0.1375,0.13525,0.13525,0.1055,0.00225000000000003,0,-0.0297499999999999
"cox","Cox PH regression",1,324,0.485526315789474,2000,400,0.0075,0.8475,0.008,0.85,0.008,0.8525,0.0095,0.8875,0.08,0.079,0.07775,0.061,0.001,-0.00125000000000003,-0.018
"cox","Cox PH regression",1,324,0.531578947368421,2000,400,0.0075,0.92,0.008,0.9225,0.008,0.925,0.0085,0.9325,0.04375,0.04275,0.0415,0.038,0.001,-0.00125000000000003,-0.00475000000000003
"cox","Cox PH regression",1,324,0.577631578947368,2000,400,0.0075,0.9675,0.008,0.97,0.008,0.97,0.008,0.97,0.02,0.019,0.019,0.019,0.001,0,0
"cox","Cox PH regression",1,324,0.623684210526316,2000,400,0.0075,0.9875,0.008,0.9875,0.008,0.9875,0.0075,0.9875,0.01,0.01025,0.01025,0.01,-0.000249999999999972,0,-0.000249999999999972
"cox","Cox PH regression",1,324,0.669736842105263,2000,400,0.0075,0.995,0.008,0.995,0.008,0.995,0.007,0.995,0.00625000000000003,0.00650000000000001,0.00650000000000001,0.00599999999999995,-0.000249999999999972,0,-0.000500000000000056
"cox","Cox PH regression",1,324,0.71578947368421,2000,400,0.0075,0.9975,0.008,0.9975,0.008,0.9975,0.0065,0.9975,0.005,0.00524999999999998,0.00524999999999998,0.00449999999999995,-0.000249999999999972,0,-0.000750000000000028
"cox","Cox PH regression",1,324,0.761842105263158,2000,400,0.0075,1,0.008,1,0.008,1,0.0065,1,0.00375000000000003,0.004,0.004,0.00324999999999998,-0.000249999999999972,0,-0.000750000000000028
"cox","Cox PH regression",1,324,0.807894736842105,2000,400,0.0075,1,0.008,1,0.008,1,0.006,1,0.00375000000000003,0.004,0.004,0.003,-0.000249999999999972,0,-0.001
"cox","Cox PH regression",1,324,0.853947368421053,2000,400,0.0075,1,0.008,1,0.008,1,0.005,1,0.00375000000000003,0.004,0.004,0.00249999999999995,-0.000249999999999972,0,-0.00150000000000006
"cox","Cox PH regression",1,324,0.9,2000,400,0.0075,1,0.008,1,0.008,1,0.004,1,0.00375000000000003,0.004,0.004,0.002,-0.000249999999999972,0,-0.002
"cox","Cox PH regression",1,403,0.025,2000,400,0.004,0.005,0.0035,0.005,0.0035,0.005,0,0,0.4995,0.49925,0.49925,0.5,0.000249999999999972,0,0.000749999999999973
"cox","Cox PH regression",1,403,0.0710526315789474,2000,400,0.004,0.0275,0.0035,0.025,0.0035,0.025,0.022,0.085,0.48825,0.48925,0.48925,0.4685,-0.001,0,-0.02075
"cox","Cox PH regression",1,403,0.117105263157895,2000,400,0.004,0.04,0.0035,0.035,0.0035,0.035,0.0335,0.175,0.482,0.48425,0.48425,0.42925,-0.00225000000000003,0,-0.055
"cox","Cox PH regression",1,403,0.163157894736842,2000,400,0.004,0.0875,0.0035,0.0875,0.0035,0.0875,0.0315,0.285,0.45825,0.458,0.458,0.37325,0.000249999999999972,0,-0.0847499999999999
"cox","Cox PH regression",1,403,0.209210526315789,2000,400,0.004,0.1725,0.0035,0.1625,0.0035,0.165,0.0265,0.3875,0.41575,0.4205,0.41925,0.3195,-0.00475000000000003,-0.00125000000000003,-0.101
"cox","Cox PH regression",1,403,0.255263157894737,2000,400,0.004,0.3025,0.0035,0.2975,0.0035,0.2975,0.0195,0.4775,0.35075,0.353,0.353,0.271,-0.00225000000000003,0,-0.082
"cox","Cox PH regression",1,403,0.301315789473684,2000,400,0.004,0.425,0.0035,0.42,0.0035,0.42,0.0155,0.6225,0.2895,0.29175,0.29175,0.1965,-0.00225000000000009,0,-0.0952500000000001
"cox","Cox PH regression",1,403,0.347368421052632,2000,400,0.004,0.6225,0.0035,0.615,0.0035,0.615,0.012,0.7425,0.19075,0.19425,0.19425,0.13475,-0.00350000000000006,0,-0.0595
"cox","Cox PH regression",1,403,0.393421052631579,2000,400,0.004,0.785,0.0035,0.77,0.0035,0.77,0.01,0.845,0.1095,0.11675,0.11675,0.0825,-0.00725000000000003,0,-0.03425
"cox","Cox PH regression",1,403,0.439473684210526,2000,400,0.004,0.8825,0.0035,0.8775,0.0035,0.8775,0.0065,0.905,0.06075,0.063,0.063,0.05075,-0.00225000000000003,0,-0.0122500000000001
"cox","Cox PH regression",1,403,0.485526315789474,2000,400,0.004,0.925,0.0035,0.925,0.0035,0.925,0.005,0.935,0.0395,0.03925,0.03925,0.0349999999999999,0.000249999999999972,0,-0.00425000000000009
"cox","Cox PH regression",1,403,0.531578947368421,2000,400,0.004,0.96,0.0035,0.96,0.0035,0.96,0.0045,0.96,0.022,0.02175,0.02175,0.02225,0.000249999999999972,0,0.000499999999999945
"cox","Cox PH regression",1,403,0.577631578947368,2000,400,0.004,0.99,0.0035,0.99,0.0035,0.99,0.0035,0.9825,0.00700000000000001,0.00675000000000003,0.00675000000000003,0.0105,0.000249999999999972,0,0.00374999999999998
"cox","Cox PH regression",1,403,0.623684210526316,2000,400,0.004,0.9925,0.0035,0.9925,0.0035,0.9925,0.003,0.99,0.00574999999999998,0.0055,0.0055,0.00649999999999995,0.000249999999999972,0,0.000999999999999945
"cox","Cox PH regression",1,403,0.669736842105263,2000,400,0.004,1,0.0035,1,0.0035,1,0.0025,1,0.002,0.00175000000000003,0.00175000000000003,0.00124999999999997,0.000249999999999972,0,-0.000500000000000056
"cox","Cox PH regression",1,403,0.71578947368421,2000,400,0.004,1,0.0035,1,0.0035,1,0.001,1,0.002,0.00175000000000003,0.00175000000000003,0.000499999999999945,0.000249999999999972,0,-0.00125000000000008
"cox","Cox PH regression",1,403,0.761842105263158,2000,400,0.004,1,0.0035,1,0.0035,1,0.001,1,0.002,0.00175000000000003,0.00175000000000003,0.000499999999999945,0.000249999999999972,0,-0.00125000000000008
"cox","Cox PH regression",1,403,0.807894736842105,2000,400,0.004,1,0.0035,1,0.0035,1,5e-04,1,0.002,0.00175000000000003,0.00175000000000003,0.000249999999999972,0.000249999999999972,0,-0.00150000000000006
"cox","Cox PH regression",1,403,0.853947368421053,2000,400,0.004,1,0.0035,1,0.0035,1,5e-04,1,0.002,0.00175000000000003,0.00175000000000003,0.000249999999999972,0.000249999999999972,0,-0.00150000000000006
"cox","Cox PH regression",1,403,0.9,2000,400,0.004,1,0.0035,1,0.0035,1,5e-04,1,0.002,0.00175000000000003,0.00175000000000003,0.000249999999999972,0.000249999999999972,0,-0.00150000000000006
"cox","Cox PH regression",1,500,0.025,2000,400,0.0025,0.005,0.0025,0.005,0.0025,0.005,0,0,0.49875,0.49875,0.49875,0.5,0,0,0.00125000000000003
"cox","Cox PH regression",1,500,0.0710526315789474,2000,400,0.0025,0.02,0.0025,0.0175,0.0025,0.0175,0.0315,0.0825,0.49125,0.4925,0.4925,0.4745,-0.00125000000000003,0,-0.018
"cox","Cox PH regression",1,500,0.117105263157895,2000,400,0.0025,0.07,0.0025,0.06,0.0025,0.06,0.043,0.225,0.46625,0.47125,0.47125,0.409,-0.005,0,-0.06225
"cox","Cox PH regression",1,500,0.163157894736842,2000,400,0.0025,0.15,0.0025,0.14,0.0025,0.14,0.034,0.315,0.42625,0.43125,0.43125,0.3595,-0.005,0,-0.0717499999999999
"cox","Cox PH regression",1,500,0.209210526315789,2000,400,0.0025,0.235,0.0025,0.22,0.0025,0.22,0.0235,0.4775,0.38375,0.39125,0.39125,0.273,-0.00750000000000001,0,-0.11825
"cox","Cox PH regression",1,500,0.255263157894737,2000,400,0.0025,0.395,0.0025,0.3775,0.0025,0.3775,0.0185,0.59,0.30375,0.3125,0.3125,0.21425,-0.00875000000000004,0,-0.09825
"cox","Cox PH regression",1,500,0.301315789473684,2000,400,0.0025,0.5525,0.0025,0.5225,0.0025,0.5275,0.0125,0.69,0.225,0.24,0.2375,0.16125,-0.015,-0.0025,-0.07875
"cox","Cox PH regression",1,500,0.347368421052632,2000,400,0.0025,0.71,0.0025,0.69,0.0025,0.6925,0.009,0.79,0.14625,0.15625,0.155,0.1095,-0.01,-0.00125000000000003,-0.0467500000000001
"cox","Cox PH regression",1,500,0.393421052631579,2000,400,0.0025,0.8825,0.0025,0.8575,0.0025,0.8575,0.006,0.905,0.06,0.0725,0.0725,0.0505,-0.0125,0,-0.022
"cox","Cox PH regression",1,500,0.439473684210526,2000,400,0.0025,0.9525,0.0025,0.945,0.0025,0.945,0.0035,0.9625,0.025,0.02875,0.02875,0.0205,-0.00375000000000003,0,-0.00824999999999998
"cox","Cox PH regression",1,500,0.485526315789474,2000,400,0.0025,0.9825,0.0025,0.975,0.0025,0.9775,0.0025,0.9825,0.00999999999999995,0.01375,0.0125,0.00999999999999995,-0.00375000000000003,-0.00125000000000003,-0.00375000000000003
"cox","Cox PH regression",1,500,0.531578947368421,2000,400,0.0025,0.9925,0.0025,0.9925,0.0025,0.9925,0.0025,0.9925,0.00499999999999995,0.00499999999999995,0.00499999999999995,0.00499999999999995,0,0,0
"cox","Cox PH regression",1,500,0.577631578947368,2000,400,0.0025,1,0.0025,1,0.0025,1,0.0025,1,0.00124999999999997,0.00124999999999997,0.00124999999999997,0.00124999999999997,0,0,0
"cox","Cox PH regression",1,500,0.623684210526316,2000,400,0.0025,1,0.0025,1,0.0025,1,0.002,1,0.00124999999999997,0.00124999999999997,0.00124999999999997,0.001,0,0,-0.000249999999999972
"cox","Cox PH regression",1,500,0.669736842105263,2000,400,0.0025,1,0.0025,1,0.0025,1,0.0015,1,0.00124999999999997,0.00124999999999997,0.00124999999999997,0.000750000000000028,0,0,-0.000499999999999945
"cox","Cox PH regression",1,500,0.71578947368421,2000,400,0.0025,1,0.0025,1,0.0025,1,0.001,1,0.00124999999999997,0.00124999999999997,0.00124999999999997,0.000499999999999945,0,0,-0.000750000000000028
"cox","Cox PH regression",1,500,0.761842105263158,2000,400,0.0025,1,0.0025,1,0.0025,1,0.001,1,0.00124999999999997,0.00124999999999997,0.00124999999999997,0.000499999999999945,0,0,-0.000750000000000028
"cox","Cox PH regression",1,500,0.807894736842105,2000,400,0.0025,1,0.0025,1,0.0025,1,0,1,0.00124999999999997,0.00124999999999997,0.00124999999999997,0,0,0,-0.00124999999999997
"cox","Cox PH regression",1,500,0.853947368421053,2000,400,0.0025,1,0.0025,1,0.0025,1,0,1,0.00124999999999997,0.00124999999999997,0.00124999999999997,0,0,0,-0.00124999999999997
"cox","Cox PH regression",1,500,0.9,2000,400,0.0025,1,0.0025,1,0.0025,1,0,1,0.00124999999999997,0.00124999999999997,0.00124999999999997,0,0,0,-0.00124999999999997
"lm","Linear regression",1,30,0.025,2000,400,0.0065,0.0025,0.019,0.0175,0.0235,0.03,0,0,0.502,0.50075,0.49675,0.5,0.00125000000000008,-0.00399999999999989,-0.000749999999999917
"lm","Linear regression",1,30,0.0710526315789474,2000,400,0.0065,0.005,0.019,0.0325,0.0235,0.04,0,0,0.50075,0.49325,0.49175,0.5,0.00750000000000006,-0.00149999999999995,0.00675000000000003
"lm","Linear regression",1,30,0.117105263157895,2000,400,0.0065,0.02,0.019,0.035,0.0235,0.055,0.0095,0.0275,0.49325,0.492,0.48425,0.491,0.00125000000000003,-0.00774999999999992,-0.00099999999999989
"lm","Linear regression",1,30,0.163157894736842,2000,400,0.0065,0.015,0.019,0.04,0.0235,0.065,0.0255,0.075,0.49575,0.4895,0.47925,0.47525,0.00625000000000003,-0.0102499999999999,-0.0142499999999999
"lm","Linear regression",1,30,0.209210526315789,2000,400,0.0065,0.0475,0.019,0.09,0.0235,0.1075,0.0405,0.195,0.4795,0.4645,0.458,0.42275,0.015,-0.00649999999999995,-0.04175
"lm","Linear regression",1,30,0.255263157894737,2000,400,0.0065,0.0525,0.019,0.1275,0.0235,0.1625,0.0485,0.2475,0.477,0.44575,0.4305,0.4005,0.03125,-0.0152499999999999,-0.04525
"lm","Linear regression",1,30,0.301315789473684,2000,400,0.0065,0.1075,0.019,0.19,0.0235,0.225,0.0485,0.315,0.4495,0.4145,0.39925,0.36675,0.035,-0.0152499999999999,-0.04775
"lm","Linear regression",1,30,0.347368421052632,2000,400,0.0065,0.1375,0.019,0.24,0.0235,0.28,0.0475,0.4025,0.4345,0.3895,0.37175,0.3225,0.045,-0.0177499999999999,-0.067
"lm","Linear regression",1,30,0.393421052631579,2000,400,0.0065,0.205,0.019,0.35,0.0235,0.4025,0.043,0.4625,0.40075,0.3345,0.3105,0.29025,0.06625,-0.024,-0.04425
"lm","Linear regression",1,30,0.439473684210526,2000,400,0.0065,0.25,0.019,0.4175,0.0235,0.495,0.0395,0.565,0.37825,0.30075,0.26425,0.23725,0.0775,-0.0364999999999999,-0.0634999999999999
"lm","Linear regression",1,30,0.485526315789474,2000,400,0.0065,0.3275,0.019,0.495,0.0235,0.5375,0.0365,0.62,0.3395,0.262,0.243,0.20825,0.0775,-0.0189999999999999,-0.05375
"lm","Linear regression",1,30,0.531578947368421,2000,400,0.0065,0.4425,0.019,0.6,0.0235,0.665,0.034,0.705,0.282,0.2095,0.17925,0.1645,0.0725,-0.0302499999999999,-0.0449999999999999
"lm","Linear regression",1,30,0.577631578947368,2000,400,0.0065,0.515,0.019,0.6825,0.0235,0.725,0.0295,0.7475,0.24575,0.16825,0.14925,0.141,0.0775,-0.0189999999999999,-0.0272499999999999
"lm","Linear regression",1,30,0.623684210526316,2000,400,0.0065,0.635,0.019,0.765,0.0235,0.8175,0.0255,0.8225,0.18575,0.127,0.103,0.1015,0.05875,-0.0239999999999999,-0.0254999999999999
"lm","Linear regression",1,30,0.669736842105263,2000,400,0.0065,0.685,0.019,0.815,0.0235,0.835,0.023,0.835,0.16075,0.102,0.09425,0.094,0.05875,-0.00774999999999992,-0.00800000000000001
"lm","Linear regression",1,30,0.71578947368421,2000,400,0.0065,0.735,0.019,0.8525,0.0235,0.8775,0.021,0.865,0.13575,0.0832499999999999,0.0730000000000001,0.078,0.0525,-0.0102499999999999,-0.00524999999999998
"lm","Linear regression",1,30,0.761842105263158,2000,400,0.0065,0.81,0.019,0.9025,0.0235,0.925,0.02,0.91,0.09825,0.05825,0.04925,0.055,0.04,-0.00899999999999995,-0.00324999999999998
"lm","Linear regression",1,30,0.807894736842105,2000,400,0.0065,0.875,0.019,0.9375,0.0235,0.95,0.0195,0.9375,0.06575,0.04075,0.0367500000000001,0.041,0.025,-0.00399999999999989,0.000250000000000083
"lm","Linear regression",1,30,0.853947368421053,2000,400,0.0065,0.9175,0.019,0.9575,0.0235,0.97,0.018,0.955,0.0445,0.0307499999999999,0.02675,0.0315,0.01375,-0.00399999999999989,0.000750000000000084
"lm","Linear regression",1,30,0.9,2000,400,0.0065,0.915,0.019,0.97,0.0235,0.975,0.0165,0.9575,0.04575,0.0245,0.02425,0.0295,0.02125,-0.000249999999999917,0.005
"lm","Linear regression",1,37,0.025,2000,400,0.0045,0.0075,0.016,0.025,0.0205,0.03,0,0,0.4985,0.4955,0.49525,0.5,0.003,-0.000250000000000028,0.0045
"lm","Linear regression",1,37,0.0710526315789474,2000,400,0.0045,0.0075,0.016,0.02,0.0205,0.03,0,0,0.4985,0.498,0.49525,0.5,5e-04,-0.00275000000000003,0.002
"lm","Linear regression",1,37,0.117105263157895,2000,400,0.0045,0.0275,0.016,0.0625,0.0205,0.07,0.0115,0.0525,0.4885,0.47675,0.47525,0.4795,0.01175,-0.00150000000000006,0.00275000000000003
"lm","Linear regression",1,37,0.163157894736842,2000,400,0.0045,0.025,0.016,0.07,0.0205,0.0875,0.037,0.105,0.48975,0.473,0.4665,0.466,0.01675,-0.00650000000000001,-0.00700000000000001
"lm","Linear regression",1,37,0.209210526315789,2000,400,0.0045,0.0475,0.016,0.0975,0.0205,0.1125,0.044,0.18,0.4785,0.45925,0.454,0.432,0.01925,-0.00525000000000003,-0.0272499999999999
"lm","Linear regression",1,37,0.255263157894737,2000,400,0.0045,0.0775,0.016,0.15,0.0205,0.185,0.0465,0.3175,0.4635,0.433,0.41775,0.3645,0.0305,-0.01525,-0.0685
"lm","Linear regression",1,37,0.301315789473684,2000,400,0.0045,0.1525,0.016,0.25,0.0205,0.2875,0.0465,0.3825,0.426,0.383,0.3665,0.332,0.043,-0.0165,-0.051
"lm","Linear regression",1,37,0.347368421052632,2000,400,0.0045,0.1775,0.016,0.2975,0.0205,0.35,0.0435,0.4925,0.4135,0.35925,0.33525,0.2755,0.05425,-0.024,-0.0837499999999999
"lm","Linear regression",1,37,0.393421052631579,2000,400,0.0045,0.25,0.016,0.4,0.0205,0.43,0.0415,0.525,0.37725,0.308,0.29525,0.25825,0.06925,-0.01275,-0.04975
"lm","Linear regression",1,37,0.439473684210526,2000,400,0.0045,0.355,0.016,0.5225,0.0205,0.5625,0.0375,0.6525,0.32475,0.24675,0.229,0.1925,0.078,-0.01775,-0.05425
"lm","Linear regression",1,37,0.485526315789474,2000,400,0.0045,0.4625,0.016,0.6025,0.0205,0.6525,0.0345,0.715,0.271,0.20675,0.184,0.15975,0.06425,-0.02275,-0.047
"lm","Linear regression",1,37,0.531578947368421,2000,400,0.0045,0.5775,0.016,0.6925,0.0205,0.72,0.0295,0.76,0.2135,0.16175,0.15025,0.13475,0.05175,-0.0115,-0.027
"lm","Linear regression",1,37,0.577631578947368,2000,400,0.0045,0.665,0.016,0.7775,0.0205,0.81,0.0235,0.825,0.16975,0.11925,0.10525,0.0992500000000001,0.0504999999999999,-0.0140000000000001,-0.02
"lm","Linear regression",1,37,0.623684210526316,2000,400,0.0045,0.785,0.016,0.8825,0.0205,0.8975,0.0205,0.9,0.10975,0.06675,0.0615,0.06025,0.0429999999999999,-0.00525000000000003,-0.00650000000000006
"lm","Linear regression",1,37,0.669736842105263,2000,400,0.0045,0.805,0.016,0.9,0.0205,0.9225,0.0195,0.9125,0.09975,0.058,0.049,0.0535,0.04175,-0.00900000000000001,-0.00449999999999995
"lm","Linear regression",1,37,0.71578947368421,2000,400,0.0045,0.835,0.016,0.915,0.0205,0.92,0.0175,0.915,0.08475,0.0505,0.05025,0.05125,0.03425,-0.000250000000000028,0.000750000000000028
"lm","Linear regression",1,37,0.761842105263158,2000,400,0.0045,0.91,0.016,0.96,0.0205,0.97,0.016,0.96,0.04725,0.028,0.02525,0.028,0.0192499999999999,-0.00275000000000003,0
"lm","Linear regression",1,37,0.807894736842105,2000,400,0.0045,0.935,0.016,0.965,0.0205,0.98,0.0135,0.9625,0.03475,0.0255,0.02025,0.0255,0.00924999999999992,-0.00525000000000003,0
"lm","Linear regression",1,37,0.853947368421053,2000,400,0.0045,0.9675,0.016,0.9875,0.0205,0.99,0.0115,0.9875,0.0185,0.01425,0.01525,0.012,0.00424999999999998,0.001,-0.00224999999999997
"lm","Linear regression",1,37,0.9,2000,400,0.0045,0.9725,0.016,0.9875,0.0205,0.99,0.01,0.985,0.016,0.01425,0.01525,0.0125,0.00174999999999997,0.001,-0.00174999999999997
"lm","Linear regression",1,46,0.025,2000,400,0.006,0.0025,0.0165,0.0125,0.022,0.015,0,0,0.50175,0.502,0.5035,0.5,-0.000249999999999972,0.00150000000000006,-0.002
"lm","Linear regression",1,46,0.0710526315789474,2000,400,0.006,0.02,0.0165,0.04,0.022,0.045,0.001,0.005,0.493,0.48825,0.4885,0.498,0.00475000000000003,0.000250000000000028,0.00974999999999998
"lm","Linear regression",1,46,0.117105263157895,2000,400,0.006,0.025,0.0165,0.045,0.022,0.05,0.022,0.0525,0.4905,0.48575,0.486,0.48475,0.00475000000000003,0.000250000000000028,-0.000999999999999945
"lm","Linear regression",1,46,0.163157894736842,2000,400,0.006,0.0375,0.0165,0.0825,0.022,0.0925,0.043,0.135,0.48425,0.467,0.46475,0.454,0.01725,-0.00224999999999997,-0.013
"lm","Linear regression",1,46,0.209210526315789,2000,400,0.006,0.0675,0.0165,0.12,0.022,0.14,0.0525,0.2525,0.46925,0.44825,0.441,0.4,0.021,-0.00724999999999998,-0.04825
"lm","Linear regression",1,46,0.255263157894737,2000,400,0.006,0.13,0.0165,0.2325,0.022,0.2525,0.0525,0.39,0.438,0.392,0.38475,0.33125,0.046,-0.00724999999999992,-0.06075
"lm","Linear regression",1,46,0.301315789473684,2000,400,0.006,0.1775,0.0165,0.3025,0.022,0.3425,0.049,0.44,0.41425,0.357,0.33975,0.3045,0.05725,-0.01725,-0.0525
"lm","Linear regression",1,46,0.347368421052632,2000,400,0.006,0.28,0.0165,0.435,0.022,0.465,0.0445,0.605,0.363,0.29075,0.2785,0.21975,0.07225,-0.01225,-0.071
"lm","Linear regression",1,46,0.393421052631579,2000,400,0.006,0.385,0.0165,0.525,0.022,0.5825,0.0395,0.6825,0.3105,0.24575,0.21975,0.1785,0.06475,-0.026,-0.0672499999999999
"lm","Linear regression",1,46,0.439473684210526,2000,400,0.006,0.51,0.0165,0.625,0.022,0.665,0.032,0.7225,0.248,0.19575,0.1785,0.15475,0.05225,-0.01725,-0.041
"lm","Linear regression",1,46,0.485526315789474,2000,400,0.006,0.605,0.0165,0.725,0.022,0.7475,0.027,0.7775,0.2005,0.14575,0.13725,0.12475,0.05475,-0.00850000000000001,-0.021
"lm","Linear regression",1,46,0.531578947368421,2000,400,0.006,0.7425,0.0165,0.835,0.022,0.8525,0.026,0.8725,0.13175,0.09075,0.08475,0.07675,0.041,-0.006,-0.014
"lm","Linear regression",1,46,0.577631578947368,2000,400,0.006,0.82,0.0165,0.9175,0.022,0.925,0.0235,0.935,0.093,0.0495,0.0485,0.04425,0.0435,-0.001,-0.00524999999999998
"lm","Linear regression",1,46,0.623684210526316,2000,400,0.006,0.8825,0.0165,0.945,0.022,0.95,0.0215,0.95,0.06175,0.03575,0.036,0.0357500000000001,0.026,0.000250000000000028,5.55111512312578e-17
"lm","Linear regression",1,46,0.669736842105263,2000,400,0.006,0.875,0.0165,0.93,0.022,0.945,0.0185,0.9325,0.0655,0.04325,0.0385,0.043,0.02225,-0.00474999999999992,-0.000249999999999972
"lm","Linear regression",1,46,0.71578947368421,2000,400,0.006,0.9425,0.0165,0.9725,0.022,0.9775,0.016,0.9725,0.03175,0.022,0.02225,0.02175,0.00975000000000004,0.000250000000000028,-0.000249999999999972
"lm","Linear regression",1,46,0.761842105263158,2000,400,0.006,0.9475,0.0165,0.98,0.022,0.9875,0.0155,0.9775,0.02925,0.01825,0.01725,0.019,0.011,-0.001,0.000750000000000028
"lm","Linear regression",1,46,0.807894736842105,2000,400,0.006,0.985,0.0165,0.9925,0.022,0.9925,0.0145,0.99,0.0105,0.012,0.01475,0.01225,-0.00149999999999995,0.00275000000000003,0.000250000000000028
"lm","Linear regression",1,46,0.853947368421053,2000,400,0.006,0.995,0.0165,0.9975,0.022,0.9975,0.013,0.9975,0.0055,0.00949999999999995,0.01225,0.00774999999999992,-0.00399999999999995,0.00275000000000003,-0.00175000000000003
"lm","Linear regression",1,46,0.9,2000,400,0.006,1,0.0165,1,0.022,1,0.012,1,0.003,0.00824999999999998,0.011,0.006,-0.00524999999999998,0.00275000000000003,-0.00224999999999997
"lm","Linear regression",1,57,0.025,2000,400,0.005,0.0025,0.011,0.0075,0.016,0.01,0,0,0.50125,0.50175,0.503,0.5,-0.000499999999999945,0.00125000000000008,-0.00174999999999992
"lm","Linear regression",1,57,0.0710526315789474,2000,400,0.005,0.01,0.011,0.025,0.016,0.03,0.002,0.01,0.4975,0.493,0.493,0.496,0.0045,5.55111512312578e-17,0.00300000000000006
"lm","Linear regression",1,57,0.117105263157895,2000,400,0.005,0.0175,0.011,0.035,0.016,0.035,0.025,0.0775,0.49375,0.488,0.4905,0.47375,0.00575000000000003,0.00250000000000006,-0.01425
"lm","Linear regression",1,57,0.163157894736842,2000,400,0.005,0.0425,0.011,0.085,0.016,0.1,0.041,0.19,0.48125,0.463,0.458,0.4255,0.01825,-0.00499999999999995,-0.0375
"lm","Linear regression",1,57,0.209210526315789,2000,400,0.005,0.085,0.011,0.1375,0.016,0.15,0.044,0.2775,0.46,0.43675,0.433,0.38325,0.02325,-0.00374999999999998,-0.0535
"lm","Linear regression",1,57,0.255263157894737,2000,400,0.005,0.19,0.011,0.28,0.016,0.3075,0.0425,0.4825,0.4075,0.3655,0.35425,0.28,0.042,-0.0112499999999999,-0.0854999999999999
"lm","Linear regression",1,57,0.301315789473684,2000,400,0.005,0.2325,0.011,0.3275,0.016,0.345,0.0385,0.505,0.38625,0.34175,0.3355,0.26675,0.0445,-0.00624999999999992,-0.075
"lm","Linear regression",1,57,0.347368421052632,2000,400,0.005,0.375,0.011,0.4725,0.016,0.5,0.0315,0.6325,0.315,0.26925,0.258,0.1995,0.04575,-0.01125,-0.0697499999999999
"lm","Linear regression",1,57,0.393421052631579,2000,400,0.005,0.5125,0.011,0.635,0.016,0.655,0.029,0.7375,0.24625,0.188,0.1805,0.14575,0.05825,-0.00749999999999995,-0.04225
"lm","Linear regression",1,57,0.439473684210526,2000,400,0.005,0.6475,0.011,0.745,0.016,0.7625,0.025,0.835,0.17875,0.133,0.12675,0.095,0.04575,-0.00624999999999992,-0.038
"lm","Linear regression",1,57,0.485526315789474,2000,400,0.005,0.78,0.011,0.8575,0.016,0.88,0.022,0.9,0.1125,0.0767499999999999,0.068,0.061,0.03575,-0.00874999999999992,-0.0157499999999999
"lm","Linear regression",1,57,0.531578947368421,2000,400,0.005,0.8425,0.011,0.8975,0.016,0.905,0.0195,0.91,0.0812499999999999,0.05675,0.0555,0.05475,0.0245,-0.00124999999999997,-0.00199999999999995
"lm","Linear regression",1,57,0.577631578947368,2000,400,0.005,0.9025,0.011,0.9375,0.016,0.9425,0.0165,0.9425,0.05125,0.03675,0.03675,0.037,0.0145,5.55111512312578e-17,0.000250000000000028
"lm","Linear regression",1,57,0.623684210526316,2000,400,0.005,0.9475,0.011,0.975,0.016,0.9825,0.0145,0.9775,0.0287499999999999,0.018,0.01675,0.0185,0.01075,-0.00124999999999997,5e-04
"lm","Linear regression",1,57,0.669736842105263,2000,400,0.005,0.975,0.011,0.9875,0.016,0.9875,0.0105,0.9875,0.015,0.0117499999999999,0.01425,0.0115,0.00325000000000003,0.00250000000000006,-0.000249999999999972
"lm","Linear regression",1,57,0.71578947368421,2000,400,0.005,0.9875,0.011,0.9925,0.016,0.995,0.009,0.99,0.00874999999999992,0.00924999999999992,0.0105,0.00949999999999995,-5e-04,0.00125000000000008,0.000250000000000028
"lm","Linear regression",1,57,0.761842105263158,2000,400,0.005,0.9925,0.011,0.995,0.016,0.995,0.008,0.9925,0.00624999999999992,0.00799999999999995,0.0105,0.00774999999999998,-0.00175000000000003,0.00250000000000006,-0.000249999999999972
"lm","Linear regression",1,57,0.807894736842105,2000,400,0.005,1,0.011,1,0.016,1,0.0075,1,0.00249999999999995,0.00549999999999995,0.00800000000000001,0.00375000000000003,-0.003,0.00250000000000006,-0.00174999999999992
"lm","Linear regression",1,57,0.853947368421053,2000,400,0.005,0.9975,0.011,1,0.016,1,0.0065,0.9975,0.00374999999999992,0.00549999999999995,0.00800000000000001,0.00449999999999995,-0.00175000000000003,0.00250000000000006,-0.001
"lm","Linear regression",1,57,0.9,2000,400,0.005,1,0.011,1,0.016,1,0.0065,1,0.00249999999999995,0.00549999999999995,0.00800000000000001,0.00324999999999998,-0.003,0.00250000000000006,-0.00224999999999997
"lm","Linear regression",1,71,0.025,2000,400,0.0025,0.01,0.0085,0.0125,0.0095,0.015,0,0,0.49625,0.498,0.49725,0.5,-0.00175000000000003,-0.000749999999999973,0.002
"lm","Linear regression",1,71,0.0710526315789474,2000,400,0.0025,0.01,0.0085,0.0325,0.0095,0.0325,0.003,0.0125,0.49625,0.488,0.4885,0.49525,0.00824999999999998,0.000500000000000056,0.00724999999999998
"lm","Linear regression",1,71,0.117105263157895,2000,400,0.0025,0.05,0.0085,0.07,0.0095,0.08,0.0255,0.12,0.47625,0.46925,0.46475,0.45275,0.00700000000000001,-0.00449999999999989,-0.0164999999999999
"lm","Linear regression",1,71,0.163157894736842,2000,400,0.0025,0.08,0.0085,0.125,0.0095,0.14,0.0385,0.2825,0.46125,0.44175,0.43475,0.378,0.0195,-0.00699999999999995,-0.06375
"lm","Linear regression",1,71,0.209210526315789,2000,400,0.0025,0.135,0.0085,0.2175,0.0095,0.2325,0.039,0.4025,0.43375,0.3955,0.3885,0.31825,0.03825,-0.00699999999999995,-0.07725
"lm","Linear regression",1,71,0.255263157894737,2000,400,0.0025,0.215,0.0085,0.31,0.0095,0.35,0.0335,0.535,0.39375,0.34925,0.32975,0.24925,0.0445,-0.0194999999999999,-0.0999999999999999
"lm","Linear regression",1,71,0.301315789473684,2000,400,0.0025,0.3275,0.0085,0.44,0.0095,0.4575,0.0265,0.62,0.3375,0.28425,0.276,0.20325,0.05325,-0.00824999999999998,-0.081
"lm","Linear regression",1,71,0.347368421052632,2000,400,0.0025,0.5125,0.0085,0.62,0.0095,0.6425,0.0225,0.7775,0.245,0.19425,0.1835,0.1225,0.05075,-0.0107499999999999,-0.07175
"lm","Linear regression",1,71,0.393421052631579,2000,400,0.0025,0.6525,0.0085,0.735,0.0095,0.7525,0.0185,0.8175,0.175,0.13675,0.1285,0.1005,0.03825,-0.00824999999999992,-0.03625
"lm","Linear regression",1,71,0.439473684210526,2000,400,0.0025,0.77,0.0085,0.8325,0.0095,0.845,0.014,0.9025,0.11625,0.088,0.08225,0.05575,0.02825,-0.00574999999999992,-0.0322499999999999
"lm","Linear regression",1,71,0.485526315789474,2000,400,0.0025,0.8775,0.0085,0.915,0.0095,0.935,0.013,0.95,0.0625,0.04675,0.03725,0.0315,0.01575,-0.00949999999999995,-0.01525
"lm","Linear regression",1,71,0.531578947368421,2000,400,0.0025,0.9175,0.0085,0.935,0.0095,0.9375,0.012,0.9475,0.0425,0.03675,0.036,0.03225,0.00575000000000003,-0.000749999999999917,-0.00449999999999995
"lm","Linear regression",1,71,0.577631578947368,2000,400,0.0025,0.955,0.0085,0.975,0.0095,0.975,0.0095,0.975,0.02375,0.01675,0.01725,0.01725,0.00700000000000001,0.000500000000000056,0.000500000000000056
"lm","Linear regression",1,71,0.623684210526316,2000,400,0.0025,0.985,0.0085,0.9925,0.0095,0.995,0.0085,0.9925,0.00874999999999998,0.00799999999999995,0.00725000000000003,0.00799999999999995,0.000750000000000028,-0.000749999999999917,0
"lm","Linear regression",1,71,0.669736842105263,2000,400,0.0025,0.99,0.0085,0.9925,0.0095,0.9925,0.0065,0.99,0.00624999999999998,0.00799999999999995,0.00850000000000001,0.00824999999999998,-0.00174999999999997,0.000500000000000056,0.000250000000000028
"lm","Linear regression",1,71,0.71578947368421,2000,400,0.0025,0.9975,0.0085,0.9975,0.0095,0.9975,0.0065,0.9975,0.00249999999999995,0.00549999999999995,0.006,0.00449999999999995,-0.003,0.000500000000000056,-0.001
"lm","Linear regression",1,71,0.761842105263158,2000,400,0.0025,0.9975,0.0085,0.9975,0.0095,0.9975,0.004,0.9975,0.00249999999999995,0.00549999999999995,0.006,0.00324999999999998,-0.003,0.000500000000000056,-0.00224999999999997
"lm","Linear regression",1,71,0.807894736842105,2000,400,0.0025,0.9975,0.0085,1,0.0095,1,0.003,0.9975,0.00249999999999995,0.00424999999999998,0.00475000000000003,0.00274999999999992,-0.00175000000000003,0.000500000000000056,-0.00150000000000006
"lm","Linear regression",1,71,0.853947368421053,2000,400,0.0025,1,0.0085,1,0.0095,1,0.003,1,0.00124999999999997,0.00424999999999998,0.00475000000000003,0.00149999999999995,-0.003,0.000500000000000056,-0.00275000000000003
"lm","Linear regression",1,71,0.9,2000,400,0.0025,1,0.0085,1,0.0095,1,0.002,1,0.00124999999999997,0.00424999999999998,0.00475000000000003,0.001,-0.003,0.000500000000000056,-0.00324999999999998
"lm","Linear regression",1,89,0.025,2000,400,0.0045,0,0.0075,0.0025,0.0085,0.0075,0,0,0.50225,0.5025,0.5005,0.5,-0.000250000000000083,-0.00200000000000011,-0.00250000000000006
"lm","Linear regression",1,89,0.0710526315789474,2000,400,0.0045,0.0175,0.0075,0.0325,0.0085,0.035,0.008,0.0325,0.4935,0.4875,0.48675,0.48775,0.00599999999999995,-0.000750000000000084,0.000249999999999972
"lm","Linear regression",1,89,0.117105263157895,2000,400,0.0045,0.05,0.0075,0.065,0.0085,0.07,0.0365,0.1675,0.47725,0.47125,0.46925,0.4345,0.00599999999999989,-0.00200000000000011,-0.0367500000000001
"lm","Linear regression",1,89,0.163157894736842,2000,400,0.0045,0.075,0.0075,0.11,0.0085,0.1225,0.0455,0.2725,0.46475,0.44875,0.443,0.3865,0.016,-0.00575000000000009,-0.06225
"lm","Linear regression",1,89,0.209210526315789,2000,400,0.0045,0.23,0.0075,0.2975,0.0085,0.3075,0.0435,0.48,0.38725,0.355,0.3505,0.28175,0.0322499999999999,-0.00450000000000006,-0.07325
"lm","Linear regression",1,89,0.255263157894737,2000,400,0.0045,0.275,0.0075,0.3575,0.0085,0.375,0.0355,0.5575,0.36475,0.325,0.31675,0.239,0.0397499999999999,-0.00825000000000009,-0.086
"lm","Linear regression",1,89,0.301315789473684,2000,400,0.0045,0.4575,0.0075,0.52,0.0085,0.545,0.03,0.685,0.2735,0.24375,0.23175,0.1725,0.0297499999999999,-0.0120000000000001,-0.07125
"lm","Linear regression",1,89,0.347368421052632,2000,400,0.0045,0.6375,0.0075,0.7225,0.0085,0.7425,0.024,0.8375,0.1835,0.1425,0.133,0.09325,0.041,-0.00950000000000006,-0.04925
"lm","Linear regression",1,89,0.393421052631579,2000,400,0.0045,0.7525,0.0075,0.8275,0.0085,0.84,0.022,0.8875,0.126,0.09,0.08425,0.06725,0.036,-0.00575000000000003,-0.02275
"lm","Linear regression",1,89,0.439473684210526,2000,400,0.0045,0.86,0.0075,0.8925,0.0085,0.9075,0.0175,0.935,0.07225,0.0575,0.0505,0.04125,0.0147499999999999,-0.00700000000000006,-0.01625
"lm","Linear regression",1,89,0.485526315789474,2000,400,0.0045,0.9375,0.0075,0.9525,0.0085,0.955,0.0115,0.9625,0.0335,0.0275,0.02675,0.0245,0.00599999999999995,-0.000750000000000028,-0.003
"lm","Linear regression",1,89,0.531578947368421,2000,400,0.0045,0.9675,0.0075,0.99,0.0085,0.99,0.0085,0.99,0.0185,0.00875000000000004,0.00924999999999998,0.00924999999999998,0.00974999999999993,0.000499999999999945,0.000499999999999945
"lm","Linear regression",1,89,0.577631578947368,2000,400,0.0045,0.9875,0.0075,0.9975,0.0085,1,0.0075,0.9975,0.00849999999999995,0.005,0.00424999999999998,0.005,0.00349999999999995,-0.000750000000000028,0
"lm","Linear regression",1,89,0.623684210526316,2000,400,0.0045,0.9975,0.0075,0.9975,0.0085,0.9975,0.006,0.9975,0.00349999999999995,0.005,0.00549999999999995,0.00424999999999998,-0.00150000000000006,0.000499999999999945,-0.000750000000000028
"lm","Linear regression",1,89,0.669736842105263,2000,400,0.0045,1,0.0075,1,0.0085,1,0.0045,1,0.00224999999999997,0.00375000000000003,0.00424999999999998,0.00224999999999997,-0.00150000000000006,0.000499999999999945,-0.00150000000000006
"lm","Linear regression",1,89,0.71578947368421,2000,400,0.0045,1,0.0075,1,0.0085,1,0.0045,1,0.00224999999999997,0.00375000000000003,0.00424999999999998,0.00224999999999997,-0.00150000000000006,0.000499999999999945,-0.00150000000000006
"lm","Linear regression",1,89,0.761842105263158,2000,400,0.0045,1,0.0075,1,0.0085,1,0.0045,1,0.00224999999999997,0.00375000000000003,0.00424999999999998,0.00224999999999997,-0.00150000000000006,0.000499999999999945,-0.00150000000000006
"lm","Linear regression",1,89,0.807894736842105,2000,400,0.0045,1,0.0075,1,0.0085,1,0.0035,1,0.00224999999999997,0.00375000000000003,0.00424999999999998,0.00175000000000003,-0.00150000000000006,0.000499999999999945,-0.002
"lm","Linear regression",1,89,0.853947368421053,2000,400,0.0045,1,0.0075,1,0.0085,1,0.0035,1,0.00224999999999997,0.00375000000000003,0.00424999999999998,0.00175000000000003,-0.00150000000000006,0.000499999999999945,-0.002
"lm","Linear regression",1,89,0.9,2000,400,0.0045,1,0.0075,1,0.0085,1,0.003,1,0.00224999999999997,0.00375000000000003,0.00424999999999998,0.00149999999999995,-0.00150000000000006,0.000499999999999945,-0.00225000000000009
"lm","Linear regression",1,110,0.025,2000,400,0.005,0.01,0.007,0.01,0.008,0.01,0,0,0.4975,0.4985,0.499,0.5,-0.001,0.000500000000000056,0.00150000000000006
"lm","Linear regression",1,110,0.0710526315789474,2000,400,0.005,0.01,0.007,0.0175,0.008,0.02,0.013,0.0375,0.4975,0.49475,0.494,0.48775,0.00274999999999997,-0.000749999999999973,-0.00700000000000001
"lm","Linear regression",1,110,0.117105263157895,2000,400,0.005,0.04,0.007,0.0675,0.008,0.07,0.0375,0.21,0.4825,0.46975,0.469,0.41375,0.01275,-0.000749999999999973,-0.0559999999999999
"lm","Linear regression",1,110,0.163157894736842,2000,400,0.005,0.1375,0.007,0.1775,0.008,0.1825,0.0435,0.405,0.43375,0.41475,0.41275,0.31925,0.019,-0.00199999999999995,-0.0954999999999999
"lm","Linear regression",1,110,0.209210526315789,2000,400,0.005,0.28,0.007,0.33,0.008,0.34,0.0335,0.5275,0.3625,0.3385,0.334,0.253,0.024,-0.00449999999999995,-0.0854999999999999
"lm","Linear regression",1,110,0.255263157894737,2000,400,0.005,0.4,0.007,0.4475,0.008,0.465,0.0275,0.6175,0.3025,0.27975,0.2715,0.205,0.02275,-0.00824999999999998,-0.0747499999999999
"lm","Linear regression",1,110,0.301315789473684,2000,400,0.005,0.6025,0.007,0.65,0.008,0.6675,0.0235,0.79,0.20125,0.1785,0.17025,0.11675,0.02275,-0.00824999999999992,-0.0617499999999999
"lm","Linear regression",1,110,0.347368421052632,2000,400,0.005,0.7625,0.007,0.8,0.008,0.82,0.0175,0.8825,0.12125,0.1035,0.094,0.0675000000000001,0.01775,-0.0094999999999999,-0.0359999999999999
"lm","Linear regression",1,110,0.393421052631579,2000,400,0.005,0.9,0.007,0.9425,0.008,0.945,0.014,0.9675,0.0524999999999999,0.0322499999999999,0.0315,0.02325,0.02025,-0.000749999999999917,-0.00899999999999995
"lm","Linear regression",1,110,0.439473684210526,2000,400,0.005,0.945,0.007,0.9575,0.008,0.9625,0.0125,0.9725,0.03,0.0247499999999999,0.02275,0.02,0.00525000000000003,-0.00199999999999995,-0.00474999999999998
"lm","Linear regression",1,110,0.485526315789474,2000,400,0.005,0.9675,0.007,0.9825,0.008,0.9875,0.01,0.99,0.0187499999999999,0.0122499999999999,0.01025,0.01,0.00650000000000001,-0.00199999999999995,-0.00224999999999992
"lm","Linear regression",1,110,0.531578947368421,2000,400,0.005,0.99,0.007,0.9925,0.008,0.995,0.0075,0.995,0.00749999999999995,0.00724999999999992,0.00650000000000001,0.00625000000000003,0.000250000000000028,-0.000749999999999917,-0.00099999999999989
"lm","Linear regression",1,110,0.577631578947368,2000,400,0.005,1,0.007,1,0.008,1,0.006,1,0.00249999999999995,0.00349999999999995,0.004,0.003,-0.001,0.000500000000000056,-0.000499999999999945
"lm","Linear regression",1,110,0.623684210526316,2000,400,0.005,0.9975,0.007,0.9975,0.008,0.9975,0.0055,0.9975,0.00374999999999992,0.00474999999999992,0.00524999999999998,0.004,-0.001,0.000500000000000056,-0.000749999999999917
"lm","Linear regression",1,110,0.669736842105263,2000,400,0.005,1,0.007,1,0.008,1,0.005,1,0.00249999999999995,0.00349999999999995,0.004,0.00249999999999995,-0.001,0.000500000000000056,-0.001
"lm","Linear regression",1,110,0.71578947368421,2000,400,0.005,1,0.007,1,0.008,1,0.003,1,0.00249999999999995,0.00349999999999995,0.004,0.00149999999999995,-0.001,0.000500000000000056,-0.002
"lm","Linear regression",1,110,0.761842105263158,2000,400,0.005,1,0.007,1,0.008,1,0.0025,1,0.00249999999999995,0.00349999999999995,0.004,0.00124999999999997,-0.001,0.000500000000000056,-0.00224999999999997
"lm","Linear regression",1,110,0.807894736842105,2000,400,0.005,1,0.007,1,0.008,1,0.0015,1,0.00249999999999995,0.00349999999999995,0.004,0.000750000000000028,-0.001,0.000500000000000056,-0.00274999999999992
"lm","Linear regression",1,110,0.853947368421053,2000,400,0.005,1,0.007,1,0.008,1,0.0015,1,0.00249999999999995,0.00349999999999995,0.004,0.000750000000000028,-0.001,0.000500000000000056,-0.00274999999999992
"lm","Linear regression",1,110,0.9,2000,400,0.005,1,0.007,1,0.008,1,0.001,1,0.00249999999999995,0.00349999999999995,0.004,0.000499999999999945,-0.001,0.000500000000000056,-0.003
"lm","Linear regression",1,136,0.025,2000,400,0.0055,0.005,0.0075,0.0075,0.0095,0.0075,0,0,0.50025,0.5,0.501,0.5,0.000250000000000083,0.001,0
"lm","Linear regression",1,136,0.0710526315789474,2000,400,0.0055,0.0175,0.0075,0.0275,0.0095,0.0275,0.023,0.0625,0.494,0.49,0.491,0.48025,0.004,0.001,-0.00975000000000009
"lm","Linear regression",1,136,0.117105263157895,2000,400,0.0055,0.0725,0.0075,0.095,0.0095,0.0975,0.0385,0.2625,0.4665,0.45625,0.456,0.388,0.01025,-0.000250000000000028,-0.06825
"lm","Linear regression",1,136,0.163157894736842,2000,400,0.0055,0.205,0.0075,0.235,0.0095,0.245,0.036,0.4675,0.40025,0.38625,0.38225,0.28425,0.014,-0.004,-0.102
"lm","Linear regression",1,136,0.209210526315789,2000,400,0.0055,0.335,0.0075,0.3825,0.0095,0.39,0.031,0.5925,0.33525,0.3125,0.30975,0.21925,0.02275,-0.00274999999999997,-0.09325
"lm","Linear regression",1,136,0.255263157894737,2000,400,0.0055,0.6075,0.0075,0.65,0.0095,0.6675,0.028,0.7925,0.199,0.17875,0.171,0.11775,0.02025,-0.00774999999999998,-0.061
"lm","Linear regression",1,136,0.301315789473684,2000,400,0.0055,0.7525,0.0075,0.8,0.0095,0.81,0.023,0.895,0.1265,0.10375,0.09975,0.064,0.02275,-0.004,-0.0397500000000001
"lm","Linear regression",1,136,0.347368421052632,2000,400,0.0055,0.885,0.0075,0.9075,0.0095,0.91,0.019,0.9325,0.06025,0.05,0.04975,0.04325,0.01025,-0.000250000000000028,-0.00675000000000009
"lm","Linear regression",1,136,0.393421052631579,2000,400,0.0055,0.98,0.0075,0.985,0.0095,0.985,0.017,0.99,0.01275,0.01125,0.01225,0.0135,0.0015,0.001,0.00224999999999992
"lm","Linear regression",1,136,0.439473684210526,2000,400,0.0055,0.9875,0.0075,0.99,0.0095,0.9925,0.0135,0.9925,0.00900000000000001,0.00875000000000004,0.00850000000000001,0.0105,0.000249999999999972,-0.000250000000000028,0.00174999999999997
"lm","Linear regression",1,136,0.485526315789474,2000,400,0.0055,0.9925,0.0075,0.9925,0.0095,0.9925,0.0095,0.9925,0.00650000000000001,0.00750000000000001,0.00850000000000001,0.00850000000000001,-0.001,0.001,0.001
"lm","Linear regression",1,136,0.531578947368421,2000,400,0.0055,1,0.0075,1,0.0095,1,0.007,1,0.00275000000000003,0.00375000000000003,0.00475000000000003,0.00349999999999995,-0.001,0.001,-0.000250000000000083
"lm","Linear regression",1,136,0.577631578947368,2000,400,0.0055,1,0.0075,1,0.0095,1,0.006,1,0.00275000000000003,0.00375000000000003,0.00475000000000003,0.003,-0.001,0.001,-0.000750000000000028
"lm","Linear regression",1,136,0.623684210526316,2000,400,0.0055,1,0.0075,1,0.0095,1,0.0055,1,0.00275000000000003,0.00375000000000003,0.00475000000000003,0.00275000000000003,-0.001,0.001,-0.001
"lm","Linear regression",1,136,0.669736842105263,2000,400,0.0055,1,0.0075,1,0.0095,1,0.005,1,0.00275000000000003,0.00375000000000003,0.00475000000000003,0.00249999999999995,-0.001,0.001,-0.00125000000000008
"lm","Linear regression",1,136,0.71578947368421,2000,400,0.0055,1,0.0075,1,0.0095,1,0.003,1,0.00275000000000003,0.00375000000000003,0.00475000000000003,0.00149999999999995,-0.001,0.001,-0.00225000000000009
"lm","Linear regression",1,136,0.761842105263158,2000,400,0.0055,1,0.0075,1,0.0095,1,0.002,1,0.00275000000000003,0.00375000000000003,0.00475000000000003,0.001,-0.001,0.001,-0.00275000000000003
"lm","Linear regression",1,136,0.807894736842105,2000,400,0.0055,1,0.0075,1,0.0095,1,0.0015,1,0.00275000000000003,0.00375000000000003,0.00475000000000003,0.000750000000000028,-0.001,0.001,-0.003
"lm","Linear regression",1,136,0.853947368421053,2000,400,0.0055,1,0.0075,1,0.0095,1,0.0015,1,0.00275000000000003,0.00375000000000003,0.00475000000000003,0.000750000000000028,-0.001,0.001,-0.003
"lm","Linear regression",1,136,0.9,2000,400,0.0055,1,0.0075,1,0.0095,1,0.0015,1,0.00275000000000003,0.00375000000000003,0.00475000000000003,0.000750000000000028,-0.001,0.001,-0.003
"lm","Linear regression",1,169,0.025,2000,400,0.006,0.0125,0.008,0.0125,0.008,0.0125,0,0,0.49675,0.49775,0.49775,0.5,-0.001,0,0.00224999999999997
"lm","Linear regression",1,169,0.0710526315789474,2000,400,0.006,0.0225,0.008,0.025,0.008,0.025,0.031,0.065,0.49175,0.4915,0.4915,0.483,0.000250000000000028,0,-0.00850000000000001
"lm","Linear regression",1,169,0.117105263157895,2000,400,0.006,0.14,0.008,0.16,0.008,0.1675,0.052,0.38,0.433,0.424,0.42025,0.336,0.00900000000000001,-0.00374999999999998,-0.088
"lm","Linear regression",1,169,0.163157894736842,2000,400,0.006,0.2425,0.008,0.2675,0.008,0.2825,0.046,0.4875,0.38175,0.37025,0.36275,0.27925,0.0115000000000001,-0.00749999999999995,-0.091
"lm","Linear regression",1,169,0.209210526315789,2000,400,0.006,0.425,0.008,0.4725,0.008,0.4825,0.035,0.7125,0.2905,0.26775,0.26275,0.16125,0.0227499999999999,-0.005,-0.1065
"lm","Linear regression",1,169,0.255263157894737,2000,400,0.006,0.6675,0.008,0.7025,0.008,0.725,0.027,0.835,0.16925,0.15275,0.1415,0.096,0.0165,-0.01125,-0.05675
"lm","Linear regression",1,169,0.301315789473684,2000,400,0.006,0.82,0.008,0.865,0.008,0.865,0.022,0.925,0.093,0.0715,0.0715,0.0485,0.0215,0,-0.023
"lm","Linear regression",1,169,0.347368421052632,2000,400,0.006,0.95,0.008,0.9575,0.008,0.9625,0.0155,0.9775,0.028,0.02525,0.02275,0.019,0.00275000000000003,-0.0025,-0.00624999999999998
"lm","Linear regression",1,169,0.393421052631579,2000,400,0.006,0.9675,0.008,0.97,0.008,0.97,0.0125,0.9775,0.01925,0.019,0.019,0.0175,0.000249999999999972,0,-0.00150000000000006
"lm","Linear regression",1,169,0.439473684210526,2000,400,0.006,0.9975,0.008,0.9975,0.008,0.9975,0.01,0.9975,0.00424999999999998,0.00524999999999998,0.00524999999999998,0.00624999999999998,-0.001,0,0.001
"lm","Linear regression",1,169,0.485526315789474,2000,400,0.006,1,0.008,1,0.008,1,0.008,1,0.003,0.004,0.004,0.004,-0.001,0,0
"lm","Linear regression",1,169,0.531578947368421,2000,400,0.006,1,0.008,1,0.008,1,0.0065,1,0.003,0.004,0.004,0.00324999999999998,-0.001,0,-0.000750000000000028
"lm","Linear regression",1,169,0.577631578947368,2000,400,0.006,1,0.008,1,0.008,1,0.005,1,0.003,0.004,0.004,0.00249999999999995,-0.001,0,-0.00150000000000006
"lm","Linear regression",1,169,0.623684210526316,2000,400,0.006,1,0.008,1,0.008,1,0.0045,1,0.003,0.004,0.004,0.00224999999999997,-0.001,0,-0.00175000000000003
"lm","Linear regression",1,169,0.669736842105263,2000,400,0.006,1,0.008,1,0.008,1,0.003,1,0.003,0.004,0.004,0.00149999999999995,-0.001,0,-0.00250000000000006
"lm","Linear regression",1,169,0.71578947368421,2000,400,0.006,1,0.008,1,0.008,1,0.002,1,0.003,0.004,0.004,0.001,-0.001,0,-0.003
"lm","Linear regression",1,169,0.761842105263158,2000,400,0.006,1,0.008,1,0.008,1,0.001,1,0.003,0.004,0.004,0.000499999999999945,-0.001,0,-0.00350000000000006
"lm","Linear regression",1,169,0.807894736842105,2000,400,0.006,1,0.008,1,0.008,1,0.001,1,0.003,0.004,0.004,0.000499999999999945,-0.001,0,-0.00350000000000006
"lm","Linear regression",1,169,0.853947368421053,2000,400,0.006,1,0.008,1,0.008,1,0.001,1,0.003,0.004,0.004,0.000499999999999945,-0.001,0,-0.00350000000000006
"lm","Linear regression",1,169,0.9,2000,400,0.006,1,0.008,1,0.008,1,0.001,1,0.003,0.004,0.004,0.000499999999999945,-0.001,0,-0.00350000000000006
"lm","Linear regression",1,210,0.025,2000,400,0.003,0.01,0.0035,0.01,0.0045,0.01,0,0,0.4965,0.49675,0.49725,0.5,-0.000250000000000083,0.000499999999999945,0.00324999999999998
"lm","Linear regression",1,210,0.0710526315789474,2000,400,0.003,0.04,0.0035,0.0425,0.0045,0.0425,0.0325,0.1275,0.4815,0.4805,0.481,0.4525,0.00099999999999989,0.000499999999999945,-0.028
"lm","Linear regression",1,210,0.117105263157895,2000,400,0.003,0.145,0.0035,0.15,0.0045,0.155,0.0425,0.3575,0.429,0.42675,0.42475,0.3425,0.00224999999999992,-0.00200000000000006,-0.08425
"lm","Linear regression",1,210,0.163157894736842,2000,400,0.003,0.29,0.0035,0.31,0.0045,0.3175,0.0355,0.53,0.3565,0.34675,0.3435,0.25275,0.00974999999999993,-0.00325000000000003,-0.094
"lm","Linear regression",1,210,0.209210526315789,2000,400,0.003,0.57,0.0035,0.59,0.0045,0.605,0.025,0.795,0.2165,0.20675,0.19975,0.115,0.00974999999999993,-0.00700000000000006,-0.0917500000000001
"lm","Linear regression",1,210,0.255263157894737,2000,400,0.003,0.7925,0.0035,0.8075,0.0045,0.81,0.0145,0.9175,0.10525,0.098,0.09725,0.0485,0.00724999999999992,-0.000750000000000084,-0.0495
"lm","Linear regression",1,210,0.301315789473684,2000,400,0.003,0.9125,0.0035,0.915,0.0045,0.9225,0.01,0.96,0.04525,0.04425,0.041,0.025,0.000999999999999945,-0.00325000000000003,-0.01925
"lm","Linear regression",1,210,0.347368421052632,2000,400,0.003,0.9875,0.0035,0.9875,0.0045,0.9875,0.0085,0.9875,0.00774999999999992,0.00800000000000001,0.00849999999999995,0.0105,-0.000250000000000083,0.000499999999999945,0.00249999999999995
"lm","Linear regression",1,210,0.393421052631579,2000,400,0.003,0.9925,0.0035,0.995,0.0045,0.995,0.0055,0.995,0.00524999999999992,0.00425000000000003,0.00474999999999998,0.00525000000000003,0.00099999999999989,0.000499999999999945,0.001
"lm","Linear regression",1,210,0.439473684210526,2000,400,0.003,1,0.0035,1,0.0045,1,0.0045,1,0.00149999999999995,0.00175000000000003,0.00224999999999997,0.00224999999999997,-0.000250000000000083,0.000499999999999945,0.000499999999999945
"lm","Linear regression",1,210,0.485526315789474,2000,400,0.003,1,0.0035,1,0.0045,1,0.003,1,0.00149999999999995,0.00175000000000003,0.00224999999999997,0.00149999999999995,-0.000250000000000083,0.000499999999999945,-0.000250000000000083
"lm","Linear regression",1,210,0.531578947368421,2000,400,0.003,1,0.0035,1,0.0045,1,0.003,1,0.00149999999999995,0.00175000000000003,0.00224999999999997,0.00149999999999995,-0.000250000000000083,0.000499999999999945,-0.000250000000000083
"lm","Linear regression",1,210,0.577631578947368,2000,400,0.003,1,0.0035,1,0.0045,1,0.0025,1,0.00149999999999995,0.00175000000000003,0.00224999999999997,0.00124999999999997,-0.000250000000000083,0.000499999999999945,-0.000500000000000056
"lm","Linear regression",1,210,0.623684210526316,2000,400,0.003,1,0.0035,1,0.0045,1,0.0025,1,0.00149999999999995,0.00175000000000003,0.00224999999999997,0.00124999999999997,-0.000250000000000083,0.000499999999999945,-0.000500000000000056
"lm","Linear regression",1,210,0.669736842105263,2000,400,0.003,1,0.0035,1,0.0045,1,0.002,1,0.00149999999999995,0.00175000000000003,0.00224999999999997,0.001,-0.000250000000000083,0.000499999999999945,-0.000750000000000028
"lm","Linear regression",1,210,0.71578947368421,2000,400,0.003,1,0.0035,1,0.0045,1,0.002,1,0.00149999999999995,0.00175000000000003,0.00224999999999997,0.001,-0.000250000000000083,0.000499999999999945,-0.000750000000000028
"lm","Linear regression",1,210,0.761842105263158,2000,400,0.003,1,0.0035,1,0.0045,1,0.0015,1,0.00149999999999995,0.00175000000000003,0.00224999999999997,0.000750000000000028,-0.000250000000000083,0.000499999999999945,-0.001
"lm","Linear regression",1,210,0.807894736842105,2000,400,0.003,1,0.0035,1,0.0045,1,0.001,1,0.00149999999999995,0.00175000000000003,0.00224999999999997,0.000499999999999945,-0.000250000000000083,0.000499999999999945,-0.00125000000000008
"lm","Linear regression",1,210,0.853947368421053,2000,400,0.003,1,0.0035,1,0.0045,1,0.001,1,0.00149999999999995,0.00175000000000003,0.00224999999999997,0.000499999999999945,-0.000250000000000083,0.000499999999999945,-0.00125000000000008
"lm","Linear regression",1,210,0.9,2000,400,0.003,1,0.0035,1,0.0045,1,0.001,1,0.00149999999999995,0.00175000000000003,0.00224999999999997,0.000499999999999945,-0.000250000000000083,0.000499999999999945,-0.00125000000000008
"lm","Linear regression",1,261,0.025,2000,400,0.006,0.0025,0.006,0.0025,0.0065,0.0025,5e-04,0,0.50175,0.50175,0.502,0.50025,0,0.000249999999999972,-0.00150000000000006
"lm","Linear regression",1,261,0.0710526315789474,2000,400,0.006,0.0325,0.006,0.035,0.0065,0.0375,0.043,0.1725,0.48675,0.4855,0.4845,0.43525,0.00125000000000003,-0.001,-0.05025
"lm","Linear regression",1,261,0.117105263157895,2000,400,0.006,0.165,0.006,0.165,0.0065,0.1675,0.046,0.455,0.4205,0.4205,0.4195,0.2955,0,-0.001,-0.125
"lm","Linear regression",1,261,0.163157894736842,2000,400,0.006,0.4325,0.006,0.4525,0.0065,0.4575,0.035,0.6875,0.28675,0.27675,0.2745,0.17375,0.01,-0.00225000000000003,-0.103
"lm","Linear regression",1,261,0.209210526315789,2000,400,0.006,0.71,0.006,0.71,0.0065,0.7175,0.0225,0.855,0.148,0.148,0.1445,0.08375,0,-0.00350000000000006,-0.06425
"lm","Linear regression",1,261,0.255263157894737,2000,400,0.006,0.8925,0.006,0.8925,0.0065,0.8925,0.0145,0.95,0.05675,0.05675,0.057,0.03225,0,0.000249999999999972,-0.0245
"lm","Linear regression",1,261,0.301315789473684,2000,400,0.006,0.9725,0.006,0.975,0.0065,0.975,0.0105,0.98,0.01675,0.0155,0.01575,0.01525,0.00124999999999997,0.000249999999999972,-0.000250000000000028
"lm","Linear regression",1,261,0.347368421052632,2000,400,0.006,0.9975,0.006,0.9975,0.0065,1,0.0075,1,0.00424999999999998,0.00424999999999998,0.00324999999999998,0.00375000000000003,0,-0.001,-0.000499999999999945
"lm","Linear regression",1,261,0.393421052631579,2000,400,0.006,1,0.006,1,0.0065,1,0.0065,1,0.003,0.003,0.00324999999999998,0.00324999999999998,0,0.000249999999999972,0.000249999999999972
"lm","Linear regression",1,261,0.439473684210526,2000,400,0.006,1,0.006,1,0.0065,1,0.005,1,0.003,0.003,0.00324999999999998,0.00249999999999995,0,0.000249999999999972,-0.000500000000000056
"lm","Linear regression",1,261,0.485526315789474,2000,400,0.006,1,0.006,1,0.0065,1,0.0035,1,0.003,0.003,0.00324999999999998,0.00175000000000003,0,0.000249999999999972,-0.00124999999999997
"lm","Linear regression",1,261,0.531578947368421,2000,400,0.006,1,0.006,1,0.0065,1,0.0035,1,0.003,0.003,0.00324999999999998,0.00175000000000003,0,0.000249999999999972,-0.00124999999999997
"lm","Linear regression",1,261,0.577631578947368,2000,400,0.006,1,0.006,1,0.0065,1,0.0035,1,0.003,0.003,0.00324999999999998,0.00175000000000003,0,0.000249999999999972,-0.00124999999999997
"lm","Linear regression",1,261,0.623684210526316,2000,400,0.006,1,0.006,1,0.0065,1,0.002,1,0.003,0.003,0.00324999999999998,0.001,0,0.000249999999999972,-0.002
"lm","Linear regression",1,261,0.669736842105263,2000,400,0.006,1,0.006,1,0.0065,1,0.0015,1,0.003,0.003,0.00324999999999998,0.000750000000000028,0,0.000249999999999972,-0.00224999999999997
"lm","Linear regression",1,261,0.71578947368421,2000,400,0.006,1,0.006,1,0.0065,1,0.001,1,0.003,0.003,0.00324999999999998,0.000499999999999945,0,0.000249999999999972,-0.00250000000000006
"lm","Linear regression",1,261,0.761842105263158,2000,400,0.006,1,0.006,1,0.0065,1,0.001,1,0.003,0.003,0.00324999999999998,0.000499999999999945,0,0.000249999999999972,-0.00250000000000006
"lm","Linear regression",1,261,0.807894736842105,2000,400,0.006,1,0.006,1,0.0065,1,0.001,1,0.003,0.003,0.00324999999999998,0.000499999999999945,0,0.000249999999999972,-0.00250000000000006
"lm","Linear regression",1,261,0.853947368421053,2000,400,0.006,1,0.006,1,0.0065,1,0.001,1,0.003,0.003,0.00324999999999998,0.000499999999999945,0,0.000249999999999972,-0.00250000000000006
"lm","Linear regression",1,261,0.9,2000,400,0.006,1,0.006,1,0.0065,1,0.001,1,0.003,0.003,0.00324999999999998,0.000499999999999945,0,0.000249999999999972,-0.00250000000000006
"lm","Linear regression",1,324,0.025,2000,400,0.0065,0.0125,0.0055,0.0075,0.0055,0.01,0,0,0.497,0.499,0.49775,0.5,-0.00200000000000006,-0.00125000000000003,0.000999999999999945
"lm","Linear regression",1,324,0.0710526315789474,2000,400,0.0065,0.0675,0.0055,0.0675,0.0055,0.0675,0.0415,0.245,0.4695,0.469,0.469,0.39825,0.000499999999999945,0,-0.07075
"lm","Linear regression",1,324,0.117105263157895,2000,400,0.0065,0.24,0.0055,0.235,0.0055,0.2375,0.038,0.4975,0.38325,0.38525,0.384,0.27025,-0.00200000000000006,-0.00125000000000003,-0.115
"lm","Linear regression",1,324,0.163157894736842,2000,400,0.0065,0.55,0.0055,0.54,0.0055,0.545,0.026,0.7975,0.22825,0.23275,0.23025,0.11425,-0.00450000000000006,-0.0025,-0.1185
"lm","Linear regression",1,324,0.209210526315789,2000,400,0.0065,0.8475,0.0055,0.845,0.0055,0.845,0.021,0.915,0.0795,0.08025,0.08025,0.0529999999999999,-0.000750000000000084,0,-0.0272500000000001
"lm","Linear regression",1,324,0.255263157894737,2000,400,0.0065,0.9625,0.0055,0.96,0.0055,0.9625,0.0145,0.9725,0.022,0.02275,0.0215,0.021,-0.000750000000000084,-0.00125000000000003,-0.00175000000000008
"lm","Linear regression",1,324,0.301315789473684,2000,400,0.0065,0.9925,0.0055,0.9925,0.0055,0.9925,0.0095,0.9975,0.00699999999999995,0.00650000000000001,0.00650000000000001,0.006,0.000499999999999945,0,-5e-04
"lm","Linear regression",1,324,0.347368421052632,2000,400,0.0065,1,0.0055,1,0.0055,1,0.009,1,0.00324999999999998,0.00275000000000003,0.00275000000000003,0.00449999999999995,0.000499999999999945,0,0.00174999999999992
"lm","Linear regression",1,324,0.393421052631579,2000,400,0.0065,1,0.0055,1,0.0055,1,0.0055,1,0.00324999999999998,0.00275000000000003,0.00275000000000003,0.00275000000000003,0.000499999999999945,0,0
"lm","Linear regression",1,324,0.439473684210526,2000,400,0.0065,1,0.0055,1,0.0055,1,0.004,1,0.00324999999999998,0.00275000000000003,0.00275000000000003,0.002,0.000499999999999945,0,-0.000750000000000028
"lm","Linear regression",1,324,0.485526315789474,2000,400,0.0065,1,0.0055,1,0.0055,1,0.0015,1,0.00324999999999998,0.00275000000000003,0.00275000000000003,0.000750000000000028,0.000499999999999945,0,-0.002
"lm","Linear regression",1,324,0.531578947368421,2000,400,0.0065,1,0.0055,1,0.0055,1,0.001,1,0.00324999999999998,0.00275000000000003,0.00275000000000003,0.000499999999999945,0.000499999999999945,0,-0.00225000000000009
"lm","Linear regression",1,324,0.577631578947368,2000,400,0.0065,1,0.0055,1,0.0055,1,5e-04,1,0.00324999999999998,0.00275000000000003,0.00275000000000003,0.000249999999999972,0.000499999999999945,0,-0.00250000000000006
"lm","Linear regression",1,324,0.623684210526316,2000,400,0.0065,1,0.0055,1,0.0055,1,0,1,0.00324999999999998,0.00275000000000003,0.00275000000000003,0,0.000499999999999945,0,-0.00275000000000003
"lm","Linear regression",1,324,0.669736842105263,2000,400,0.0065,1,0.0055,1,0.0055,1,0,1,0.00324999999999998,0.00275000000000003,0.00275000000000003,0,0.000499999999999945,0,-0.00275000000000003
"lm","Linear regression",1,324,0.71578947368421,2000,400,0.0065,1,0.0055,1,0.0055,1,0,1,0.00324999999999998,0.00275000000000003,0.00275000000000003,0,0.000499999999999945,0,-0.00275000000000003
"lm","Linear regression",1,324,0.761842105263158,2000,400,0.0065,1,0.0055,1,0.0055,1,0,1,0.00324999999999998,0.00275000000000003,0.00275000000000003,0,0.000499999999999945,0,-0.00275000000000003
"lm","Linear regression",1,324,0.807894736842105,2000,400,0.0065,1,0.0055,1,0.0055,1,0,1,0.00324999999999998,0.00275000000000003,0.00275000000000003,0,0.000499999999999945,0,-0.00275000000000003
"lm","Linear regression",1,324,0.853947368421053,2000,400,0.0065,1,0.0055,1,0.0055,1,0,1,0.00324999999999998,0.00275000000000003,0.00275000000000003,0,0.000499999999999945,0,-0.00275000000000003
"lm","Linear regression",1,324,0.9,2000,400,0.0065,1,0.0055,1,0.0055,1,0,1,0.00324999999999998,0.00275000000000003,0.00275000000000003,0,0.000499999999999945,0,-0.00275000000000003
"lm","Linear regression",1,403,0.025,2000,400,0.005,0.025,0.004,0.0175,0.004,0.02,0.0015,0.005,0.49,0.49325,0.492,0.49825,-0.00325000000000009,-0.00125000000000003,0.005
"lm","Linear regression",1,403,0.0710526315789474,2000,400,0.005,0.095,0.004,0.09,0.004,0.09,0.04,0.285,0.455,0.457,0.457,0.3775,-0.00200000000000006,0,-0.0795
"lm","Linear regression",1,403,0.117105263157895,2000,400,0.005,0.3075,0.004,0.2775,0.004,0.285,0.0345,0.6175,0.34875,0.36325,0.3595,0.2085,-0.0145,-0.00374999999999992,-0.15475
"lm","Linear regression",1,403,0.163157894736842,2000,400,0.005,0.6375,0.004,0.615,0.004,0.6225,0.0215,0.8225,0.18375,0.1945,0.19075,0.0995,-0.01075,-0.00375000000000003,-0.095
"lm","Linear regression",1,403,0.209210526315789,2000,400,0.005,0.905,0.004,0.8875,0.004,0.89,0.0125,0.9525,0.0499999999999999,0.05825,0.057,0.03,-0.00825000000000009,-0.00125000000000003,-0.02825
"lm","Linear regression",1,403,0.255263157894737,2000,400,0.005,0.99,0.004,0.99,0.004,0.99,0.0075,0.995,0.00749999999999995,0.00700000000000001,0.00700000000000001,0.00625000000000003,0.000499999999999945,0,-0.000749999999999973
"lm","Linear regression",1,403,0.301315789473684,2000,400,0.005,1,0.004,1,0.004,1,0.0055,1,0.00249999999999995,0.002,0.002,0.00275000000000003,0.000499999999999945,0,0.000750000000000028
"lm","Linear regression",1,403,0.347368421052632,2000,400,0.005,1,0.004,1,0.004,1,0.005,1,0.00249999999999995,0.002,0.002,0.00249999999999995,0.000499999999999945,0,0.000499999999999945
"lm","Linear regression",1,403,0.393421052631579,2000,400,0.005,1,0.004,1,0.004,1,0.004,1,0.00249999999999995,0.002,0.002,0.002,0.000499999999999945,0,0
"lm","Linear regression",1,403,0.439473684210526,2000,400,0.005,1,0.004,1,0.004,1,0.0035,1,0.00249999999999995,0.002,0.002,0.00175000000000003,0.000499999999999945,0,-0.000249999999999972
"lm","Linear regression",1,403,0.485526315789474,2000,400,0.005,1,0.004,1,0.004,1,0.002,1,0.00249999999999995,0.002,0.002,0.001,0.000499999999999945,0,-0.001
"lm","Linear regression",1,403,0.531578947368421,2000,400,0.005,1,0.004,1,0.004,1,0.0015,1,0.00249999999999995,0.002,0.002,0.000750000000000028,0.000499999999999945,0,-0.00124999999999997
"lm","Linear regression",1,403,0.577631578947368,2000,400,0.005,1,0.004,1,0.004,1,0.001,1,0.00249999999999995,0.002,0.002,0.000499999999999945,0.000499999999999945,0,-0.00150000000000006
"lm","Linear regression",1,403,0.623684210526316,2000,400,0.005,1,0.004,1,0.004,1,0.001,1,0.00249999999999995,0.002,0.002,0.000499999999999945,0.000499999999999945,0,-0.00150000000000006
"lm","Linear regression",1,403,0.669736842105263,2000,400,0.005,1,0.004,1,0.004,1,0.001,1,0.00249999999999995,0.002,0.002,0.000499999999999945,0.000499999999999945,0,-0.00150000000000006
"lm","Linear regression",1,403,0.71578947368421,2000,400,0.005,1,0.004,1,0.004,1,0,1,0.00249999999999995,0.002,0.002,0,0.000499999999999945,0,-0.002
"lm","Linear regression",1,403,0.761842105263158,2000,400,0.005,1,0.004,1,0.004,1,0,1,0.00249999999999995,0.002,0.002,0,0.000499999999999945,0,-0.002
"lm","Linear regression",1,403,0.807894736842105,2000,400,0.005,1,0.004,1,0.004,1,0,1,0.00249999999999995,0.002,0.002,0,0.000499999999999945,0,-0.002
"lm","Linear regression",1,403,0.853947368421053,2000,400,0.005,1,0.004,1,0.004,1,0,1,0.00249999999999995,0.002,0.002,0,0.000499999999999945,0,-0.002
"lm","Linear regression",1,403,0.9,2000,400,0.005,1,0.004,1,0.004,1,0,1,0.00249999999999995,0.002,0.002,0,0.000499999999999945,0,-0.002
"lm","Linear regression",1,500,0.025,2000,400,0.0075,0.015,0.0055,0.015,0.006,0.015,0.006,0.015,0.49625,0.49525,0.4955,0.4955,0.001,0.000249999999999972,0.000249999999999972
"lm","Linear regression",1,500,0.0710526315789474,2000,400,0.0075,0.09,0.0055,0.0725,0.006,0.075,0.0455,0.3175,0.45875,0.4665,0.4655,0.364,-0.00774999999999998,-0.001,-0.1025
"lm","Linear regression",1,500,0.117105263157895,2000,400,0.0075,0.405,0.0055,0.365,0.006,0.3725,0.034,0.6475,0.30125,0.32025,0.31675,0.19325,-0.019,-0.00350000000000006,-0.127
"lm","Linear regression",1,500,0.163157894736842,2000,400,0.0075,0.8125,0.0055,0.8,0.006,0.8025,0.0225,0.9125,0.0975,0.10275,0.10175,0.055,-0.00524999999999998,-0.001,-0.04775
"lm","Linear regression",1,500,0.209210526315789,2000,400,0.0075,0.9725,0.0055,0.965,0.006,0.965,0.0135,0.9825,0.0175,0.02025,0.0205,0.0155,-0.00275000000000003,0.000249999999999972,-0.00475000000000003
"lm","Linear regression",1,500,0.255263157894737,2000,400,0.0075,0.995,0.0055,0.995,0.006,0.995,0.01,0.995,0.00625000000000003,0.00525000000000003,0.0055,0.00750000000000001,0.001,0.000249999999999972,0.00224999999999997
"lm","Linear regression",1,500,0.301315789473684,2000,400,0.0075,1,0.0055,1,0.006,1,0.0075,1,0.00375000000000003,0.00275000000000003,0.003,0.00375000000000003,0.001,0.000249999999999972,0.001
"lm","Linear regression",1,500,0.347368421052632,2000,400,0.0075,1,0.0055,1,0.006,1,0.006,1,0.00375000000000003,0.00275000000000003,0.003,0.003,0.001,0.000249999999999972,0.000249999999999972
"lm","Linear regression",1,500,0.393421052631579,2000,400,0.0075,1,0.0055,1,0.006,1,0.0035,1,0.00375000000000003,0.00275000000000003,0.003,0.00175000000000003,0.001,0.000249999999999972,-0.001
"lm","Linear regression",1,500,0.439473684210526,2000,400,0.0075,1,0.0055,1,0.006,1,0.003,1,0.00375000000000003,0.00275000000000003,0.003,0.00149999999999995,0.001,0.000249999999999972,-0.00125000000000008
"lm","Linear regression",1,500,0.485526315789474,2000,400,0.0075,1,0.0055,1,0.006,1,0.002,1,0.00375000000000003,0.00275000000000003,0.003,0.001,0.001,0.000249999999999972,-0.00175000000000003
"lm","Linear regression",1,500,0.531578947368421,2000,400,0.0075,1,0.0055,1,0.006,1,0.001,1,0.00375000000000003,0.00275000000000003,0.003,0.000499999999999945,0.001,0.000249999999999972,-0.00225000000000009
"lm","Linear regression",1,500,0.577631578947368,2000,400,0.0075,1,0.0055,1,0.006,1,0.001,1,0.00375000000000003,0.00275000000000003,0.003,0.000499999999999945,0.001,0.000249999999999972,-0.00225000000000009
"lm","Linear regression",1,500,0.623684210526316,2000,400,0.0075,1,0.0055,1,0.006,1,5e-04,1,0.00375000000000003,0.00275000000000003,0.003,0.000249999999999972,0.001,0.000249999999999972,-0.00250000000000006
"lm","Linear regression",1,500,0.669736842105263,2000,400,0.0075,1,0.0055,1,0.006,1,5e-04,1,0.00375000000000003,0.00275000000000003,0.003,0.000249999999999972,0.001,0.000249999999999972,-0.00250000000000006
"lm","Linear regression",1,500,0.71578947368421,2000,400,0.0075,1,0.0055,1,0.006,1,0,1,0.00375000000000003,0.00275000000000003,0.003,0,0.001,0.000249999999999972,-0.00275000000000003
"lm","Linear regression",1,500,0.761842105263158,2000,400,0.0075,1,0.0055,1,0.006,1,0,1,0.00375000000000003,0.00275000000000003,0.003,0,0.001,0.000249999999999972,-0.00275000000000003
"lm","Linear regression",1,500,0.807894736842105,2000,400,0.0075,1,0.0055,1,0.006,1,0,1,0.00375000000000003,0.00275000000000003,0.003,0,0.001,0.000249999999999972,-0.00275000000000003
"lm","Linear regression",1,500,0.853947368421053,2000,400,0.0075,1,0.0055,1,0.006,1,0,1,0.00375000000000003,0.00275000000000003,0.003,0,0.001,0.000249999999999972,-0.00275000000000003
"lm","Linear regression",1,500,0.9,2000,400,0.0075,1,0.0055,1,0.006,1,0,1,0.00375000000000003,0.00275000000000003,0.003,0,0.001,0.000249999999999972,-0.00275000000000003
"logistic","Logistic regression",1,30,0.025,2000,400,0,0,0.0035,0.0075,0.02,0.0275,0,0,0.5,0.498,0.49625,0.5,0.00199999999999995,-0.00175000000000003,0.00199999999999995
"logistic","Logistic regression",1,30,0.0710526315789474,2000,400,0,0,0.0035,0.005,0.02,0.0325,0,0,0.5,0.49925,0.49375,0.5,0.000749999999999973,-0.0055,0.000749999999999973
"logistic","Logistic regression",1,30,0.117105263157895,2000,400,0,0,0.0035,0,0.02,0.0175,0,0,0.5,0.50175,0.50125,0.5,-0.00175000000000003,-0.000500000000000056,-0.00175000000000003
"logistic","Logistic regression",1,30,0.163157894736842,2000,400,0,0,0.0035,0.01,0.02,0.0375,0,0,0.5,0.49675,0.49125,0.5,0.00324999999999998,-0.0055,0.00324999999999998
"logistic","Logistic regression",1,30,0.209210526315789,2000,400,0,0.0025,0.0035,0.015,0.02,0.0375,0,0,0.49875,0.49425,0.49125,0.5,0.0045,-0.003,0.00574999999999998
"logistic","Logistic regression",1,30,0.255263157894737,2000,400,0,0,0.0035,0.0125,0.02,0.03,0.0025,0.0075,0.5,0.4955,0.495,0.4975,0.00449999999999995,-0.000500000000000056,0.00199999999999995
"logistic","Logistic regression",1,30,0.301315789473684,2000,400,0,0,0.0035,0.0075,0.02,0.055,0.0055,0.0125,0.5,0.498,0.4825,0.4965,0.00199999999999995,-0.0155000000000001,-0.0015
"logistic","Logistic regression",1,30,0.347368421052632,2000,400,0,0,0.0035,0.025,0.02,0.075,0.011,0.0525,0.5,0.48925,0.4725,0.47925,0.01075,-0.01675,-0.0100000000000001
"logistic","Logistic regression",1,30,0.393421052631579,2000,400,0,0.0025,0.0035,0.055,0.02,0.12,0.017,0.115,0.49875,0.47425,0.45,0.451,0.0245,-0.02425,-0.02325
"logistic","Logistic regression",1,30,0.439473684210526,2000,400,0,0,0.0035,0.0225,0.02,0.1425,0.023,0.1375,0.5,0.4905,0.43875,0.44275,0.00949999999999995,-0.05175,-0.0477500000000001
"logistic","Logistic regression",1,30,0.485526315789474,2000,400,0,0,0.0035,0.0475,0.02,0.1375,0.0265,0.1525,0.5,0.478,0.44125,0.437,0.022,-0.03675,-0.041
"logistic","Logistic regression",1,30,0.531578947368421,2000,400,0,0,0.0035,0.0575,0.02,0.1925,0.028,0.2125,0.5,0.473,0.41375,0.40775,0.027,-0.05925,-0.06525
"logistic","Logistic regression",1,30,0.577631578947368,2000,400,0,0.005,0.0035,0.0825,0.02,0.195,0.0285,0.2325,0.4975,0.4605,0.4125,0.398,0.037,-0.048,-0.0625
"logistic","Logistic regression",1,30,0.623684210526316,2000,400,0,0.005,0.0035,0.1,0.02,0.225,0.028,0.245,0.4975,0.45175,0.3975,0.3915,0.04575,-0.05425,-0.06025
"logistic","Logistic regression",1,30,0.669736842105263,2000,400,0,0,0.0035,0.075,0.02,0.26,0.0265,0.275,0.5,0.46425,0.38,0.37575,0.03575,-0.08425,-0.0885000000000001
"logistic","Logistic regression",1,30,0.71578947368421,2000,400,0,0.0125,0.0035,0.1,0.02,0.3075,0.0245,0.3025,0.49375,0.45175,0.35625,0.361,0.042,-0.0955,-0.09075
"logistic","Logistic regression",1,30,0.761842105263158,2000,400,0,0.0075,0.0035,0.1425,0.02,0.3325,0.023,0.34,0.49625,0.4305,0.34375,0.3415,0.06575,-0.08675,-0.0890000000000001
"logistic","Logistic regression",1,30,0.807894736842105,2000,400,0,0.005,0.0035,0.1475,0.02,0.365,0.0205,0.3525,0.4975,0.428,0.3275,0.334,0.0695,-0.1005,-0.0940000000000001
"logistic","Logistic regression",1,30,0.853947368421053,2000,400,0,0.03,0.0035,0.2075,0.02,0.4325,0.017,0.41,0.485,0.398,0.29375,0.3035,0.087,-0.10425,-0.0945
"logistic","Logistic regression",1,30,0.9,2000,400,0,0.02,0.0035,0.2475,0.02,0.4775,0.016,0.43,0.49,0.378,0.27125,0.293,0.112,-0.10675,-0.085
"logistic","Logistic regression",1,37,0.025,2000,400,5e-04,0.0025,0.006,0.0075,0.0205,0.015,0,0,0.499,0.49925,0.50275,0.5,-0.000250000000000028,0.0035,0.000749999999999973
"logistic","Logistic regression",1,37,0.0710526315789474,2000,400,5e-04,0.0025,0.006,0.01,0.0205,0.0275,0,0,0.499,0.498,0.4965,0.5,0.001,-0.0015,0.002
"logistic","Logistic regression",1,37,0.117105263157895,2000,400,5e-04,0.0075,0.006,0.02,0.0205,0.045,0,0,0.4965,0.493,0.48775,0.5,0.0035,-0.00525000000000003,0.00700000000000001
"logistic","Logistic regression",1,37,0.163157894736842,2000,400,5e-04,0,0.006,0.0075,0.0205,0.03,0,0,0.50025,0.49925,0.49525,0.5,0.000999999999999945,-0.00400000000000006,0.000749999999999973
"logistic","Logistic regression",1,37,0.209210526315789,2000,400,5e-04,0,0.006,0.01,0.0205,0.045,0.0025,0.0025,0.50025,0.498,0.48775,0.5,0.00224999999999997,-0.01025,0.002
"logistic","Logistic regression",1,37,0.255263157894737,2000,400,5e-04,0,0.006,0.0175,0.0205,0.065,0.009,0.0225,0.50025,0.49425,0.47775,0.49325,0.00599999999999995,-0.0165,-0.00100000000000006
"logistic","Logistic regression",1,37,0.301315789473684,2000,400,5e-04,0.01,0.006,0.0225,0.0205,0.065,0.0175,0.055,0.49525,0.49175,0.47775,0.48125,0.00349999999999995,-0.014,-0.0105
"logistic","Logistic regression",1,37,0.347368421052632,2000,400,5e-04,0.0025,0.006,0.0175,0.0205,0.0725,0.0245,0.0775,0.499,0.49425,0.474,0.4735,0.00474999999999998,-0.02025,-0.02075
"logistic","Logistic regression",1,37,0.393421052631579,2000,400,5e-04,0.015,0.006,0.0425,0.0205,0.1175,0.0285,0.155,0.49275,0.48175,0.4515,0.43675,0.011,-0.03025,-0.045
"logistic","Logistic regression",1,37,0.439473684210526,2000,400,5e-04,0.005,0.006,0.045,0.0205,0.135,0.033,0.1775,0.49775,0.4805,0.44275,0.42775,0.01725,-0.03775,-0.05275
"logistic","Logistic regression",1,37,0.485526315789474,2000,400,5e-04,0.0175,0.006,0.08,0.0205,0.1775,0.0365,0.2425,0.4915,0.463,0.4215,0.397,0.0285,-0.0415,-0.066
"logistic","Logistic regression",1,37,0.531578947368421,2000,400,5e-04,0.0175,0.006,0.0975,0.0205,0.19,0.0365,0.2675,0.4915,0.45425,0.41525,0.3845,0.03725,-0.039,-0.06975
"logistic","Logistic regression",1,37,0.577631578947368,2000,400,5e-04,0.0125,0.006,0.1275,0.0205,0.2525,0.034,0.315,0.494,0.43925,0.384,0.3595,0.05475,-0.05525,-0.07975
"logistic","Logistic regression",1,37,0.623684210526316,2000,400,5e-04,0.0475,0.006,0.1275,0.0205,0.265,0.0305,0.3125,0.4765,0.43925,0.37775,0.359,0.03725,-0.0615,-0.08025
"logistic","Logistic regression",1,37,0.669736842105263,2000,400,5e-04,0.0325,0.006,0.165,0.0205,0.3025,0.0285,0.34,0.484,0.4205,0.359,0.34425,0.0635,-0.0615,-0.07625
"logistic","Logistic regression",1,37,0.71578947368421,2000,400,5e-04,0.0625,0.006,0.2175,0.0205,0.3525,0.0275,0.38,0.469,0.39425,0.334,0.32375,0.07475,-0.06025,-0.0705
"logistic","Logistic regression",1,37,0.761842105263158,2000,400,5e-04,0.06,0.006,0.2725,0.0205,0.4375,0.027,0.46,0.47025,0.36675,0.2915,0.2835,0.1035,-0.07525,-0.08325
"logistic","Logistic regression",1,37,0.807894736842105,2000,400,5e-04,0.0975,0.006,0.2575,0.0205,0.4225,0.0235,0.4425,0.4515,0.37425,0.299,0.2905,0.07725,-0.07525,-0.0837499999999999
"logistic","Logistic regression",1,37,0.853947368421053,2000,400,5e-04,0.1,0.006,0.34,0.0205,0.5075,0.0215,0.5,0.45025,0.333,0.2565,0.26075,0.11725,-0.0765,-0.0722499999999999
"logistic","Logistic regression",1,37,0.9,2000,400,5e-04,0.1175,0.006,0.345,0.0205,0.5525,0.0185,0.5175,0.4415,0.3305,0.234,0.2505,0.111,-0.0965,-0.08
"logistic","Logistic regression",1,46,0.025,2000,400,0.0025,0.0025,0.007,0.0075,0.016,0.0125,0,0,0.5,0.49975,0.50175,0.5,0.000250000000000028,0.00200000000000006,0.000250000000000028
"logistic","Logistic regression",1,46,0.0710526315789474,2000,400,0.0025,0,0.007,0.0125,0.016,0.025,0,0,0.50125,0.49725,0.4955,0.5,0.004,-0.00174999999999997,0.00275000000000003
"logistic","Logistic regression",1,46,0.117105263157895,2000,400,0.0025,0.0075,0.007,0.0125,0.016,0.0225,0,0,0.4975,0.49725,0.49675,0.5,0.000250000000000028,-0.000499999999999945,0.00275000000000003
"logistic","Logistic regression",1,46,0.163157894736842,2000,400,0.0025,0.0025,0.007,0.01,0.016,0.05,0.002,0,0.5,0.4985,0.483,0.501,0.00150000000000006,-0.0155,0.00250000000000006
"logistic","Logistic regression",1,46,0.209210526315789,2000,400,0.0025,0.005,0.007,0.0125,0.016,0.0425,0.007,0.01,0.49875,0.49725,0.48675,0.4985,0.0015,-0.0105,0.00124999999999997
"logistic","Logistic regression",1,46,0.255263157894737,2000,400,0.0025,0.005,0.007,0.0225,0.016,0.0425,0.014,0.035,0.49875,0.49225,0.48675,0.4895,0.00650000000000001,-0.00549999999999995,-0.00274999999999997
"logistic","Logistic regression",1,46,0.301315789473684,2000,400,0.0025,0.005,0.007,0.0275,0.016,0.065,0.0245,0.0875,0.49875,0.48975,0.4755,0.4685,0.00900000000000001,-0.0142499999999999,-0.02125
"logistic","Logistic regression",1,46,0.347368421052632,2000,400,0.0025,0.025,0.007,0.05,0.016,0.095,0.033,0.1425,0.48875,0.4785,0.4605,0.44525,0.01025,-0.0179999999999999,-0.0332499999999999
"logistic","Logistic regression",1,46,0.393421052631579,2000,400,0.0025,0.0325,0.007,0.075,0.016,0.125,0.035,0.21,0.485,0.466,0.4455,0.4125,0.019,-0.0205,-0.0535
"logistic","Logistic regression",1,46,0.439473684210526,2000,400,0.0025,0.04,0.007,0.085,0.016,0.1475,0.0365,0.23,0.48125,0.461,0.43425,0.40325,0.02025,-0.0267499999999999,-0.05775
"logistic","Logistic regression",1,46,0.485526315789474,2000,400,0.0025,0.025,0.007,0.0975,0.016,0.1925,0.0365,0.2975,0.48875,0.45475,0.41175,0.3695,0.034,-0.0429999999999999,-0.0852499999999999
"logistic","Logistic regression",1,46,0.531578947368421,2000,400,0.0025,0.0525,0.007,0.1425,0.016,0.24,0.035,0.3075,0.475,0.43225,0.388,0.36375,0.04275,-0.04425,-0.0685
"logistic","Logistic regression",1,46,0.577631578947368,2000,400,0.0025,0.07,0.007,0.1675,0.016,0.29,0.034,0.3875,0.46625,0.41975,0.363,0.32325,0.0465,-0.05675,-0.0964999999999999
"logistic","Logistic regression",1,46,0.623684210526316,2000,400,0.0025,0.1075,0.007,0.2525,0.016,0.3575,0.032,0.4125,0.4475,0.37725,0.32925,0.30975,0.07025,-0.0479999999999999,-0.0675
"logistic","Logistic regression",1,46,0.669736842105263,2000,400,0.0025,0.1325,0.007,0.27,0.016,0.4275,0.0305,0.4975,0.435,0.3685,0.29425,0.2665,0.0665,-0.0742499999999999,-0.102
"logistic","Logistic regression",1,46,0.71578947368421,2000,400,0.0025,0.1075,0.007,0.255,0.016,0.37,0.0255,0.44,0.4475,0.376,0.323,0.29275,0.0715,-0.0529999999999999,-0.0832499999999999
"logistic","Logistic regression",1,46,0.761842105263158,2000,400,0.0025,0.1625,0.007,0.31,0.016,0.445,0.0235,0.5025,0.42,0.3485,0.2855,0.2605,0.0715000000000001,-0.063,-0.0879999999999999
"logistic","Logistic regression",1,46,0.807894736842105,2000,400,0.0025,0.185,0.007,0.38,0.016,0.5225,0.02,0.5675,0.40875,0.3135,0.24675,0.22625,0.09525,-0.0667499999999999,-0.0872499999999999
"logistic","Logistic regression",1,46,0.853947368421053,2000,400,0.0025,0.235,0.007,0.425,0.016,0.625,0.0185,0.63,0.38375,0.291,0.1955,0.19425,0.09275,-0.0954999999999999,-0.09675
"logistic","Logistic regression",1,46,0.9,2000,400,0.0025,0.2625,0.007,0.46,0.016,0.6025,0.017,0.6,0.37,0.2735,0.20675,0.2085,0.0965,-0.06675,-0.065
"logistic","Logistic regression",1,57,0.025,2000,400,0.0025,0,0.008,0.0075,0.016,0.015,0,0,0.50125,0.50025,0.5005,0.5,0.001,0.000250000000000083,-0.000249999999999972
"logistic","Logistic regression",1,57,0.0710526315789474,2000,400,0.0025,0.0025,0.008,0.01,0.016,0.015,0,0,0.5,0.499,0.5005,0.5,0.001,0.00150000000000006,0.001
"logistic","Logistic regression",1,57,0.117105263157895,2000,400,0.0025,0.0025,0.008,0.0075,0.016,0.035,0,0,0.5,0.50025,0.4905,0.5,-0.000249999999999972,-0.00974999999999998,-0.000249999999999972
"logistic","Logistic regression",1,57,0.163157894736842,2000,400,0.0025,0.0075,0.008,0.015,0.016,0.0425,0.0035,0.01,0.4975,0.4965,0.48675,0.49675,0.001,-0.00974999999999998,0.000250000000000028
"logistic","Logistic regression",1,57,0.209210526315789,2000,400,0.0025,0.0125,0.008,0.045,0.016,0.0725,0.0135,0.0675,0.495,0.4815,0.47175,0.473,0.0135,-0.00974999999999998,-0.00849999999999995
"logistic","Logistic regression",1,57,0.255263157894737,2000,400,0.0025,0.0125,0.008,0.045,0.016,0.0675,0.022,0.0975,0.495,0.4815,0.47425,0.46225,0.0135,-0.00724999999999998,-0.01925
"logistic","Logistic regression",1,57,0.301315789473684,2000,400,0.0025,0.015,0.008,0.0425,0.016,0.0675,0.03,0.1325,0.49375,0.48275,0.47425,0.44875,0.011,-0.00850000000000001,-0.034
"logistic","Logistic regression",1,57,0.347368421052632,2000,400,0.0025,0.035,0.008,0.085,0.016,0.13,0.034,0.2075,0.48375,0.4615,0.443,0.41325,0.0222499999999999,-0.0185,-0.04825
"logistic","Logistic regression",1,57,0.393421052631579,2000,400,0.0025,0.055,0.008,0.1075,0.016,0.1525,0.035,0.265,0.47375,0.45025,0.43175,0.385,0.0235,-0.0185,-0.06525
"logistic","Logistic regression",1,57,0.439473684210526,2000,400,0.0025,0.065,0.008,0.14,0.016,0.21,0.035,0.36,0.46875,0.434,0.403,0.3375,0.03475,-0.031,-0.0965
"logistic","Logistic regression",1,57,0.485526315789474,2000,400,0.0025,0.0825,0.008,0.1725,0.016,0.2375,0.034,0.345,0.46,0.41775,0.38925,0.3445,0.04225,-0.0285,-0.07325
"logistic","Logistic regression",1,57,0.531578947368421,2000,400,0.0025,0.0875,0.008,0.1725,0.016,0.2425,0.032,0.3575,0.4575,0.41775,0.38675,0.33725,0.03975,-0.031,-0.0805
"logistic","Logistic regression",1,57,0.577631578947368,2000,400,0.0025,0.1125,0.008,0.2125,0.016,0.2725,0.03,0.3975,0.445,0.39775,0.37175,0.31625,0.04725,-0.026,-0.0815
"logistic","Logistic regression",1,57,0.623684210526316,2000,400,0.0025,0.155,0.008,0.28,0.016,0.385,0.0265,0.475,0.42375,0.364,0.3155,0.27575,0.05975,-0.0485,-0.08825
"logistic","Logistic regression",1,57,0.669736842105263,2000,400,0.0025,0.2125,0.008,0.385,0.016,0.4875,0.0255,0.5825,0.395,0.3115,0.26425,0.2215,0.0835,-0.04725,-0.09
"logistic","Logistic regression",1,57,0.71578947368421,2000,400,0.0025,0.2475,0.008,0.4075,0.016,0.5325,0.0225,0.605,0.3775,0.30025,0.24175,0.20875,0.0772499999999999,-0.0585,-0.0915
"logistic","Logistic regression",1,57,0.761842105263158,2000,400,0.0025,0.3675,0.008,0.5125,0.016,0.5975,0.0195,0.63,0.3175,0.24775,0.20925,0.19475,0.06975,-0.0385,-0.053
"logistic","Logistic regression",1,57,0.807894736842105,2000,400,0.0025,0.3125,0.008,0.475,0.016,0.5925,0.019,0.635,0.345,0.2665,0.21175,0.192,0.0785,-0.05475,-0.0745000000000001
"logistic","Logistic regression",1,57,0.853947368421053,2000,400,0.0025,0.4,0.008,0.56,0.016,0.6675,0.0165,0.6825,0.30125,0.224,0.17425,0.167,0.07725,-0.04975,-0.057
"logistic","Logistic regression",1,57,0.9,2000,400,0.0025,0.445,0.008,0.6,0.016,0.7175,0.0155,0.725,0.27875,0.204,0.14925,0.14525,0.0747499999999999,-0.05475,-0.05875
"logistic","Logistic regression",1,71,0.025,2000,400,0.003,0,0.008,0.0075,0.017,0.0175,0,0,0.5015,0.50025,0.49975,0.5,0.00124999999999997,-5e-04,-0.000249999999999972
"logistic","Logistic regression",1,71,0.0710526315789474,2000,400,0.003,0.005,0.008,0.01,0.017,0.0225,0,0,0.499,0.499,0.49725,0.5,-5.55111512312578e-17,-0.00175000000000003,0.001
"logistic","Logistic regression",1,71,0.117105263157895,2000,400,0.003,0,0.008,0.0075,0.017,0.015,5e-04,0,0.5015,0.50025,0.501,0.50025,0.00124999999999997,0.000750000000000028,0
"logistic","Logistic regression",1,71,0.163157894736842,2000,400,0.003,0.005,0.008,0.0075,0.017,0.0325,0.008,0.0075,0.499,0.50025,0.49225,0.50025,-0.00125000000000003,-0.00800000000000001,0
"logistic","Logistic regression",1,71,0.209210526315789,2000,400,0.003,0.01,0.008,0.0175,0.017,0.035,0.024,0.0575,0.4965,0.49525,0.491,0.48325,0.00124999999999992,-0.00425000000000009,-0.012
"logistic","Logistic regression",1,71,0.255263157894737,2000,400,0.003,0.025,0.008,0.0325,0.017,0.0575,0.0345,0.1275,0.489,0.48775,0.47975,0.4535,0.00124999999999992,-0.00800000000000006,-0.03425
"logistic","Logistic regression",1,71,0.301315789473684,2000,400,0.003,0.035,0.008,0.065,0.017,0.1,0.0395,0.19,0.484,0.4715,0.4585,0.42475,0.0124999999999999,-0.0130000000000001,-0.04675
"logistic","Logistic regression",1,71,0.347368421052632,2000,400,0.003,0.0375,0.008,0.0725,0.017,0.11,0.043,0.2325,0.48275,0.46775,0.4535,0.40525,0.015,-0.01425,-0.0625
"logistic","Logistic regression",1,71,0.393421052631579,2000,400,0.003,0.07,0.008,0.135,0.017,0.19,0.043,0.3025,0.4665,0.4365,0.4135,0.37025,0.0299999999999999,-0.023,-0.06625
"logistic","Logistic regression",1,71,0.439473684210526,2000,400,0.003,0.0925,0.008,0.1725,0.017,0.2325,0.0415,0.345,0.45525,0.41775,0.39225,0.34825,0.0374999999999999,-0.0255000000000001,-0.0695
"logistic","Logistic regression",1,71,0.485526315789474,2000,400,0.003,0.15,0.008,0.2425,0.017,0.3125,0.0385,0.475,0.4265,0.38275,0.35225,0.28175,0.0437499999999999,-0.0305000000000001,-0.101
"logistic","Logistic regression",1,71,0.531578947368421,2000,400,0.003,0.185,0.008,0.2575,0.017,0.3375,0.035,0.4975,0.409,0.37525,0.33975,0.26875,0.0337499999999999,-0.0355,-0.1065
"logistic","Logistic regression",1,71,0.577631578947368,2000,400,0.003,0.24,0.008,0.345,0.017,0.435,0.0335,0.5525,0.3815,0.3315,0.291,0.2405,0.0499999999999999,-0.0405000000000001,-0.091
"logistic","Logistic regression",1,71,0.623684210526316,2000,400,0.003,0.2725,0.008,0.41,0.017,0.495,0.0315,0.605,0.36525,0.299,0.261,0.21325,0.0662499999999999,-0.0380000000000001,-0.08575
"logistic","Logistic regression",1,71,0.669736842105263,2000,400,0.003,0.345,0.008,0.465,0.017,0.565,0.0295,0.64,0.329,0.2715,0.226,0.19475,0.0575,-0.0455,-0.0767499999999999
"logistic","Logistic regression",1,71,0.71578947368421,2000,400,0.003,0.4175,0.008,0.535,0.017,0.6225,0.025,0.6925,0.29275,0.2365,0.19725,0.16625,0.05625,-0.0392500000000001,-0.07025
"logistic","Logistic regression",1,71,0.761842105263158,2000,400,0.003,0.4725,0.008,0.5925,0.017,0.675,0.023,0.71,0.26525,0.20775,0.171,0.1565,0.0575,-0.0367500000000001,-0.05125
"logistic","Logistic regression",1,71,0.807894736842105,2000,400,0.003,0.535,0.008,0.6325,0.017,0.72,0.022,0.7525,0.234,0.18775,0.1485,0.13475,0.0462499999999999,-0.0392500000000001,-0.053
"logistic","Logistic regression",1,71,0.853947368421053,2000,400,0.003,0.5975,0.008,0.715,0.017,0.7775,0.02,0.795,0.20275,0.1465,0.11975,0.1125,0.0562499999999999,-0.02675,-0.034
"logistic","Logistic regression",1,71,0.9,2000,400,0.003,0.62,0.008,0.735,0.017,0.82,0.017,0.8125,0.1915,0.1365,0.0985,0.10225,0.0549999999999999,-0.038,-0.0342500000000001
"logistic","Logistic regression",1,89,0.025,2000,400,0.003,0.0025,0.0065,0.005,0.0125,0.015,0,0,0.50025,0.50075,0.49875,0.5,-0.000500000000000056,-0.00200000000000006,-0.000750000000000028
"logistic","Logistic regression",1,89,0.0710526315789474,2000,400,0.003,0.0025,0.0065,0.01,0.0125,0.015,0,0,0.50025,0.49825,0.49875,0.5,0.002,5e-04,0.00175000000000003
"logistic","Logistic regression",1,89,0.117105263157895,2000,400,0.003,0.005,0.0065,0.0125,0.0125,0.025,0.0025,0,0.499,0.497,0.49375,0.50125,0.00199999999999995,-0.00325000000000003,0.00424999999999998
"logistic","Logistic regression",1,89,0.163157894736842,2000,400,0.003,0.03,0.0065,0.035,0.0125,0.0425,0.0165,0.0475,0.4865,0.48575,0.485,0.4845,0.000749999999999973,-0.000749999999999973,-0.00124999999999997
"logistic","Logistic regression",1,89,0.209210526315789,2000,400,0.003,0.0225,0.0065,0.025,0.0125,0.0525,0.028,0.1075,0.49025,0.49075,0.48,0.46025,-5e-04,-0.01075,-0.0305
"logistic","Logistic regression",1,89,0.255263157894737,2000,400,0.003,0.0425,0.0065,0.0575,0.0125,0.0875,0.0355,0.2175,0.48025,0.4745,0.4625,0.409,0.00574999999999998,-0.012,-0.0655
"logistic","Logistic regression",1,89,0.301315789473684,2000,400,0.003,0.05,0.0065,0.0725,0.0125,0.1125,0.0375,0.2525,0.4765,0.467,0.45,0.3925,0.00949999999999995,-0.017,-0.0744999999999999
"logistic","Logistic regression",1,89,0.347368421052632,2000,400,0.003,0.0675,0.0065,0.105,0.0125,0.13,0.0375,0.26,0.46775,0.45075,0.44125,0.38875,0.017,-0.00950000000000001,-0.062
"logistic","Logistic regression",1,89,0.393421052631579,2000,400,0.003,0.13,0.0065,0.1875,0.0125,0.2175,0.036,0.365,0.4365,0.4095,0.3975,0.3355,0.027,-0.012,-0.074
"logistic","Logistic regression",1,89,0.439473684210526,2000,400,0.003,0.1575,0.0065,0.215,0.0125,0.275,0.035,0.445,0.42275,0.39575,0.36875,0.295,0.027,-0.027,-0.10075
"logistic","Logistic regression",1,89,0.485526315789474,2000,400,0.003,0.21,0.0065,0.285,0.0125,0.3425,0.034,0.48,0.3965,0.36075,0.335,0.277,0.03575,-0.02575,-0.08375
"logistic","Logistic regression",1,89,0.531578947368421,2000,400,0.003,0.2725,0.0065,0.355,0.0125,0.4375,0.0295,0.6075,0.36525,0.32575,0.2875,0.211,0.0395,-0.03825,-0.11475
"logistic","Logistic regression",1,89,0.577631578947368,2000,400,0.003,0.3525,0.0065,0.4575,0.0125,0.54,0.028,0.675,0.32525,0.2745,0.23625,0.1765,0.05075,-0.03825,-0.098
"logistic","Logistic regression",1,89,0.623684210526316,2000,400,0.003,0.3725,0.0065,0.495,0.0125,0.5575,0.0275,0.675,0.31525,0.25575,0.2275,0.17625,0.0594999999999999,-0.02825,-0.0795
"logistic","Logistic regression",1,89,0.669736842105263,2000,400,0.003,0.505,0.0065,0.58,0.0125,0.6525,0.024,0.7225,0.249,0.21325,0.18,0.15075,0.03575,-0.03325,-0.0625
"logistic","Logistic regression",1,89,0.71578947368421,2000,400,0.003,0.55,0.0065,0.65,0.0125,0.7125,0.022,0.76,0.2265,0.17825,0.15,0.131,0.04825,-0.02825,-0.04725
"logistic","Logistic regression",1,89,0.761842105263158,2000,400,0.003,0.6425,0.0065,0.7175,0.0125,0.775,0.0205,0.805,0.18025,0.1445,0.11875,0.10775,0.03575,-0.02575,-0.03675
"logistic","Logistic regression",1,89,0.807894736842105,2000,400,0.003,0.655,0.0065,0.7575,0.0125,0.815,0.0165,0.8325,0.174,0.1245,0.09875,0.092,0.0494999999999999,-0.02575,-0.0325
"logistic","Logistic regression",1,89,0.853947368421053,2000,400,0.003,0.7525,0.0065,0.815,0.0125,0.8575,0.0155,0.8725,0.12525,0.09575,0.0775,0.0715,0.0295,-0.01825,-0.02425
"logistic","Logistic regression",1,89,0.9,2000,400,0.003,0.7975,0.0065,0.87,0.0125,0.9,0.0125,0.8975,0.10275,0.06825,0.05625,0.0575,0.0345,-0.012,-0.01075
"logistic","Logistic regression",1,110,0.025,2000,400,0.0025,0.0025,0.005,0.005,0.0055,0.005,0,0,0.5,0.5,0.50025,0.5,5.55111512312578e-17,0.000250000000000139,5.55111512312578e-17
"logistic","Logistic regression",1,110,0.0710526315789474,2000,400,0.0025,0.01,0.005,0.015,0.0055,0.02,0,0,0.49625,0.495,0.49275,0.5,0.00125000000000003,-0.00224999999999992,0.00500000000000006
"logistic","Logistic regression",1,110,0.117105263157895,2000,400,0.0025,0.01,0.005,0.015,0.0055,0.025,0.0035,0.0125,0.49625,0.495,0.49025,0.4955,0.00125000000000003,-0.00474999999999992,0.000500000000000111
"logistic","Logistic regression",1,110,0.163157894736842,2000,400,0.0025,0.0175,0.005,0.0175,0.0055,0.0375,0.019,0.08,0.4925,0.49375,0.484,0.4695,-0.00124999999999997,-0.00974999999999993,-0.02425
"logistic","Logistic regression",1,110,0.209210526315789,2000,400,0.0025,0.0125,0.005,0.045,0.0055,0.07,0.0285,0.1675,0.495,0.48,0.46775,0.4305,0.0150000000000001,-0.0122499999999999,-0.0494999999999999
"logistic","Logistic regression",1,110,0.255263157894737,2000,400,0.0025,0.0475,0.005,0.08,0.0055,0.0825,0.0365,0.2175,0.4775,0.4625,0.4615,0.4095,0.015,-0.000999999999999945,-0.053
"logistic","Logistic regression",1,110,0.301315789473684,2000,400,0.0025,0.07,0.005,0.09,0.0055,0.1275,0.0375,0.3025,0.46625,0.4575,0.439,0.3675,0.00874999999999998,-0.0184999999999999,-0.0899999999999999
"logistic","Logistic regression",1,110,0.347368421052632,2000,400,0.0025,0.0875,0.005,0.1375,0.0055,0.175,0.0365,0.39,0.4575,0.43375,0.41525,0.32325,0.02375,-0.0185,-0.1105
"logistic","Logistic regression",1,110,0.393421052631579,2000,400,0.0025,0.17,0.005,0.2225,0.0055,0.28,0.0325,0.485,0.41625,0.39125,0.36275,0.27375,0.025,-0.0284999999999999,-0.1175
"logistic","Logistic regression",1,110,0.439473684210526,2000,400,0.0025,0.24,0.005,0.31,0.0055,0.375,0.028,0.5625,0.38125,0.3475,0.31525,0.23275,0.0337500000000001,-0.0322499999999999,-0.11475
"logistic","Logistic regression",1,110,0.485526315789474,2000,400,0.0025,0.2925,0.005,0.3725,0.0055,0.4325,0.0265,0.6,0.355,0.31625,0.2865,0.21325,0.0387500000000001,-0.0297499999999999,-0.103
"logistic","Logistic regression",1,110,0.531578947368421,2000,400,0.0025,0.37,0.005,0.44,0.0055,0.5,0.023,0.6575,0.31625,0.2825,0.25275,0.18275,0.03375,-0.0297499999999999,-0.09975
"logistic","Logistic regression",1,110,0.577631578947368,2000,400,0.0025,0.4925,0.005,0.5725,0.0055,0.6275,0.0195,0.755,0.255,0.21625,0.189,0.13225,0.0387500000000001,-0.0272499999999999,-0.0839999999999999
"logistic","Logistic regression",1,110,0.623684210526316,2000,400,0.0025,0.56,0.005,0.6325,0.0055,0.6675,0.019,0.77,0.22125,0.18625,0.169,0.1245,0.035,-0.0172499999999999,-0.06175
"logistic","Logistic regression",1,110,0.669736842105263,2000,400,0.0025,0.61,0.005,0.685,0.0055,0.7325,0.0155,0.82,0.19625,0.16,0.1365,0.0977500000000001,0.0362500000000001,-0.0234999999999999,-0.0622499999999999
"logistic","Logistic regression",1,110,0.71578947368421,2000,400,0.0025,0.705,0.005,0.7675,0.0055,0.8175,0.0115,0.8525,0.14875,0.11875,0.094,0.0795,0.03,-0.0247499999999999,-0.03925
"logistic","Logistic regression",1,110,0.761842105263158,2000,400,0.0025,0.755,0.005,0.8325,0.0055,0.86,0.009,0.8725,0.12375,0.0862499999999999,0.07275,0.0682499999999999,0.0375,-0.0134999999999999,-0.018
"logistic","Logistic regression",1,110,0.807894736842105,2000,400,0.0025,0.8175,0.005,0.8875,0.0055,0.91,0.008,0.91,0.0925,0.05875,0.04775,0.049,0.03375,-0.011,-0.00974999999999998
"logistic","Logistic regression",1,110,0.853947368421053,2000,400,0.0025,0.8625,0.005,0.9,0.0055,0.92,0.007,0.925,0.07,0.0524999999999999,0.04275,0.0409999999999999,0.0175,-0.00974999999999993,-0.0115
"logistic","Logistic regression",1,110,0.9,2000,400,0.0025,0.8625,0.005,0.9125,0.0055,0.935,0.0055,0.93,0.07,0.04625,0.03525,0.03775,0.02375,-0.011,-0.00849999999999995
"logistic","Logistic regression",1,136,0.025,2000,400,0.0045,0,0.006,0,0.009,0.0075,0,0,0.50225,0.503,0.50075,0.5,-0.000750000000000028,-0.00225000000000009,-0.003
"logistic","Logistic regression",1,136,0.0710526315789474,2000,400,0.0045,0.005,0.006,0.01,0.009,0.015,0,0,0.49975,0.498,0.497,0.5,0.00174999999999997,-0.00100000000000006,0.002
"logistic","Logistic regression",1,136,0.117105263157895,2000,400,0.0045,0.01,0.006,0.0175,0.009,0.0225,0.0105,0.0225,0.49725,0.49425,0.49325,0.494,0.00299999999999995,-0.00100000000000006,-0.000250000000000028
"logistic","Logistic regression",1,136,0.163157894736842,2000,400,0.0045,0.0225,0.006,0.0275,0.009,0.0375,0.0285,0.08,0.491,0.48925,0.48575,0.47425,0.00174999999999997,-0.00350000000000006,-0.015
"logistic","Logistic regression",1,136,0.209210526315789,2000,400,0.0045,0.0475,0.006,0.0575,0.009,0.0675,0.04,0.21,0.4785,0.47425,0.47075,0.415,0.00424999999999998,-0.00350000000000006,-0.05925
"logistic","Logistic regression",1,136,0.255263157894737,2000,400,0.0045,0.08,0.006,0.11,0.009,0.13,0.044,0.2875,0.46225,0.448,0.4395,0.37825,0.01425,-0.00850000000000006,-0.06975
"logistic","Logistic regression",1,136,0.301315789473684,2000,400,0.0045,0.105,0.006,0.1375,0.009,0.17,0.042,0.3425,0.44975,0.43425,0.4195,0.34975,0.0155,-0.0147500000000001,-0.0845
"logistic","Logistic regression",1,136,0.347368421052632,2000,400,0.0045,0.1425,0.006,0.2,0.009,0.235,0.04,0.425,0.431,0.403,0.387,0.3075,0.028,-0.0160000000000001,-0.0955
"logistic","Logistic regression",1,136,0.393421052631579,2000,400,0.0045,0.215,0.006,0.2725,0.009,0.3275,0.0345,0.54,0.39475,0.36675,0.34075,0.24725,0.028,-0.0260000000000001,-0.1195
"logistic","Logistic regression",1,136,0.439473684210526,2000,400,0.0045,0.3225,0.006,0.38,0.009,0.4325,0.03,0.6275,0.341,0.313,0.28825,0.20125,0.028,-0.02475,-0.11175
"logistic","Logistic regression",1,136,0.485526315789474,2000,400,0.0045,0.47,0.006,0.5075,0.009,0.5575,0.027,0.6775,0.26725,0.24925,0.22575,0.17475,0.018,-0.0235000000000001,-0.0745000000000001
"logistic","Logistic regression",1,136,0.531578947368421,2000,400,0.0045,0.5075,0.006,0.56,0.009,0.6075,0.023,0.7225,0.2485,0.223,0.20075,0.15025,0.0255,-0.02225,-0.07275
"logistic","Logistic regression",1,136,0.577631578947368,2000,400,0.0045,0.6175,0.006,0.6775,0.009,0.745,0.0205,0.82,0.1935,0.16425,0.132,0.10025,0.0292499999999999,-0.0322500000000001,-0.064
"logistic","Logistic regression",1,136,0.623684210526316,2000,400,0.0045,0.6925,0.006,0.74,0.009,0.7775,0.017,0.855,0.156,0.133,0.11575,0.081,0.023,-0.01725,-0.052
"logistic","Logistic regression",1,136,0.669736842105263,2000,400,0.0045,0.785,0.006,0.8225,0.009,0.84,0.015,0.88,0.10975,0.09175,0.0845,0.0675,0.018,-0.00725000000000003,-0.02425
"logistic","Logistic regression",1,136,0.71578947368421,2000,400,0.0045,0.85,0.006,0.895,0.009,0.9125,0.014,0.935,0.07725,0.0555,0.04825,0.0395,0.02175,-0.00725000000000003,-0.016
"logistic","Logistic regression",1,136,0.761842105263158,2000,400,0.0045,0.88,0.006,0.9025,0.009,0.9225,0.0135,0.9425,0.06225,0.05175,0.04325,0.0355,0.0105,-0.00850000000000006,-0.01625
"logistic","Logistic regression",1,136,0.807894736842105,2000,400,0.0045,0.92,0.006,0.9375,0.009,0.95,0.011,0.9525,0.04225,0.03425,0.0295,0.0292499999999999,0.00799999999999995,-0.00475000000000003,-0.00500000000000006
"logistic","Logistic regression",1,136,0.853947368421053,2000,400,0.0045,0.93,0.006,0.96,0.009,0.97,0.0095,0.97,0.03725,0.023,0.0195,0.01975,0.0142499999999999,-0.00350000000000006,-0.00324999999999998
"logistic","Logistic regression",1,136,0.9,2000,400,0.0045,0.9775,0.006,0.9875,0.009,0.9875,0.008,0.9875,0.0135,0.00924999999999998,0.0107499999999999,0.01025,0.00424999999999998,0.00149999999999995,0.001
"logistic","Logistic regression",1,169,0.025,2000,400,0.004,0.005,0.005,0.005,0.005,0.005,0,0,0.4995,0.5,0.5,0.5,-0.000499999999999945,0,5.55111512312578e-17
"logistic","Logistic regression",1,169,0.0710526315789474,2000,400,0.004,0.0075,0.005,0.0075,0.005,0.015,5e-04,0.0025,0.49825,0.49875,0.495,0.499,-0.000499999999999945,-0.00375000000000003,0.000250000000000028
"logistic","Logistic regression",1,169,0.117105263157895,2000,400,0.004,0.0125,0.005,0.02,0.005,0.025,0.0105,0.055,0.49575,0.4925,0.49,0.47775,0.00325000000000009,-0.0025,-0.01475
"logistic","Logistic regression",1,169,0.163157894736842,2000,400,0.004,0.025,0.005,0.025,0.005,0.035,0.0285,0.1375,0.4895,0.49,0.485,0.4455,-0.000499999999999945,-0.005,-0.0444999999999999
"logistic","Logistic regression",1,169,0.209210526315789,2000,400,0.004,0.035,0.005,0.05,0.005,0.075,0.038,0.2325,0.4845,0.4775,0.465,0.40275,0.00700000000000006,-0.0125,-0.0747499999999999
"logistic","Logistic regression",1,169,0.255263157894737,2000,400,0.004,0.12,0.005,0.14,0.005,0.1525,0.0385,0.36,0.442,0.4325,0.42625,0.33925,0.00950000000000006,-0.00624999999999998,-0.09325
"logistic","Logistic regression",1,169,0.301315789473684,2000,400,0.004,0.1725,0.005,0.185,0.005,0.2225,0.0365,0.46,0.41575,0.41,0.39125,0.28825,0.00575000000000009,-0.01875,-0.12175
"logistic","Logistic regression",1,169,0.347368421052632,2000,400,0.004,0.2225,0.005,0.2675,0.005,0.3025,0.0305,0.565,0.39075,0.36875,0.35125,0.23275,0.0220000000000001,-0.0175,-0.136
"logistic","Logistic regression",1,169,0.393421052631579,2000,400,0.004,0.37,0.005,0.415,0.005,0.46,0.026,0.6825,0.317,0.295,0.2725,0.17175,0.0220000000000001,-0.0225,-0.12325
"logistic","Logistic regression",1,169,0.439473684210526,2000,400,0.004,0.4575,0.005,0.4925,0.005,0.535,0.0225,0.715,0.27325,0.25625,0.235,0.15375,0.017,-0.02125,-0.1025
"logistic","Logistic regression",1,169,0.485526315789474,2000,400,0.004,0.57,0.005,0.615,0.005,0.6575,0.0165,0.7575,0.217,0.195,0.17375,0.1295,0.0220000000000001,-0.02125,-0.0655
"logistic","Logistic regression",1,169,0.531578947368421,2000,400,0.004,0.685,0.005,0.715,0.005,0.7525,0.014,0.835,0.1595,0.145,0.12625,0.0895,0.0145,-0.01875,-0.0554999999999999
"logistic","Logistic regression",1,169,0.577631578947368,2000,400,0.004,0.7625,0.005,0.795,0.005,0.8175,0.011,0.88,0.12075,0.105,0.09375,0.0655,0.0157500000000001,-0.01125,-0.0395
"logistic","Logistic regression",1,169,0.623684210526316,2000,400,0.004,0.765,0.005,0.815,0.005,0.8375,0.0105,0.885,0.1195,0.095,0.0837499999999999,0.06275,0.0245,-0.01125,-0.03225
"logistic","Logistic regression",1,169,0.669736842105263,2000,400,0.004,0.895,0.005,0.9125,0.005,0.93,0.0075,0.9675,0.0545,0.04625,0.0374999999999999,0.02,0.00825000000000004,-0.00875000000000004,-0.0262499999999999
"logistic","Logistic regression",1,169,0.71578947368421,2000,400,0.004,0.9125,0.005,0.93,0.005,0.945,0.0065,0.9575,0.04575,0.0374999999999999,0.03,0.0245,0.00825000000000009,-0.00749999999999995,-0.013
"logistic","Logistic regression",1,169,0.761842105263158,2000,400,0.004,0.965,0.005,0.97,0.005,0.9775,0.0065,0.9775,0.0195,0.0175,0.0137499999999999,0.0145,0.00200000000000006,-0.00375000000000003,-0.003
"logistic","Logistic regression",1,169,0.807894736842105,2000,400,0.004,0.975,0.005,0.975,0.005,0.9775,0.0055,0.98,0.0145,0.015,0.0137499999999999,0.01275,-0.000499999999999945,-0.00125000000000003,-0.00224999999999992
"logistic","Logistic regression",1,169,0.853947368421053,2000,400,0.004,0.985,0.005,0.99,0.005,0.9925,0.005,0.9925,0.00950000000000001,0.00749999999999995,0.00624999999999992,0.00624999999999992,0.00200000000000006,-0.00125000000000003,-0.00125000000000003
"logistic","Logistic regression",1,169,0.9,2000,400,0.004,0.9975,0.005,0.9975,0.005,0.9975,0.005,0.9975,0.00324999999999998,0.00374999999999992,0.00374999999999992,0.00374999999999992,-0.000499999999999945,0,0
"logistic","Logistic regression",1,210,0.025,2000,400,0.003,0.0075,0.003,0.0075,0.0065,0.0075,0,0,0.49775,0.49775,0.4995,0.5,0,0.00175000000000003,0.00225000000000003
"logistic","Logistic regression",1,210,0.0710526315789474,2000,400,0.003,0.005,0.003,0.0075,0.0065,0.01,0.002,0.0025,0.499,0.49775,0.49825,0.49975,0.00124999999999997,5e-04,0.00200000000000006
"logistic","Logistic regression",1,210,0.117105263157895,2000,400,0.003,0.015,0.003,0.0175,0.0065,0.0225,0.0255,0.06,0.494,0.49275,0.492,0.48275,0.00124999999999997,-0.000749999999999973,-0.00999999999999995
"logistic","Logistic regression",1,210,0.163157894736842,2000,400,0.003,0.0375,0.003,0.04,0.0065,0.05,0.044,0.1825,0.48275,0.4815,0.47825,0.43075,0.00125000000000003,-0.00324999999999998,-0.0507499999999999
"logistic","Logistic regression",1,210,0.209210526315789,2000,400,0.003,0.085,0.003,0.09,0.0065,0.1025,0.05,0.2875,0.459,0.4565,0.452,0.38125,0.0025,-0.0045,-0.0752499999999999
"logistic","Logistic regression",1,210,0.255263157894737,2000,400,0.003,0.1375,0.003,0.15,0.0065,0.1625,0.048,0.4,0.43275,0.4265,0.422,0.324,0.00625000000000003,-0.00449999999999995,-0.1025
"logistic","Logistic regression",1,210,0.301315789473684,2000,400,0.003,0.23,0.003,0.2375,0.0065,0.2625,0.0435,0.4725,0.3865,0.38275,0.372,0.2855,0.00375000000000003,-0.0107499999999999,-0.0972499999999998
"logistic","Logistic regression",1,210,0.347368421052632,2000,400,0.003,0.3175,0.003,0.3375,0.0065,0.37,0.039,0.57,0.34275,0.33275,0.31825,0.2345,0.01,-0.0145,-0.09825
"logistic","Logistic regression",1,210,0.393421052631579,2000,400,0.003,0.4375,0.003,0.4525,0.0065,0.495,0.034,0.68,0.28275,0.27525,0.25575,0.177,0.00750000000000001,-0.0195,-0.09825
"logistic","Logistic regression",1,210,0.439473684210526,2000,400,0.003,0.58,0.003,0.605,0.0065,0.6275,0.028,0.8075,0.2115,0.199,0.1895,0.11025,0.0125,-0.00949999999999995,-0.0887499999999999
"logistic","Logistic regression",1,210,0.485526315789474,2000,400,0.003,0.7325,0.003,0.7425,0.0065,0.7625,0.023,0.8575,0.13525,0.13025,0.122,0.0827499999999999,0.005,-0.00824999999999992,-0.0475
"logistic","Logistic regression",1,210,0.531578947368421,2000,400,0.003,0.7525,0.003,0.77,0.0065,0.7875,0.0195,0.87,0.12525,0.1165,0.1095,0.07475,0.00875000000000004,-0.00699999999999995,-0.0417499999999999
"logistic","Logistic regression",1,210,0.577631578947368,2000,400,0.003,0.8575,0.003,0.86,0.0065,0.8875,0.0155,0.925,0.0727499999999999,0.0715,0.0595,0.04525,0.00124999999999997,-0.012,-0.0262499999999999
"logistic","Logistic regression",1,210,0.623684210526316,2000,400,0.003,0.9325,0.003,0.945,0.0065,0.95,0.011,0.975,0.03525,0.029,0.02825,0.018,0.00624999999999998,-0.000749999999999973,-0.011
"logistic","Logistic regression",1,210,0.669736842105263,2000,400,0.003,0.9525,0.003,0.9625,0.0065,0.9675,0.009,0.98,0.0252499999999999,0.0202499999999999,0.0195,0.0145,0.005,-0.000749999999999973,-0.00574999999999998
"logistic","Logistic regression",1,210,0.71578947368421,2000,400,0.003,0.98,0.003,0.98,0.0065,0.9825,0.007,0.9875,0.0115,0.0115,0.012,0.00974999999999993,0,5e-04,-0.00175000000000003
"logistic","Logistic regression",1,210,0.761842105263158,2000,400,0.003,0.9825,0.003,0.9825,0.0065,0.985,0.007,0.99,0.0102499999999999,0.0102499999999999,0.01075,0.00849999999999995,0,0.000500000000000056,-0.00174999999999997
"logistic","Logistic regression",1,210,0.807894736842105,2000,400,0.003,0.9975,0.003,0.9975,0.0065,0.9975,0.006,0.9975,0.00274999999999992,0.00274999999999992,0.00449999999999995,0.00424999999999998,0,0.00175000000000003,0.00150000000000006
"logistic","Logistic regression",1,210,0.853947368421053,2000,400,0.003,0.9925,0.003,0.995,0.0065,0.9975,0.004,0.995,0.00524999999999992,0.00399999999999995,0.00449999999999995,0.0045,0.00124999999999997,5e-04,0.000500000000000056
"logistic","Logistic regression",1,210,0.9,2000,400,0.003,0.9975,0.003,1,0.0065,1,0.003,1,0.00274999999999992,0.00149999999999995,0.00324999999999998,0.00149999999999995,0.00124999999999997,0.00175000000000003,0
"logistic","Logistic regression",1,261,0.025,2000,400,0.006,0.005,0.0065,0.005,0.007,0.01,0,0,0.5005,0.50075,0.4985,0.5,-0.000249999999999972,-0.00225000000000009,-0.000750000000000028
"logistic","Logistic regression",1,261,0.0710526315789474,2000,400,0.006,0.01,0.0065,0.0125,0.007,0.0175,0.0055,0.01,0.498,0.497,0.49475,0.49775,0.001,-0.00225000000000003,0.000750000000000028
"logistic","Logistic regression",1,261,0.117105263157895,2000,400,0.006,0.0225,0.0065,0.025,0.007,0.0375,0.0345,0.13,0.49175,0.49075,0.48475,0.45225,0.00100000000000006,-0.006,-0.0385
"logistic","Logistic regression",1,261,0.163157894736842,2000,400,0.006,0.055,0.0065,0.055,0.007,0.0625,0.05,0.2325,0.4755,0.47575,0.47225,0.40875,-0.000249999999999972,-0.0035,-0.067
"logistic","Logistic regression",1,261,0.209210526315789,2000,400,0.006,0.1425,0.0065,0.1425,0.007,0.16,0.0515,0.3925,0.43175,0.432,0.4235,0.3295,-0.000249999999999972,-0.00850000000000006,-0.1025
"logistic","Logistic regression",1,261,0.255263157894737,2000,400,0.006,0.18,0.0065,0.185,0.007,0.21,0.047,0.4625,0.413,0.41075,0.3985,0.29225,0.00225000000000009,-0.01225,-0.1185
"logistic","Logistic regression",1,261,0.301315789473684,2000,400,0.006,0.34,0.0065,0.3475,0.007,0.3825,0.042,0.6275,0.333,0.3295,0.31225,0.20725,0.00349999999999995,-0.0172500000000001,-0.12225
"logistic","Logistic regression",1,261,0.347368421052632,2000,400,0.006,0.4425,0.0065,0.4475,0.007,0.48,0.0345,0.695,0.28175,0.2795,0.2635,0.16975,0.00225000000000003,-0.016,-0.10975
"logistic","Logistic regression",1,261,0.393421052631579,2000,400,0.006,0.585,0.0065,0.5925,0.007,0.615,0.029,0.7875,0.2105,0.207,0.196,0.12075,0.00350000000000006,-0.011,-0.08625
"logistic","Logistic regression",1,261,0.439473684210526,2000,400,0.006,0.7225,0.0065,0.73,0.007,0.755,0.025,0.8675,0.14175,0.13825,0.126,0.0787499999999999,0.0035,-0.01225,-0.0595
"logistic","Logistic regression",1,261,0.485526315789474,2000,400,0.006,0.82,0.0065,0.825,0.007,0.8275,0.0235,0.9375,0.093,0.09075,0.0897499999999999,0.043,0.00225000000000003,-0.00100000000000006,-0.04775
"logistic","Logistic regression",1,261,0.531578947368421,2000,400,0.006,0.8925,0.0065,0.895,0.007,0.9125,0.021,0.9525,0.05675,0.05575,0.04725,0.03425,0.00100000000000006,-0.00850000000000001,-0.0215
"logistic","Logistic regression",1,261,0.577631578947368,2000,400,0.006,0.94,0.0065,0.94,0.007,0.9425,0.0185,0.965,0.033,0.03325,0.0322499999999999,0.02675,-0.000249999999999972,-0.00100000000000006,-0.00650000000000001
"logistic","Logistic regression",1,261,0.623684210526316,2000,400,0.006,0.9775,0.0065,0.9775,0.007,0.98,0.0145,0.9875,0.01425,0.0145,0.0135,0.0135,-0.000249999999999972,-0.001,-0.001
"logistic","Logistic regression",1,261,0.669736842105263,2000,400,0.006,0.995,0.0065,0.995,0.007,1,0.011,1,0.0055,0.00574999999999998,0.00349999999999995,0.00549999999999995,-0.000249999999999972,-0.00225000000000003,-0.000250000000000028
"logistic","Logistic regression",1,261,0.71578947368421,2000,400,0.006,1,0.0065,1,0.007,1,0.01,1,0.003,0.00324999999999998,0.00349999999999995,0.005,-0.000249999999999972,0.000249999999999972,0.00175000000000003
"logistic","Logistic regression",1,261,0.761842105263158,2000,400,0.006,1,0.0065,1,0.007,1,0.0075,1,0.003,0.00324999999999998,0.00349999999999995,0.00375000000000003,-0.000249999999999972,0.000249999999999972,0.000500000000000056
"logistic","Logistic regression",1,261,0.807894736842105,2000,400,0.006,1,0.0065,1,0.007,1,0.0065,1,0.003,0.00324999999999998,0.00349999999999995,0.00324999999999998,-0.000249999999999972,0.000249999999999972,0
"logistic","Logistic regression",1,261,0.853947368421053,2000,400,0.006,1,0.0065,1,0.007,1,0.0065,1,0.003,0.00324999999999998,0.00349999999999995,0.00324999999999998,-0.000249999999999972,0.000249999999999972,0
"logistic","Logistic regression",1,261,0.9,2000,400,0.006,1,0.0065,1,0.007,1,0.0055,1,0.003,0.00324999999999998,0.00349999999999995,0.00275000000000003,-0.000249999999999972,0.000249999999999972,-0.000499999999999945
"logistic","Logistic regression",1,324,0.025,2000,400,0.0045,0.0025,0.0045,0.0025,0.005,0.0025,0,0,0.501,0.501,0.50125,0.5,0,0.000249999999999972,-0.001
"logistic","Logistic regression",1,324,0.0710526315789474,2000,400,0.0045,0.0175,0.0045,0.0125,0.005,0.0175,0.0075,0.0275,0.4935,0.496,0.49375,0.49,-0.0025,-0.00225000000000003,-0.00599999999999995
"logistic","Logistic regression",1,324,0.117105263157895,2000,400,0.0045,0.02,0.0045,0.0175,0.005,0.025,0.0315,0.1475,0.49225,0.4935,0.49,0.442,-0.00125000000000003,-0.00350000000000006,-0.0514999999999999
"logistic","Logistic regression",1,324,0.163157894736842,2000,400,0.0045,0.07,0.0045,0.07,0.005,0.0775,0.038,0.3025,0.46725,0.46725,0.46375,0.36775,0,-0.0035,-0.0994999999999999
"logistic","Logistic regression",1,324,0.209210526315789,2000,400,0.0045,0.155,0.0045,0.1475,0.005,0.17,0.037,0.42,0.42475,0.4285,0.4175,0.3085,-0.00375000000000003,-0.0110000000000001,-0.12
"logistic","Logistic regression",1,324,0.255263157894737,2000,400,0.0045,0.2975,0.0045,0.285,0.005,0.305,0.032,0.55,0.3535,0.35975,0.35,0.241,-0.00625000000000003,-0.00975000000000004,-0.11875
"logistic","Logistic regression",1,324,0.301315789473684,2000,400,0.0045,0.4175,0.0045,0.4075,0.005,0.43,0.028,0.6975,0.2935,0.2985,0.2875,0.16525,-0.005,-0.011,-0.13325
"logistic","Logistic regression",1,324,0.347368421052632,2000,400,0.0045,0.5975,0.0045,0.5925,0.005,0.6125,0.023,0.825,0.2035,0.206,0.19625,0.099,-0.0025,-0.00975000000000004,-0.107
"logistic","Logistic regression",1,324,0.393421052631579,2000,400,0.0045,0.705,0.0045,0.7025,0.005,0.72,0.02,0.835,0.14975,0.151,0.1425,0.0925,-0.00124999999999997,-0.00850000000000001,-0.0584999999999999
"logistic","Logistic regression",1,324,0.439473684210526,2000,400,0.0045,0.835,0.0045,0.8275,0.005,0.8425,0.016,0.94,0.08475,0.0885,0.0812499999999999,0.038,-0.00374999999999998,-0.00725000000000003,-0.0504999999999999
"logistic","Logistic regression",1,324,0.485526315789474,2000,400,0.0045,0.935,0.0045,0.93,0.005,0.9425,0.0145,0.98,0.03475,0.03725,0.0312499999999999,0.01725,-0.0025,-0.006,-0.02
"logistic","Logistic regression",1,324,0.531578947368421,2000,400,0.0045,0.95,0.0045,0.95,0.005,0.95,0.0105,0.98,0.02725,0.02725,0.0275,0.01525,0,0.000249999999999972,-0.012
"logistic","Logistic regression",1,324,0.577631578947368,2000,400,0.0045,0.9725,0.0045,0.9725,0.005,0.9725,0.008,0.98,0.016,0.016,0.0162499999999999,0.014,0,0.000249999999999972,-0.00199999999999995
"logistic","Logistic regression",1,324,0.623684210526316,2000,400,0.0045,0.9925,0.0045,0.9925,0.005,0.9925,0.0075,0.9925,0.00599999999999995,0.00599999999999995,0.00624999999999992,0.00750000000000001,0,0.000249999999999972,0.00150000000000006
"logistic","Logistic regression",1,324,0.669736842105263,2000,400,0.0045,0.9975,0.0045,0.9975,0.005,0.9975,0.0065,0.9975,0.00349999999999995,0.00349999999999995,0.00374999999999992,0.00449999999999995,0,0.000249999999999972,0.001
"logistic","Logistic regression",1,324,0.71578947368421,2000,400,0.0045,1,0.0045,1,0.005,1,0.0055,1,0.00224999999999997,0.00224999999999997,0.00249999999999995,0.00275000000000003,0,0.000249999999999972,0.000500000000000056
"logistic","Logistic regression",1,324,0.761842105263158,2000,400,0.0045,1,0.0045,1,0.005,1,0.005,1,0.00224999999999997,0.00224999999999997,0.00249999999999995,0.00249999999999995,0,0.000249999999999972,0.000249999999999972
"logistic","Logistic regression",1,324,0.807894736842105,2000,400,0.0045,1,0.0045,1,0.005,1,0.004,1,0.00224999999999997,0.00224999999999997,0.00249999999999995,0.002,0,0.000249999999999972,-0.000249999999999972
"logistic","Logistic regression",1,324,0.853947368421053,2000,400,0.0045,1,0.0045,1,0.005,1,0.003,1,0.00224999999999997,0.00224999999999997,0.00249999999999995,0.00149999999999995,0,0.000249999999999972,-0.000750000000000028
"logistic","Logistic regression",1,324,0.9,2000,400,0.0045,1,0.0045,1,0.005,1,0.003,1,0.00224999999999997,0.00224999999999997,0.00249999999999995,0.00149999999999995,0,0.000249999999999972,-0.000750000000000028
"logistic","Logistic regression",1,403,0.025,2000,400,0.0035,0.005,0.003,0.005,0.0035,0.005,0,0,0.49925,0.499,0.49925,0.5,0.000250000000000083,0.000250000000000083,0.00100000000000006
"logistic","Logistic regression",1,403,0.0710526315789474,2000,400,0.0035,0.015,0.003,0.015,0.0035,0.015,0.009,0.0325,0.49425,0.494,0.49425,0.48825,0.000250000000000083,0.000250000000000083,-0.00574999999999998
"logistic","Logistic regression",1,403,0.117105263157895,2000,400,0.0035,0.0475,0.003,0.0475,0.0035,0.0475,0.042,0.1925,0.478,0.47775,0.478,0.42475,0.000250000000000083,0.000250000000000083,-0.0529999999999999
"logistic","Logistic regression",1,403,0.163157894736842,2000,400,0.0035,0.16,0.003,0.135,0.0035,0.15,0.048,0.395,0.42175,0.434,0.42675,0.3265,-0.0122499999999999,-0.00724999999999992,-0.1075
"logistic","Logistic regression",1,403,0.209210526315789,2000,400,0.0035,0.2525,0.003,0.2375,0.0035,0.2525,0.042,0.54,0.3755,0.38275,0.3755,0.251,-0.00724999999999987,-0.00724999999999987,-0.13175
"logistic","Logistic regression",1,403,0.255263157894737,2000,400,0.0035,0.34,0.003,0.315,0.0035,0.3325,0.0325,0.64,0.33175,0.344,0.3355,0.19625,-0.01225,-0.00849999999999995,-0.14775
"logistic","Logistic regression",1,403,0.301315789473684,2000,400,0.0035,0.5875,0.003,0.565,0.0035,0.58,0.0245,0.8,0.208,0.219,0.21175,0.11225,-0.011,-0.00724999999999992,-0.10675
"logistic","Logistic regression",1,403,0.347368421052632,2000,400,0.0035,0.7,0.003,0.685,0.0035,0.695,0.0165,0.8575,0.15175,0.159,0.15425,0.0795,-0.00724999999999987,-0.00474999999999987,-0.0795
"logistic","Logistic regression",1,403,0.393421052631579,2000,400,0.0035,0.865,0.003,0.85,0.0035,0.865,0.0125,0.9475,0.06925,0.0765,0.06925,0.0325,-0.00724999999999992,-0.00724999999999992,-0.044
"logistic","Logistic regression",1,403,0.439473684210526,2000,400,0.0035,0.9225,0.003,0.915,0.0035,0.9225,0.009,0.9675,0.0405,0.0439999999999999,0.0405,0.0207499999999999,-0.00349999999999989,-0.00349999999999989,-0.02325
"logistic","Logistic regression",1,403,0.485526315789474,2000,400,0.0035,0.955,0.003,0.955,0.0035,0.955,0.008,0.9775,0.02425,0.024,0.02425,0.01525,0.000250000000000083,0.000250000000000083,-0.00874999999999998
"logistic","Logistic regression",1,403,0.531578947368421,2000,400,0.0035,0.995,0.003,0.99,0.0035,0.9925,0.006,0.9975,0.00425000000000003,0.00649999999999995,0.0055,0.00424999999999998,-0.00224999999999992,-0.000999999999999945,-0.00224999999999997
"logistic","Logistic regression",1,403,0.577631578947368,2000,400,0.0035,0.99,0.003,0.99,0.0035,0.99,0.005,0.9925,0.00675000000000003,0.00649999999999995,0.00675000000000003,0.00624999999999992,0.000250000000000083,0.000250000000000083,-0.000250000000000028
"logistic","Logistic regression",1,403,0.623684210526316,2000,400,0.0035,1,0.003,1,0.0035,1,0.004,1,0.00175000000000003,0.00149999999999995,0.00175000000000003,0.002,0.000250000000000083,0.000250000000000083,0.000500000000000056
"logistic","Logistic regression",1,403,0.669736842105263,2000,400,0.0035,1,0.003,1,0.0035,1,0.0035,1,0.00175000000000003,0.00149999999999995,0.00175000000000003,0.00175000000000003,0.000250000000000083,0.000250000000000083,0.000250000000000083
"logistic","Logistic regression",1,403,0.71578947368421,2000,400,0.0035,1,0.003,1,0.0035,1,0.0035,1,0.00175000000000003,0.00149999999999995,0.00175000000000003,0.00175000000000003,0.000250000000000083,0.000250000000000083,0.000250000000000083
"logistic","Logistic regression",1,403,0.761842105263158,2000,400,0.0035,1,0.003,1,0.0035,1,0.003,1,0.00175000000000003,0.00149999999999995,0.00175000000000003,0.00149999999999995,0.000250000000000083,0.000250000000000083,0
"logistic","Logistic regression",1,403,0.807894736842105,2000,400,0.0035,1,0.003,1,0.0035,1,0.002,1,0.00175000000000003,0.00149999999999995,0.00175000000000003,0.001,0.000250000000000083,0.000250000000000083,-0.000499999999999945
"logistic","Logistic regression",1,403,0.853947368421053,2000,400,0.0035,1,0.003,1,0.0035,1,0.002,1,0.00175000000000003,0.00149999999999995,0.00175000000000003,0.001,0.000250000000000083,0.000250000000000083,-0.000499999999999945
"logistic","Logistic regression",1,403,0.9,2000,400,0.0035,1,0.003,1,0.0035,1,0.0015,1,0.00175000000000003,0.00149999999999995,0.00175000000000003,0.000750000000000028,0.000250000000000083,0.000250000000000083,-0.000749999999999917
"logistic","Logistic regression",1,500,0.025,2000,400,0.004,0.0025,0.002,0.0025,0.002,0.0025,0,0,0.50075,0.49975,0.49975,0.5,0.001,0,0.000249999999999972
"logistic","Logistic regression",1,500,0.0710526315789474,2000,400,0.004,0.0375,0.002,0.03,0.002,0.03,0.0175,0.0875,0.48325,0.486,0.486,0.465,-0.00274999999999997,0,-0.021
"logistic","Logistic regression",1,500,0.117105263157895,2000,400,0.004,0.06,0.002,0.0425,0.002,0.05,0.042,0.2525,0.472,0.47975,0.476,0.39475,-0.00775000000000003,-0.00375000000000003,-0.085
"logistic","Logistic regression",1,500,0.163157894736842,2000,400,0.004,0.16,0.002,0.13,0.002,0.1425,0.042,0.4125,0.422,0.436,0.42975,0.31475,-0.014,-0.00624999999999998,-0.12125
"logistic","Logistic regression",1,500,0.209210526315789,2000,400,0.004,0.36,0.002,0.3025,0.002,0.3225,0.0365,0.62,0.322,0.34975,0.33975,0.20825,-0.02775,-0.01,-0.1415
"logistic","Logistic regression",1,500,0.255263157894737,2000,400,0.004,0.5175,0.002,0.4775,0.002,0.495,0.0285,0.7175,0.24325,0.26225,0.2535,0.1555,-0.019,-0.00874999999999998,-0.10675
"logistic","Logistic regression",1,500,0.301315789473684,2000,400,0.004,0.6475,0.002,0.6175,0.002,0.6275,0.0205,0.8075,0.17825,0.19225,0.18725,0.1065,-0.014,-0.00499999999999995,-0.08575
"logistic","Logistic regression",1,500,0.347368421052632,2000,400,0.004,0.81,0.002,0.7975,0.002,0.8,0.016,0.9175,0.097,0.10225,0.101,0.04925,-0.00525000000000003,-0.00125000000000003,-0.053
"logistic","Logistic regression",1,500,0.393421052631579,2000,400,0.004,0.9225,0.002,0.905,0.002,0.91,0.011,0.9625,0.04075,0.0485,0.046,0.0242499999999999,-0.00774999999999998,-0.0025,-0.02425
"logistic","Logistic regression",1,500,0.439473684210526,2000,400,0.004,0.985,0.002,0.9725,0.002,0.98,0.009,0.995,0.00950000000000001,0.01475,0.011,0.00699999999999995,-0.00524999999999998,-0.00374999999999998,-0.00775000000000003
"logistic","Logistic regression",1,500,0.485526315789474,2000,400,0.004,0.9975,0.002,0.9975,0.002,0.9975,0.007,0.9975,0.00324999999999998,0.00224999999999997,0.00224999999999997,0.00474999999999992,0.001,0,0.00249999999999995
"logistic","Logistic regression",1,500,0.531578947368421,2000,400,0.004,0.995,0.002,0.995,0.002,0.995,0.0065,0.9975,0.0045,0.0035,0.0035,0.00449999999999995,0.001,0,0.000999999999999945
"logistic","Logistic regression",1,500,0.577631578947368,2000,400,0.004,1,0.002,1,0.002,1,0.0045,1,0.002,0.001,0.001,0.00224999999999997,0.001,0,0.00124999999999997
"logistic","Logistic regression",1,500,0.623684210526316,2000,400,0.004,1,0.002,1,0.002,1,0.004,1,0.002,0.001,0.001,0.002,0.001,0,0.001
"logistic","Logistic regression",1,500,0.669736842105263,2000,400,0.004,1,0.002,1,0.002,1,0.002,1,0.002,0.001,0.001,0.001,0.001,0,0
"logistic","Logistic regression",1,500,0.71578947368421,2000,400,0.004,1,0.002,1,0.002,1,0.0015,1,0.002,0.001,0.001,0.000750000000000028,0.001,0,-0.000249999999999972
"logistic","Logistic regression",1,500,0.761842105263158,2000,400,0.004,1,0.002,1,0.002,1,0.001,1,0.002,0.001,0.001,0.000499999999999945,0.001,0,-0.000500000000000056
"logistic","Logistic regression",1,500,0.807894736842105,2000,400,0.004,1,0.002,1,0.002,1,5e-04,1,0.002,0.001,0.001,0.000249999999999972,0.001,0,-0.000750000000000028
"logistic","Logistic regression",1,500,0.853947368421053,2000,400,0.004,1,0.002,1,0.002,1,5e-04,1,0.002,0.001,0.001,0.000249999999999972,0.001,0,-0.000750000000000028
"logistic","Logistic regression",1,500,0.9,2000,400,0.004,1,0.002,1,0.002,1,5e-04,1,0.002,0.001,0.001,0.000249999999999972,0.001,0,-0.000750000000000028
"ranova","Repeated-measures ANOVA",3,30,0.025,2000,400,0.002,0.01,0.029,0.045,0.0085,0.015,0,0,0.496,0.492,0.49675,0.5,0.00400000000000006,0.00475000000000003,0.00800000000000006
"ranova","Repeated-measures ANOVA",3,30,0.0710526315789474,2000,400,0.002,0.015,0.029,0.0725,0.0085,0.0225,0,0.0025,0.4935,0.47825,0.493,0.49875,0.01525,0.01475,0.0205000000000001
"ranova","Repeated-measures ANOVA",3,30,0.117105263157895,2000,400,0.002,0.04,0.029,0.155,0.0085,0.075,0.0115,0.085,0.481,0.437,0.46675,0.46325,0.044,0.0297500000000001,0.0262500000000001
"ranova","Repeated-measures ANOVA",3,30,0.163157894736842,2000,400,0.002,0.0575,0.029,0.2225,0.0085,0.095,0.03,0.23,0.47225,0.40325,0.45675,0.4,0.0690000000000001,0.0535,-0.00324999999999992
"ranova","Repeated-measures ANOVA",3,30,0.209210526315789,2000,400,0.002,0.1775,0.029,0.385,0.0085,0.23,0.045,0.4225,0.41225,0.322,0.38925,0.31125,0.09025,0.06725,-0.01075
"ranova","Repeated-measures ANOVA",3,30,0.255263157894737,2000,400,0.002,0.23,0.029,0.5425,0.0085,0.3525,0.0455,0.595,0.386,0.24325,0.328,0.22525,0.14275,0.08475,-0.0179999999999999
"ranova","Repeated-measures ANOVA",3,30,0.301315789473684,2000,400,0.002,0.5075,0.029,0.78,0.0085,0.595,0.0395,0.8,0.24725,0.1245,0.20675,0.11975,0.12275,0.08225,-0.00474999999999992
"ranova","Repeated-measures ANOVA",3,30,0.347368421052632,2000,400,0.002,0.655,0.029,0.87,0.0085,0.7425,0.03,0.87,0.1735,0.0795,0.133,0.08,0.094,0.0535,0.000500000000000056
"ranova","Repeated-measures ANOVA",3,30,0.393421052631579,2000,400,0.002,0.785,0.029,0.9475,0.0085,0.85,0.026,0.9475,0.1085,0.04075,0.07925,0.03925,0.06775,0.0385,-0.00149999999999995
"ranova","Repeated-measures ANOVA",3,30,0.439473684210526,2000,400,0.002,0.9,0.029,0.9925,0.0085,0.935,0.022,0.98,0.051,0.0182499999999999,0.03675,0.021,0.0327500000000001,0.0185,0.00275000000000009
"ranova","Repeated-measures ANOVA",3,30,0.485526315789474,2000,400,0.002,0.9725,0.029,0.99,0.0085,0.985,0.0175,0.99,0.01475,0.0195,0.01175,0.01375,-0.00474999999999998,-0.00774999999999998,-0.00574999999999992
"ranova","Repeated-measures ANOVA",3,30,0.531578947368421,2000,400,0.002,0.995,0.029,0.9975,0.0085,0.995,0.0135,0.995,0.0035,0.0157499999999999,0.00674999999999998,0.00925000000000004,-0.0122499999999999,-0.00899999999999995,-0.0064999999999999
"ranova","Repeated-measures ANOVA",3,30,0.577631578947368,2000,400,0.002,0.995,0.029,1,0.0085,0.9975,0.012,0.9975,0.0035,0.0145,0.00549999999999995,0.00724999999999998,-0.011,-0.00900000000000001,-0.00724999999999998
"ranova","Repeated-measures ANOVA",3,30,0.623684210526316,2000,400,0.002,0.9975,0.029,1,0.0085,0.9975,0.01,1,0.00224999999999997,0.0145,0.00549999999999995,0.005,-0.01225,-0.00900000000000001,-0.00949999999999995
"ranova","Repeated-measures ANOVA",3,30,0.669736842105263,2000,400,0.002,1,0.029,1,0.0085,1,0.0075,1,0.001,0.0145,0.00424999999999998,0.00375000000000003,-0.0135,-0.01025,-0.0107499999999999
"ranova","Repeated-measures ANOVA",3,30,0.71578947368421,2000,400,0.002,1,0.029,1,0.0085,1,0.0045,1,0.001,0.0145,0.00424999999999998,0.00224999999999997,-0.0135,-0.01025,-0.01225
"ranova","Repeated-measures ANOVA",3,30,0.761842105263158,2000,400,0.002,1,0.029,1,0.0085,1,0.0025,1,0.001,0.0145,0.00424999999999998,0.00124999999999997,-0.0135,-0.01025,-0.01325
"ranova","Repeated-measures ANOVA",3,30,0.807894736842105,2000,400,0.002,1,0.029,1,0.0085,1,0.002,1,0.001,0.0145,0.00424999999999998,0.001,-0.0135,-0.01025,-0.0135
"ranova","Repeated-measures ANOVA",3,30,0.853947368421053,2000,400,0.002,1,0.029,1,0.0085,1,0.002,1,0.001,0.0145,0.00424999999999998,0.001,-0.0135,-0.01025,-0.0135
"ranova","Repeated-measures ANOVA",3,30,0.9,2000,400,0.002,1,0.029,1,0.0085,1,0.0015,1,0.001,0.0145,0.00424999999999998,0.000750000000000028,-0.0135,-0.01025,-0.0137499999999999
"ranova","Repeated-measures ANOVA",3,37,0.025,2000,400,0.0045,0.0075,0.0285,0.0425,0.0065,0.0125,0,0,0.4985,0.493,0.497,0.5,0.0055,0.004,0.00700000000000001
"ranova","Repeated-measures ANOVA",3,37,0.0710526315789474,2000,400,0.0045,0.0075,0.0285,0.0475,0.0065,0.0125,5e-04,0.0025,0.4985,0.4905,0.497,0.499,0.00800000000000001,0.00650000000000001,0.00850000000000001
"ranova","Repeated-measures ANOVA",3,37,0.117105263157895,2000,400,0.0045,0.035,0.0285,0.1275,0.0065,0.045,0.0185,0.0825,0.48475,0.4505,0.48075,0.468,0.03425,0.0302499999999999,0.0175
"ranova","Repeated-measures ANOVA",3,37,0.163157894736842,2000,400,0.0045,0.09,0.0285,0.2375,0.0065,0.1225,0.042,0.29,0.45725,0.3955,0.442,0.376,0.06175,0.0465,-0.0195
"ranova","Repeated-measures ANOVA",3,37,0.209210526315789,2000,400,0.0045,0.24,0.0285,0.5175,0.0065,0.2875,0.047,0.565,0.38225,0.2555,0.3595,0.241,0.12675,0.104,-0.0145
"ranova","Repeated-measures ANOVA",3,37,0.255263157894737,2000,400,0.0045,0.3975,0.0285,0.6725,0.0065,0.4675,0.0435,0.725,0.3035,0.178,0.2695,0.15925,0.1255,0.0915,-0.0187499999999999
"ranova","Repeated-measures ANOVA",3,37,0.301315789473684,2000,400,0.0045,0.6175,0.0285,0.8275,0.0065,0.6825,0.0345,0.84,0.1935,0.1005,0.162,0.09725,0.093,0.0615,-0.00324999999999998
"ranova","Repeated-measures ANOVA",3,37,0.347368421052632,2000,400,0.0045,0.7875,0.0285,0.94,0.0065,0.8275,0.027,0.94,0.1085,0.04425,0.0895,0.0435,0.06425,0.04525,-0.000750000000000028
"ranova","Repeated-measures ANOVA",3,37,0.393421052631579,2000,400,0.0045,0.9075,0.0285,0.9725,0.0065,0.925,0.0225,0.9625,0.0485,0.028,0.04075,0.03,0.0205,0.01275,0.002
"ranova","Repeated-measures ANOVA",3,37,0.439473684210526,2000,400,0.0045,0.9625,0.0285,0.9975,0.0065,0.98,0.0185,0.9925,0.021,0.0155,0.01325,0.013,0.0055,-0.00224999999999997,-0.0025
"ranova","Repeated-measures ANOVA",3,37,0.485526315789474,2000,400,0.0045,0.99,0.0285,0.9975,0.0065,0.99,0.0135,0.995,0.00724999999999998,0.0155,0.00824999999999998,0.00925000000000004,-0.00824999999999998,-0.00724999999999998,-0.00624999999999992
"ranova","Repeated-measures ANOVA",3,37,0.531578947368421,2000,400,0.0045,0.9975,0.0285,1,0.0065,0.9975,0.01,0.9975,0.00349999999999995,0.01425,0.00449999999999995,0.00624999999999998,-0.01075,-0.00975000000000004,-0.00800000000000001
"ranova","Repeated-measures ANOVA",3,37,0.577631578947368,2000,400,0.0045,1,0.0285,1,0.0065,1,0.009,1,0.00224999999999997,0.01425,0.00324999999999998,0.00449999999999995,-0.012,-0.011,-0.00975000000000004
"ranova","Repeated-measures ANOVA",3,37,0.623684210526316,2000,400,0.0045,1,0.0285,1,0.0065,1,0.007,1,0.00224999999999997,0.01425,0.00324999999999998,0.00349999999999995,-0.012,-0.011,-0.01075
"ranova","Repeated-measures ANOVA",3,37,0.669736842105263,2000,400,0.0045,1,0.0285,1,0.0065,1,0.006,1,0.00224999999999997,0.01425,0.00324999999999998,0.003,-0.012,-0.011,-0.01125
"ranova","Repeated-measures ANOVA",3,37,0.71578947368421,2000,400,0.0045,1,0.0285,1,0.0065,1,0.006,1,0.00224999999999997,0.01425,0.00324999999999998,0.003,-0.012,-0.011,-0.01125
"ranova","Repeated-measures ANOVA",3,37,0.761842105263158,2000,400,0.0045,1,0.0285,1,0.0065,1,0.004,1,0.00224999999999997,0.01425,0.00324999999999998,0.002,-0.012,-0.011,-0.01225
"ranova","Repeated-measures ANOVA",3,37,0.807894736842105,2000,400,0.0045,1,0.0285,1,0.0065,1,0.003,1,0.00224999999999997,0.01425,0.00324999999999998,0.00149999999999995,-0.012,-0.011,-0.01275
"ranova","Repeated-measures ANOVA",3,37,0.853947368421053,2000,400,0.0045,1,0.0285,1,0.0065,1,0.0025,1,0.00224999999999997,0.01425,0.00324999999999998,0.00124999999999997,-0.012,-0.011,-0.013
"ranova","Repeated-measures ANOVA",3,37,0.9,2000,400,0.0045,1,0.0285,1,0.0065,1,0.0025,1,0.00224999999999997,0.01425,0.00324999999999998,0.00124999999999997,-0.012,-0.011,-0.013
"ranova","Repeated-measures ANOVA",3,46,0.025,2000,400,0.005,0.005,0.0325,0.0425,0.0075,0.0075,0,0,0.5,0.495,0.5,0.5,0.00499999999999995,0.005,0.005
"ranova","Repeated-measures ANOVA",3,46,0.0710526315789474,2000,400,0.005,0.02,0.0325,0.08,0.0075,0.02,0.0025,0.0075,0.4925,0.47625,0.49375,0.4975,0.0162499999999999,0.0175,0.02125
"ranova","Repeated-measures ANOVA",3,46,0.117105263157895,2000,400,0.005,0.0425,0.0325,0.18,0.0075,0.0475,0.0295,0.165,0.48125,0.42625,0.48,0.43225,0.0549999999999999,0.05375,0.006
"ranova","Repeated-measures ANOVA",3,46,0.163157894736842,2000,400,0.005,0.1225,0.0325,0.33,0.0075,0.135,0.048,0.405,0.44125,0.35125,0.43625,0.3215,0.09,0.0850000000000001,-0.0297499999999999
"ranova","Repeated-measures ANOVA",3,46,0.209210526315789,2000,400,0.005,0.3125,0.0325,0.5725,0.0075,0.32,0.0485,0.645,0.34625,0.23,0.34375,0.20175,0.11625,0.11375,-0.02825
"ranova","Repeated-measures ANOVA",3,46,0.255263157894737,2000,400,0.005,0.525,0.0325,0.7475,0.0075,0.545,0.041,0.7825,0.24,0.1425,0.23125,0.12925,0.0975,0.08875,-0.01325
"ranova","Repeated-measures ANOVA",3,46,0.301315789473684,2000,400,0.005,0.81,0.0325,0.9425,0.0075,0.8275,0.0335,0.9425,0.0974999999999999,0.045,0.09,0.0455,0.0524999999999999,0.045,0.000500000000000056
"ranova","Repeated-measures ANOVA",3,46,0.347368421052632,2000,400,0.005,0.895,0.0325,0.9725,0.0075,0.9025,0.025,0.97,0.0549999999999999,0.03,0.0525,0.0275,0.025,0.0225000000000001,-0.0025
"ranova","Repeated-measures ANOVA",3,46,0.393421052631579,2000,400,0.005,0.9675,0.0325,0.9925,0.0075,0.9675,0.0195,0.99,0.0187499999999999,0.02,0.02,0.01475,-0.00125000000000003,5.55111512312578e-17,-0.00524999999999992
"ranova","Repeated-measures ANOVA",3,46,0.439473684210526,2000,400,0.005,1,0.0325,1,0.0075,1,0.0165,1,0.00249999999999995,0.01625,0.00375000000000003,0.00824999999999998,-0.01375,-0.0125,-0.00800000000000001
"ranova","Repeated-measures ANOVA",3,46,0.485526315789474,2000,400,0.005,1,0.0325,1,0.0075,1,0.0145,1,0.00249999999999995,0.01625,0.00375000000000003,0.00724999999999998,-0.01375,-0.0125,-0.00900000000000001
"ranova","Repeated-measures ANOVA",3,46,0.531578947368421,2000,400,0.005,1,0.0325,1,0.0075,1,0.012,1,0.00249999999999995,0.01625,0.00375000000000003,0.006,-0.01375,-0.0125,-0.01025
"ranova","Repeated-measures ANOVA",3,46,0.577631578947368,2000,400,0.005,1,0.0325,1,0.0075,1,0.008,1,0.00249999999999995,0.01625,0.00375000000000003,0.004,-0.01375,-0.0125,-0.01225
"ranova","Repeated-measures ANOVA",3,46,0.623684210526316,2000,400,0.005,1,0.0325,1,0.0075,1,0.0075,1,0.00249999999999995,0.01625,0.00375000000000003,0.00375000000000003,-0.01375,-0.0125,-0.0125
"ranova","Repeated-measures ANOVA",3,46,0.669736842105263,2000,400,0.005,1,0.0325,1,0.0075,1,0.0045,1,0.00249999999999995,0.01625,0.00375000000000003,0.00224999999999997,-0.01375,-0.0125,-0.014
"ranova","Repeated-measures ANOVA",3,46,0.71578947368421,2000,400,0.005,1,0.0325,1,0.0075,1,0.0045,1,0.00249999999999995,0.01625,0.00375000000000003,0.00224999999999997,-0.01375,-0.0125,-0.014
"ranova","Repeated-measures ANOVA",3,46,0.761842105263158,2000,400,0.005,1,0.0325,1,0.0075,1,0.0035,1,0.00249999999999995,0.01625,0.00375000000000003,0.00175000000000003,-0.01375,-0.0125,-0.0145
"ranova","Repeated-measures ANOVA",3,46,0.807894736842105,2000,400,0.005,1,0.0325,1,0.0075,1,0.003,1,0.00249999999999995,0.01625,0.00375000000000003,0.00149999999999995,-0.01375,-0.0125,-0.01475
"ranova","Repeated-measures ANOVA",3,46,0.853947368421053,2000,400,0.005,1,0.0325,1,0.0075,1,0.0025,1,0.00249999999999995,0.01625,0.00375000000000003,0.00124999999999997,-0.01375,-0.0125,-0.015
"ranova","Repeated-measures ANOVA",3,46,0.9,2000,400,0.005,1,0.0325,1,0.0075,1,0.0025,1,0.00249999999999995,0.01625,0.00375000000000003,0.00124999999999997,-0.01375,-0.0125,-0.015
"ranova","Repeated-measures ANOVA",3,57,0.025,2000,400,0.006,0.01,0.029,0.035,0.0045,0.0075,0,0,0.498,0.497,0.4985,0.5,0.00100000000000006,0.00150000000000006,0.00300000000000006
"ranova","Repeated-measures ANOVA",3,57,0.0710526315789474,2000,400,0.006,0.02,0.029,0.0725,0.0045,0.02,0.005,0.02,0.493,0.47825,0.49225,0.4925,0.01475,0.014,0.01425
"ranova","Repeated-measures ANOVA",3,57,0.117105263157895,2000,400,0.006,0.075,0.029,0.2025,0.0045,0.075,0.0365,0.2225,0.4655,0.41325,0.46475,0.407,0.0522500000000001,0.0515,-0.00624999999999998
"ranova","Repeated-measures ANOVA",3,57,0.163157894736842,2000,400,0.006,0.2125,0.029,0.4175,0.0045,0.2075,0.0495,0.5,0.39675,0.30575,0.3985,0.27475,0.091,0.09275,-0.0309999999999999
"ranova","Repeated-measures ANOVA",3,57,0.209210526315789,2000,400,0.006,0.4225,0.029,0.69,0.0045,0.4075,0.0455,0.7425,0.29175,0.1695,0.2985,0.1515,0.12225,0.129,-0.018
"ranova","Repeated-measures ANOVA",3,57,0.255263157894737,2000,400,0.006,0.6875,0.029,0.875,0.0045,0.675,0.0365,0.885,0.15925,0.077,0.16475,0.07575,0.08225,0.08775,-0.00124999999999997
"ranova","Repeated-measures ANOVA",3,57,0.301315789473684,2000,400,0.006,0.8925,0.029,0.9575,0.0045,0.8775,0.025,0.955,0.05675,0.03575,0.0635,0.035,0.0210000000000001,0.0277500000000001,-0.000749999999999973
"ranova","Repeated-measures ANOVA",3,57,0.347368421052632,2000,400,0.006,0.9775,0.029,0.9975,0.0045,0.975,0.0185,0.9975,0.01425,0.0157499999999999,0.01475,0.0105,-0.00149999999999995,-0.000999999999999945,-0.00524999999999998
"ranova","Repeated-measures ANOVA",3,57,0.393421052631579,2000,400,0.006,0.9975,0.029,1,0.0045,0.995,0.016,1,0.00424999999999998,0.0145,0.00474999999999998,0.00800000000000001,-0.01025,-0.00974999999999998,-0.00649999999999995
"ranova","Repeated-measures ANOVA",3,57,0.439473684210526,2000,400,0.006,0.9975,0.029,1,0.0045,0.9975,0.011,1,0.00424999999999998,0.0145,0.00349999999999995,0.00549999999999995,-0.01025,-0.011,-0.00900000000000001
"ranova","Repeated-measures ANOVA",3,57,0.485526315789474,2000,400,0.006,1,0.029,1,0.0045,1,0.0095,1,0.003,0.0145,0.00224999999999997,0.00475000000000003,-0.0115,-0.01225,-0.00974999999999993
"ranova","Repeated-measures ANOVA",3,57,0.531578947368421,2000,400,0.006,1,0.029,1,0.0045,1,0.007,1,0.003,0.0145,0.00224999999999997,0.00349999999999995,-0.0115,-0.01225,-0.011
"ranova","Repeated-measures ANOVA",3,57,0.577631578947368,2000,400,0.006,1,0.029,1,0.0045,1,0.006,1,0.003,0.0145,0.00224999999999997,0.003,-0.0115,-0.01225,-0.0115
"ranova","Repeated-measures ANOVA",3,57,0.623684210526316,2000,400,0.006,1,0.029,1,0.0045,1,0.0035,1,0.003,0.0145,0.00224999999999997,0.00175000000000003,-0.0115,-0.01225,-0.0127499999999999
"ranova","Repeated-measures ANOVA",3,57,0.669736842105263,2000,400,0.006,1,0.029,1,0.0045,1,0.0035,1,0.003,0.0145,0.00224999999999997,0.00175000000000003,-0.0115,-0.01225,-0.0127499999999999
"ranova","Repeated-measures ANOVA",3,57,0.71578947368421,2000,400,0.006,1,0.029,1,0.0045,1,0.003,1,0.003,0.0145,0.00224999999999997,0.00149999999999995,-0.0115,-0.01225,-0.013
"ranova","Repeated-measures ANOVA",3,57,0.761842105263158,2000,400,0.006,1,0.029,1,0.0045,1,0.002,1,0.003,0.0145,0.00224999999999997,0.001,-0.0115,-0.01225,-0.0135
"ranova","Repeated-measures ANOVA",3,57,0.807894736842105,2000,400,0.006,1,0.029,1,0.0045,1,0.0015,1,0.003,0.0145,0.00224999999999997,0.000750000000000028,-0.0115,-0.01225,-0.0137499999999999
"ranova","Repeated-measures ANOVA",3,57,0.853947368421053,2000,400,0.006,1,0.029,1,0.0045,1,0.001,1,0.003,0.0145,0.00224999999999997,0.000499999999999945,-0.0115,-0.01225,-0.014
"ranova","Repeated-measures ANOVA",3,57,0.9,2000,400,0.006,1,0.029,1,0.0045,1,0.001,1,0.003,0.0145,0.00224999999999997,0.000499999999999945,-0.0115,-0.01225,-0.014
"ranova","Repeated-measures ANOVA",3,71,0.025,2000,400,0.006,0.005,0.03,0.03,0.0045,0.005,0,0,0.5005,0.5,0.49975,0.5,0.000500000000000056,-0.000250000000000028,0
"ranova","Repeated-measures ANOVA",3,71,0.0710526315789474,2000,400,0.006,0.03,0.03,0.11,0.0045,0.0225,0.0105,0.065,0.488,0.46,0.491,0.47275,0.028,0.031,0.01275
"ranova","Repeated-measures ANOVA",3,71,0.117105263157895,2000,400,0.006,0.115,0.03,0.2675,0.0045,0.105,0.0465,0.33,0.4455,0.38125,0.44975,0.35825,0.06425,0.0685,-0.023
"ranova","Repeated-measures ANOVA",3,71,0.163157894736842,2000,400,0.006,0.27,0.03,0.5075,0.0045,0.24,0.0525,0.595,0.368,0.26125,0.38225,0.22875,0.10675,0.121,-0.0325
"ranova","Repeated-measures ANOVA",3,71,0.209210526315789,2000,400,0.006,0.5925,0.03,0.8075,0.0045,0.565,0.0435,0.8325,0.20675,0.11125,0.21975,0.1055,0.0955,0.1085,-0.00574999999999998
"ranova","Repeated-measures ANOVA",3,71,0.255263157894737,2000,400,0.006,0.8125,0.03,0.94,0.0045,0.785,0.0305,0.94,0.09675,0.045,0.10975,0.04525,0.05175,0.0647499999999999,0.000249999999999972
"ranova","Repeated-measures ANOVA",3,71,0.301315789473684,2000,400,0.006,0.9275,0.03,0.99,0.0045,0.925,0.022,0.985,0.03925,0.02,0.03975,0.0185,0.01925,0.0197499999999999,-0.0015
"ranova","Repeated-measures ANOVA",3,71,0.347368421052632,2000,400,0.006,0.99,0.03,0.9975,0.0045,0.985,0.015,0.9975,0.00800000000000001,0.01625,0.00974999999999998,0.00874999999999992,-0.00824999999999998,-0.00650000000000001,-0.00750000000000006
"ranova","Repeated-measures ANOVA",3,71,0.393421052631579,2000,400,0.006,1,0.03,1,0.0045,1,0.011,1,0.003,0.015,0.00224999999999997,0.00549999999999995,-0.012,-0.01275,-0.00950000000000006
"ranova","Repeated-measures ANOVA",3,71,0.439473684210526,2000,400,0.006,1,0.03,1,0.0045,1,0.0085,1,0.003,0.015,0.00224999999999997,0.00424999999999998,-0.012,-0.01275,-0.01075
"ranova","Repeated-measures ANOVA",3,71,0.485526315789474,2000,400,0.006,1,0.03,1,0.0045,1,0.0075,1,0.003,0.015,0.00224999999999997,0.00375000000000003,-0.012,-0.01275,-0.01125
"ranova","Repeated-measures ANOVA",3,71,0.531578947368421,2000,400,0.006,1,0.03,1,0.0045,1,0.006,1,0.003,0.015,0.00224999999999997,0.003,-0.012,-0.01275,-0.012
"ranova","Repeated-measures ANOVA",3,71,0.577631578947368,2000,400,0.006,1,0.03,1,0.0045,1,0.0045,1,0.003,0.015,0.00224999999999997,0.00224999999999997,-0.012,-0.01275,-0.01275
"ranova","Repeated-measures ANOVA",3,71,0.623684210526316,2000,400,0.006,1,0.03,1,0.0045,1,0.0025,1,0.003,0.015,0.00224999999999997,0.00124999999999997,-0.012,-0.01275,-0.01375
"ranova","Repeated-measures ANOVA",3,71,0.669736842105263,2000,400,0.006,1,0.03,1,0.0045,1,0.0025,1,0.003,0.015,0.00224999999999997,0.00124999999999997,-0.012,-0.01275,-0.01375
"ranova","Repeated-measures ANOVA",3,71,0.71578947368421,2000,400,0.006,1,0.03,1,0.0045,1,0.002,1,0.003,0.015,0.00224999999999997,0.001,-0.012,-0.01275,-0.014
"ranova","Repeated-measures ANOVA",3,71,0.761842105263158,2000,400,0.006,1,0.03,1,0.0045,1,0.002,1,0.003,0.015,0.00224999999999997,0.001,-0.012,-0.01275,-0.014
"ranova","Repeated-measures ANOVA",3,71,0.807894736842105,2000,400,0.006,1,0.03,1,0.0045,1,0.0015,1,0.003,0.015,0.00224999999999997,0.000750000000000028,-0.012,-0.01275,-0.01425
"ranova","Repeated-measures ANOVA",3,71,0.853947368421053,2000,400,0.006,1,0.03,1,0.0045,1,0.0015,1,0.003,0.015,0.00224999999999997,0.000750000000000028,-0.012,-0.01275,-0.01425
"ranova","Repeated-measures ANOVA",3,71,0.9,2000,400,0.006,1,0.03,1,0.0045,1,5e-04,1,0.003,0.015,0.00224999999999997,0.000249999999999972,-0.012,-0.01275,-0.01475
"ranova","Repeated-measures ANOVA",3,89,0.025,2000,400,0.0055,0.0125,0.033,0.0375,0.003,0.01,0,0,0.4965,0.49775,0.4965,0.5,-0.00124999999999992,-0.00125000000000003,0.00225000000000003
"ranova","Repeated-measures ANOVA",3,89,0.0710526315789474,2000,400,0.0055,0.045,0.033,0.1375,0.003,0.025,0.014,0.1025,0.48025,0.44775,0.489,0.45575,0.0325,0.04125,0.00800000000000001
"ranova","Repeated-measures ANOVA",3,89,0.117105263157895,2000,400,0.0055,0.13,0.033,0.31,0.003,0.1,0.053,0.41,0.43775,0.3615,0.4515,0.3215,0.0762500000000001,0.09,-0.0399999999999999
"ranova","Repeated-measures ANOVA",3,89,0.163157894736842,2000,400,0.0055,0.4475,0.033,0.625,0.003,0.3575,0.051,0.7075,0.279,0.204,0.32275,0.17175,0.0750000000000001,0.11875,-0.03225
"ranova","Repeated-measures ANOVA",3,89,0.209210526315789,2000,400,0.0055,0.7075,0.033,0.865,0.003,0.6325,0.0385,0.8825,0.149,0.084,0.18525,0.078,0.0650000000000001,0.10125,-0.00599999999999995
"ranova","Repeated-measures ANOVA",3,89,0.255263157894737,2000,400,0.0055,0.935,0.033,0.9825,0.003,0.9125,0.0285,0.98,0.03525,0.0252499999999999,0.04525,0.02425,0.0100000000000001,0.02,-0.000999999999999945
"ranova","Repeated-measures ANOVA",3,89,0.301315789473684,2000,400,0.0055,0.995,0.033,1,0.003,0.9825,0.0135,1,0.00525000000000003,0.0165,0.0102499999999999,0.00675000000000003,-0.0112499999999999,-0.00625000000000003,-0.00974999999999993
"ranova","Repeated-measures ANOVA",3,89,0.347368421052632,2000,400,0.0055,1,0.033,1,0.003,0.9975,0.0095,1,0.00275000000000003,0.0165,0.00274999999999992,0.00475000000000003,-0.0137499999999999,-0.01375,-0.0117499999999999
"ranova","Repeated-measures ANOVA",3,89,0.393421052631579,2000,400,0.0055,1,0.033,1,0.003,1,0.007,1,0.00275000000000003,0.0165,0.00149999999999995,0.00349999999999995,-0.0137499999999999,-0.015,-0.013
"ranova","Repeated-measures ANOVA",3,89,0.439473684210526,2000,400,0.0055,1,0.033,1,0.003,1,0.006,1,0.00275000000000003,0.0165,0.00149999999999995,0.003,-0.0137499999999999,-0.015,-0.0135
"ranova","Repeated-measures ANOVA",3,89,0.485526315789474,2000,400,0.0055,1,0.033,1,0.003,1,0.005,1,0.00275000000000003,0.0165,0.00149999999999995,0.00249999999999995,-0.0137499999999999,-0.015,-0.014
"ranova","Repeated-measures ANOVA",3,89,0.531578947368421,2000,400,0.0055,1,0.033,1,0.003,1,0.003,1,0.00275000000000003,0.0165,0.00149999999999995,0.00149999999999995,-0.0137499999999999,-0.015,-0.015
"ranova","Repeated-measures ANOVA",3,89,0.577631578947368,2000,400,0.0055,1,0.033,1,0.003,1,0.0025,1,0.00275000000000003,0.0165,0.00149999999999995,0.00124999999999997,-0.0137499999999999,-0.015,-0.01525
"ranova","Repeated-measures ANOVA",3,89,0.623684210526316,2000,400,0.0055,1,0.033,1,0.003,1,0.0025,1,0.00275000000000003,0.0165,0.00149999999999995,0.00124999999999997,-0.0137499999999999,-0.015,-0.01525
"ranova","Repeated-measures ANOVA",3,89,0.669736842105263,2000,400,0.0055,1,0.033,1,0.003,1,0.002,1,0.00275000000000003,0.0165,0.00149999999999995,0.001,-0.0137499999999999,-0.015,-0.0155
"ranova","Repeated-measures ANOVA",3,89,0.71578947368421,2000,400,0.0055,1,0.033,1,0.003,1,0.0015,1,0.00275000000000003,0.0165,0.00149999999999995,0.000750000000000028,-0.0137499999999999,-0.015,-0.0157499999999999
"ranova","Repeated-measures ANOVA",3,89,0.761842105263158,2000,400,0.0055,1,0.033,1,0.003,1,0.001,1,0.00275000000000003,0.0165,0.00149999999999995,0.000499999999999945,-0.0137499999999999,-0.015,-0.016
"ranova","Repeated-measures ANOVA",3,89,0.807894736842105,2000,400,0.0055,1,0.033,1,0.003,1,0.001,1,0.00275000000000003,0.0165,0.00149999999999995,0.000499999999999945,-0.0137499999999999,-0.015,-0.016
"ranova","Repeated-measures ANOVA",3,89,0.853947368421053,2000,400,0.0055,1,0.033,1,0.003,1,5e-04,1,0.00275000000000003,0.0165,0.00149999999999995,0.000249999999999972,-0.0137499999999999,-0.015,-0.01625
"ranova","Repeated-measures ANOVA",3,89,0.9,2000,400,0.0055,1,0.033,1,0.003,1,5e-04,1,0.00275000000000003,0.0165,0.00149999999999995,0.000249999999999972,-0.0137499999999999,-0.015,-0.01625
"ranova","Repeated-measures ANOVA",3,110,0.025,2000,400,0.005,0.0025,0.0255,0.0375,0.0025,0,0,0,0.50125,0.494,0.50125,0.5,0.00724999999999992,0.00724999999999992,0.00599999999999995
"ranova","Repeated-measures ANOVA",3,110,0.0710526315789474,2000,400,0.005,0.03,0.0255,0.11,0.0025,0.0075,0.025,0.11,0.4875,0.45775,0.4975,0.4575,0.0297499999999999,0.03975,-0.000250000000000083
"ranova","Repeated-measures ANOVA",3,110,0.117105263157895,2000,400,0.005,0.22,0.0255,0.4025,0.0025,0.1575,0.05,0.5,0.3925,0.3115,0.4225,0.275,0.081,0.111,-0.0365
"ranova","Repeated-measures ANOVA",3,110,0.163157894736842,2000,400,0.005,0.54,0.0255,0.765,0.0025,0.4625,0.0425,0.8075,0.2325,0.13025,0.27,0.1175,0.10225,0.13975,-0.01275
"ranova","Repeated-measures ANOVA",3,110,0.209210526315789,2000,400,0.005,0.8625,0.0255,0.95,0.0025,0.81,0.0305,0.9525,0.0712499999999999,0.0377500000000001,0.09625,0.039,0.0334999999999999,0.0584999999999999,0.00124999999999992
"ranova","Repeated-measures ANOVA",3,110,0.255263157894737,2000,400,0.005,0.98,0.0255,0.9975,0.0025,0.955,0.022,0.995,0.0125,0.014,0.02375,0.0135,-0.00150000000000006,0.00974999999999998,-5e-04
"ranova","Repeated-measures ANOVA",3,110,0.301315789473684,2000,400,0.005,0.9975,0.0255,0.9975,0.0025,0.985,0.0135,0.9975,0.00374999999999992,0.014,0.00874999999999998,0.00800000000000001,-0.0102500000000001,-0.00525000000000003,-0.006
"ranova","Repeated-measures ANOVA",3,110,0.347368421052632,2000,400,0.005,1,0.0255,1,0.0025,1,0.01,1,0.00249999999999995,0.01275,0.00124999999999997,0.005,-0.0102500000000001,-0.0115000000000001,-0.00775000000000003
"ranova","Repeated-measures ANOVA",3,110,0.393421052631579,2000,400,0.005,1,0.0255,1,0.0025,1,0.006,1,0.00249999999999995,0.01275,0.00124999999999997,0.003,-0.0102500000000001,-0.0115000000000001,-0.00975000000000004
"ranova","Repeated-measures ANOVA",3,110,0.439473684210526,2000,400,0.005,1,0.0255,1,0.0025,1,0.005,1,0.00249999999999995,0.01275,0.00124999999999997,0.00249999999999995,-0.0102500000000001,-0.0115000000000001,-0.0102500000000001
"ranova","Repeated-measures ANOVA",3,110,0.485526315789474,2000,400,0.005,1,0.0255,1,0.0025,1,0.0025,1,0.00249999999999995,0.01275,0.00124999999999997,0.00124999999999997,-0.0102500000000001,-0.0115000000000001,-0.0115000000000001
"ranova","Repeated-measures ANOVA",3,110,0.531578947368421,2000,400,0.005,1,0.0255,1,0.0025,1,0.0025,1,0.00249999999999995,0.01275,0.00124999999999997,0.00124999999999997,-0.0102500000000001,-0.0115000000000001,-0.0115000000000001
"ranova","Repeated-measures ANOVA",3,110,0.577631578947368,2000,400,0.005,1,0.0255,1,0.0025,1,0.0025,1,0.00249999999999995,0.01275,0.00124999999999997,0.00124999999999997,-0.0102500000000001,-0.0115000000000001,-0.0115000000000001
"ranova","Repeated-measures ANOVA",3,110,0.623684210526316,2000,400,0.005,1,0.0255,1,0.0025,1,0.0025,1,0.00249999999999995,0.01275,0.00124999999999997,0.00124999999999997,-0.0102500000000001,-0.0115000000000001,-0.0115000000000001
"ranova","Repeated-measures ANOVA",3,110,0.669736842105263,2000,400,0.005,1,0.0255,1,0.0025,1,0.0015,1,0.00249999999999995,0.01275,0.00124999999999997,0.000750000000000028,-0.0102500000000001,-0.0115000000000001,-0.012
"ranova","Repeated-measures ANOVA",3,110,0.71578947368421,2000,400,0.005,1,0.0255,1,0.0025,1,0.0015,1,0.00249999999999995,0.01275,0.00124999999999997,0.000750000000000028,-0.0102500000000001,-0.0115000000000001,-0.012
"ranova","Repeated-measures ANOVA",3,110,0.761842105263158,2000,400,0.005,1,0.0255,1,0.0025,1,0.001,1,0.00249999999999995,0.01275,0.00124999999999997,0.000499999999999945,-0.0102500000000001,-0.0115000000000001,-0.0122500000000001
"ranova","Repeated-measures ANOVA",3,110,0.807894736842105,2000,400,0.005,1,0.0255,1,0.0025,1,0.001,1,0.00249999999999995,0.01275,0.00124999999999997,0.000499999999999945,-0.0102500000000001,-0.0115000000000001,-0.0122500000000001
"ranova","Repeated-measures ANOVA",3,110,0.853947368421053,2000,400,0.005,1,0.0255,1,0.0025,1,0.001,1,0.00249999999999995,0.01275,0.00124999999999997,0.000499999999999945,-0.0102500000000001,-0.0115000000000001,-0.0122500000000001
"ranova","Repeated-measures ANOVA",3,110,0.9,2000,400,0.005,1,0.0255,1,0.0025,1,0.001,1,0.00249999999999995,0.01275,0.00124999999999997,0.000499999999999945,-0.0102500000000001,-0.0115000000000001,-0.0122500000000001
"ranova","Repeated-measures ANOVA",3,136,0.025,2000,400,0.003,0.005,0.0205,0.05,0.001,0.0025,0,0,0.499,0.48525,0.49925,0.5,0.01375,0.014,0.01475
"ranova","Repeated-measures ANOVA",3,136,0.0710526315789474,2000,400,0.003,0.0625,0.0205,0.18,0.001,0.025,0.0275,0.2075,0.47025,0.42025,0.488,0.41,0.0499999999999999,0.0677499999999999,-0.01025
"ranova","Repeated-measures ANOVA",3,136,0.117105263157895,2000,400,0.003,0.285,0.0205,0.4875,0.001,0.1925,0.0425,0.61,0.359,0.2665,0.40425,0.21625,0.0925,0.13775,-0.05025
"ranova","Repeated-measures ANOVA",3,136,0.163157894736842,2000,400,0.003,0.7125,0.0205,0.855,0.001,0.5975,0.0315,0.885,0.14525,0.08275,0.20175,0.07325,0.0625,0.119,-0.00949999999999995
"ranova","Repeated-measures ANOVA",3,136,0.209210526315789,2000,400,0.003,0.93,0.0205,0.975,0.001,0.89,0.019,0.975,0.0364999999999999,0.02275,0.0554999999999999,0.022,0.0137499999999999,0.0327499999999999,-0.000750000000000028
"ranova","Repeated-measures ANOVA",3,136,0.255263157894737,2000,400,0.003,0.995,0.0205,0.9975,0.001,0.99,0.0135,0.9975,0.00399999999999995,0.0115,0.00549999999999995,0.00800000000000001,-0.00750000000000001,-0.006,-0.00349999999999995
"ranova","Repeated-measures ANOVA",3,136,0.301315789473684,2000,400,0.003,1,0.0205,1,0.001,1,0.006,1,0.00149999999999995,0.01025,0.000499999999999945,0.003,-0.00875000000000004,-0.00975000000000004,-0.00724999999999998
"ranova","Repeated-measures ANOVA",3,136,0.347368421052632,2000,400,0.003,1,0.0205,1,0.001,1,0.0035,1,0.00149999999999995,0.01025,0.000499999999999945,0.00175000000000003,-0.00875000000000004,-0.00975000000000004,-0.00849999999999995
"ranova","Repeated-measures ANOVA",3,136,0.393421052631579,2000,400,0.003,1,0.0205,1,0.001,1,0.0025,1,0.00149999999999995,0.01025,0.000499999999999945,0.00124999999999997,-0.00875000000000004,-0.00975000000000004,-0.00900000000000001
"ranova","Repeated-measures ANOVA",3,136,0.439473684210526,2000,400,0.003,1,0.0205,1,0.001,1,0.002,1,0.00149999999999995,0.01025,0.000499999999999945,0.001,-0.00875000000000004,-0.00975000000000004,-0.00924999999999998
"ranova","Repeated-measures ANOVA",3,136,0.485526315789474,2000,400,0.003,1,0.0205,1,0.001,1,0.0015,1,0.00149999999999995,0.01025,0.000499999999999945,0.000750000000000028,-0.00875000000000004,-0.00975000000000004,-0.00949999999999995
"ranova","Repeated-measures ANOVA",3,136,0.531578947368421,2000,400,0.003,1,0.0205,1,0.001,1,0.001,1,0.00149999999999995,0.01025,0.000499999999999945,0.000499999999999945,-0.00875000000000004,-0.00975000000000004,-0.00975000000000004
"ranova","Repeated-measures ANOVA",3,136,0.577631578947368,2000,400,0.003,1,0.0205,1,0.001,1,0.001,1,0.00149999999999995,0.01025,0.000499999999999945,0.000499999999999945,-0.00875000000000004,-0.00975000000000004,-0.00975000000000004
"ranova","Repeated-measures ANOVA",3,136,0.623684210526316,2000,400,0.003,1,0.0205,1,0.001,1,0.001,1,0.00149999999999995,0.01025,0.000499999999999945,0.000499999999999945,-0.00875000000000004,-0.00975000000000004,-0.00975000000000004
"ranova","Repeated-measures ANOVA",3,136,0.669736842105263,2000,400,0.003,1,0.0205,1,0.001,1,5e-04,1,0.00149999999999995,0.01025,0.000499999999999945,0.000249999999999972,-0.00875000000000004,-0.00975000000000004,-0.01
"ranova","Repeated-measures ANOVA",3,136,0.71578947368421,2000,400,0.003,1,0.0205,1,0.001,1,0,1,0.00149999999999995,0.01025,0.000499999999999945,0,-0.00875000000000004,-0.00975000000000004,-0.01025
"ranova","Repeated-measures ANOVA",3,136,0.761842105263158,2000,400,0.003,1,0.0205,1,0.001,1,0,1,0.00149999999999995,0.01025,0.000499999999999945,0,-0.00875000000000004,-0.00975000000000004,-0.01025
"ranova","Repeated-measures ANOVA",3,136,0.807894736842105,2000,400,0.003,1,0.0205,1,0.001,1,0,1,0.00149999999999995,0.01025,0.000499999999999945,0,-0.00875000000000004,-0.00975000000000004,-0.01025
"ranova","Repeated-measures ANOVA",3,136,0.853947368421053,2000,400,0.003,1,0.0205,1,0.001,1,0,1,0.00149999999999995,0.01025,0.000499999999999945,0,-0.00875000000000004,-0.00975000000000004,-0.01025
"ranova","Repeated-measures ANOVA",3,136,0.9,2000,400,0.003,1,0.0205,1,0.001,1,0,1,0.00149999999999995,0.01025,0.000499999999999945,0,-0.00875000000000004,-0.00975000000000004,-0.01025
"ranova","Repeated-measures ANOVA",3,169,0.025,2000,400,0.006,0.015,0.019,0.045,0.0025,0.0075,0,0,0.4955,0.487,0.4975,0.5,0.00850000000000006,0.0105000000000001,0.0130000000000001
"ranova","Repeated-measures ANOVA",3,169,0.0710526315789474,2000,400,0.006,0.08,0.019,0.17,0.0025,0.0475,0.0355,0.245,0.463,0.4245,0.4775,0.39525,0.0385000000000001,0.053,-0.0292499999999999
"ranova","Repeated-measures ANOVA",3,169,0.117105263157895,2000,400,0.006,0.3925,0.019,0.605,0.0025,0.28,0.0415,0.7175,0.30675,0.207,0.36125,0.162,0.09975,0.15425,-0.0449999999999999
"ranova","Repeated-measures ANOVA",3,169,0.163157894736842,2000,400,0.006,0.8325,0.019,0.9125,0.0025,0.7025,0.029,0.9375,0.08675,0.05325,0.15,0.04575,0.0335,0.09675,-0.00750000000000001
"ranova","Repeated-measures ANOVA",3,169,0.209210526315789,2000,400,0.006,0.9825,0.019,0.9925,0.0025,0.9475,0.016,0.99,0.01175,0.0132499999999999,0.0275,0.013,-0.00149999999999995,0.01425,-0.000249999999999917
"ranova","Repeated-measures ANOVA",3,169,0.255263157894737,2000,400,0.006,1,0.019,1,0.0025,0.9975,0.011,1,0.003,0.00949999999999995,0.00249999999999995,0.00549999999999995,-0.00649999999999995,-0.00700000000000001,-0.004
"ranova","Repeated-measures ANOVA",3,169,0.301315789473684,2000,400,0.006,1,0.019,1,0.0025,1,0.0075,1,0.003,0.00949999999999995,0.00124999999999997,0.00375000000000003,-0.00649999999999995,-0.00824999999999998,-0.00574999999999992
"ranova","Repeated-measures ANOVA",3,169,0.347368421052632,2000,400,0.006,1,0.019,1,0.0025,1,0.0045,1,0.003,0.00949999999999995,0.00124999999999997,0.00224999999999997,-0.00649999999999995,-0.00824999999999998,-0.00724999999999998
"ranova","Repeated-measures ANOVA",3,169,0.393421052631579,2000,400,0.006,1,0.019,1,0.0025,1,0.004,1,0.003,0.00949999999999995,0.00124999999999997,0.002,-0.00649999999999995,-0.00824999999999998,-0.00749999999999995
"ranova","Repeated-measures ANOVA",3,169,0.439473684210526,2000,400,0.006,1,0.019,1,0.0025,1,0.0035,1,0.003,0.00949999999999995,0.00124999999999997,0.00175000000000003,-0.00649999999999995,-0.00824999999999998,-0.00774999999999992
"ranova","Repeated-measures ANOVA",3,169,0.485526315789474,2000,400,0.006,1,0.019,1,0.0025,1,0.0025,1,0.003,0.00949999999999995,0.00124999999999997,0.00124999999999997,-0.00649999999999995,-0.00824999999999998,-0.00824999999999998
"ranova","Repeated-measures ANOVA",3,169,0.531578947368421,2000,400,0.006,1,0.019,1,0.0025,1,0.0025,1,0.003,0.00949999999999995,0.00124999999999997,0.00124999999999997,-0.00649999999999995,-0.00824999999999998,-0.00824999999999998
"ranova","Repeated-measures ANOVA",3,169,0.577631578947368,2000,400,0.006,1,0.019,1,0.0025,1,0.0025,1,0.003,0.00949999999999995,0.00124999999999997,0.00124999999999997,-0.00649999999999995,-0.00824999999999998,-0.00824999999999998
"ranova","Repeated-measures ANOVA",3,169,0.623684210526316,2000,400,0.006,1,0.019,1,0.0025,1,0.0025,1,0.003,0.00949999999999995,0.00124999999999997,0.00124999999999997,-0.00649999999999995,-0.00824999999999998,-0.00824999999999998
"ranova","Repeated-measures ANOVA",3,169,0.669736842105263,2000,400,0.006,1,0.019,1,0.0025,1,0.0015,1,0.003,0.00949999999999995,0.00124999999999997,0.000750000000000028,-0.00649999999999995,-0.00824999999999998,-0.00874999999999992
"ranova","Repeated-measures ANOVA",3,169,0.71578947368421,2000,400,0.006,1,0.019,1,0.0025,1,5e-04,1,0.003,0.00949999999999995,0.00124999999999997,0.000249999999999972,-0.00649999999999995,-0.00824999999999998,-0.00924999999999998
"ranova","Repeated-measures ANOVA",3,169,0.761842105263158,2000,400,0.006,1,0.019,1,0.0025,1,5e-04,1,0.003,0.00949999999999995,0.00124999999999997,0.000249999999999972,-0.00649999999999995,-0.00824999999999998,-0.00924999999999998
"ranova","Repeated-measures ANOVA",3,169,0.807894736842105,2000,400,0.006,1,0.019,1,0.0025,1,5e-04,1,0.003,0.00949999999999995,0.00124999999999997,0.000249999999999972,-0.00649999999999995,-0.00824999999999998,-0.00924999999999998
"ranova","Repeated-measures ANOVA",3,169,0.853947368421053,2000,400,0.006,1,0.019,1,0.0025,1,5e-04,1,0.003,0.00949999999999995,0.00124999999999997,0.000249999999999972,-0.00649999999999995,-0.00824999999999998,-0.00924999999999998
"ranova","Repeated-measures ANOVA",3,169,0.9,2000,400,0.006,1,0.019,1,0.0025,1,0,1,0.003,0.00949999999999995,0.00124999999999997,0,-0.00649999999999995,-0.00824999999999998,-0.00949999999999995
"ranova","Repeated-measures ANOVA",3,210,0.025,2000,400,0.0025,0.0125,0.0175,0.0325,0,0.01,0,0.0025,0.495,0.4925,0.495,0.49875,0.00249999999999995,0.00249999999999995,0.00624999999999998
"ranova","Repeated-measures ANOVA",3,210,0.0710526315789474,2000,400,0.0025,0.105,0.0175,0.2475,0,0.0475,0.0415,0.335,0.44875,0.385,0.47625,0.35325,0.06375,0.09125,-0.0317499999999999
"ranova","Repeated-measures ANOVA",3,210,0.117105263157895,2000,400,0.0025,0.525,0.0175,0.6725,0,0.37,0.0365,0.735,0.23875,0.1725,0.315,0.15075,0.0662499999999999,0.1425,-0.02175
"ranova","Repeated-measures ANOVA",3,210,0.163157894736842,2000,400,0.0025,0.935,0.0175,0.975,0,0.8675,0.021,0.9825,0.0337499999999999,0.02125,0.06625,0.0192499999999999,0.0124999999999999,0.0449999999999999,-0.00200000000000011
"ranova","Repeated-measures ANOVA",3,210,0.209210526315789,2000,400,0.0025,0.9925,0.0175,0.9975,0,0.975,0.0115,0.995,0.00499999999999995,0.01,0.0125,0.00825000000000004,-0.00500000000000006,0.0025,-0.00174999999999997
"ranova","Repeated-measures ANOVA",3,210,0.255263157894737,2000,400,0.0025,1,0.0175,1,0,1,0.0055,1,0.00124999999999997,0.00875000000000004,0,0.00275000000000003,-0.00750000000000006,-0.00875000000000004,-0.006
"ranova","Repeated-measures ANOVA",3,210,0.301315789473684,2000,400,0.0025,1,0.0175,1,0,1,0.0025,1,0.00124999999999997,0.00875000000000004,0,0.00124999999999997,-0.00750000000000006,-0.00875000000000004,-0.00750000000000006
"ranova","Repeated-measures ANOVA",3,210,0.347368421052632,2000,400,0.0025,1,0.0175,1,0,1,5e-04,1,0.00124999999999997,0.00875000000000004,0,0.000249999999999972,-0.00750000000000006,-0.00875000000000004,-0.00850000000000006
"ranova","Repeated-measures ANOVA",3,210,0.393421052631579,2000,400,0.0025,1,0.0175,1,0,1,5e-04,1,0.00124999999999997,0.00875000000000004,0,0.000249999999999972,-0.00750000000000006,-0.00875000000000004,-0.00850000000000006
"ranova","Repeated-measures ANOVA",3,210,0.439473684210526,2000,400,0.0025,1,0.0175,1,0,1,0,1,0.00124999999999997,0.00875000000000004,0,0,-0.00750000000000006,-0.00875000000000004,-0.00875000000000004
"ranova","Repeated-measures ANOVA",3,210,0.485526315789474,2000,400,0.0025,1,0.0175,1,0,1,0,1,0.00124999999999997,0.00875000000000004,0,0,-0.00750000000000006,-0.00875000000000004,-0.00875000000000004
"ranova","Repeated-measures ANOVA",3,210,0.531578947368421,2000,400,0.0025,1,0.0175,1,0,1,0,1,0.00124999999999997,0.00875000000000004,0,0,-0.00750000000000006,-0.00875000000000004,-0.00875000000000004
"ranova","Repeated-measures ANOVA",3,210,0.577631578947368,2000,400,0.0025,1,0.0175,1,0,1,0,1,0.00124999999999997,0.00875000000000004,0,0,-0.00750000000000006,-0.00875000000000004,-0.00875000000000004
"ranova","Repeated-measures ANOVA",3,210,0.623684210526316,2000,400,0.0025,1,0.0175,1,0,1,0,1,0.00124999999999997,0.00875000000000004,0,0,-0.00750000000000006,-0.00875000000000004,-0.00875000000000004
"ranova","Repeated-measures ANOVA",3,210,0.669736842105263,2000,400,0.0025,1,0.0175,1,0,1,0,1,0.00124999999999997,0.00875000000000004,0,0,-0.00750000000000006,-0.00875000000000004,-0.00875000000000004
"ranova","Repeated-measures ANOVA",3,210,0.71578947368421,2000,400,0.0025,1,0.0175,1,0,1,0,1,0.00124999999999997,0.00875000000000004,0,0,-0.00750000000000006,-0.00875000000000004,-0.00875000000000004
"ranova","Repeated-measures ANOVA",3,210,0.761842105263158,2000,400,0.0025,1,0.0175,1,0,1,0,1,0.00124999999999997,0.00875000000000004,0,0,-0.00750000000000006,-0.00875000000000004,-0.00875000000000004
"ranova","Repeated-measures ANOVA",3,210,0.807894736842105,2000,400,0.0025,1,0.0175,1,0,1,0,1,0.00124999999999997,0.00875000000000004,0,0,-0.00750000000000006,-0.00875000000000004,-0.00875000000000004
"ranova","Repeated-measures ANOVA",3,210,0.853947368421053,2000,400,0.0025,1,0.0175,1,0,1,0,1,0.00124999999999997,0.00875000000000004,0,0,-0.00750000000000006,-0.00875000000000004,-0.00875000000000004
"ranova","Repeated-measures ANOVA",3,210,0.9,2000,400,0.0025,1,0.0175,1,0,1,0,1,0.00124999999999997,0.00875000000000004,0,0,-0.00750000000000006,-0.00875000000000004,-0.00875000000000004
"ranova","Repeated-measures ANOVA",3,261,0.025,2000,400,0.0025,0.0125,0.019,0.035,5e-04,0.0025,5e-04,0.0025,0.495,0.492,0.499,0.499,0.00300000000000006,0.00700000000000006,0.00700000000000006
"ranova","Repeated-measures ANOVA",3,261,0.0710526315789474,2000,400,0.0025,0.1925,0.019,0.32,5e-04,0.0625,0.047,0.445,0.405,0.3495,0.469,0.301,0.0555,0.1195,-0.0485
"ranova","Repeated-measures ANOVA",3,261,0.117105263157895,2000,400,0.0025,0.6525,0.019,0.8025,5e-04,0.44,0.034,0.855,0.175,0.10825,0.28025,0.0895,0.06675,0.172,-0.0187499999999999
"ranova","Repeated-measures ANOVA",3,261,0.163157894736842,2000,400,0.0025,0.98,0.019,0.99,5e-04,0.9275,0.019,0.99,0.01125,0.0145,0.0365,0.0145,-0.00324999999999998,0.022,0
"ranova","Repeated-measures ANOVA",3,261,0.209210526315789,2000,400,0.0025,1,0.019,1,5e-04,1,0.008,1,0.00124999999999997,0.00949999999999995,0.000249999999999972,0.004,-0.00824999999999998,-0.00924999999999998,-0.00549999999999995
"ranova","Repeated-measures ANOVA",3,261,0.255263157894737,2000,400,0.0025,1,0.019,1,5e-04,1,0.003,1,0.00124999999999997,0.00949999999999995,0.000249999999999972,0.00149999999999995,-0.00824999999999998,-0.00924999999999998,-0.00800000000000001
"ranova","Repeated-measures ANOVA",3,261,0.301315789473684,2000,400,0.0025,1,0.019,1,5e-04,1,0.0025,1,0.00124999999999997,0.00949999999999995,0.000249999999999972,0.00124999999999997,-0.00824999999999998,-0.00924999999999998,-0.00824999999999998
"ranova","Repeated-measures ANOVA",3,261,0.347368421052632,2000,400,0.0025,1,0.019,1,5e-04,1,0.001,1,0.00124999999999997,0.00949999999999995,0.000249999999999972,0.000499999999999945,-0.00824999999999998,-0.00924999999999998,-0.00900000000000001
"ranova","Repeated-measures ANOVA",3,261,0.393421052631579,2000,400,0.0025,1,0.019,1,5e-04,1,5e-04,1,0.00124999999999997,0.00949999999999995,0.000249999999999972,0.000249999999999972,-0.00824999999999998,-0.00924999999999998,-0.00924999999999998
"ranova","Repeated-measures ANOVA",3,261,0.439473684210526,2000,400,0.0025,1,0.019,1,5e-04,1,5e-04,1,0.00124999999999997,0.00949999999999995,0.000249999999999972,0.000249999999999972,-0.00824999999999998,-0.00924999999999998,-0.00924999999999998
"ranova","Repeated-measures ANOVA",3,261,0.485526315789474,2000,400,0.0025,1,0.019,1,5e-04,1,5e-04,1,0.00124999999999997,0.00949999999999995,0.000249999999999972,0.000249999999999972,-0.00824999999999998,-0.00924999999999998,-0.00924999999999998
"ranova","Repeated-measures ANOVA",3,261,0.531578947368421,2000,400,0.0025,1,0.019,1,5e-04,1,5e-04,1,0.00124999999999997,0.00949999999999995,0.000249999999999972,0.000249999999999972,-0.00824999999999998,-0.00924999999999998,-0.00924999999999998
"ranova","Repeated-measures ANOVA",3,261,0.577631578947368,2000,400,0.0025,1,0.019,1,5e-04,1,5e-04,1,0.00124999999999997,0.00949999999999995,0.000249999999999972,0.000249999999999972,-0.00824999999999998,-0.00924999999999998,-0.00924999999999998
"ranova","Repeated-measures ANOVA",3,261,0.623684210526316,2000,400,0.0025,1,0.019,1,5e-04,1,5e-04,1,0.00124999999999997,0.00949999999999995,0.000249999999999972,0.000249999999999972,-0.00824999999999998,-0.00924999999999998,-0.00924999999999998
"ranova","Repeated-measures ANOVA",3,261,0.669736842105263,2000,400,0.0025,1,0.019,1,5e-04,1,5e-04,1,0.00124999999999997,0.00949999999999995,0.000249999999999972,0.000249999999999972,-0.00824999999999998,-0.00924999999999998,-0.00924999999999998
"ranova","Repeated-measures ANOVA",3,261,0.71578947368421,2000,400,0.0025,1,0.019,1,5e-04,1,5e-04,1,0.00124999999999997,0.00949999999999995,0.000249999999999972,0.000249999999999972,-0.00824999999999998,-0.00924999999999998,-0.00924999999999998
"ranova","Repeated-measures ANOVA",3,261,0.761842105263158,2000,400,0.0025,1,0.019,1,5e-04,1,5e-04,1,0.00124999999999997,0.00949999999999995,0.000249999999999972,0.000249999999999972,-0.00824999999999998,-0.00924999999999998,-0.00924999999999998
"ranova","Repeated-measures ANOVA",3,261,0.807894736842105,2000,400,0.0025,1,0.019,1,5e-04,1,5e-04,1,0.00124999999999997,0.00949999999999995,0.000249999999999972,0.000249999999999972,-0.00824999999999998,-0.00924999999999998,-0.00924999999999998
"ranova","Repeated-measures ANOVA",3,261,0.853947368421053,2000,400,0.0025,1,0.019,1,5e-04,1,5e-04,1,0.00124999999999997,0.00949999999999995,0.000249999999999972,0.000249999999999972,-0.00824999999999998,-0.00924999999999998,-0.00924999999999998
"ranova","Repeated-measures ANOVA",3,261,0.9,2000,400,0.0025,1,0.019,1,5e-04,1,5e-04,1,0.00124999999999997,0.00949999999999995,0.000249999999999972,0.000249999999999972,-0.00824999999999998,-0.00924999999999998,-0.00924999999999998
"ranova","Repeated-measures ANOVA",3,324,0.025,2000,400,0.0035,0.0125,0.017,0.035,5e-04,0,0.0015,0.0025,0.4955,0.491,0.50025,0.4995,0.00450000000000012,0.00925000000000004,0.00850000000000012
"ranova","Repeated-measures ANOVA",3,324,0.0710526315789474,2000,400,0.0035,0.2525,0.017,0.4,5e-04,0.1175,0.0485,0.5775,0.3755,0.3085,0.4415,0.2355,0.0670000000000001,0.133,-0.073
"ranova","Repeated-measures ANOVA",3,324,0.117105263157895,2000,400,0.0035,0.7925,0.017,0.9,5e-04,0.58,0.0295,0.925,0.1055,0.0584999999999999,0.21025,0.05225,0.0470000000000001,0.15175,-0.00624999999999992
"ranova","Repeated-measures ANOVA",3,324,0.163157894736842,2000,400,0.0035,0.995,0.017,0.9975,5e-04,0.975,0.0155,0.9975,0.00425000000000003,0.00974999999999993,0.01275,0.00900000000000001,-0.00549999999999989,0.00300000000000006,-0.000749999999999917
"ranova","Repeated-measures ANOVA",3,324,0.209210526315789,2000,400,0.0035,1,0.017,1,5e-04,1,0.007,1,0.00175000000000003,0.00849999999999995,0.000249999999999972,0.00349999999999995,-0.00674999999999992,-0.00824999999999998,-0.005
"ranova","Repeated-measures ANOVA",3,324,0.255263157894737,2000,400,0.0035,1,0.017,1,5e-04,1,0.003,1,0.00175000000000003,0.00849999999999995,0.000249999999999972,0.00149999999999995,-0.00674999999999992,-0.00824999999999998,-0.00700000000000001
"ranova","Repeated-measures ANOVA",3,324,0.301315789473684,2000,400,0.0035,1,0.017,1,5e-04,1,0.0025,1,0.00175000000000003,0.00849999999999995,0.000249999999999972,0.00124999999999997,-0.00674999999999992,-0.00824999999999998,-0.00724999999999998
"ranova","Repeated-measures ANOVA",3,324,0.347368421052632,2000,400,0.0035,1,0.017,1,5e-04,1,0.0015,1,0.00175000000000003,0.00849999999999995,0.000249999999999972,0.000750000000000028,-0.00674999999999992,-0.00824999999999998,-0.00774999999999992
"ranova","Repeated-measures ANOVA",3,324,0.393421052631579,2000,400,0.0035,1,0.017,1,5e-04,1,0.0015,1,0.00175000000000003,0.00849999999999995,0.000249999999999972,0.000750000000000028,-0.00674999999999992,-0.00824999999999998,-0.00774999999999992
"ranova","Repeated-measures ANOVA",3,324,0.439473684210526,2000,400,0.0035,1,0.017,1,5e-04,1,5e-04,1,0.00175000000000003,0.00849999999999995,0.000249999999999972,0.000249999999999972,-0.00674999999999992,-0.00824999999999998,-0.00824999999999998
"ranova","Repeated-measures ANOVA",3,324,0.485526315789474,2000,400,0.0035,1,0.017,1,5e-04,1,5e-04,1,0.00175000000000003,0.00849999999999995,0.000249999999999972,0.000249999999999972,-0.00674999999999992,-0.00824999999999998,-0.00824999999999998
"ranova","Repeated-measures ANOVA",3,324,0.531578947368421,2000,400,0.0035,1,0.017,1,5e-04,1,5e-04,1,0.00175000000000003,0.00849999999999995,0.000249999999999972,0.000249999999999972,-0.00674999999999992,-0.00824999999999998,-0.00824999999999998
"ranova","Repeated-measures ANOVA",3,324,0.577631578947368,2000,400,0.0035,1,0.017,1,5e-04,1,0,1,0.00175000000000003,0.00849999999999995,0.000249999999999972,0,-0.00674999999999992,-0.00824999999999998,-0.00849999999999995
"ranova","Repeated-measures ANOVA",3,324,0.623684210526316,2000,400,0.0035,1,0.017,1,5e-04,1,0,1,0.00175000000000003,0.00849999999999995,0.000249999999999972,0,-0.00674999999999992,-0.00824999999999998,-0.00849999999999995
"ranova","Repeated-measures ANOVA",3,324,0.669736842105263,2000,400,0.0035,1,0.017,1,5e-04,1,0,1,0.00175000000000003,0.00849999999999995,0.000249999999999972,0,-0.00674999999999992,-0.00824999999999998,-0.00849999999999995
"ranova","Repeated-measures ANOVA",3,324,0.71578947368421,2000,400,0.0035,1,0.017,1,5e-04,1,0,1,0.00175000000000003,0.00849999999999995,0.000249999999999972,0,-0.00674999999999992,-0.00824999999999998,-0.00849999999999995
"ranova","Repeated-measures ANOVA",3,324,0.761842105263158,2000,400,0.0035,1,0.017,1,5e-04,1,0,1,0.00175000000000003,0.00849999999999995,0.000249999999999972,0,-0.00674999999999992,-0.00824999999999998,-0.00849999999999995
"ranova","Repeated-measures ANOVA",3,324,0.807894736842105,2000,400,0.0035,1,0.017,1,5e-04,1,0,1,0.00175000000000003,0.00849999999999995,0.000249999999999972,0,-0.00674999999999992,-0.00824999999999998,-0.00849999999999995
"ranova","Repeated-measures ANOVA",3,324,0.853947368421053,2000,400,0.0035,1,0.017,1,5e-04,1,0,1,0.00175000000000003,0.00849999999999995,0.000249999999999972,0,-0.00674999999999992,-0.00824999999999998,-0.00849999999999995
"ranova","Repeated-measures ANOVA",3,324,0.9,2000,400,0.0035,1,0.017,1,5e-04,1,0,1,0.00175000000000003,0.00849999999999995,0.000249999999999972,0,-0.00674999999999992,-0.00824999999999998,-0.00849999999999995
"ranova","Repeated-measures ANOVA",3,403,0.025,2000,400,0.0015,0.0175,0.0125,0.06,0,0.005,0.001,0.015,0.492,0.47625,0.4975,0.493,0.0157500000000001,0.02125,0.01675
"ranova","Repeated-measures ANOVA",3,403,0.0710526315789474,2000,400,0.0015,0.2975,0.0125,0.475,0,0.12,0.0415,0.625,0.352,0.26875,0.44,0.20825,0.08325,0.17125,-0.0604999999999999
"ranova","Repeated-measures ANOVA",3,403,0.117105263157895,2000,400,0.0015,0.885,0.0125,0.9475,0,0.7325,0.0185,0.9575,0.05825,0.0325,0.13375,0.0305,0.02575,0.10125,-0.002
"ranova","Repeated-measures ANOVA",3,403,0.163157894736842,2000,400,0.0015,1,0.0125,1,0,0.9925,0.0055,1,0.000750000000000028,0.00624999999999998,0.00374999999999998,0.00275000000000003,-0.00549999999999995,-0.0025,-0.00349999999999995
"ranova","Repeated-measures ANOVA",3,403,0.209210526315789,2000,400,0.0015,1,0.0125,1,0,1,0.0015,1,0.000750000000000028,0.00624999999999998,0,0.000750000000000028,-0.00549999999999995,-0.00624999999999998,-0.00549999999999995
"ranova","Repeated-measures ANOVA",3,403,0.255263157894737,2000,400,0.0015,1,0.0125,1,0,1,0.001,1,0.000750000000000028,0.00624999999999998,0,0.000499999999999945,-0.00549999999999995,-0.00624999999999998,-0.00575000000000003
"ranova","Repeated-measures ANOVA",3,403,0.301315789473684,2000,400,0.0015,1,0.0125,1,0,1,5e-04,1,0.000750000000000028,0.00624999999999998,0,0.000249999999999972,-0.00549999999999995,-0.00624999999999998,-0.006
"ranova","Repeated-measures ANOVA",3,403,0.347368421052632,2000,400,0.0015,1,0.0125,1,0,1,0,1,0.000750000000000028,0.00624999999999998,0,0,-0.00549999999999995,-0.00624999999999998,-0.00624999999999998
"ranova","Repeated-measures ANOVA",3,403,0.393421052631579,2000,400,0.0015,1,0.0125,1,0,1,0,1,0.000750000000000028,0.00624999999999998,0,0,-0.00549999999999995,-0.00624999999999998,-0.00624999999999998
"ranova","Repeated-measures ANOVA",3,403,0.439473684210526,2000,400,0.0015,1,0.0125,1,0,1,0,1,0.000750000000000028,0.00624999999999998,0,0,-0.00549999999999995,-0.00624999999999998,-0.00624999999999998
"ranova","Repeated-measures ANOVA",3,403,0.485526315789474,2000,400,0.0015,1,0.0125,1,0,1,0,1,0.000750000000000028,0.00624999999999998,0,0,-0.00549999999999995,-0.00624999999999998,-0.00624999999999998
"ranova","Repeated-measures ANOVA",3,403,0.531578947368421,2000,400,0.0015,1,0.0125,1,0,1,0,1,0.000750000000000028,0.00624999999999998,0,0,-0.00549999999999995,-0.00624999999999998,-0.00624999999999998
"ranova","Repeated-measures ANOVA",3,403,0.577631578947368,2000,400,0.0015,1,0.0125,1,0,1,0,1,0.000750000000000028,0.00624999999999998,0,0,-0.00549999999999995,-0.00624999999999998,-0.00624999999999998
"ranova","Repeated-measures ANOVA",3,403,0.623684210526316,2000,400,0.0015,1,0.0125,1,0,1,0,1,0.000750000000000028,0.00624999999999998,0,0,-0.00549999999999995,-0.00624999999999998,-0.00624999999999998
"ranova","Repeated-measures ANOVA",3,403,0.669736842105263,2000,400,0.0015,1,0.0125,1,0,1,0,1,0.000750000000000028,0.00624999999999998,0,0,-0.00549999999999995,-0.00624999999999998,-0.00624999999999998
"ranova","Repeated-measures ANOVA",3,403,0.71578947368421,2000,400,0.0015,1,0.0125,1,0,1,0,1,0.000750000000000028,0.00624999999999998,0,0,-0.00549999999999995,-0.00624999999999998,-0.00624999999999998
"ranova","Repeated-measures ANOVA",3,403,0.761842105263158,2000,400,0.0015,1,0.0125,1,0,1,0,1,0.000750000000000028,0.00624999999999998,0,0,-0.00549999999999995,-0.00624999999999998,-0.00624999999999998
"ranova","Repeated-measures ANOVA",3,403,0.807894736842105,2000,400,0.0015,1,0.0125,1,0,1,0,1,0.000750000000000028,0.00624999999999998,0,0,-0.00549999999999995,-0.00624999999999998,-0.00624999999999998
"ranova","Repeated-measures ANOVA",3,403,0.853947368421053,2000,400,0.0015,1,0.0125,1,0,1,0,1,0.000750000000000028,0.00624999999999998,0,0,-0.00549999999999995,-0.00624999999999998,-0.00624999999999998
"ranova","Repeated-measures ANOVA",3,403,0.9,2000,400,0.0015,1,0.0125,1,0,1,0,1,0.000750000000000028,0.00624999999999998,0,0,-0.00549999999999995,-0.00624999999999998,-0.00624999999999998
"ranova","Repeated-measures ANOVA",3,500,0.025,2000,400,0.0055,0.02,0.016,0.0525,5e-04,0,0.0065,0.0225,0.49275,0.48175,0.50025,0.492,0.011,0.0185,0.01025
"ranova","Repeated-measures ANOVA",3,500,0.0710526315789474,2000,400,0.0055,0.51,0.016,0.6475,5e-04,0.265,0.0425,0.765,0.24775,0.18425,0.36775,0.13875,0.0635,0.1835,-0.0455
"ranova","Repeated-measures ANOVA",3,500,0.117105263157895,2000,400,0.0055,0.9675,0.016,0.9775,5e-04,0.895,0.02,0.985,0.019,0.01925,0.05275,0.0175,-0.000249999999999972,0.0335,-0.00174999999999997
"ranova","Repeated-measures ANOVA",3,500,0.163157894736842,2000,400,0.0055,1,0.016,1,5e-04,0.9975,0.008,1,0.00275000000000003,0.00800000000000001,0.00149999999999995,0.004,-0.00524999999999998,-0.00650000000000006,-0.004
"ranova","Repeated-measures ANOVA",3,500,0.209210526315789,2000,400,0.0055,1,0.016,1,5e-04,1,0.005,1,0.00275000000000003,0.00800000000000001,0.000249999999999972,0.00249999999999995,-0.00524999999999998,-0.00775000000000003,-0.00550000000000006
"ranova","Repeated-measures ANOVA",3,500,0.255263157894737,2000,400,0.0055,1,0.016,1,5e-04,1,0.0015,1,0.00275000000000003,0.00800000000000001,0.000249999999999972,0.000750000000000028,-0.00524999999999998,-0.00775000000000003,-0.00724999999999998
"ranova","Repeated-measures ANOVA",3,500,0.301315789473684,2000,400,0.0055,1,0.016,1,5e-04,1,0.001,1,0.00275000000000003,0.00800000000000001,0.000249999999999972,0.000499999999999945,-0.00524999999999998,-0.00775000000000003,-0.00750000000000006
"ranova","Repeated-measures ANOVA",3,500,0.347368421052632,2000,400,0.0055,1,0.016,1,5e-04,1,5e-04,1,0.00275000000000003,0.00800000000000001,0.000249999999999972,0.000249999999999972,-0.00524999999999998,-0.00775000000000003,-0.00775000000000003
"ranova","Repeated-measures ANOVA",3,500,0.393421052631579,2000,400,0.0055,1,0.016,1,5e-04,1,5e-04,1,0.00275000000000003,0.00800000000000001,0.000249999999999972,0.000249999999999972,-0.00524999999999998,-0.00775000000000003,-0.00775000000000003
"ranova","Repeated-measures ANOVA",3,500,0.439473684210526,2000,400,0.0055,1,0.016,1,5e-04,1,5e-04,1,0.00275000000000003,0.00800000000000001,0.000249999999999972,0.000249999999999972,-0.00524999999999998,-0.00775000000000003,-0.00775000000000003
"ranova","Repeated-measures ANOVA",3,500,0.485526315789474,2000,400,0.0055,1,0.016,1,5e-04,1,5e-04,1,0.00275000000000003,0.00800000000000001,0.000249999999999972,0.000249999999999972,-0.00524999999999998,-0.00775000000000003,-0.00775000000000003
"ranova","Repeated-measures ANOVA",3,500,0.531578947368421,2000,400,0.0055,1,0.016,1,5e-04,1,5e-04,1,0.00275000000000003,0.00800000000000001,0.000249999999999972,0.000249999999999972,-0.00524999999999998,-0.00775000000000003,-0.00775000000000003
"ranova","Repeated-measures ANOVA",3,500,0.577631578947368,2000,400,0.0055,1,0.016,1,5e-04,1,5e-04,1,0.00275000000000003,0.00800000000000001,0.000249999999999972,0.000249999999999972,-0.00524999999999998,-0.00775000000000003,-0.00775000000000003
"ranova","Repeated-measures ANOVA",3,500,0.623684210526316,2000,400,0.0055,1,0.016,1,5e-04,1,5e-04,1,0.00275000000000003,0.00800000000000001,0.000249999999999972,0.000249999999999972,-0.00524999999999998,-0.00775000000000003,-0.00775000000000003
"ranova","Repeated-measures ANOVA",3,500,0.669736842105263,2000,400,0.0055,1,0.016,1,5e-04,1,5e-04,1,0.00275000000000003,0.00800000000000001,0.000249999999999972,0.000249999999999972,-0.00524999999999998,-0.00775000000000003,-0.00775000000000003
"ranova","Repeated-measures ANOVA",3,500,0.71578947368421,2000,400,0.0055,1,0.016,1,5e-04,1,5e-04,1,0.00275000000000003,0.00800000000000001,0.000249999999999972,0.000249999999999972,-0.00524999999999998,-0.00775000000000003,-0.00775000000000003
"ranova","Repeated-measures ANOVA",3,500,0.761842105263158,2000,400,0.0055,1,0.016,1,5e-04,1,0,1,0.00275000000000003,0.00800000000000001,0.000249999999999972,0,-0.00524999999999998,-0.00775000000000003,-0.00800000000000001
"ranova","Repeated-measures ANOVA",3,500,0.807894736842105,2000,400,0.0055,1,0.016,1,5e-04,1,0,1,0.00275000000000003,0.00800000000000001,0.000249999999999972,0,-0.00524999999999998,-0.00775000000000003,-0.00800000000000001
"ranova","Repeated-measures ANOVA",3,500,0.853947368421053,2000,400,0.0055,1,0.016,1,5e-04,1,0,1,0.00275000000000003,0.00800000000000001,0.000249999999999972,0,-0.00524999999999998,-0.00775000000000003,-0.00800000000000001
"ranova","Repeated-measures ANOVA",3,500,0.9,2000,400,0.0055,1,0.016,1,5e-04,1,0,1,0.00275000000000003,0.00800000000000001,0.000249999999999972,0,-0.00524999999999998,-0.00775000000000003,-0.00800000000000001
"ttest","Two-sample t-test",1,30,0.025,2000,400,0.005,0.0025,0.0175,0.0075,0.0225,0.0175,0,0,0.50125,0.505,0.5025,0.5,-0.00375000000000003,-0.00250000000000006,-0.005
"ttest","Two-sample t-test",1,30,0.0710526315789474,2000,400,0.005,0.0075,0.0175,0.02,0.0225,0.025,0,0,0.49875,0.49875,0.49875,0.5,-5.55111512312578e-17,-5.55111512312578e-17,0.00124999999999997
"ttest","Two-sample t-test",1,30,0.117105263157895,2000,400,0.005,0,0.0175,0.01,0.0225,0.0275,0,0,0.5025,0.50375,0.4975,0.5,-0.00125000000000008,-0.00625000000000003,-0.00375000000000003
"ttest","Two-sample t-test",1,30,0.163157894736842,2000,400,0.005,0,0.0175,0.025,0.0225,0.035,0,0,0.5025,0.49625,0.49375,0.5,0.00624999999999992,-0.00250000000000006,0.00374999999999998
"ttest","Two-sample t-test",1,30,0.209210526315789,2000,400,0.005,0.005,0.0175,0.02,0.0225,0.035,0.003,0.005,0.5,0.49875,0.49375,0.499,0.00124999999999992,-0.00500000000000006,0.000249999999999917
"ttest","Two-sample t-test",1,30,0.255263157894737,2000,400,0.005,0.015,0.0175,0.0375,0.0225,0.045,0.0115,0.0275,0.495,0.49,0.48875,0.492,0.00499999999999989,-0.00125000000000008,0.002
"ttest","Two-sample t-test",1,30,0.301315789473684,2000,400,0.005,0.015,0.0175,0.065,0.0225,0.085,0.021,0.0825,0.495,0.47625,0.46875,0.46925,0.0187499999999999,-0.00750000000000006,-0.00700000000000012
"ttest","Two-sample t-test",1,30,0.347368421052632,2000,400,0.005,0.0325,0.0175,0.08,0.0225,0.0875,0.0275,0.1125,0.48625,0.46875,0.4675,0.4575,0.0174999999999999,-0.00125000000000008,-0.01125
"ttest","Two-sample t-test",1,30,0.393421052631579,2000,400,0.005,0.045,0.0175,0.0775,0.0225,0.1,0.035,0.1375,0.48,0.47,0.46125,0.44875,0.0099999999999999,-0.00875000000000004,-0.02125
"ttest","Two-sample t-test",1,30,0.439473684210526,2000,400,0.005,0.055,0.0175,0.11,0.0225,0.1325,0.0395,0.1975,0.475,0.45375,0.445,0.421,0.0212499999999999,-0.00875000000000009,-0.03275
"ttest","Two-sample t-test",1,30,0.485526315789474,2000,400,0.005,0.075,0.0175,0.125,0.0225,0.17,0.045,0.26,0.465,0.44625,0.42625,0.3925,0.0187499999999999,-0.0200000000000001,-0.0537500000000001
"ttest","Two-sample t-test",1,30,0.531578947368421,2000,400,0.005,0.0775,0.0175,0.1375,0.0225,0.185,0.0475,0.2475,0.46375,0.44,0.41875,0.4,0.0237499999999999,-0.0212500000000001,-0.04
"ttest","Two-sample t-test",1,30,0.577631578947368,2000,400,0.005,0.085,0.0175,0.195,0.0225,0.2275,0.0485,0.33,0.46,0.41125,0.3975,0.35925,0.04875,-0.01375,-0.052
"ttest","Two-sample t-test",1,30,0.623684210526316,2000,400,0.005,0.135,0.0175,0.215,0.0225,0.2575,0.0485,0.345,0.435,0.40125,0.3825,0.35175,0.0337499999999999,-0.0187500000000001,-0.0495
"ttest","Two-sample t-test",1,30,0.669736842105263,2000,400,0.005,0.1625,0.0175,0.265,0.0225,0.3125,0.047,0.4125,0.42125,0.37625,0.355,0.31725,0.0449999999999999,-0.02125,-0.059
"ttest","Two-sample t-test",1,30,0.71578947368421,2000,400,0.005,0.1725,0.0175,0.3125,0.0225,0.37,0.045,0.4725,0.41625,0.3525,0.32625,0.28625,0.0637499999999999,-0.02625,-0.06625
"ttest","Two-sample t-test",1,30,0.761842105263158,2000,400,0.005,0.1675,0.0175,0.29,0.0225,0.345,0.0425,0.47,0.41875,0.36375,0.33875,0.28625,0.0549999999999999,-0.025,-0.0775
"ttest","Two-sample t-test",1,30,0.807894736842105,2000,400,0.005,0.1975,0.0175,0.345,0.0225,0.415,0.0405,0.525,0.40375,0.33625,0.30375,0.25775,0.0674999999999999,-0.0325000000000001,-0.0785000000000001
"ttest","Two-sample t-test",1,30,0.853947368421053,2000,400,0.005,0.265,0.0175,0.4075,0.0225,0.4725,0.038,0.5675,0.37,0.305,0.275,0.23525,0.0649999999999999,-0.03,-0.06975
"ttest","Two-sample t-test",1,30,0.9,2000,400,0.005,0.285,0.0175,0.475,0.0225,0.525,0.0375,0.6275,0.36,0.27125,0.24875,0.205,0.0887499999999999,-0.0225000000000001,-0.06625
"ttest","Two-sample t-test",1,37,0.025,2000,400,0.004,0.0075,0.0145,0.0175,0.0205,0.03,0,0,0.49825,0.4985,0.49525,0.5,-0.000249999999999972,-0.00325000000000003,0.0015
"ttest","Two-sample t-test",1,37,0.0710526315789474,2000,400,0.004,0.005,0.0145,0.0075,0.0205,0.0125,0,0,0.4995,0.5035,0.504,0.5,-0.00399999999999995,0.000500000000000056,-0.00349999999999995
"ttest","Two-sample t-test",1,37,0.117105263157895,2000,400,0.004,0.0125,0.0145,0.035,0.0205,0.0375,0,0,0.49575,0.48975,0.4915,0.5,0.00600000000000006,0.00175000000000003,0.01025
"ttest","Two-sample t-test",1,37,0.163157894736842,2000,400,0.004,0.005,0.0145,0.03,0.0205,0.035,5e-04,0,0.4995,0.49225,0.49275,0.50025,0.00725000000000003,5e-04,0.00800000000000001
"ttest","Two-sample t-test",1,37,0.209210526315789,2000,400,0.004,0.0225,0.0145,0.0375,0.0205,0.0475,0.006,0.0225,0.49075,0.4885,0.4865,0.49175,0.00225000000000003,-0.002,0.00325000000000003
"ttest","Two-sample t-test",1,37,0.255263157894737,2000,400,0.004,0.02,0.0145,0.0375,0.0205,0.0525,0.017,0.04,0.492,0.4885,0.484,0.4885,0.0035,-0.0045,-5.55111512312578e-17
"ttest","Two-sample t-test",1,37,0.301315789473684,2000,400,0.004,0.0375,0.0145,0.055,0.0205,0.0725,0.0285,0.08,0.48325,0.47975,0.474,0.47425,0.00350000000000006,-0.00574999999999998,-0.00549999999999995
"ttest","Two-sample t-test",1,37,0.347368421052632,2000,400,0.004,0.025,0.0145,0.06,0.0205,0.0725,0.0375,0.11,0.4895,0.47725,0.474,0.46375,0.01225,-0.00324999999999998,-0.0134999999999999
"ttest","Two-sample t-test",1,37,0.393421052631579,2000,400,0.004,0.0475,0.0145,0.0975,0.0205,0.1225,0.0435,0.2,0.47825,0.4585,0.449,0.42175,0.01975,-0.00950000000000001,-0.0367499999999999
"ttest","Two-sample t-test",1,37,0.439473684210526,2000,400,0.004,0.0775,0.0145,0.1625,0.0205,0.1825,0.047,0.2775,0.46325,0.426,0.419,0.38475,0.03725,-0.00700000000000001,-0.0412500000000001
"ttest","Two-sample t-test",1,37,0.485526315789474,2000,400,0.004,0.09,0.0145,0.1375,0.0205,0.165,0.0495,0.2825,0.457,0.4385,0.42775,0.3835,0.0185,-0.01075,-0.0549999999999999
"ttest","Two-sample t-test",1,37,0.531578947368421,2000,400,0.004,0.0825,0.0145,0.1825,0.0205,0.2175,0.0495,0.315,0.46075,0.416,0.4015,0.36725,0.04475,-0.0145,-0.0487499999999999
"ttest","Two-sample t-test",1,37,0.577631578947368,2000,400,0.004,0.1425,0.0145,0.2525,0.0205,0.28,0.0485,0.415,0.43075,0.381,0.37025,0.31675,0.04975,-0.01075,-0.06425
"ttest","Two-sample t-test",1,37,0.623684210526316,2000,400,0.004,0.1475,0.0145,0.2575,0.0205,0.2925,0.0475,0.42,0.42825,0.3785,0.364,0.31375,0.0497500000000001,-0.0145,-0.0647499999999999
"ttest","Two-sample t-test",1,37,0.669736842105263,2000,400,0.004,0.1775,0.0145,0.3,0.0205,0.3275,0.045,0.4425,0.41325,0.35725,0.3465,0.30125,0.056,-0.01075,-0.056
"ttest","Two-sample t-test",1,37,0.71578947368421,2000,400,0.004,0.245,0.0145,0.37,0.0205,0.44,0.0435,0.5775,0.3795,0.32225,0.29025,0.233,0.05725,-0.032,-0.0892499999999999
"ttest","Two-sample t-test",1,37,0.761842105263158,2000,400,0.004,0.3125,0.0145,0.445,0.0205,0.495,0.042,0.5925,0.34575,0.28475,0.26275,0.22475,0.061,-0.022,-0.0599999999999999
"ttest","Two-sample t-test",1,37,0.807894736842105,2000,400,0.004,0.3525,0.0145,0.46,0.0205,0.4975,0.0405,0.6275,0.32575,0.27725,0.2615,0.2065,0.0485,-0.01575,-0.07075
"ttest","Two-sample t-test",1,37,0.853947368421053,2000,400,0.004,0.37,0.0145,0.5075,0.0205,0.5525,0.0375,0.6475,0.317,0.2535,0.234,0.195,0.0635,-0.0195,-0.0584999999999999
"ttest","Two-sample t-test",1,37,0.9,2000,400,0.004,0.4375,0.0145,0.5825,0.0205,0.63,0.0345,0.69,0.28325,0.216,0.19525,0.17225,0.06725,-0.02075,-0.04375
"ttest","Two-sample t-test",1,46,0.025,2000,400,0.006,0.0125,0.0135,0.0225,0.017,0.0275,0,0,0.49675,0.4955,0.49475,0.5,0.00124999999999997,-0.000750000000000084,0.00449999999999995
"ttest","Two-sample t-test",1,46,0.0710526315789474,2000,400,0.006,0.0025,0.0135,0.01,0.017,0.01,0,0,0.50175,0.50175,0.5035,0.5,0,0.00174999999999992,-0.00175000000000003
"ttest","Two-sample t-test",1,46,0.117105263157895,2000,400,0.006,0.0025,0.0135,0.01,0.017,0.01,0,0,0.50175,0.50175,0.5035,0.5,0,0.00174999999999992,-0.00175000000000003
"ttest","Two-sample t-test",1,46,0.163157894736842,2000,400,0.006,0.0175,0.0135,0.05,0.017,0.055,0.0025,0.0075,0.49425,0.48175,0.481,0.4975,0.0125,-0.000750000000000084,0.01575
"ttest","Two-sample t-test",1,46,0.209210526315789,2000,400,0.006,0.01,0.0135,0.025,0.017,0.0325,0.012,0.025,0.498,0.49425,0.49225,0.4935,0.00374999999999998,-0.00200000000000006,-0.000750000000000028
"ttest","Two-sample t-test",1,46,0.255263157894737,2000,400,0.006,0.0225,0.0135,0.055,0.017,0.0625,0.023,0.0775,0.49175,0.47925,0.47725,0.47275,0.0125,-0.00200000000000006,-0.00650000000000006
"ttest","Two-sample t-test",1,46,0.301315789473684,2000,400,0.006,0.025,0.0135,0.065,0.017,0.085,0.0295,0.15,0.4905,0.47425,0.466,0.43975,0.0162499999999999,-0.00825000000000009,-0.0345
"ttest","Two-sample t-test",1,46,0.347368421052632,2000,400,0.006,0.05,0.0135,0.095,0.017,0.1125,0.0375,0.19,0.478,0.45925,0.45225,0.42375,0.0187499999999999,-0.00700000000000012,-0.0355
"ttest","Two-sample t-test",1,46,0.393421052631579,2000,400,0.006,0.0825,0.0135,0.145,0.017,0.165,0.042,0.29,0.46175,0.43425,0.426,0.376,0.0275,-0.00825000000000009,-0.05825
"ttest","Two-sample t-test",1,46,0.439473684210526,2000,400,0.006,0.0775,0.0135,0.165,0.017,0.1875,0.044,0.2975,0.46425,0.42425,0.41475,0.37325,0.04,-0.00950000000000006,-0.051
"ttest","Two-sample t-test",1,46,0.485526315789474,2000,400,0.006,0.0675,0.0135,0.165,0.017,0.1925,0.044,0.32,0.46925,0.42425,0.41225,0.362,0.045,-0.0120000000000001,-0.06225
"ttest","Two-sample t-test",1,46,0.531578947368421,2000,400,0.006,0.155,0.0135,0.2475,0.017,0.2875,0.0435,0.435,0.4255,0.383,0.36475,0.30425,0.0425,-0.01825,-0.07875
"ttest","Two-sample t-test",1,46,0.577631578947368,2000,400,0.006,0.14,0.0135,0.245,0.017,0.2775,0.0405,0.4125,0.433,0.38425,0.36975,0.314,0.04875,-0.0145000000000001,-0.07025
"ttest","Two-sample t-test",1,46,0.623684210526316,2000,400,0.006,0.22,0.0135,0.3475,0.017,0.385,0.039,0.515,0.393,0.333,0.316,0.262,0.0599999999999999,-0.0170000000000001,-0.0710000000000001
"ttest","Two-sample t-test",1,46,0.669736842105263,2000,400,0.006,0.2675,0.0135,0.4025,0.017,0.4475,0.037,0.58,0.36925,0.3055,0.28475,0.2285,0.06375,-0.02075,-0.077
"ttest","Two-sample t-test",1,46,0.71578947368421,2000,400,0.006,0.315,0.0135,0.47,0.017,0.5175,0.033,0.6275,0.3455,0.27175,0.24975,0.20275,0.07375,-0.0220000000000001,-0.0690000000000001
"ttest","Two-sample t-test",1,46,0.761842105263158,2000,400,0.006,0.37,0.0135,0.4775,0.017,0.5175,0.0305,0.62,0.318,0.268,0.24975,0.20525,0.05,-0.01825,-0.06275
"ttest","Two-sample t-test",1,46,0.807894736842105,2000,400,0.006,0.3625,0.0135,0.5225,0.017,0.58,0.0285,0.7025,0.32175,0.2455,0.2185,0.163,0.0762499999999999,-0.0270000000000001,-0.0825000000000001
"ttest","Two-sample t-test",1,46,0.853947368421053,2000,400,0.006,0.49,0.0135,0.615,0.017,0.655,0.0275,0.745,0.258,0.19925,0.181,0.14125,0.05875,-0.0182500000000001,-0.058
"ttest","Two-sample t-test",1,46,0.9,2000,400,0.006,0.565,0.0135,0.7,0.017,0.725,0.025,0.7925,0.2205,0.15675,0.146,0.11625,0.06375,-0.0107500000000001,-0.0405000000000001
"ttest","Two-sample t-test",1,57,0.025,2000,400,0.006,0.0075,0.013,0.0175,0.017,0.0175,0,0,0.49925,0.49775,0.49975,0.5,0.00150000000000006,0.002,0.00225000000000003
"ttest","Two-sample t-test",1,57,0.0710526315789474,2000,400,0.006,0.005,0.013,0.02,0.017,0.0225,0,0,0.5005,0.4965,0.49725,0.5,0.00400000000000011,0.000750000000000028,0.00350000000000006
"ttest","Two-sample t-test",1,57,0.117105263157895,2000,400,0.006,0.01,0.013,0.0275,0.017,0.0325,0,0,0.498,0.49275,0.49225,0.5,0.00525000000000003,-5e-04,0.00725000000000003
"ttest","Two-sample t-test",1,57,0.163157894736842,2000,400,0.006,0.02,0.013,0.0225,0.017,0.0275,0.007,0.0225,0.493,0.49525,0.49475,0.49225,-0.00224999999999997,-5e-04,-0.003
"ttest","Two-sample t-test",1,57,0.209210526315789,2000,400,0.006,0.0225,0.013,0.0475,0.017,0.05,0.0215,0.0625,0.49175,0.48275,0.4835,0.4795,0.00900000000000006,0.000749999999999973,-0.00324999999999992
"ttest","Two-sample t-test",1,57,0.255263157894737,2000,400,0.006,0.04,0.013,0.075,0.017,0.085,0.035,0.135,0.483,0.469,0.466,0.45,0.014,-0.003,-0.019
"ttest","Two-sample t-test",1,57,0.301315789473684,2000,400,0.006,0.0325,0.013,0.0775,0.017,0.0925,0.0475,0.1675,0.48675,0.46775,0.46225,0.44,0.0190000000000001,-0.0055,-0.0277499999999999
"ttest","Two-sample t-test",1,57,0.347368421052632,2000,400,0.006,0.065,0.013,0.105,0.017,0.1225,0.053,0.2225,0.4705,0.454,0.44725,0.41525,0.0165000000000001,-0.00675000000000003,-0.03875
"ttest","Two-sample t-test",1,57,0.393421052631579,2000,400,0.006,0.06,0.013,0.1225,0.017,0.1425,0.0545,0.2625,0.473,0.44525,0.43725,0.396,0.0277500000000001,-0.00799999999999995,-0.0492499999999999
"ttest","Two-sample t-test",1,57,0.439473684210526,2000,400,0.006,0.12,0.013,0.1875,0.017,0.2,0.0545,0.3625,0.443,0.41275,0.4085,0.346,0.0302500000000001,-0.00424999999999998,-0.06675
"ttest","Two-sample t-test",1,57,0.485526315789474,2000,400,0.006,0.12,0.013,0.185,0.017,0.215,0.0535,0.415,0.443,0.414,0.401,0.31925,0.0290000000000001,-0.013,-0.0947499999999999
"ttest","Two-sample t-test",1,57,0.531578947368421,2000,400,0.006,0.2025,0.013,0.275,0.017,0.305,0.0515,0.4425,0.40175,0.369,0.356,0.3045,0.0327500000000001,-0.013,-0.0644999999999999
"ttest","Two-sample t-test",1,57,0.577631578947368,2000,400,0.006,0.24,0.013,0.3275,0.017,0.35,0.05,0.5125,0.383,0.34275,0.3335,0.26875,0.0402500000000001,-0.00924999999999998,-0.0739999999999999
"ttest","Two-sample t-test",1,57,0.623684210526316,2000,400,0.006,0.2775,0.013,0.3775,0.017,0.41,0.047,0.6,0.36425,0.31775,0.3035,0.2235,0.0465,-0.01425,-0.09425
"ttest","Two-sample t-test",1,57,0.669736842105263,2000,400,0.006,0.355,0.013,0.5025,0.017,0.535,0.0425,0.6275,0.3255,0.25525,0.241,0.2075,0.07025,-0.01425,-0.04775
"ttest","Two-sample t-test",1,57,0.71578947368421,2000,400,0.006,0.4275,0.013,0.5525,0.017,0.585,0.038,0.6875,0.28925,0.23025,0.216,0.17525,0.059,-0.01425,-0.0549999999999999
"ttest","Two-sample t-test",1,57,0.761842105263158,2000,400,0.006,0.5,0.013,0.63,0.017,0.655,0.035,0.76,0.253,0.1915,0.181,0.1375,0.0615,-0.0105,-0.054
"ttest","Two-sample t-test",1,57,0.807894736842105,2000,400,0.006,0.585,0.013,0.705,0.017,0.73,0.0305,0.8025,0.2105,0.154,0.1435,0.114,0.0565,-0.0105,-0.04
"ttest","Two-sample t-test",1,57,0.853947368421053,2000,400,0.006,0.655,0.013,0.745,0.017,0.765,0.028,0.82,0.1755,0.134,0.126,0.104,0.0415,-0.00800000000000001,-0.0299999999999999
"ttest","Two-sample t-test",1,57,0.9,2000,400,0.006,0.655,0.013,0.7425,0.017,0.7675,0.0265,0.8175,0.1755,0.13525,0.12475,0.1045,0.0402500000000001,-0.0105,-0.0307499999999999
"ttest","Two-sample t-test",1,71,0.025,2000,400,0.004,0.005,0.0085,0.0075,0.0105,0.0075,0,0,0.4995,0.5005,0.5015,0.5,-0.000999999999999945,0.001,-0.000499999999999945
"ttest","Two-sample t-test",1,71,0.0710526315789474,2000,400,0.004,0.01,0.0085,0.0225,0.0105,0.0275,0,0,0.497,0.493,0.4915,0.5,0.004,-0.0015,0.00700000000000001
"ttest","Two-sample t-test",1,71,0.117105263157895,2000,400,0.004,0.005,0.0085,0.01,0.0105,0.0175,0,0,0.4995,0.49925,0.4965,0.5,0.000250000000000028,-0.00274999999999997,0.000750000000000028
"ttest","Two-sample t-test",1,71,0.163157894736842,2000,400,0.004,0.0175,0.0085,0.035,0.0105,0.0375,0.0085,0.035,0.49325,0.48675,0.4865,0.48675,0.00650000000000006,-0.000249999999999972,0
"ttest","Two-sample t-test",1,71,0.209210526315789,2000,400,0.004,0.025,0.0085,0.04,0.0105,0.0425,0.022,0.0825,0.4895,0.48425,0.484,0.46975,0.00525000000000003,-0.000249999999999972,-0.0145
"ttest","Two-sample t-test",1,71,0.255263157894737,2000,400,0.004,0.025,0.0085,0.0525,0.0105,0.0575,0.033,0.1325,0.4895,0.478,0.4765,0.45025,0.0115,-0.0015,-0.0277500000000001
"ttest","Two-sample t-test",1,71,0.301315789473684,2000,400,0.004,0.0525,0.0085,0.0725,0.0105,0.0775,0.0415,0.19,0.47575,0.468,0.4665,0.42575,0.00775000000000003,-0.0015,-0.0422499999999999
"ttest","Two-sample t-test",1,71,0.347368421052632,2000,400,0.004,0.0825,0.0085,0.1125,0.0105,0.1325,0.0455,0.2875,0.46075,0.448,0.439,0.379,0.01275,-0.00900000000000001,-0.0689999999999999
"ttest","Two-sample t-test",1,71,0.393421052631579,2000,400,0.004,0.115,0.0085,0.18,0.0105,0.2075,0.0455,0.3725,0.4445,0.41425,0.4015,0.3365,0.03025,-0.01275,-0.07775
"ttest","Two-sample t-test",1,71,0.439473684210526,2000,400,0.004,0.1575,0.0085,0.23,0.0105,0.2475,0.045,0.395,0.42325,0.38925,0.3815,0.325,0.034,-0.00775000000000003,-0.06425
"ttest","Two-sample t-test",1,71,0.485526315789474,2000,400,0.004,0.195,0.0085,0.2675,0.0105,0.29,0.041,0.4475,0.4045,0.3705,0.36025,0.29675,0.034,-0.01025,-0.07375
"ttest","Two-sample t-test",1,71,0.531578947368421,2000,400,0.004,0.2775,0.0085,0.355,0.0105,0.3825,0.038,0.5625,0.36325,0.32675,0.314,0.23775,0.0365,-0.01275,-0.089
"ttest","Two-sample t-test",1,71,0.577631578947368,2000,400,0.004,0.355,0.0085,0.4275,0.0105,0.465,0.033,0.63,0.3245,0.2905,0.27275,0.2015,0.034,-0.01775,-0.089
"ttest","Two-sample t-test",1,71,0.623684210526316,2000,400,0.004,0.375,0.0085,0.495,0.0105,0.52,0.0305,0.675,0.3145,0.25675,0.24525,0.17775,0.05775,-0.0115,-0.079
"ttest","Two-sample t-test",1,71,0.669736842105263,2000,400,0.004,0.4875,0.0085,0.59,0.0105,0.6,0.03,0.7225,0.25825,0.20925,0.20525,0.15375,0.049,-0.004,-0.0555
"ttest","Two-sample t-test",1,71,0.71578947368421,2000,400,0.004,0.5575,0.0085,0.6725,0.0105,0.7,0.027,0.815,0.22325,0.168,0.15525,0.106,0.05525,-0.01275,-0.062
"ttest","Two-sample t-test",1,71,0.761842105263158,2000,400,0.004,0.5975,0.0085,0.69,0.0105,0.7125,0.022,0.8025,0.20325,0.15925,0.149,0.10975,0.044,-0.01025,-0.0495
"ttest","Two-sample t-test",1,71,0.807894736842105,2000,400,0.004,0.725,0.0085,0.805,0.0105,0.8175,0.02,0.89,0.1395,0.10175,0.0965,0.065,0.0377500000000001,-0.00524999999999998,-0.03675
"ttest","Two-sample t-test",1,71,0.853947368421053,2000,400,0.004,0.735,0.0085,0.8025,0.0105,0.825,0.018,0.8625,0.1345,0.103,0.09275,0.07775,0.0315,-0.01025,-0.02525
"ttest","Two-sample t-test",1,71,0.9,2000,400,0.004,0.81,0.0085,0.8825,0.0105,0.8925,0.016,0.9175,0.097,0.063,0.059,0.04925,0.034,-0.004,-0.01375
"ttest","Two-sample t-test",1,89,0.025,2000,400,0.008,0.0125,0.0105,0.0225,0.014,0.025,0,0,0.49775,0.494,0.4945,0.5,0.00375000000000003,5e-04,0.006
"ttest","Two-sample t-test",1,89,0.0710526315789474,2000,400,0.008,0.0075,0.0105,0.0175,0.014,0.02,0,0,0.50025,0.4965,0.497,0.5,0.00374999999999998,5e-04,0.0035
"ttest","Two-sample t-test",1,89,0.117105263157895,2000,400,0.008,0.01,0.0105,0.0175,0.014,0.02,0.0065,0.0075,0.499,0.4965,0.497,0.4995,0.0025,5e-04,0.003
"ttest","Two-sample t-test",1,89,0.163157894736842,2000,400,0.008,0.025,0.0105,0.035,0.014,0.04,0.0225,0.0575,0.4915,0.48775,0.487,0.4825,0.00375000000000003,-0.000749999999999973,-0.00524999999999998
"ttest","Two-sample t-test",1,89,0.209210526315789,2000,400,0.008,0.0325,0.0105,0.05,0.014,0.0525,0.031,0.135,0.48775,0.48025,0.48075,0.448,0.00750000000000006,0.000500000000000056,-0.03225
"ttest","Two-sample t-test",1,89,0.255263157894737,2000,400,0.008,0.0675,0.0105,0.0925,0.014,0.1,0.0375,0.225,0.47025,0.459,0.457,0.40625,0.01125,-0.00199999999999995,-0.0527499999999999
"ttest","Two-sample t-test",1,89,0.301315789473684,2000,400,0.008,0.105,0.0105,0.1575,0.014,0.1625,0.04,0.31,0.4515,0.4265,0.42575,0.365,0.025,-0.000749999999999973,-0.0615
"ttest","Two-sample t-test",1,89,0.347368421052632,2000,400,0.008,0.125,0.0105,0.1525,0.014,0.1775,0.04,0.35,0.4415,0.429,0.41825,0.345,0.0125,-0.01075,-0.084
"ttest","Two-sample t-test",1,89,0.393421052631579,2000,400,0.008,0.16,0.0105,0.2175,0.014,0.2275,0.0395,0.4375,0.424,0.3965,0.39325,0.301,0.0275,-0.00324999999999998,-0.0954999999999999
"ttest","Two-sample t-test",1,89,0.439473684210526,2000,400,0.008,0.21,0.0105,0.2775,0.014,0.29,0.0375,0.4925,0.399,0.3665,0.362,0.2725,0.0325000000000001,-0.00449999999999995,-0.0939999999999999
"ttest","Two-sample t-test",1,89,0.485526315789474,2000,400,0.008,0.29,0.0105,0.385,0.014,0.41,0.035,0.615,0.359,0.31275,0.302,0.21,0.04625,-0.0107499999999999,-0.10275
"ttest","Two-sample t-test",1,89,0.531578947368421,2000,400,0.008,0.3625,0.0105,0.4375,0.014,0.455,0.033,0.63,0.32275,0.2865,0.2795,0.2015,0.03625,-0.00700000000000001,-0.085
"ttest","Two-sample t-test",1,89,0.577631578947368,2000,400,0.008,0.4225,0.0105,0.5225,0.014,0.555,0.031,0.7325,0.29275,0.244,0.2295,0.14925,0.04875,-0.0145,-0.0947500000000001
"ttest","Two-sample t-test",1,89,0.623684210526316,2000,400,0.008,0.5275,0.0105,0.595,0.014,0.6225,0.0305,0.7425,0.24025,0.20775,0.19575,0.144,0.0325,-0.012,-0.06375
"ttest","Two-sample t-test",1,89,0.669736842105263,2000,400,0.008,0.6225,0.0105,0.705,0.014,0.7325,0.0275,0.8325,0.19275,0.15275,0.14075,0.0975,0.04,-0.012,-0.05525
"ttest","Two-sample t-test",1,89,0.71578947368421,2000,400,0.008,0.6725,0.0105,0.7475,0.014,0.765,0.0255,0.8375,0.16775,0.1315,0.1245,0.094,0.0362500000000001,-0.00699999999999995,-0.0374999999999999
"ttest","Two-sample t-test",1,89,0.761842105263158,2000,400,0.008,0.7325,0.0105,0.8,0.014,0.8025,0.025,0.88,0.13775,0.10525,0.10575,0.0725,0.0325,0.000500000000000056,-0.03275
"ttest","Two-sample t-test",1,89,0.807894736842105,2000,400,0.008,0.8275,0.0105,0.8775,0.014,0.89,0.024,0.935,0.09025,0.0665,0.062,0.0445,0.02375,-0.0045,-0.022
"ttest","Two-sample t-test",1,89,0.853947368421053,2000,400,0.008,0.85,0.0105,0.885,0.014,0.895,0.023,0.9125,0.079,0.06275,0.0595,0.05525,0.01625,-0.00324999999999998,-0.00750000000000001
"ttest","Two-sample t-test",1,89,0.9,2000,400,0.008,0.8925,0.0105,0.93,0.014,0.9325,0.0205,0.95,0.05775,0.04025,0.04075,0.03525,0.0175000000000001,0.000500000000000056,-0.00499999999999995
"ttest","Two-sample t-test",1,110,0.025,2000,400,0.005,0.0025,0.0085,0.0075,0.011,0.0075,0,0,0.50125,0.5005,0.50175,0.5,0.000750000000000028,0.00124999999999997,-0.000499999999999945
"ttest","Two-sample t-test",1,110,0.0710526315789474,2000,400,0.005,0.005,0.0085,0.005,0.011,0.005,0,0,0.5,0.50175,0.503,0.5,-0.00175000000000008,0.00124999999999997,-0.00175000000000003
"ttest","Two-sample t-test",1,110,0.117105263157895,2000,400,0.005,0.0225,0.0085,0.0325,0.011,0.04,0.0075,0.025,0.49125,0.488,0.4855,0.49125,0.00324999999999998,-0.00250000000000006,0.00325000000000003
"ttest","Two-sample t-test",1,110,0.163157894736842,2000,400,0.005,0.02,0.0085,0.025,0.011,0.03,0.023,0.0525,0.4925,0.49175,0.4905,0.48525,0.000749999999999973,-0.00125000000000003,-0.00650000000000001
"ttest","Two-sample t-test",1,110,0.209210526315789,2000,400,0.005,0.05,0.0085,0.07,0.011,0.075,0.037,0.1575,0.4775,0.46925,0.468,0.43975,0.00824999999999998,-0.00124999999999997,-0.0295
"ttest","Two-sample t-test",1,110,0.255263157894737,2000,400,0.005,0.0725,0.0085,0.0875,0.011,0.09,0.0425,0.2575,0.46625,0.4605,0.4605,0.3925,0.00574999999999998,0,-0.068
"ttest","Two-sample t-test",1,110,0.301315789473684,2000,400,0.005,0.0775,0.0085,0.1125,0.011,0.1275,0.0445,0.34,0.46375,0.448,0.44175,0.35225,0.01575,-0.00624999999999998,-0.09575
"ttest","Two-sample t-test",1,110,0.347368421052632,2000,400,0.005,0.18,0.0085,0.2225,0.011,0.2375,0.043,0.445,0.4125,0.393,0.38675,0.299,0.0195,-0.00625000000000003,-0.094
"ttest","Two-sample t-test",1,110,0.393421052631579,2000,400,0.005,0.2025,0.0085,0.2725,0.011,0.2925,0.041,0.4725,0.40125,0.368,0.35925,0.28425,0.0332499999999999,-0.00875000000000004,-0.08375
"ttest","Two-sample t-test",1,110,0.439473684210526,2000,400,0.005,0.29,0.0085,0.3475,0.011,0.36,0.038,0.57,0.3575,0.3305,0.3255,0.234,0.0269999999999999,-0.00500000000000006,-0.0965
"ttest","Two-sample t-test",1,110,0.485526315789474,2000,400,0.005,0.3475,0.0085,0.4125,0.011,0.4275,0.0355,0.6475,0.32875,0.298,0.29175,0.194,0.03075,-0.00625000000000003,-0.104
"ttest","Two-sample t-test",1,110,0.531578947368421,2000,400,0.005,0.48,0.0085,0.5425,0.011,0.575,0.03,0.7275,0.2625,0.233,0.218,0.15125,0.0295,-0.015,-0.08175
"ttest","Two-sample t-test",1,110,0.577631578947368,2000,400,0.005,0.575,0.0085,0.62,0.011,0.6475,0.0275,0.7725,0.215,0.19425,0.18175,0.1275,0.02075,-0.0125,-0.0667499999999999
"ttest","Two-sample t-test",1,110,0.623684210526316,2000,400,0.005,0.6475,0.0085,0.7225,0.011,0.7375,0.025,0.845,0.17875,0.143,0.13675,0.09,0.03575,-0.00625000000000003,-0.053
"ttest","Two-sample t-test",1,110,0.669736842105263,2000,400,0.005,0.7775,0.0085,0.795,0.011,0.8025,0.021,0.8625,0.11375,0.10675,0.10425,0.0792499999999999,0.00700000000000001,-0.0025,-0.0275
"ttest","Two-sample t-test",1,110,0.71578947368421,2000,400,0.005,0.8125,0.0085,0.835,0.011,0.8425,0.018,0.9225,0.09625,0.08675,0.0842499999999999,0.04775,0.00949999999999995,-0.00250000000000006,-0.039
"ttest","Two-sample t-test",1,110,0.761842105263158,2000,400,0.005,0.82,0.0085,0.8775,0.011,0.89,0.017,0.93,0.0925,0.0655,0.0604999999999999,0.0434999999999999,0.027,-0.00500000000000006,-0.0220000000000001
"ttest","Two-sample t-test",1,110,0.807894736842105,2000,400,0.005,0.9125,0.0085,0.94,0.011,0.9425,0.015,0.96,0.04625,0.03425,0.03425,0.0275,0.012,-5.55111512312578e-17,-0.00675000000000003
"ttest","Two-sample t-test",1,110,0.853947368421053,2000,400,0.005,0.9475,0.0085,0.9625,0.011,0.9675,0.0145,0.98,0.0287499999999999,0.023,0.0217499999999999,0.01725,0.00574999999999998,-0.00125000000000003,-0.00574999999999998
"ttest","Two-sample t-test",1,110,0.9,2000,400,0.005,0.955,0.0085,0.97,0.011,0.975,0.0135,0.98,0.025,0.01925,0.018,0.01675,0.00574999999999998,-0.00125000000000003,-0.00249999999999995
"ttest","Two-sample t-test",1,136,0.025,2000,400,0.002,0.005,0.005,0.005,0.0065,0.005,0,0,0.4985,0.5,0.50075,0.5,-0.00149999999999995,0.000750000000000084,5.55111512312578e-17
"ttest","Two-sample t-test",1,136,0.0710526315789474,2000,400,0.002,0.005,0.005,0.005,0.0065,0.0075,0,0,0.4985,0.5,0.4995,0.5,-0.00149999999999995,-0.000499999999999945,5.55111512312578e-17
"ttest","Two-sample t-test",1,136,0.117105263157895,2000,400,0.002,0.01,0.005,0.0175,0.0065,0.0175,0.0085,0.03,0.496,0.49375,0.4945,0.48925,0.00225000000000003,0.000750000000000028,-0.0045
"ttest","Two-sample t-test",1,136,0.163157894736842,2000,400,0.002,0.03,0.005,0.0325,0.0065,0.035,0.0295,0.095,0.486,0.48625,0.48575,0.46725,-0.000249999999999972,-5e-04,-0.0189999999999999
"ttest","Two-sample t-test",1,136,0.209210526315789,2000,400,0.002,0.05,0.005,0.0675,0.0065,0.07,0.0475,0.2025,0.476,0.46875,0.46825,0.4225,0.00725000000000003,-5e-04,-0.0462499999999999
"ttest","Two-sample t-test",1,136,0.255263157894737,2000,400,0.002,0.1,0.005,0.11,0.0065,0.11,0.0515,0.3125,0.451,0.4475,0.44825,0.3695,0.00350000000000006,0.000750000000000028,-0.0779999999999999
"ttest","Two-sample t-test",1,136,0.301315789473684,2000,400,0.002,0.1675,0.005,0.21,0.0065,0.2225,0.0505,0.4225,0.41725,0.3975,0.392,0.314,0.01975,-0.0055,-0.0835
"ttest","Two-sample t-test",1,136,0.347368421052632,2000,400,0.002,0.2225,0.005,0.2475,0.0065,0.26,0.048,0.49,0.38975,0.37875,0.37325,0.279,0.0110000000000001,-0.00549999999999995,-0.0997499999999999
"ttest","Two-sample t-test",1,136,0.393421052631579,2000,400,0.002,0.2975,0.005,0.3425,0.0065,0.35,0.043,0.56,0.35225,0.33125,0.32825,0.2415,0.0210000000000001,-0.00299999999999995,-0.08975
"ttest","Two-sample t-test",1,136,0.439473684210526,2000,400,0.002,0.405,0.005,0.4475,0.0065,0.4675,0.036,0.675,0.2985,0.27875,0.2695,0.1805,0.01975,-0.00924999999999998,-0.09825
"ttest","Two-sample t-test",1,136,0.485526315789474,2000,400,0.002,0.5,0.005,0.5525,0.0065,0.565,0.03,0.75,0.251,0.22625,0.22075,0.14,0.02475,-0.00549999999999995,-0.0862499999999999
"ttest","Two-sample t-test",1,136,0.531578947368421,2000,400,0.002,0.615,0.005,0.6775,0.0065,0.69,0.026,0.81,0.1935,0.16375,0.15825,0.108,0.0297500000000001,-0.00549999999999995,-0.05575
"ttest","Two-sample t-test",1,136,0.577631578947368,2000,400,0.002,0.6975,0.005,0.725,0.0065,0.73,0.024,0.865,0.15225,0.14,0.13825,0.0795,0.01225,-0.00174999999999997,-0.0604999999999999
"ttest","Two-sample t-test",1,136,0.623684210526316,2000,400,0.002,0.8,0.005,0.835,0.0065,0.845,0.0215,0.91,0.101,0.085,0.08075,0.05575,0.016,-0.00424999999999998,-0.0292499999999999
"ttest","Two-sample t-test",1,136,0.669736842105263,2000,400,0.002,0.8875,0.005,0.91,0.0065,0.915,0.0185,0.9625,0.05725,0.0474999999999999,0.04575,0.028,0.00975000000000009,-0.00174999999999997,-0.0195
"ttest","Two-sample t-test",1,136,0.71578947368421,2000,400,0.002,0.91,0.005,0.9325,0.0065,0.935,0.0145,0.9575,0.046,0.03625,0.03575,0.0285,0.00975000000000004,-5e-04,-0.00774999999999998
"ttest","Two-sample t-test",1,136,0.761842105263158,2000,400,0.002,0.9375,0.005,0.9625,0.0065,0.9675,0.0125,0.985,0.03225,0.0212499999999999,0.0195,0.01375,0.0110000000000001,-0.00174999999999997,-0.00749999999999995
"ttest","Two-sample t-test",1,136,0.807894736842105,2000,400,0.002,0.975,0.005,0.975,0.0065,0.9775,0.009,0.985,0.0135,0.015,0.0145,0.012,-0.00149999999999995,-5e-04,-0.003
"ttest","Two-sample t-test",1,136,0.853947368421053,2000,400,0.002,0.9825,0.005,0.9875,0.0065,0.99,0.0085,0.995,0.00974999999999998,0.00874999999999992,0.00824999999999998,0.00674999999999998,0.00100000000000006,-0.000499999999999945,-0.00199999999999995
"ttest","Two-sample t-test",1,136,0.9,2000,400,0.002,0.9875,0.005,0.99,0.0065,0.9925,0.008,0.995,0.00724999999999998,0.00749999999999995,0.00699999999999995,0.00650000000000001,-0.000249999999999972,-5e-04,-0.000999999999999945
"ttest","Two-sample t-test",1,169,0.025,2000,400,0.006,0.0075,0.0065,0.015,0.0065,0.0175,0,0,0.49925,0.49575,0.4945,0.5,0.00350000000000006,-0.00124999999999997,0.00425000000000003
"ttest","Two-sample t-test",1,169,0.0710526315789474,2000,400,0.006,0.0075,0.0065,0.01,0.0065,0.015,0.0015,0,0.49925,0.49825,0.49575,0.50075,0.00100000000000006,-0.0025,0.00250000000000006
"ttest","Two-sample t-test",1,169,0.117105263157895,2000,400,0.006,0.0125,0.0065,0.02,0.0065,0.0225,0.0135,0.05,0.49675,0.49325,0.492,0.48175,0.00350000000000006,-0.00124999999999997,-0.0115
"ttest","Two-sample t-test",1,169,0.163157894736842,2000,400,0.006,0.0375,0.0065,0.045,0.0065,0.05,0.0305,0.155,0.48425,0.48075,0.47825,0.43775,0.00350000000000006,-0.0025,-0.043
"ttest","Two-sample t-test",1,169,0.209210526315789,2000,400,0.006,0.06,0.0065,0.0775,0.0065,0.085,0.0355,0.2525,0.473,0.4645,0.46075,0.3915,0.00850000000000001,-0.00374999999999998,-0.0729999999999999
"ttest","Two-sample t-test",1,169,0.255263157894737,2000,400,0.006,0.12,0.0065,0.1425,0.0065,0.1525,0.0365,0.3625,0.443,0.432,0.427,0.337,0.011,-0.005,-0.095
"ttest","Two-sample t-test",1,169,0.301315789473684,2000,400,0.006,0.16,0.0065,0.18,0.0065,0.19,0.0345,0.4325,0.423,0.41325,0.40825,0.301,0.00974999999999998,-0.005,-0.11225
"ttest","Two-sample t-test",1,169,0.347368421052632,2000,400,0.006,0.3075,0.0065,0.335,0.0065,0.35,0.032,0.58,0.34925,0.33575,0.32825,0.226,0.0135,-0.00750000000000001,-0.10975
"ttest","Two-sample t-test",1,169,0.393421052631579,2000,400,0.006,0.4025,0.0065,0.4625,0.0065,0.4675,0.028,0.69,0.30175,0.272,0.2695,0.169,0.02975,-0.0025,-0.103
"ttest","Two-sample t-test",1,169,0.439473684210526,2000,400,0.006,0.4775,0.0065,0.51,0.0065,0.5225,0.0255,0.71,0.26425,0.24825,0.242,0.15775,0.016,-0.00624999999999998,-0.0904999999999999
"ttest","Two-sample t-test",1,169,0.485526315789474,2000,400,0.006,0.6325,0.0065,0.66,0.0065,0.67,0.022,0.815,0.18675,0.17325,0.16825,0.1035,0.0135000000000001,-0.005,-0.0697499999999999
"ttest","Two-sample t-test",1,169,0.531578947368421,2000,400,0.006,0.7175,0.0065,0.745,0.0065,0.75,0.0195,0.855,0.14425,0.13075,0.12825,0.08225,0.0135,-0.0025,-0.0484999999999999
"ttest","Two-sample t-test",1,169,0.577631578947368,2000,400,0.006,0.8375,0.0065,0.86,0.0065,0.8625,0.0155,0.9275,0.08425,0.07325,0.072,0.044,0.011,-0.00125000000000003,-0.0292499999999999
"ttest","Two-sample t-test",1,169,0.623684210526316,2000,400,0.006,0.8675,0.0065,0.8775,0.0065,0.8825,0.0135,0.935,0.06925,0.0645,0.062,0.03925,0.00474999999999998,-0.0025,-0.02525
"ttest","Two-sample t-test",1,169,0.669736842105263,2000,400,0.006,0.92,0.0065,0.925,0.0065,0.9275,0.012,0.95,0.043,0.04075,0.0395,0.031,0.00225000000000003,-0.00124999999999997,-0.00974999999999993
"ttest","Two-sample t-test",1,169,0.71578947368421,2000,400,0.006,0.9575,0.0065,0.9675,0.0065,0.97,0.0095,0.9875,0.02425,0.0195,0.01825,0.011,0.00475000000000003,-0.00124999999999997,-0.00849999999999995
"ttest","Two-sample t-test",1,169,0.761842105263158,2000,400,0.006,0.9775,0.0065,0.985,0.0065,0.985,0.008,0.9925,0.01425,0.01075,0.01075,0.00774999999999998,0.0035,0,-0.003
"ttest","Two-sample t-test",1,169,0.807894736842105,2000,400,0.006,0.985,0.0065,0.9875,0.0065,0.99,0.007,0.9925,0.0105,0.00949999999999995,0.00824999999999998,0.00724999999999992,0.00100000000000006,-0.00124999999999997,-0.00225000000000003
"ttest","Two-sample t-test",1,169,0.853947368421053,2000,400,0.006,0.9925,0.0065,0.995,0.0065,0.995,0.007,0.995,0.00674999999999998,0.00574999999999998,0.00574999999999998,0.00599999999999995,0.001,0,0.000249999999999972
"ttest","Two-sample t-test",1,169,0.9,2000,400,0.006,1,0.0065,1,0.0065,1,0.007,1,0.003,0.00324999999999998,0.00324999999999998,0.00349999999999995,-0.000249999999999972,0,0.000249999999999972
"ttest","Two-sample t-test",1,210,0.025,2000,400,0.005,0.01,0.005,0.01,0.0075,0.0125,0,0,0.4975,0.4975,0.4975,0.5,0,1.11022302462516e-16,0.00250000000000006
"ttest","Two-sample t-test",1,210,0.0710526315789474,2000,400,0.005,0.01,0.005,0.01,0.0075,0.0125,0.0025,0.005,0.4975,0.4975,0.4975,0.49875,0,1.11022302462516e-16,0.00125000000000003
"ttest","Two-sample t-test",1,210,0.117105263157895,2000,400,0.005,0.0275,0.005,0.035,0.0075,0.035,0.0215,0.09,0.48875,0.485,0.48625,0.46575,0.00375000000000003,0.00125000000000008,-0.0192499999999999
"ttest","Two-sample t-test",1,210,0.163157894736842,2000,400,0.005,0.03,0.005,0.0375,0.0075,0.0425,0.0365,0.1675,0.4875,0.48375,0.4825,0.4345,0.00374999999999998,-0.00124999999999992,-0.04925
"ttest","Two-sample t-test",1,210,0.209210526315789,2000,400,0.005,0.105,0.005,0.11,0.0075,0.11,0.0395,0.3025,0.45,0.4475,0.44875,0.3685,0.0025,0.00125000000000008,-0.0789999999999999
"ttest","Two-sample t-test",1,210,0.255263157894737,2000,400,0.005,0.2075,0.005,0.2225,0.0075,0.225,0.0385,0.485,0.39875,0.39125,0.39125,0.27675,0.00750000000000001,1.11022302462516e-16,-0.1145
"ttest","Two-sample t-test",1,210,0.301315789473684,2000,400,0.005,0.2175,0.005,0.235,0.0075,0.245,0.0355,0.485,0.39375,0.385,0.38125,0.27525,0.00874999999999998,-0.00374999999999992,-0.10975
"ttest","Two-sample t-test",1,210,0.347368421052632,2000,400,0.005,0.39,0.005,0.4,0.0075,0.405,0.0325,0.615,0.3075,0.3025,0.30125,0.20875,0.005,-0.00124999999999992,-0.09375
"ttest","Two-sample t-test",1,210,0.393421052631579,2000,400,0.005,0.5025,0.005,0.535,0.0075,0.5475,0.0285,0.75,0.25125,0.235,0.23,0.13925,0.01625,-0.00499999999999989,-0.09575
"ttest","Two-sample t-test",1,210,0.439473684210526,2000,400,0.005,0.6175,0.005,0.635,0.0075,0.6375,0.0245,0.795,0.19375,0.185,0.185,0.11475,0.00874999999999998,1.11022302462516e-16,-0.07025
"ttest","Two-sample t-test",1,210,0.485526315789474,2000,400,0.005,0.7575,0.005,0.775,0.0075,0.775,0.02,0.875,0.12375,0.115,0.11625,0.0725,0.00875000000000004,0.00125000000000008,-0.0424999999999999
"ttest","Two-sample t-test",1,210,0.531578947368421,2000,400,0.005,0.845,0.005,0.86,0.0075,0.8625,0.017,0.935,0.08,0.0725,0.0725,0.0409999999999999,0.00750000000000001,5.55111512312578e-17,-0.0315
"ttest","Two-sample t-test",1,210,0.577631578947368,2000,400,0.005,0.9225,0.005,0.925,0.0075,0.9275,0.016,0.9725,0.04125,0.0399999999999999,0.04,0.02175,0.00125000000000003,1.11022302462516e-16,-0.0182499999999999
"ttest","Two-sample t-test",1,210,0.623684210526316,2000,400,0.005,0.9575,0.005,0.9625,0.0075,0.965,0.014,0.9875,0.0237499999999999,0.0212499999999999,0.02125,0.01325,0.0025,1.11022302462516e-16,-0.00799999999999995
"ttest","Two-sample t-test",1,210,0.669736842105263,2000,400,0.005,0.98,0.005,0.98,0.0075,0.98,0.013,0.995,0.0125,0.0125,0.01375,0.00899999999999995,0,0.00125000000000008,-0.0035
"ttest","Two-sample t-test",1,210,0.71578947368421,2000,400,0.005,0.9975,0.005,0.9975,0.0075,0.9975,0.01,0.9975,0.00374999999999992,0.00374999999999992,0.005,0.00624999999999998,0,0.00125000000000008,0.00250000000000006
"ttest","Two-sample t-test",1,210,0.761842105263158,2000,400,0.005,0.9975,0.005,0.9975,0.0075,0.9975,0.0095,0.9975,0.00374999999999992,0.00374999999999992,0.005,0.006,0,0.00125000000000008,0.00225000000000009
"ttest","Two-sample t-test",1,210,0.807894736842105,2000,400,0.005,0.9975,0.005,1,0.0075,1,0.009,1,0.00374999999999992,0.00249999999999995,0.00375000000000003,0.00449999999999995,0.00124999999999997,0.00125000000000008,0.002
"ttest","Two-sample t-test",1,210,0.853947368421053,2000,400,0.005,0.9975,0.005,1,0.0075,1,0.0075,1,0.00374999999999992,0.00249999999999995,0.00375000000000003,0.00375000000000003,0.00124999999999997,0.00125000000000008,0.00125000000000008
"ttest","Two-sample t-test",1,210,0.9,2000,400,0.005,1,0.005,1,0.0075,1,0.0055,1,0.00249999999999995,0.00249999999999995,0.00375000000000003,0.00275000000000003,0,0.00125000000000008,0.000250000000000083
"ttest","Two-sample t-test",1,261,0.025,2000,400,0.0055,0.01,0.0055,0.01,0.0055,0.01,0,0,0.49775,0.49775,0.49775,0.5,0,0,0.00224999999999997
"ttest","Two-sample t-test",1,261,0.0710526315789474,2000,400,0.0055,0.01,0.0055,0.01,0.0055,0.0125,0.0055,0.01,0.49775,0.49775,0.4965,0.49775,0,-0.00124999999999997,0
"ttest","Two-sample t-test",1,261,0.117105263157895,2000,400,0.0055,0.0175,0.0055,0.02,0.0055,0.02,0.028,0.09,0.494,0.49275,0.49275,0.469,0.00125000000000003,0,-0.02375
"ttest","Two-sample t-test",1,261,0.163157894736842,2000,400,0.0055,0.045,0.0055,0.045,0.0055,0.045,0.0405,0.205,0.48025,0.48025,0.48025,0.41775,0,0,-0.0625
"ttest","Two-sample t-test",1,261,0.209210526315789,2000,400,0.0055,0.14,0.0055,0.1425,0.0055,0.1475,0.0415,0.4,0.43275,0.4315,0.429,0.32075,0.00124999999999997,-0.0025,-0.11075
"ttest","Two-sample t-test",1,261,0.255263157894737,2000,400,0.0055,0.2125,0.0055,0.22,0.0055,0.2275,0.0385,0.5075,0.3965,0.39275,0.389,0.2655,0.00374999999999998,-0.00375000000000003,-0.12725
"ttest","Two-sample t-test",1,261,0.301315789473684,2000,400,0.0055,0.3675,0.0055,0.37,0.0055,0.3775,0.0325,0.64,0.319,0.31775,0.314,0.19625,0.00125000000000003,-0.00374999999999998,-0.1215
"ttest","Two-sample t-test",1,261,0.347368421052632,2000,400,0.0055,0.5225,0.0055,0.525,0.0055,0.53,0.028,0.7325,0.2415,0.24025,0.23775,0.14775,0.00125000000000003,-0.0025,-0.0925
"ttest","Two-sample t-test",1,261,0.393421052631579,2000,400,0.0055,0.6875,0.0055,0.6925,0.0055,0.7,0.025,0.835,0.159,0.1565,0.15275,0.095,0.0025,-0.00374999999999998,-0.0615
"ttest","Two-sample t-test",1,261,0.439473684210526,2000,400,0.0055,0.7475,0.0055,0.75,0.0055,0.75,0.0195,0.87,0.129,0.12775,0.12775,0.07475,0.00124999999999997,0,-0.053
"ttest","Two-sample t-test",1,261,0.485526315789474,2000,400,0.0055,0.885,0.0055,0.885,0.0055,0.885,0.016,0.9375,0.06025,0.06025,0.06025,0.03925,0,0,-0.021
"ttest","Two-sample t-test",1,261,0.531578947368421,2000,400,0.0055,0.9325,0.0055,0.9325,0.0055,0.9325,0.0125,0.955,0.0365,0.0365,0.0365,0.02875,0,0,-0.00775000000000003
"ttest","Two-sample t-test",1,261,0.577631578947368,2000,400,0.0055,0.9675,0.0055,0.9675,0.0055,0.97,0.011,0.98,0.019,0.019,0.01775,0.0155,0,-0.00124999999999997,-0.00350000000000006
"ttest","Two-sample t-test",1,261,0.623684210526316,2000,400,0.0055,0.995,0.0055,0.995,0.0055,0.9975,0.0095,0.9975,0.00525000000000003,0.00525000000000003,0.004,0.006,0,-0.00125000000000003,0.000749999999999973
"ttest","Two-sample t-test",1,261,0.669736842105263,2000,400,0.0055,1,0.0055,1,0.0055,1,0.009,1,0.00275000000000003,0.00275000000000003,0.00275000000000003,0.00449999999999995,0,0,0.00174999999999992
"ttest","Two-sample t-test",1,261,0.71578947368421,2000,400,0.0055,1,0.0055,1,0.0055,1,0.007,1,0.00275000000000003,0.00275000000000003,0.00275000000000003,0.00349999999999995,0,0,0.000749999999999917
"ttest","Two-sample t-test",1,261,0.761842105263158,2000,400,0.0055,1,0.0055,1,0.0055,1,0.006,1,0.00275000000000003,0.00275000000000003,0.00275000000000003,0.003,0,0,0.000249999999999972
"ttest","Two-sample t-test",1,261,0.807894736842105,2000,400,0.0055,1,0.0055,1,0.0055,1,0.0055,1,0.00275000000000003,0.00275000000000003,0.00275000000000003,0.00275000000000003,0,0,0
"ttest","Two-sample t-test",1,261,0.853947368421053,2000,400,0.0055,1,0.0055,1,0.0055,1,0.0055,1,0.00275000000000003,0.00275000000000003,0.00275000000000003,0.00275000000000003,0,0,0
"ttest","Two-sample t-test",1,261,0.9,2000,400,0.0055,1,0.0055,1,0.0055,1,0.0055,1,0.00275000000000003,0.00275000000000003,0.00275000000000003,0.00275000000000003,0,0,0
"ttest","Two-sample t-test",1,324,0.025,2000,400,0.005,0.005,0.004,0.005,0.0045,0.005,0,0,0.5,0.4995,0.49975,0.5,0.000499999999999945,0.000249999999999972,5e-04
"ttest","Two-sample t-test",1,324,0.0710526315789474,2000,400,0.005,0.01,0.004,0.01,0.0045,0.01,0.008,0.015,0.4975,0.497,0.49725,0.4965,0.000499999999999945,0.000249999999999972,-5e-04
"ttest","Two-sample t-test",1,324,0.117105263157895,2000,400,0.005,0.0375,0.004,0.0325,0.0045,0.0375,0.0365,0.135,0.48375,0.48575,0.4835,0.45075,-0.00200000000000006,-0.00225000000000003,-0.035
"ttest","Two-sample t-test",1,324,0.163157894736842,2000,400,0.005,0.105,0.004,0.09,0.0045,0.105,0.0435,0.2825,0.45,0.457,0.44975,0.3805,-0.00700000000000006,-0.00725000000000003,-0.0765
"ttest","Two-sample t-test",1,324,0.209210526315789,2000,400,0.005,0.185,0.004,0.1825,0.0045,0.1825,0.043,0.46,0.41,0.41075,0.411,0.2915,-0.000750000000000084,0.000249999999999972,-0.11925
"ttest","Two-sample t-test",1,324,0.255263157894737,2000,400,0.005,0.2975,0.004,0.2825,0.0045,0.2925,0.0375,0.5625,0.35375,0.36075,0.356,0.2375,-0.00700000000000006,-0.00475000000000003,-0.12325
"ttest","Two-sample t-test",1,324,0.301315789473684,2000,400,0.005,0.485,0.004,0.4675,0.0045,0.4775,0.0345,0.7025,0.26,0.26825,0.2635,0.166,-0.00825000000000004,-0.00475000000000003,-0.10225
"ttest","Two-sample t-test",1,324,0.347368421052632,2000,400,0.005,0.6475,0.004,0.635,0.0045,0.6475,0.0285,0.8175,0.17875,0.1845,0.1785,0.1055,-0.00575000000000003,-0.006,-0.079
"ttest","Two-sample t-test",1,324,0.393421052631579,2000,400,0.005,0.76,0.004,0.7525,0.0045,0.7575,0.0225,0.885,0.1225,0.12575,0.1235,0.06875,-0.00325000000000009,-0.00225000000000003,-0.057
"ttest","Two-sample t-test",1,324,0.439473684210526,2000,400,0.005,0.8575,0.004,0.85,0.0045,0.855,0.0195,0.9475,0.0737499999999999,0.077,0.07475,0.036,-0.00325000000000009,-0.00225000000000003,-0.041
"ttest","Two-sample t-test",1,324,0.485526315789474,2000,400,0.005,0.9475,0.004,0.94,0.0045,0.9425,0.0165,0.97,0.0287499999999999,0.032,0.031,0.02325,-0.00325000000000009,-0.00100000000000006,-0.00875000000000004
"ttest","Two-sample t-test",1,324,0.531578947368421,2000,400,0.005,0.9775,0.004,0.9775,0.0045,0.9775,0.0145,0.9925,0.0137499999999999,0.01325,0.0135,0.011,0.000499999999999945,0.000249999999999972,-0.00225000000000003
"ttest","Two-sample t-test",1,324,0.577631578947368,2000,400,0.005,0.99,0.004,0.99,0.0045,0.99,0.0125,0.99,0.00749999999999995,0.00700000000000001,0.00724999999999998,0.01125,0.000499999999999945,0.000249999999999972,0.00424999999999998
"ttest","Two-sample t-test",1,324,0.623684210526316,2000,400,0.005,1,0.004,1,0.0045,1,0.0085,1,0.00249999999999995,0.002,0.00224999999999997,0.00424999999999998,0.000499999999999945,0.000249999999999972,0.00224999999999997
"ttest","Two-sample t-test",1,324,0.669736842105263,2000,400,0.005,1,0.004,1,0.0045,1,0.0075,1,0.00249999999999995,0.002,0.00224999999999997,0.00375000000000003,0.000499999999999945,0.000249999999999972,0.00175000000000003
"ttest","Two-sample t-test",1,324,0.71578947368421,2000,400,0.005,1,0.004,1,0.0045,1,0.0055,1,0.00249999999999995,0.002,0.00224999999999997,0.00275000000000003,0.000499999999999945,0.000249999999999972,0.000750000000000028
"ttest","Two-sample t-test",1,324,0.761842105263158,2000,400,0.005,1,0.004,1,0.0045,1,0.005,1,0.00249999999999995,0.002,0.00224999999999997,0.00249999999999995,0.000499999999999945,0.000249999999999972,0.000499999999999945
"ttest","Two-sample t-test",1,324,0.807894736842105,2000,400,0.005,1,0.004,1,0.0045,1,0.004,1,0.00249999999999995,0.002,0.00224999999999997,0.002,0.000499999999999945,0.000249999999999972,0
"ttest","Two-sample t-test",1,324,0.853947368421053,2000,400,0.005,1,0.004,1,0.0045,1,0.004,1,0.00249999999999995,0.002,0.00224999999999997,0.002,0.000499999999999945,0.000249999999999972,0
"ttest","Two-sample t-test",1,324,0.9,2000,400,0.005,1,0.004,1,0.0045,1,0.004,1,0.00249999999999995,0.002,0.00224999999999997,0.002,0.000499999999999945,0.000249999999999972,0
"ttest","Two-sample t-test",1,403,0.025,2000,400,0.0025,0.0075,0.0025,0.0075,0.0025,0.0075,0,0,0.4975,0.4975,0.4975,0.5,0,0,0.0025
"ttest","Two-sample t-test",1,403,0.0710526315789474,2000,400,0.0025,0.0275,0.0025,0.0225,0.0025,0.0225,0.008,0.0425,0.4875,0.49,0.49,0.48275,-0.0025,0,-0.00724999999999998
"ttest","Two-sample t-test",1,403,0.117105263157895,2000,400,0.0025,0.06,0.0025,0.0575,0.0025,0.0575,0.0365,0.23,0.47125,0.4725,0.4725,0.40325,-0.00125000000000003,0,-0.06925
"ttest","Two-sample t-test",1,403,0.163157894736842,2000,400,0.0025,0.1175,0.0025,0.105,0.0025,0.105,0.0405,0.3475,0.4425,0.44875,0.44875,0.3465,-0.00624999999999998,0,-0.10225
"ttest","Two-sample t-test",1,403,0.209210526315789,2000,400,0.0025,0.2325,0.0025,0.2175,0.0025,0.22,0.0365,0.485,0.385,0.3925,0.39125,0.27575,-0.00750000000000001,-0.00124999999999997,-0.11675
"ttest","Two-sample t-test",1,403,0.255263157894737,2000,400,0.0025,0.4075,0.0025,0.385,0.0025,0.39,0.0275,0.6875,0.2975,0.30875,0.30625,0.17,-0.01125,-0.0025,-0.13875
"ttest","Two-sample t-test",1,403,0.301315789473684,2000,400,0.0025,0.565,0.0025,0.5325,0.0025,0.5375,0.022,0.76,0.21875,0.235,0.2325,0.131,-0.01625,-0.0025,-0.104
"ttest","Two-sample t-test",1,403,0.347368421052632,2000,400,0.0025,0.7425,0.0025,0.71,0.0025,0.7175,0.0185,0.8825,0.13,0.14625,0.1425,0.068,-0.01625,-0.00375000000000003,-0.07825
"ttest","Two-sample t-test",1,403,0.393421052631579,2000,400,0.0025,0.8775,0.0025,0.8575,0.0025,0.8625,0.013,0.9425,0.0625,0.0725,0.07,0.03525,-0.00999999999999995,-0.0025,-0.03725
"ttest","Two-sample t-test",1,403,0.439473684210526,2000,400,0.0025,0.94,0.0025,0.94,0.0025,0.94,0.0085,0.9675,0.03125,0.03125,0.03125,0.0205,0,0,-0.01075
"ttest","Two-sample t-test",1,403,0.485526315789474,2000,400,0.0025,0.97,0.0025,0.9675,0.0025,0.9675,0.0065,0.9875,0.01625,0.0175,0.0175,0.00949999999999995,-0.00124999999999997,0,-0.00800000000000001
"ttest","Two-sample t-test",1,403,0.531578947368421,2000,400,0.0025,0.995,0.0025,0.99,0.0025,0.99,0.005,0.9975,0.00374999999999998,0.00624999999999998,0.00624999999999998,0.00374999999999992,-0.0025,0,-0.00250000000000006
"ttest","Two-sample t-test",1,403,0.577631578947368,2000,400,0.0025,0.9975,0.0025,0.9975,0.0025,0.9975,0.0045,0.9975,0.00249999999999995,0.00249999999999995,0.00249999999999995,0.00349999999999995,0,0,0.001
"ttest","Two-sample t-test",1,403,0.623684210526316,2000,400,0.0025,1,0.0025,1,0.0025,1,0.0035,1,0.00124999999999997,0.00124999999999997,0.00124999999999997,0.00175000000000003,0,0,0.000500000000000056
"ttest","Two-sample t-test",1,403,0.669736842105263,2000,400,0.0025,1,0.0025,1,0.0025,1,0.003,1,0.00124999999999997,0.00124999999999997,0.00124999999999997,0.00149999999999995,0,0,0.000249999999999972
"ttest","Two-sample t-test",1,403,0.71578947368421,2000,400,0.0025,1,0.0025,1,0.0025,1,0.0025,1,0.00124999999999997,0.00124999999999997,0.00124999999999997,0.00124999999999997,0,0,0
"ttest","Two-sample t-test",1,403,0.761842105263158,2000,400,0.0025,1,0.0025,1,0.0025,1,0.0025,1,0.00124999999999997,0.00124999999999997,0.00124999999999997,0.00124999999999997,0,0,0
"ttest","Two-sample t-test",1,403,0.807894736842105,2000,400,0.0025,1,0.0025,1,0.0025,1,0.002,1,0.00124999999999997,0.00124999999999997,0.00124999999999997,0.001,0,0,-0.000249999999999972
"ttest","Two-sample t-test",1,403,0.853947368421053,2000,400,0.0025,1,0.0025,1,0.0025,1,0.002,1,0.00124999999999997,0.00124999999999997,0.00124999999999997,0.001,0,0,-0.000249999999999972
"ttest","Two-sample t-test",1,403,0.9,2000,400,0.0025,1,0.0025,1,0.0025,1,0.002,1,0.00124999999999997,0.00124999999999997,0.00124999999999997,0.001,0,0,-0.000249999999999972
"ttest","Two-sample t-test",1,500,0.025,2000,400,0.006,0.005,0.0045,0.005,0.0045,0.005,0,0,0.5005,0.49975,0.49975,0.5,0.000750000000000084,0,0.000250000000000028
"ttest","Two-sample t-test",1,500,0.0710526315789474,2000,400,0.006,0.0275,0.0045,0.02,0.0045,0.02,0.022,0.08,0.48925,0.49225,0.49225,0.471,-0.00299999999999995,0,-0.0212499999999999
"ttest","Two-sample t-test",1,500,0.117105263157895,2000,400,0.006,0.0725,0.0045,0.06,0.0045,0.0625,0.047,0.2425,0.46675,0.47225,0.471,0.40225,-0.00549999999999995,-0.00124999999999997,-0.07
"ttest","Two-sample t-test",1,500,0.163157894736842,2000,400,0.006,0.1475,0.0045,0.1225,0.0045,0.125,0.048,0.425,0.42925,0.441,0.43975,0.3115,-0.0117499999999999,-0.00124999999999997,-0.1295
"ttest","Two-sample t-test",1,500,0.209210526315789,2000,400,0.006,0.285,0.0045,0.245,0.0045,0.25,0.0425,0.5475,0.3605,0.37975,0.37725,0.2475,-0.0192499999999999,-0.0025,-0.13225
"ttest","Two-sample t-test",1,500,0.255263157894737,2000,400,0.006,0.52,0.0045,0.485,0.0045,0.49,0.0325,0.78,0.243,0.25975,0.25725,0.12625,-0.01675,-0.0025,-0.1335
"ttest","Two-sample t-test",1,500,0.301315789473684,2000,400,0.006,0.6725,0.0045,0.6325,0.0045,0.6375,0.024,0.8625,0.16675,0.186,0.1835,0.08075,-0.01925,-0.0025,-0.10525
"ttest","Two-sample t-test",1,500,0.347368421052632,2000,400,0.006,0.8675,0.0045,0.8525,0.0045,0.855,0.021,0.935,0.06925,0.076,0.07475,0.0429999999999999,-0.00674999999999998,-0.00124999999999997,-0.033
"ttest","Two-sample t-test",1,500,0.393421052631579,2000,400,0.006,0.95,0.0045,0.95,0.0045,0.95,0.015,0.9675,0.028,0.02725,0.02725,0.0237499999999999,0.000750000000000028,0,-0.00350000000000006
"ttest","Two-sample t-test",1,500,0.439473684210526,2000,400,0.006,0.98,0.0045,0.975,0.0045,0.9775,0.0125,0.9925,0.013,0.01475,0.0135,0.00999999999999995,-0.00174999999999997,-0.00125000000000003,-0.00475000000000003
"ttest","Two-sample t-test",1,500,0.485526315789474,2000,400,0.006,0.9925,0.0045,0.9925,0.0045,0.9925,0.0105,0.995,0.00674999999999998,0.00599999999999995,0.00599999999999995,0.00774999999999998,0.000750000000000028,0,0.00175000000000003
"ttest","Two-sample t-test",1,500,0.531578947368421,2000,400,0.006,1,0.0045,1,0.0045,1,0.0095,1,0.003,0.00224999999999997,0.00224999999999997,0.00475000000000003,0.000750000000000028,0,0.00250000000000006
"ttest","Two-sample t-test",1,500,0.577631578947368,2000,400,0.006,1,0.0045,1,0.0045,1,0.008,1,0.003,0.00224999999999997,0.00224999999999997,0.004,0.000750000000000028,0,0.00175000000000003
"ttest","Two-sample t-test",1,500,0.623684210526316,2000,400,0.006,1,0.0045,1,0.0045,1,0.006,1,0.003,0.00224999999999997,0.00224999999999997,0.003,0.000750000000000028,0,0.000750000000000028
"ttest","Two-sample t-test",1,500,0.669736842105263,2000,400,0.006,1,0.0045,1,0.0045,1,0.005,1,0.003,0.00224999999999997,0.00224999999999997,0.00249999999999995,0.000750000000000028,0,0.000249999999999972
"ttest","Two-sample t-test",1,500,0.71578947368421,2000,400,0.006,1,0.0045,1,0.0045,1,0.0045,1,0.003,0.00224999999999997,0.00224999999999997,0.00224999999999997,0.000750000000000028,0,0
"ttest","Two-sample t-test",1,500,0.761842105263158,2000,400,0.006,1,0.0045,1,0.0045,1,0.003,1,0.003,0.00224999999999997,0.00224999999999997,0.00149999999999995,0.000750000000000028,0,-0.000750000000000028
"ttest","Two-sample t-test",1,500,0.807894736842105,2000,400,0.006,1,0.0045,1,0.0045,1,0.003,1,0.003,0.00224999999999997,0.00224999999999997,0.00149999999999995,0.000750000000000028,0,-0.000750000000000028
"ttest","Two-sample t-test",1,500,0.853947368421053,2000,400,0.006,1,0.0045,1,0.0045,1,0.0025,1,0.003,0.00224999999999997,0.00224999999999997,0.00124999999999997,0.000750000000000028,0,-0.001
"ttest","Two-sample t-test",1,500,0.9,2000,400,0.006,1,0.0045,1,0.0045,1,0.0025,1,0.003,0.00224999999999997,0.00224999999999997,0.00124999999999997,0.000750000000000028,0,-0.001
