"test_key","test","q","n","theta","null_valid_reps","alt_valid_reps","alpha_p","power_p","alpha_ejab","power_ejab","alpha_bic","power_bic","alpha_tsbf","power_tsbf","risk_p","risk_ejab","risk_bic","risk_tsbf","delta_p_minus_ejab","delta_bic_minus_ejab","delta_tsbf_minus_ejab"
"anova","One-way ANOVA",3,100,0.002,2000,400,0.004,0.0075,0.0265,0.04,0.001,0.0025,0,0,0.49825,0.49325,0.49925,0.5,0.00500000000000006,0.006,0.00675000000000003
"anova","One-way ANOVA",3,100,0.00258309933002977,2000,400,0.004,0.005,0.0265,0.0425,0.001,0,0,0,0.4995,0.492,0.5005,0.5,0.00750000000000001,0.00849999999999995,0.00800000000000001
"anova","One-way ANOVA",3,100,0.00333620107440012,2000,400,0.004,0.005,0.0265,0.0425,0.001,0.0025,0,0,0.4995,0.492,0.49925,0.5,0.00750000000000001,0.00724999999999998,0.00800000000000001
"anova","One-way ANOVA",3,100,0.00430886938006377,2000,400,0.004,0.0025,0.0265,0.035,0.001,0,0,0,0.50075,0.49575,0.5005,0.5,0.00500000000000006,0.00474999999999998,0.00425000000000003
"anova","One-way ANOVA",3,100,0.00556511880441425,2000,400,0.004,0.0025,0.0265,0.0375,0.001,0,0,0,0.50075,0.4945,0.5005,0.5,0.00625000000000003,0.00599999999999995,0.0055
"anova","One-way ANOVA",3,100,0.00718762732760925,2000,400,0.004,0,0.0265,0.0275,0.001,0,0,0,0.502,0.4995,0.5005,0.5,0.0025,0.000999999999999945,5e-04
"anova","One-way ANOVA",3,100,0.00928317766722556,2000,400,0.004,0.005,0.0265,0.0275,0.001,0.0025,0,0,0.4995,0.4995,0.49925,0.5,0,-0.000250000000000028,5e-04
"anova","One-way ANOVA",3,100,0.0119896850063788,2000,400,0.004,0.0025,0.0265,0.03,0.001,0.0025,0,0,0.50075,0.49825,0.49925,0.5,0.00250000000000006,0.001,0.00175000000000003
"anova","One-way ANOVA",3,100,0.0154852736536225,2000,400,0.004,0,0.0265,0.02,0.001,0,0,0,0.502,0.50325,0.5005,0.5,-0.00124999999999997,-0.00275000000000003,-0.00324999999999998
"anova","One-way ANOVA",3,100,0.02,2000,400,0.004,0,0.0265,0.0275,0.001,0,0,0,0.502,0.4995,0.5005,0.5,0.0025,0.000999999999999945,5e-04
"anova","One-way ANOVA",3,100,0.025,2000,400,0.004,0.0025,0.0265,0.0425,0.001,0,0,0,0.50075,0.492,0.5005,0.5,0.00875000000000004,0.00849999999999995,0.00800000000000001
"anova","One-way ANOVA",3,100,0.0666666666666667,2000,400,0.004,0.005,0.0265,0.06,0.001,0.0025,0,0,0.4995,0.48325,0.49925,0.5,0.01625,0.016,0.01675
"anova","One-way ANOVA",3,100,0.108333333333333,2000,400,0.004,0.0225,0.0265,0.105,0.001,0.0025,0.004,0.0225,0.49075,0.46075,0.49925,0.49075,0.03,0.0385,0.03
"anova","One-way ANOVA",3,100,0.15,2000,400,0.004,0.055,0.0265,0.155,0.001,0.0175,0.017,0.1375,0.4745,0.43575,0.49175,0.43975,0.03875,0.056,0.004
"anova","One-way ANOVA",3,100,0.191666666666667,2000,400,0.004,0.095,0.0265,0.24,0.001,0.0375,0.0335,0.2725,0.4545,0.39325,0.48175,0.3805,0.06125,0.0885,-0.0127499999999999
"anova","One-way ANOVA",3,100,0.233333333333333,2000,400,0.004,0.1575,0.0265,0.3825,0.001,0.0825,0.04,0.43,0.42325,0.322,0.45925,0.305,0.10125,0.13725,-0.0169999999999999
"anova","One-way ANOVA",3,100,0.275,2000,400,0.004,0.29,0.0265,0.515,0.001,0.1725,0.04,0.57,0.357,0.25575,0.41425,0.235,0.10125,0.1585,-0.0207499999999999
"anova","One-way ANOVA",3,100,0.316666666666667,2000,400,0.004,0.395,0.0265,0.68,0.001,0.2525,0.037,0.7125,0.3045,0.17325,0.37425,0.16225,0.13125,0.201,-0.011
"anova","One-way ANOVA",3,100,0.358333333333333,2000,400,0.004,0.5775,0.0265,0.8275,0.001,0.44,0.032,0.84,0.21325,0.0995,0.2805,0.096,0.11375,0.181,-0.00349999999999995
"anova","One-way ANOVA",3,100,0.4,2000,400,0.004,0.7425,0.0265,0.91,0.001,0.58,0.027,0.9125,0.13075,0.05825,0.2105,0.05725,0.0725,0.15225,-0.001
"anova","One-way ANOVA",3,100,0.441666666666667,2000,400,0.004,0.8025,0.0265,0.945,0.001,0.665,0.022,0.94,0.10075,0.04075,0.168,0.041,0.06,0.12725,0.000250000000000028
"anova","One-way ANOVA",3,100,0.483333333333333,2000,400,0.004,0.9175,0.0265,0.9775,0.001,0.8275,0.018,0.965,0.04325,0.0245,0.0867499999999999,0.0265,0.01875,0.06225,0.00200000000000006
"anova","One-way ANOVA",3,100,0.525,2000,400,0.004,0.965,0.0265,0.995,0.001,0.92,0.016,0.99,0.0195,0.01575,0.0404999999999999,0.013,0.00375000000000003,0.0247499999999999,-0.00274999999999997
"anova","One-way ANOVA",3,100,0.566666666666667,2000,400,0.004,0.9875,0.0265,0.9975,0.001,0.965,0.013,0.9925,0.00824999999999998,0.0145,0.018,0.0102499999999999,-0.00624999999999998,0.0035,-0.00425000000000003
"anova","One-way ANOVA",3,100,0.608333333333333,2000,400,0.004,0.995,0.0265,0.9975,0.001,0.9825,0.01,0.9975,0.0045,0.0145,0.00924999999999992,0.00624999999999998,-0.00999999999999995,-0.00525000000000003,-0.00824999999999998
"anova","One-way ANOVA",3,100,0.65,2000,400,0.004,0.9975,0.0265,1,0.001,0.9925,0.008,0.9975,0.00324999999999998,0.01325,0.00424999999999992,0.00524999999999998,-0.01,-0.00900000000000006,-0.00800000000000001
"anova","One-way ANOVA",3,100,0.691666666666667,2000,400,0.004,0.9975,0.0265,1,0.001,0.99,0.007,1,0.00324999999999998,0.01325,0.00549999999999995,0.00349999999999995,-0.01,-0.00775000000000003,-0.00975000000000004
"anova","One-way ANOVA",3,100,0.733333333333333,2000,400,0.004,1,0.0265,1,0.001,1,0.0065,1,0.002,0.01325,0.000499999999999945,0.00324999999999998,-0.01125,-0.01275,-0.01
"anova","One-way ANOVA",3,100,0.775,2000,400,0.004,1,0.0265,1,0.001,1,0.0055,1,0.002,0.01325,0.000499999999999945,0.00275000000000003,-0.01125,-0.01275,-0.0105
"anova","One-way ANOVA",3,100,0.816666666666667,2000,400,0.004,1,0.0265,1,0.001,1,0.005,1,0.002,0.01325,0.000499999999999945,0.00249999999999995,-0.01125,-0.01275,-0.01075
"anova","One-way ANOVA",3,100,0.858333333333333,2000,400,0.004,1,0.0265,1,0.001,1,0.0045,1,0.002,0.01325,0.000499999999999945,0.00224999999999997,-0.01125,-0.01275,-0.011
"anova","One-way ANOVA",3,100,0.9,2000,400,0.004,1,0.0265,1,0.001,1,0.004,1,0.002,0.01325,0.000499999999999945,0.002,-0.01125,-0.01275,-0.01125
"anova","One-way ANOVA",3,122,0.002,2000,400,0.005,0.0075,0.0295,0.03,5e-04,0.0025,0,0,0.49875,0.49975,0.499,0.5,-0.00100000000000006,-0.000750000000000028,0.000249999999999972
"anova","One-way ANOVA",3,122,0.00258309933002977,2000,400,0.005,0,0.0295,0.035,5e-04,0,0,0,0.5025,0.49725,0.50025,0.5,0.00524999999999992,0.00299999999999995,0.00274999999999997
"anova","One-way ANOVA",3,122,0.00333620107440012,2000,400,0.005,0.0075,0.0295,0.025,5e-04,0.0025,0,0,0.49875,0.50225,0.499,0.5,-0.00350000000000011,-0.00325000000000009,-0.00225000000000009
"anova","One-way ANOVA",3,122,0.00430886938006377,2000,400,0.005,0,0.0295,0.025,5e-04,0,0,0,0.5025,0.50225,0.50025,0.5,0.000249999999999861,-0.00200000000000011,-0.00225000000000009
"anova","One-way ANOVA",3,122,0.00556511880441425,2000,400,0.005,0.0075,0.0295,0.0375,5e-04,0.0025,0,0,0.49875,0.496,0.499,0.5,0.00274999999999992,0.00299999999999995,0.00399999999999995
"anova","One-way ANOVA",3,122,0.00718762732760925,2000,400,0.005,0.0075,0.0295,0.0275,5e-04,0.0025,0,0,0.49875,0.501,0.499,0.5,-0.00225000000000003,-0.002,-0.001
"anova","One-way ANOVA",3,122,0.00928317766722556,2000,400,0.005,0.005,0.0295,0.035,5e-04,0,0,0,0.5,0.49725,0.50025,0.5,0.00274999999999992,0.00299999999999995,0.00274999999999997
"anova","One-way ANOVA",3,122,0.0119896850063788,2000,400,0.005,0.0025,0.0295,0.035,5e-04,0.0025,0,0,0.50125,0.49725,0.499,0.5,0.00399999999999995,0.00174999999999997,0.00274999999999997
"anova","One-way ANOVA",3,122,0.0154852736536225,2000,400,0.005,0.015,0.0295,0.04,5e-04,0,0,0,0.495,0.49475,0.50025,0.5,0.000249999999999917,0.00549999999999995,0.00524999999999998
"anova","One-way ANOVA",3,122,0.02,2000,400,0.005,0.0075,0.0295,0.035,5e-04,0,0,0,0.49875,0.49725,0.50025,0.5,0.00149999999999995,0.00299999999999995,0.00274999999999997
"anova","One-way ANOVA",3,122,0.025,2000,400,0.005,0.0075,0.0295,0.04,5e-04,0,0,0,0.49875,0.49475,0.50025,0.5,0.00399999999999995,0.00549999999999995,0.00524999999999998
"anova","One-way ANOVA",3,122,0.0666666666666667,2000,400,0.005,0.0075,0.0295,0.045,5e-04,0.0025,0,0,0.49875,0.49225,0.499,0.5,0.00649999999999995,0.00674999999999998,0.00774999999999998
"anova","One-way ANOVA",3,122,0.108333333333333,2000,400,0.005,0.03,0.0295,0.12,5e-04,0.01,0.0085,0.0475,0.4875,0.45475,0.49525,0.4805,0.0327499999999999,0.0404999999999999,0.0257499999999999
"anova","One-way ANOVA",3,122,0.15,2000,400,0.005,0.0475,0.0295,0.215,5e-04,0.0175,0.0295,0.2125,0.47875,0.40725,0.4915,0.4085,0.0714999999999999,0.0842499999999999,0.00124999999999997
"anova","One-way ANOVA",3,122,0.191666666666667,2000,400,0.005,0.1,0.0295,0.315,5e-04,0.035,0.0395,0.3725,0.4525,0.35725,0.48275,0.3335,0.0952499999999999,0.1255,-0.02375
"anova","One-way ANOVA",3,122,0.233333333333333,2000,400,0.005,0.215,0.0295,0.455,5e-04,0.105,0.0425,0.53,0.395,0.28725,0.44775,0.25625,0.10775,0.1605,-0.031
"anova","One-way ANOVA",3,122,0.275,2000,400,0.005,0.3775,0.0295,0.655,5e-04,0.225,0.0395,0.6925,0.31375,0.18725,0.38775,0.1735,0.1265,0.2005,-0.01375
"anova","One-way ANOVA",3,122,0.316666666666667,2000,400,0.005,0.5725,0.0295,0.8325,5e-04,0.3475,0.035,0.8575,0.21625,0.0985,0.3265,0.0887499999999999,0.11775,0.228,-0.00975000000000009
"anova","One-way ANOVA",3,122,0.358333333333333,2000,400,0.005,0.7,0.0295,0.885,5e-04,0.5075,0.0305,0.89,0.1525,0.07225,0.2465,0.07025,0.0802499999999999,0.17425,-0.00200000000000006
"anova","One-way ANOVA",3,122,0.4,2000,400,0.005,0.8425,0.0295,0.955,5e-04,0.7,0.0275,0.9425,0.0812499999999999,0.0372500000000001,0.15025,0.0425,0.0439999999999999,0.113,0.00524999999999998
"anova","One-way ANOVA",3,122,0.441666666666667,2000,400,0.005,0.94,0.0295,0.9875,5e-04,0.8425,0.022,0.985,0.0325,0.021,0.079,0.0185,0.0115,0.0579999999999999,-0.0025
"anova","One-way ANOVA",3,122,0.483333333333333,2000,400,0.005,0.965,0.0295,0.9975,5e-04,0.9175,0.017,0.9925,0.02,0.016,0.0415,0.0122499999999999,0.00399999999999995,0.0255,-0.00375000000000009
"anova","One-way ANOVA",3,122,0.525,2000,400,0.005,0.98,0.0295,0.9975,5e-04,0.96,0.0125,0.9925,0.0125,0.016,0.02025,0.00999999999999995,-0.00350000000000006,0.00424999999999998,-0.00600000000000006
"anova","One-way ANOVA",3,122,0.566666666666667,2000,400,0.005,1,0.0295,1,5e-04,0.9875,0.0105,1,0.00249999999999995,0.01475,0.00649999999999995,0.00524999999999998,-0.0122500000000001,-0.00825000000000009,-0.00950000000000006
"anova","One-way ANOVA",3,122,0.608333333333333,2000,400,0.005,1,0.0295,1,5e-04,0.9975,0.0095,1,0.00249999999999995,0.01475,0.00149999999999995,0.00475000000000003,-0.0122500000000001,-0.0132500000000001,-0.01
"anova","One-way ANOVA",3,122,0.65,2000,400,0.005,1,0.0295,1,5e-04,1,0.0085,1,0.00249999999999995,0.01475,0.000249999999999972,0.00424999999999998,-0.0122500000000001,-0.0145000000000001,-0.0105000000000001
"anova","One-way ANOVA",3,122,0.691666666666667,2000,400,0.005,1,0.0295,1,5e-04,1,0.0065,1,0.00249999999999995,0.01475,0.000249999999999972,0.00324999999999998,-0.0122500000000001,-0.0145000000000001,-0.0115000000000001
"anova","One-way ANOVA",3,122,0.733333333333333,2000,400,0.005,1,0.0295,1,5e-04,1,0.0055,1,0.00249999999999995,0.01475,0.000249999999999972,0.00275000000000003,-0.0122500000000001,-0.0145000000000001,-0.012
"anova","One-way ANOVA",3,122,0.775,2000,400,0.005,1,0.0295,1,5e-04,1,0.005,1,0.00249999999999995,0.01475,0.000249999999999972,0.00249999999999995,-0.0122500000000001,-0.0145000000000001,-0.0122500000000001
"anova","One-way ANOVA",3,122,0.816666666666667,2000,400,0.005,1,0.0295,1,5e-04,1,0.005,1,0.00249999999999995,0.01475,0.000249999999999972,0.00249999999999995,-0.0122500000000001,-0.0145000000000001,-0.0122500000000001
"anova","One-way ANOVA",3,122,0.858333333333333,2000,400,0.005,1,0.0295,1,5e-04,1,0.0045,1,0.00249999999999995,0.01475,0.000249999999999972,0.00224999999999997,-0.0122500000000001,-0.0145000000000001,-0.0125000000000001
"anova","One-way ANOVA",3,122,0.9,2000,400,0.005,1,0.0295,1,5e-04,1,0.004,1,0.00249999999999995,0.01475,0.000249999999999972,0.002,-0.0122500000000001,-0.0145000000000001,-0.01275
"anova","One-way ANOVA",3,149,0.002,2000,400,0.0055,0.01,0.035,0.0325,5e-04,0,0,0,0.49775,0.50125,0.50025,0.5,-0.00349999999999995,-0.001,-0.00124999999999997
"anova","One-way ANOVA",3,149,0.00258309933002977,2000,400,0.0055,0,0.035,0.0175,5e-04,0,0,0,0.50275,0.50875,0.50025,0.5,-0.00599999999999989,-0.00849999999999995,-0.00874999999999992
"anova","One-way ANOVA",3,149,0.00333620107440012,2000,400,0.0055,0.0075,0.035,0.0425,5e-04,0.005,0,0,0.499,0.49625,0.49775,0.5,0.00275000000000009,0.0015,0.00375000000000003
"anova","One-way ANOVA",3,149,0.00430886938006377,2000,400,0.0055,0.005,0.035,0.035,5e-04,0.005,0,0,0.50025,0.5,0.49775,0.5,0.000250000000000139,-0.00224999999999997,5.55111512312578e-17
"anova","One-way ANOVA",3,149,0.00556511880441425,2000,400,0.0055,0.0025,0.035,0.0175,5e-04,0,0,0,0.5015,0.50875,0.50025,0.5,-0.00724999999999987,-0.00849999999999995,-0.00874999999999992
"anova","One-way ANOVA",3,149,0.00718762732760925,2000,400,0.0055,0.01,0.035,0.04,5e-04,0,0,0,0.49775,0.4975,0.50025,0.5,0.000250000000000083,0.00275000000000003,0.00250000000000006
"anova","One-way ANOVA",3,149,0.00928317766722556,2000,400,0.0055,0.005,0.035,0.0175,5e-04,0.0025,0,0,0.50025,0.50875,0.499,0.5,-0.00849999999999984,-0.00974999999999993,-0.00874999999999992
"anova","One-way ANOVA",3,149,0.0119896850063788,2000,400,0.0055,0.01,0.035,0.045,5e-04,0.0025,0,0,0.49775,0.495,0.499,0.5,0.00275000000000009,0.00400000000000006,0.00500000000000006
"anova","One-way ANOVA",3,149,0.0154852736536225,2000,400,0.0055,0.0075,0.035,0.03,5e-04,0.0025,0,0,0.499,0.5025,0.499,0.5,-0.00349999999999989,-0.00349999999999995,-0.00249999999999995
"anova","One-way ANOVA",3,149,0.02,2000,400,0.0055,0.0075,0.035,0.0375,5e-04,0.0025,0,0,0.499,0.49875,0.499,0.5,0.000250000000000083,0.000250000000000028,0.00125000000000003
"anova","One-way ANOVA",3,149,0.025,2000,400,0.0055,0.0075,0.035,0.0275,5e-04,0,0,0,0.499,0.50375,0.50025,0.5,-0.00474999999999987,-0.00349999999999995,-0.00374999999999992
"anova","One-way ANOVA",3,149,0.0666666666666667,2000,400,0.0055,0.0075,0.035,0.0475,5e-04,0,0,0,0.499,0.49375,0.50025,0.5,0.00525000000000009,0.00650000000000001,0.00625000000000003
"anova","One-way ANOVA",3,149,0.108333333333333,2000,400,0.0055,0.0375,0.035,0.135,5e-04,0.0125,0.0205,0.08,0.484,0.45,0.494,0.47025,0.0340000000000001,0.044,0.02025
"anova","One-way ANOVA",3,149,0.15,2000,400,0.0055,0.0775,0.035,0.22,5e-04,0.0125,0.042,0.265,0.464,0.4075,0.494,0.3885,0.0565,0.0865,-0.019
"anova","One-way ANOVA",3,149,0.191666666666667,2000,400,0.0055,0.155,0.035,0.3425,5e-04,0.075,0.0485,0.41,0.42525,0.34625,0.46275,0.31925,0.0790000000000001,0.1165,-0.0269999999999999
"anova","One-way ANOVA",3,149,0.233333333333333,2000,400,0.0055,0.305,0.035,0.545,5e-04,0.1475,0.0485,0.615,0.35025,0.245,0.4265,0.21675,0.10525,0.1815,-0.0282499999999999
"anova","One-way ANOVA",3,149,0.275,2000,400,0.0055,0.4775,0.035,0.735,5e-04,0.2925,0.046,0.7725,0.264,0.15,0.354,0.13675,0.114,0.204,-0.0132499999999999
"anova","One-way ANOVA",3,149,0.316666666666667,2000,400,0.0055,0.67,0.035,0.865,5e-04,0.42,0.04,0.87,0.16775,0.085,0.29025,0.085,0.08275,0.20525,5.55111512312578e-17
"anova","One-way ANOVA",3,149,0.358333333333333,2000,400,0.0055,0.855,0.035,0.955,5e-04,0.6725,0.035,0.95,0.07525,0.04,0.164,0.0425,0.0352500000000001,0.124,0.0025
"anova","One-way ANOVA",3,149,0.4,2000,400,0.0055,0.9475,0.035,0.9875,5e-04,0.8575,0.03,0.9825,0.029,0.0237499999999999,0.0715,0.02375,0.00525000000000009,0.04775,5.55111512312578e-17
"anova","One-way ANOVA",3,149,0.441666666666667,2000,400,0.0055,0.975,0.035,0.9925,5e-04,0.935,0.0245,0.9875,0.01525,0.0212499999999999,0.0327499999999999,0.0185,-0.00599999999999989,0.0115,-0.00274999999999997
"anova","One-way ANOVA",3,149,0.483333333333333,2000,400,0.0055,0.9975,0.035,1,5e-04,0.975,0.0195,0.9975,0.004,0.0175,0.01275,0.011,-0.0135,-0.00474999999999998,-0.00649999999999995
"anova","One-way ANOVA",3,149,0.525,2000,400,0.0055,0.9975,0.035,1,5e-04,0.975,0.016,1,0.004,0.0175,0.01275,0.00800000000000001,-0.0135,-0.00474999999999998,-0.00949999999999995
"anova","One-way ANOVA",3,149,0.566666666666667,2000,400,0.0055,1,0.035,1,5e-04,1,0.014,1,0.00275000000000003,0.0175,0.000249999999999972,0.00700000000000001,-0.0147499999999999,-0.01725,-0.0105
"anova","One-way ANOVA",3,149,0.608333333333333,2000,400,0.0055,1,0.035,1,5e-04,1,0.009,1,0.00275000000000003,0.0175,0.000249999999999972,0.00449999999999995,-0.0147499999999999,-0.01725,-0.013
"anova","One-way ANOVA",3,149,0.65,2000,400,0.0055,1,0.035,1,5e-04,1,0.0075,1,0.00275000000000003,0.0175,0.000249999999999972,0.00375000000000003,-0.0147499999999999,-0.01725,-0.0137499999999999
"anova","One-way ANOVA",3,149,0.691666666666667,2000,400,0.0055,1,0.035,1,5e-04,1,0.0065,1,0.00275000000000003,0.0175,0.000249999999999972,0.00324999999999998,-0.0147499999999999,-0.01725,-0.01425
"anova","One-way ANOVA",3,149,0.733333333333333,2000,400,0.0055,1,0.035,1,5e-04,1,0.0045,1,0.00275000000000003,0.0175,0.000249999999999972,0.00224999999999997,-0.0147499999999999,-0.01725,-0.01525
"anova","One-way ANOVA",3,149,0.775,2000,400,0.0055,1,0.035,1,5e-04,1,0.004,1,0.00275000000000003,0.0175,0.000249999999999972,0.002,-0.0147499999999999,-0.01725,-0.0155
"anova","One-way ANOVA",3,149,0.816666666666667,2000,400,0.0055,1,0.035,1,5e-04,1,0.0035,1,0.00275000000000003,0.0175,0.000249999999999972,0.00175000000000003,-0.0147499999999999,-0.01725,-0.0157499999999999
"anova","One-way ANOVA",3,149,0.858333333333333,2000,400,0.0055,1,0.035,1,5e-04,1,0.003,1,0.00275000000000003,0.0175,0.000249999999999972,0.00149999999999995,-0.0147499999999999,-0.01725,-0.016
"anova","One-way ANOVA",3,149,0.9,2000,400,0.0055,1,0.035,1,5e-04,1,0.0025,1,0.00275000000000003,0.0175,0.000249999999999972,0.00124999999999997,-0.0147499999999999,-0.01725,-0.01625
"anova","One-way ANOVA",3,182,0.002,2000,400,0.0055,0.0075,0.0285,0.03,5e-04,0,0,0,0.499,0.49925,0.50025,0.5,-0.000249999999999917,0.001,0.000750000000000028
"anova","One-way ANOVA",3,182,0.00258309933002977,2000,400,0.0055,0.0025,0.0285,0.0275,5e-04,0,0,0,0.5015,0.5005,0.50025,0.5,0.00100000000000011,-0.000249999999999972,-0.000499999999999945
"anova","One-way ANOVA",3,182,0.00333620107440012,2000,400,0.0055,0.005,0.0285,0.0175,5e-04,0,0,0,0.50025,0.5055,0.50025,0.5,-0.00524999999999987,-0.00524999999999998,-0.00549999999999995
"anova","One-way ANOVA",3,182,0.00430886938006377,2000,400,0.0055,0,0.0285,0.0325,5e-04,0,0,0,0.50275,0.498,0.50025,0.5,0.00475000000000003,0.00224999999999997,0.002
"anova","One-way ANOVA",3,182,0.00556511880441425,2000,400,0.0055,0.0075,0.0285,0.0375,5e-04,0.0025,0,0,0.499,0.4955,0.499,0.5,0.00350000000000006,0.0035,0.0045
"anova","One-way ANOVA",3,182,0.00718762732760925,2000,400,0.0055,0.005,0.0285,0.03,5e-04,0,0,0,0.50025,0.49925,0.50025,0.5,0.00100000000000011,0.001,0.000750000000000028
"anova","One-way ANOVA",3,182,0.00928317766722556,2000,400,0.0055,0.01,0.0285,0.03,5e-04,0.0025,0,0,0.49775,0.49925,0.499,0.5,-0.00149999999999995,-0.000249999999999972,0.000750000000000028
"anova","One-way ANOVA",3,182,0.0119896850063788,2000,400,0.0055,0.0025,0.0285,0.0275,5e-04,0,0,0,0.5015,0.5005,0.50025,0.5,0.00100000000000011,-0.000249999999999972,-0.000499999999999945
"anova","One-way ANOVA",3,182,0.0154852736536225,2000,400,0.0055,0.0025,0.0285,0.0325,5e-04,0,0,0,0.5015,0.498,0.50025,0.5,0.00350000000000006,0.00224999999999997,0.002
"anova","One-way ANOVA",3,182,0.02,2000,400,0.0055,0.01,0.0285,0.0375,5e-04,0.005,0,0,0.49775,0.4955,0.49775,0.5,0.00225000000000003,0.00224999999999997,0.0045
"anova","One-way ANOVA",3,182,0.025,2000,400,0.0055,0.0025,0.0285,0.0325,5e-04,0,0,0,0.5015,0.498,0.50025,0.5,0.00350000000000006,0.00224999999999997,0.002
"anova","One-way ANOVA",3,182,0.0666666666666667,2000,400,0.0055,0.03,0.0285,0.0625,5e-04,0.0025,0.001,0.0125,0.48775,0.483,0.499,0.49425,0.00475000000000003,0.016,0.01125
"anova","One-way ANOVA",3,182,0.108333333333333,2000,400,0.0055,0.04,0.0285,0.1425,5e-04,0.0075,0.022,0.1225,0.48275,0.443,0.4965,0.44975,0.03975,0.0535,0.00674999999999998
"anova","One-way ANOVA",3,182,0.15,2000,400,0.0055,0.0875,0.0285,0.26,5e-04,0.025,0.0425,0.325,0.459,0.38425,0.48775,0.35875,0.07475,0.1035,-0.0255
"anova","One-way ANOVA",3,182,0.191666666666667,2000,400,0.0055,0.24,0.0285,0.4875,5e-04,0.0775,0.045,0.56,0.38275,0.2705,0.4615,0.2425,0.11225,0.191,-0.028
"anova","One-way ANOVA",3,182,0.233333333333333,2000,400,0.0055,0.43,0.0285,0.64,5e-04,0.21,0.043,0.7225,0.28775,0.19425,0.39525,0.16025,0.0935000000000001,0.201,-0.034
"anova","One-way ANOVA",3,182,0.275,2000,400,0.0055,0.685,0.0285,0.8675,5e-04,0.3975,0.036,0.8875,0.16025,0.0805,0.3015,0.07425,0.07975,0.221,-0.00624999999999992
"anova","One-way ANOVA",3,182,0.316666666666667,2000,400,0.0055,0.795,0.0285,0.945,5e-04,0.5675,0.029,0.9475,0.10525,0.04175,0.2165,0.04075,0.0635,0.17475,-0.00100000000000006
"anova","One-way ANOVA",3,182,0.358333333333333,2000,400,0.0055,0.8875,0.0285,0.9625,5e-04,0.765,0.024,0.9575,0.059,0.033,0.11775,0.03325,0.0260000000000001,0.08475,0.000250000000000028
"anova","One-way ANOVA",3,182,0.4,2000,400,0.0055,0.975,0.0285,0.995,5e-04,0.9,0.0165,0.9925,0.01525,0.01675,0.05025,0.012,-0.00149999999999995,0.0335,-0.00475000000000003
"anova","One-way ANOVA",3,182,0.441666666666667,2000,400,0.0055,0.995,0.0285,0.9975,5e-04,0.975,0.013,0.9975,0.00525000000000003,0.0155,0.01275,0.00774999999999992,-0.0102499999999999,-0.00274999999999997,-0.00775000000000003
"anova","One-way ANOVA",3,182,0.483333333333333,2000,400,0.0055,1,0.0285,1,5e-04,0.9975,0.011,1,0.00275000000000003,0.01425,0.00149999999999995,0.00549999999999995,-0.0115,-0.01275,-0.00875000000000004
"anova","One-way ANOVA",3,182,0.525,2000,400,0.0055,1,0.0285,1,5e-04,0.995,0.009,1,0.00275000000000003,0.01425,0.00274999999999997,0.00449999999999995,-0.0115,-0.0115,-0.00975000000000004
"anova","One-way ANOVA",3,182,0.566666666666667,2000,400,0.0055,1,0.0285,1,5e-04,1,0.0075,1,0.00275000000000003,0.01425,0.000249999999999972,0.00375000000000003,-0.0115,-0.014,-0.0105
"anova","One-way ANOVA",3,182,0.608333333333333,2000,400,0.0055,1,0.0285,1,5e-04,1,0.0065,1,0.00275000000000003,0.01425,0.000249999999999972,0.00324999999999998,-0.0115,-0.014,-0.011
"anova","One-way ANOVA",3,182,0.65,2000,400,0.0055,1,0.0285,1,5e-04,1,0.0055,1,0.00275000000000003,0.01425,0.000249999999999972,0.00275000000000003,-0.0115,-0.014,-0.0115
"anova","One-way ANOVA",3,182,0.691666666666667,2000,400,0.0055,1,0.0285,1,5e-04,1,0.0055,1,0.00275000000000003,0.01425,0.000249999999999972,0.00275000000000003,-0.0115,-0.014,-0.0115
"anova","One-way ANOVA",3,182,0.733333333333333,2000,400,0.0055,1,0.0285,1,5e-04,1,0.005,1,0.00275000000000003,0.01425,0.000249999999999972,0.00249999999999995,-0.0115,-0.014,-0.01175
"anova","One-way ANOVA",3,182,0.775,2000,400,0.0055,1,0.0285,1,5e-04,1,0.0035,1,0.00275000000000003,0.01425,0.000249999999999972,0.00175000000000003,-0.0115,-0.014,-0.0125
"anova","One-way ANOVA",3,182,0.816666666666667,2000,400,0.0055,1,0.0285,1,5e-04,1,0.003,1,0.00275000000000003,0.01425,0.000249999999999972,0.00149999999999995,-0.0115,-0.014,-0.01275
"anova","One-way ANOVA",3,182,0.858333333333333,2000,400,0.0055,1,0.0285,1,5e-04,1,0.002,1,0.00275000000000003,0.01425,0.000249999999999972,0.001,-0.0115,-0.014,-0.01325
"anova","One-way ANOVA",3,182,0.9,2000,400,0.0055,1,0.0285,1,5e-04,1,0.0015,1,0.00275000000000003,0.01425,0.000249999999999972,0.000750000000000028,-0.0115,-0.014,-0.0135
"anova","One-way ANOVA",3,223,0.002,2000,400,0.0035,0.0075,0.0275,0.0325,0,0,0,0,0.498,0.4975,0.5,0.5,5e-04,0.00249999999999995,0.00249999999999995
"anova","One-way ANOVA",3,223,0.00258309933002977,2000,400,0.0035,0.01,0.0275,0.035,0,0,0,0,0.49675,0.49625,0.5,0.5,5e-04,0.00374999999999998,0.00374999999999998
"anova","One-way ANOVA",3,223,0.00333620107440012,2000,400,0.0035,0,0.0275,0.015,0,0,0,0,0.50175,0.50625,0.5,0.5,-0.00450000000000006,-0.00625000000000009,-0.00625000000000009
"anova","One-way ANOVA",3,223,0.00430886938006377,2000,400,0.0035,0.005,0.0275,0.045,0,0,0,0,0.49925,0.49125,0.5,0.5,0.00800000000000001,0.00874999999999998,0.00874999999999998
"anova","One-way ANOVA",3,223,0.00556511880441425,2000,400,0.0035,0.005,0.0275,0.025,0,0,0,0,0.49925,0.50125,0.5,0.5,-0.00200000000000006,-0.00125000000000008,-0.00125000000000008
"anova","One-way ANOVA",3,223,0.00718762732760925,2000,400,0.0035,0.0075,0.0275,0.04,0,0,0,0,0.498,0.49375,0.5,0.5,0.00425000000000003,0.00624999999999998,0.00624999999999998
"anova","One-way ANOVA",3,223,0.00928317766722556,2000,400,0.0035,0.0075,0.0275,0.025,0,0,0,0,0.498,0.50125,0.5,0.5,-0.00325000000000003,-0.00125000000000008,-0.00125000000000008
"anova","One-way ANOVA",3,223,0.0119896850063788,2000,400,0.0035,0.0025,0.0275,0.0225,0,0,0,0,0.5005,0.5025,0.5,0.5,-0.002,-0.00250000000000006,-0.00250000000000006
"anova","One-way ANOVA",3,223,0.0154852736536225,2000,400,0.0035,0.015,0.0275,0.0375,0,0,0,0,0.49425,0.495,0.5,0.5,-0.000750000000000028,0.00499999999999995,0.00499999999999995
"anova","One-way ANOVA",3,223,0.02,2000,400,0.0035,0.005,0.0275,0.025,0,0.0025,0,0,0.49925,0.50125,0.49875,0.5,-0.00200000000000006,-0.00250000000000006,-0.00125000000000008
"anova","One-way ANOVA",3,223,0.025,2000,400,0.0035,0.01,0.0275,0.0375,0,0.0025,0,0,0.49675,0.495,0.49875,0.5,0.00174999999999997,0.00374999999999998,0.00499999999999995
"anova","One-way ANOVA",3,223,0.0666666666666667,2000,400,0.0035,0.01,0.0275,0.0725,0,0.0025,0.0015,0.0075,0.49675,0.4775,0.49875,0.497,0.01925,0.02125,0.0195
"anova","One-way ANOVA",3,223,0.108333333333333,2000,400,0.0035,0.0575,0.0275,0.2025,0,0.015,0.028,0.215,0.473,0.4125,0.4925,0.4065,0.0605,0.08,-0.006
"anova","One-way ANOVA",3,223,0.15,2000,400,0.0035,0.1625,0.0275,0.325,0,0.0425,0.043,0.3975,0.4205,0.35125,0.47875,0.32275,0.06925,0.1275,-0.0285000000000001
"anova","One-way ANOVA",3,223,0.191666666666667,2000,400,0.0035,0.3225,0.0275,0.56,0,0.1225,0.043,0.6575,0.3405,0.23375,0.43875,0.19275,0.10675,0.205,-0.041
"anova","One-way ANOVA",3,223,0.233333333333333,2000,400,0.0035,0.57,0.0275,0.7825,0,0.275,0.0365,0.82,0.21675,0.1225,0.3625,0.10825,0.09425,0.24,-0.01425
"anova","One-way ANOVA",3,223,0.275,2000,400,0.0035,0.77,0.0275,0.885,0,0.515,0.0295,0.8925,0.11675,0.07125,0.2425,0.0685000000000001,0.0455,0.17125,-0.00274999999999997
"anova","One-way ANOVA",3,223,0.316666666666667,2000,400,0.0035,0.925,0.0275,0.98,0,0.73,0.0245,0.975,0.03925,0.02375,0.135,0.02475,0.0155,0.11125,0.000999999999999945
"anova","One-way ANOVA",3,223,0.358333333333333,2000,400,0.0035,0.97,0.0275,0.995,0,0.8825,0.0175,0.99,0.01675,0.01625,0.05875,0.01375,5e-04,0.0425,-0.0025
"anova","One-way ANOVA",3,223,0.4,2000,400,0.0035,1,0.0275,1,0,0.97,0.0125,1,0.00175000000000003,0.01375,0.015,0.00624999999999998,-0.012,0.00124999999999997,-0.00750000000000006
"anova","One-way ANOVA",3,223,0.441666666666667,2000,400,0.0035,1,0.0275,1,0,0.99,0.0115,1,0.00175000000000003,0.01375,0.005,0.00575000000000003,-0.012,-0.00875000000000004,-0.00800000000000001
"anova","One-way ANOVA",3,223,0.483333333333333,2000,400,0.0035,1,0.0275,1,0,1,0.008,1,0.00175000000000003,0.01375,0,0.004,-0.012,-0.01375,-0.00975000000000004
"anova","One-way ANOVA",3,223,0.525,2000,400,0.0035,1,0.0275,1,0,1,0.006,1,0.00175000000000003,0.01375,0,0.003,-0.012,-0.01375,-0.01075
"anova","One-way ANOVA",3,223,0.566666666666667,2000,400,0.0035,1,0.0275,1,0,1,0.0045,1,0.00175000000000003,0.01375,0,0.00224999999999997,-0.012,-0.01375,-0.0115000000000001
"anova","One-way ANOVA",3,223,0.608333333333333,2000,400,0.0035,1,0.0275,1,0,1,0.003,1,0.00175000000000003,0.01375,0,0.00149999999999995,-0.012,-0.01375,-0.0122500000000001
"anova","One-way ANOVA",3,223,0.65,2000,400,0.0035,1,0.0275,1,0,1,0.0025,1,0.00175000000000003,0.01375,0,0.00124999999999997,-0.012,-0.01375,-0.0125000000000001
"anova","One-way ANOVA",3,223,0.691666666666667,2000,400,0.0035,1,0.0275,1,0,1,0.0015,1,0.00175000000000003,0.01375,0,0.000750000000000028,-0.012,-0.01375,-0.013
"anova","One-way ANOVA",3,223,0.733333333333333,2000,400,0.0035,1,0.0275,1,0,1,0.001,1,0.00175000000000003,0.01375,0,0.000499999999999945,-0.012,-0.01375,-0.0132500000000001
"anova","One-way ANOVA",3,223,0.775,2000,400,0.0035,1,0.0275,1,0,1,5e-04,1,0.00175000000000003,0.01375,0,0.000249999999999972,-0.012,-0.01375,-0.0135000000000001
"anova","One-way ANOVA",3,223,0.816666666666667,2000,400,0.0035,1,0.0275,1,0,1,5e-04,1,0.00175000000000003,0.01375,0,0.000249999999999972,-0.012,-0.01375,-0.0135000000000001
"anova","One-way ANOVA",3,223,0.858333333333333,2000,400,0.0035,1,0.0275,1,0,1,5e-04,1,0.00175000000000003,0.01375,0,0.000249999999999972,-0.012,-0.01375,-0.0135000000000001
"anova","One-way ANOVA",3,223,0.9,2000,400,0.0035,1,0.0275,1,0,1,5e-04,1,0.00175000000000003,0.01375,0,0.000249999999999972,-0.012,-0.01375,-0.0135000000000001
"anova","One-way ANOVA",3,272,0.002,2000,400,0.0045,0.005,0.0285,0.03,0,0,0,0,0.49975,0.49925,0.5,0.5,5e-04,0.000750000000000028,0.000750000000000028
"anova","One-way ANOVA",3,272,0.00258309933002977,2000,400,0.0045,0.005,0.0285,0.0375,0,0,0,0,0.49975,0.4955,0.5,0.5,0.00424999999999998,0.0045,0.0045
"anova","One-way ANOVA",3,272,0.00333620107440012,2000,400,0.0045,0.0075,0.0285,0.0325,0,0,0,0,0.4985,0.498,0.5,0.5,5e-04,0.002,0.002
"anova","One-way ANOVA",3,272,0.00430886938006377,2000,400,0.0045,0.0025,0.0285,0.0225,0,0,0,0,0.501,0.503,0.5,0.5,-0.002,-0.003,-0.003
"anova","One-way ANOVA",3,272,0.00556511880441425,2000,400,0.0045,0,0.0285,0.015,0,0,0,0,0.50225,0.50675,0.5,0.5,-0.00450000000000006,-0.00675000000000003,-0.00675000000000003
"anova","One-way ANOVA",3,272,0.00718762732760925,2000,400,0.0045,0.0025,0.0285,0.03,0,0,0,0,0.501,0.49925,0.5,0.5,0.00175000000000003,0.000750000000000028,0.000750000000000028
"anova","One-way ANOVA",3,272,0.00928317766722556,2000,400,0.0045,0.0125,0.0285,0.0225,0,0,0,0,0.496,0.503,0.5,0.5,-0.00700000000000001,-0.003,-0.003
"anova","One-way ANOVA",3,272,0.0119896850063788,2000,400,0.0045,0.005,0.0285,0.0275,0,0,0,0,0.49975,0.5005,0.5,0.5,-0.000749999999999973,-0.000499999999999945,-0.000499999999999945
"anova","One-way ANOVA",3,272,0.0154852736536225,2000,400,0.0045,0.005,0.0285,0.0175,0,0,0,0,0.49975,0.5055,0.5,0.5,-0.00574999999999998,-0.00549999999999995,-0.00549999999999995
"anova","One-way ANOVA",3,272,0.02,2000,400,0.0045,0.0075,0.0285,0.0325,0,0,0,0,0.4985,0.498,0.5,0.5,5e-04,0.002,0.002
"anova","One-way ANOVA",3,272,0.025,2000,400,0.0045,0.005,0.0285,0.04,0,0,0,0,0.49975,0.49425,0.5,0.5,0.0055,0.00575000000000003,0.00575000000000003
"anova","One-way ANOVA",3,272,0.0666666666666667,2000,400,0.0045,0.035,0.0285,0.0675,0,0.01,0.006,0.0375,0.48475,0.4805,0.495,0.48425,0.00424999999999998,0.0145,0.00375000000000003
"anova","One-way ANOVA",3,272,0.108333333333333,2000,400,0.0045,0.0725,0.0285,0.1675,0,0.01,0.0425,0.2125,0.466,0.4305,0.495,0.415,0.0355,0.0645,-0.0155
"anova","One-way ANOVA",3,272,0.15,2000,400,0.0045,0.2025,0.0285,0.385,0,0.075,0.0545,0.505,0.401,0.32175,0.4625,0.27475,0.07925,0.14075,-0.047
"anova","One-way ANOVA",3,272,0.191666666666667,2000,400,0.0045,0.4575,0.0285,0.675,0,0.205,0.0505,0.72,0.2735,0.17675,0.3975,0.16525,0.09675,0.22075,-0.0115
"anova","One-way ANOVA",3,272,0.233333333333333,2000,400,0.0045,0.6925,0.0285,0.86,0,0.415,0.04,0.8775,0.156,0.08425,0.2925,0.08125,0.07175,0.20825,-0.00299999999999995
"anova","One-way ANOVA",3,272,0.275,2000,400,0.0045,0.8525,0.0285,0.96,0,0.635,0.0285,0.9625,0.076,0.03425,0.1825,0.033,0.04175,0.14825,-0.00125000000000003
"anova","One-way ANOVA",3,272,0.316666666666667,2000,400,0.0045,0.955,0.0285,0.985,0,0.865,0.02,0.985,0.02475,0.02175,0.0675,0.0175,0.003,0.04575,-0.00424999999999998
"anova","One-way ANOVA",3,272,0.358333333333333,2000,400,0.0045,0.9875,0.0285,1,0,0.935,0.014,0.995,0.00849999999999995,0.01425,0.0325,0.00950000000000001,-0.00575000000000003,0.01825,-0.00474999999999998
"anova","One-way ANOVA",3,272,0.4,2000,400,0.0045,0.995,0.0285,1,0,0.99,0.011,0.9975,0.00474999999999998,0.01425,0.005,0.00674999999999992,-0.00950000000000001,-0.00924999999999998,-0.00750000000000006
"anova","One-way ANOVA",3,272,0.441666666666667,2000,400,0.0045,1,0.0285,1,0,1,0.0105,1,0.00224999999999997,0.01425,0,0.00524999999999998,-0.012,-0.01425,-0.00900000000000001
"anova","One-way ANOVA",3,272,0.483333333333333,2000,400,0.0045,1,0.0285,1,0,0.9975,0.0065,1,0.00224999999999997,0.01425,0.00124999999999997,0.00324999999999998,-0.012,-0.013,-0.011
"anova","One-way ANOVA",3,272,0.525,2000,400,0.0045,1,0.0285,1,0,1,0.0045,1,0.00224999999999997,0.01425,0,0.00224999999999997,-0.012,-0.01425,-0.012
"anova","One-way ANOVA",3,272,0.566666666666667,2000,400,0.0045,1,0.0285,1,0,1,0.004,1,0.00224999999999997,0.01425,0,0.002,-0.012,-0.01425,-0.01225
"anova","One-way ANOVA",3,272,0.608333333333333,2000,400,0.0045,1,0.0285,1,0,1,0.0025,1,0.00224999999999997,0.01425,0,0.00124999999999997,-0.012,-0.01425,-0.013
"anova","One-way ANOVA",3,272,0.65,2000,400,0.0045,1,0.0285,1,0,1,0.0015,1,0.00224999999999997,0.01425,0,0.000750000000000028,-0.012,-0.01425,-0.0135
"anova","One-way ANOVA",3,272,0.691666666666667,2000,400,0.0045,1,0.0285,1,0,1,0.0015,1,0.00224999999999997,0.01425,0,0.000750000000000028,-0.012,-0.01425,-0.0135
"anova","One-way ANOVA",3,272,0.733333333333333,2000,400,0.0045,1,0.0285,1,0,1,0.001,1,0.00224999999999997,0.01425,0,0.000499999999999945,-0.012,-0.01425,-0.01375
"anova","One-way ANOVA",3,272,0.775,2000,400,0.0045,1,0.0285,1,0,1,0.001,1,0.00224999999999997,0.01425,0,0.000499999999999945,-0.012,-0.01425,-0.01375
"anova","One-way ANOVA",3,272,0.816666666666667,2000,400,0.0045,1,0.0285,1,0,1,0.001,1,0.00224999999999997,0.01425,0,0.000499999999999945,-0.012,-0.01425,-0.01375
"anova","One-way ANOVA",3,272,0.858333333333333,2000,400,0.0045,1,0.0285,1,0,1,5e-04,1,0.00224999999999997,0.01425,0,0.000249999999999972,-0.012,-0.01425,-0.014
"anova","One-way ANOVA",3,272,0.9,2000,400,0.0045,1,0.0285,1,0,1,5e-04,1,0.00224999999999997,0.01425,0,0.000249999999999972,-0.012,-0.01425,-0.014
"anova","One-way ANOVA",3,332,0.002,2000,400,0.0035,0.005,0.0235,0.035,0,0,0,0,0.49925,0.49425,0.5,0.5,0.005,0.00574999999999998,0.00574999999999998
"anova","One-way ANOVA",3,332,0.00258309933002977,2000,400,0.0035,0.0025,0.0235,0.0275,0,0,0,0,0.5005,0.498,0.5,0.5,0.0025,0.00199999999999995,0.00199999999999995
"anova","One-way ANOVA",3,332,0.00333620107440012,2000,400,0.0035,0.005,0.0235,0.0275,0,0,0,0,0.49925,0.498,0.5,0.5,0.00124999999999997,0.00199999999999995,0.00199999999999995
"anova","One-way ANOVA",3,332,0.00430886938006377,2000,400,0.0035,0,0.0235,0.0275,0,0,0,0,0.50175,0.498,0.5,0.5,0.00374999999999998,0.00199999999999995,0.00199999999999995
"anova","One-way ANOVA",3,332,0.00556511880441425,2000,400,0.0035,0.005,0.0235,0.0225,0,0.0025,0,0,0.49925,0.5005,0.49875,0.5,-0.00125000000000003,-0.00175000000000003,-0.000500000000000056
"anova","One-way ANOVA",3,332,0.00718762732760925,2000,400,0.0035,0.0025,0.0235,0.015,0,0,0,0,0.5005,0.50425,0.5,0.5,-0.00375000000000003,-0.00425000000000009,-0.00425000000000009
"anova","One-way ANOVA",3,332,0.00928317766722556,2000,400,0.0035,0.0025,0.0235,0.015,0,0,0,0,0.5005,0.50425,0.5,0.5,-0.00375000000000003,-0.00425000000000009,-0.00425000000000009
"anova","One-way ANOVA",3,332,0.0119896850063788,2000,400,0.0035,0.005,0.0235,0.0275,0,0,0,0,0.49925,0.498,0.5,0.5,0.00124999999999997,0.00199999999999995,0.00199999999999995
"anova","One-way ANOVA",3,332,0.0154852736536225,2000,400,0.0035,0.005,0.0235,0.035,0,0,0,0,0.49925,0.49425,0.5,0.5,0.005,0.00574999999999998,0.00574999999999998
"anova","One-way ANOVA",3,332,0.02,2000,400,0.0035,0.0125,0.0235,0.0375,0,0,0,0,0.4955,0.493,0.5,0.5,0.0025,0.00699999999999995,0.00699999999999995
"anova","One-way ANOVA",3,332,0.025,2000,400,0.0035,0.01,0.0235,0.0325,0,0,0,0,0.49675,0.4955,0.5,0.5,0.00124999999999997,0.00449999999999995,0.00449999999999995
"anova","One-way ANOVA",3,332,0.0666666666666667,2000,400,0.0035,0.0375,0.0235,0.0975,0,0,0.0085,0.0625,0.483,0.463,0.5,0.473,0.02,0.037,0.00999999999999995
"anova","One-way ANOVA",3,332,0.108333333333333,2000,400,0.0035,0.1225,0.0235,0.285,0,0.0225,0.0455,0.345,0.4405,0.36925,0.48875,0.35025,0.0712499999999999,0.1195,-0.019
"anova","One-way ANOVA",3,332,0.15,2000,400,0.0035,0.24,0.0235,0.51,0,0.0775,0.0495,0.6125,0.38175,0.25675,0.46125,0.2185,0.125,0.2045,-0.03825
"anova","One-way ANOVA",3,332,0.191666666666667,2000,400,0.0035,0.535,0.0235,0.755,0,0.2175,0.0435,0.82,0.23425,0.13425,0.39125,0.11175,0.1,0.257,-0.0225
"anova","One-way ANOVA",3,332,0.233333333333333,2000,400,0.0035,0.8,0.0235,0.9275,0,0.5,0.0315,0.94,0.10175,0.048,0.25,0.0457500000000001,0.05375,0.202,-0.00224999999999997
"anova","One-way ANOVA",3,332,0.275,2000,400,0.0035,0.94,0.0235,0.9925,0,0.7625,0.0225,0.9875,0.0317500000000001,0.0155,0.11875,0.0175,0.01625,0.10325,0.00199999999999995
"anova","One-way ANOVA",3,332,0.316666666666667,2000,400,0.0035,0.995,0.0235,1,0,0.9375,0.0155,0.9975,0.00425000000000003,0.01175,0.03125,0.00900000000000001,-0.00750000000000001,0.0195,-0.00275000000000003
"anova","One-way ANOVA",3,332,0.358333333333333,2000,400,0.0035,0.9975,0.0235,0.9975,0,0.9825,0.009,0.9975,0.003,0.013,0.00874999999999998,0.00574999999999992,-0.01,-0.00425000000000003,-0.00725000000000009
"anova","One-way ANOVA",3,332,0.4,2000,400,0.0035,1,0.0235,1,0,1,0.0075,1,0.00175000000000003,0.01175,0,0.00375000000000003,-0.01,-0.01175,-0.00800000000000001
"anova","One-way ANOVA",3,332,0.441666666666667,2000,400,0.0035,1,0.0235,1,0,1,0.0045,1,0.00175000000000003,0.01175,0,0.00224999999999997,-0.01,-0.01175,-0.00950000000000006
"anova","One-way ANOVA",3,332,0.483333333333333,2000,400,0.0035,1,0.0235,1,0,1,0.003,1,0.00175000000000003,0.01175,0,0.00149999999999995,-0.01,-0.01175,-0.0102500000000001
"anova","One-way ANOVA",3,332,0.525,2000,400,0.0035,1,0.0235,1,0,1,0.002,1,0.00175000000000003,0.01175,0,0.001,-0.01,-0.01175,-0.01075
"anova","One-way ANOVA",3,332,0.566666666666667,2000,400,0.0035,1,0.0235,1,0,1,0.0015,1,0.00175000000000003,0.01175,0,0.000750000000000028,-0.01,-0.01175,-0.011
"anova","One-way ANOVA",3,332,0.608333333333333,2000,400,0.0035,1,0.0235,1,0,1,0.0015,1,0.00175000000000003,0.01175,0,0.000750000000000028,-0.01,-0.01175,-0.011
"anova","One-way ANOVA",3,332,0.65,2000,400,0.0035,1,0.0235,1,0,1,0.0015,1,0.00175000000000003,0.01175,0,0.000750000000000028,-0.01,-0.01175,-0.011
"anova","One-way ANOVA",3,332,0.691666666666667,2000,400,0.0035,1,0.0235,1,0,1,0.001,1,0.00175000000000003,0.01175,0,0.000499999999999945,-0.01,-0.01175,-0.0112500000000001
"anova","One-way ANOVA",3,332,0.733333333333333,2000,400,0.0035,1,0.0235,1,0,1,0.001,1,0.00175000000000003,0.01175,0,0.000499999999999945,-0.01,-0.01175,-0.0112500000000001
"anova","One-way ANOVA",3,332,0.775,2000,400,0.0035,1,0.0235,1,0,1,0.001,1,0.00175000000000003,0.01175,0,0.000499999999999945,-0.01,-0.01175,-0.0112500000000001
"anova","One-way ANOVA",3,332,0.816666666666667,2000,400,0.0035,1,0.0235,1,0,1,5e-04,1,0.00175000000000003,0.01175,0,0.000249999999999972,-0.01,-0.01175,-0.0115000000000001
"anova","One-way ANOVA",3,332,0.858333333333333,2000,400,0.0035,1,0.0235,1,0,1,5e-04,1,0.00175000000000003,0.01175,0,0.000249999999999972,-0.01,-0.01175,-0.0115000000000001
"anova","One-way ANOVA",3,332,0.9,2000,400,0.0035,1,0.0235,1,0,1,5e-04,1,0.00175000000000003,0.01175,0,0.000249999999999972,-0.01,-0.01175,-0.0115000000000001
"anova","One-way ANOVA",3,406,0.002,2000,400,0.005,0.005,0.022,0.035,5e-04,0,0,0,0.5,0.4935,0.50025,0.5,0.00649999999999995,0.00674999999999998,0.00650000000000001
"anova","One-way ANOVA",3,406,0.00258309933002977,2000,400,0.005,0.0075,0.022,0.0375,5e-04,0,0,0,0.49875,0.49225,0.50025,0.5,0.00649999999999995,0.00799999999999995,0.00774999999999998
"anova","One-way ANOVA",3,406,0.00333620107440012,2000,400,0.005,0.0025,0.022,0.035,5e-04,0,0,0,0.50125,0.4935,0.50025,0.5,0.00774999999999998,0.00674999999999998,0.00650000000000001
"anova","One-way ANOVA",3,406,0.00430886938006377,2000,400,0.005,0.0025,0.022,0.035,5e-04,0,0,0,0.50125,0.4935,0.50025,0.5,0.00774999999999998,0.00674999999999998,0.00650000000000001
"anova","One-way ANOVA",3,406,0.00556511880441425,2000,400,0.005,0.015,0.022,0.0375,5e-04,0.0025,0,0,0.495,0.49225,0.499,0.5,0.00274999999999992,0.00674999999999998,0.00774999999999998
"anova","One-way ANOVA",3,406,0.00718762732760925,2000,400,0.005,0.005,0.022,0.025,5e-04,0,0,0,0.5,0.4985,0.50025,0.5,0.00149999999999995,0.00174999999999997,0.0015
"anova","One-way ANOVA",3,406,0.00928317766722556,2000,400,0.005,0.0025,0.022,0.0175,5e-04,0,0,0,0.50125,0.50225,0.50025,0.5,-0.001,-0.002,-0.00224999999999997
"anova","One-way ANOVA",3,406,0.0119896850063788,2000,400,0.005,0.005,0.022,0.0275,5e-04,0,0,0,0.5,0.49725,0.50025,0.5,0.00274999999999992,0.00299999999999995,0.00274999999999997
"anova","One-way ANOVA",3,406,0.0154852736536225,2000,400,0.005,0.0025,0.022,0.025,5e-04,0,0,0,0.50125,0.4985,0.50025,0.5,0.00274999999999997,0.00174999999999997,0.0015
"anova","One-way ANOVA",3,406,0.02,2000,400,0.005,0.005,0.022,0.0325,5e-04,0,0,0,0.5,0.49475,0.50025,0.5,0.00524999999999992,0.00549999999999995,0.00524999999999998
"anova","One-way ANOVA",3,406,0.025,2000,400,0.005,0.0025,0.022,0.025,5e-04,0,0,0,0.50125,0.4985,0.50025,0.5,0.00274999999999997,0.00174999999999997,0.0015
"anova","One-way ANOVA",3,406,0.0666666666666667,2000,400,0.005,0.0225,0.022,0.08,5e-04,0,0.0145,0.0625,0.49125,0.471,0.50025,0.476,0.0202499999999999,0.0292499999999999,0.00499999999999995
"anova","One-way ANOVA",3,406,0.108333333333333,2000,400,0.005,0.1275,0.022,0.29,5e-04,0.0125,0.045,0.415,0.43875,0.366,0.494,0.315,0.07275,0.128,-0.051
"anova","One-way ANOVA",3,406,0.15,2000,400,0.005,0.3775,0.022,0.605,5e-04,0.095,0.0435,0.7,0.31375,0.2085,0.45275,0.17175,0.10525,0.24425,-0.03675
"anova","One-way ANOVA",3,406,0.191666666666667,2000,400,0.005,0.695,0.022,0.8675,5e-04,0.325,0.035,0.8925,0.155,0.07725,0.33775,0.07125,0.07775,0.2605,-0.006
"anova","One-way ANOVA",3,406,0.233333333333333,2000,400,0.005,0.92,0.022,0.98,5e-04,0.6875,0.0235,0.98,0.0424999999999999,0.021,0.1565,0.02175,0.0214999999999999,0.1355,0.000750000000000028
"anova","One-way ANOVA",3,406,0.275,2000,400,0.005,0.9875,0.022,0.9975,5e-04,0.89,0.0145,0.995,0.00874999999999992,0.01225,0.05525,0.00974999999999998,-0.00350000000000006,0.043,-0.0025
"anova","One-way ANOVA",3,406,0.316666666666667,2000,400,0.005,0.9975,0.022,1,5e-04,0.9775,0.0125,1,0.00374999999999992,0.011,0.0115,0.00624999999999998,-0.00725000000000009,0.000499999999999945,-0.00475000000000003
"anova","One-way ANOVA",3,406,0.358333333333333,2000,400,0.005,0.9975,0.022,1,5e-04,0.9975,0.009,1,0.00374999999999992,0.011,0.00149999999999995,0.00449999999999995,-0.00725000000000009,-0.00950000000000006,-0.00650000000000006
"anova","One-way ANOVA",3,406,0.4,2000,400,0.005,1,0.022,1,5e-04,1,0.006,1,0.00249999999999995,0.011,0.000249999999999972,0.003,-0.00850000000000006,-0.01075,-0.00800000000000001
"anova","One-way ANOVA",3,406,0.441666666666667,2000,400,0.005,1,0.022,1,5e-04,1,0.0045,1,0.00249999999999995,0.011,0.000249999999999972,0.00224999999999997,-0.00850000000000006,-0.01075,-0.00875000000000004
"anova","One-way ANOVA",3,406,0.483333333333333,2000,400,0.005,1,0.022,1,5e-04,1,0.0045,1,0.00249999999999995,0.011,0.000249999999999972,0.00224999999999997,-0.00850000000000006,-0.01075,-0.00875000000000004
"anova","One-way ANOVA",3,406,0.525,2000,400,0.005,1,0.022,1,5e-04,1,0.003,1,0.00249999999999995,0.011,0.000249999999999972,0.00149999999999995,-0.00850000000000006,-0.01075,-0.00950000000000006
"anova","One-way ANOVA",3,406,0.566666666666667,2000,400,0.005,1,0.022,1,5e-04,1,0.002,1,0.00249999999999995,0.011,0.000249999999999972,0.001,-0.00850000000000006,-0.01075,-0.01
"anova","One-way ANOVA",3,406,0.608333333333333,2000,400,0.005,1,0.022,1,5e-04,1,0.002,1,0.00249999999999995,0.011,0.000249999999999972,0.001,-0.00850000000000006,-0.01075,-0.01
"anova","One-way ANOVA",3,406,0.65,2000,400,0.005,1,0.022,1,5e-04,1,0.0015,1,0.00249999999999995,0.011,0.000249999999999972,0.000750000000000028,-0.00850000000000006,-0.01075,-0.01025
"anova","One-way ANOVA",3,406,0.691666666666667,2000,400,0.005,1,0.022,1,5e-04,1,0.0015,1,0.00249999999999995,0.011,0.000249999999999972,0.000750000000000028,-0.00850000000000006,-0.01075,-0.01025
"anova","One-way ANOVA",3,406,0.733333333333333,2000,400,0.005,1,0.022,1,5e-04,1,0.0015,1,0.00249999999999995,0.011,0.000249999999999972,0.000750000000000028,-0.00850000000000006,-0.01075,-0.01025
"anova","One-way ANOVA",3,406,0.775,2000,400,0.005,1,0.022,1,5e-04,1,0.0015,1,0.00249999999999995,0.011,0.000249999999999972,0.000750000000000028,-0.00850000000000006,-0.01075,-0.01025
"anova","One-way ANOVA",3,406,0.816666666666667,2000,400,0.005,1,0.022,1,5e-04,1,0.0015,1,0.00249999999999995,0.011,0.000249999999999972,0.000750000000000028,-0.00850000000000006,-0.01075,-0.01025
"anova","One-way ANOVA",3,406,0.858333333333333,2000,400,0.005,1,0.022,1,5e-04,1,0.0015,1,0.00249999999999995,0.011,0.000249999999999972,0.000750000000000028,-0.00850000000000006,-0.01075,-0.01025
"anova","One-way ANOVA",3,406,0.9,2000,400,0.005,1,0.022,1,5e-04,1,0.0015,1,0.00249999999999995,0.011,0.000249999999999972,0.000750000000000028,-0.00850000000000006,-0.01075,-0.01025
"anova","One-way ANOVA",3,496,0.002,2000,400,0.004,0.005,0.023,0.0175,5e-04,0,0,0,0.4995,0.50275,0.50025,0.5,-0.00324999999999992,-0.00249999999999995,-0.00274999999999992
"anova","One-way ANOVA",3,496,0.00258309933002977,2000,400,0.004,0.0025,0.023,0.02,5e-04,0,0,0,0.50075,0.5015,0.50025,0.5,-0.000749999999999917,-0.00124999999999997,-0.00149999999999995
"anova","One-way ANOVA",3,496,0.00333620107440012,2000,400,0.004,0.0075,0.023,0.0225,5e-04,0,0,0,0.49825,0.50025,0.50025,0.5,-0.00199999999999995,0,-0.000249999999999972
"anova","One-way ANOVA",3,496,0.00430886938006377,2000,400,0.004,0.005,0.023,0.015,5e-04,0,0,0,0.4995,0.504,0.50025,0.5,-0.0045,-0.00375000000000003,-0.004
"anova","One-way ANOVA",3,496,0.00556511880441425,2000,400,0.004,0.01,0.023,0.0275,5e-04,0,0,0,0.497,0.49775,0.50025,0.5,-0.000749999999999973,0.0025,0.00225000000000003
"anova","One-way ANOVA",3,496,0.00718762732760925,2000,400,0.004,0.0025,0.023,0.0225,5e-04,0,0,0,0.50075,0.50025,0.50025,0.5,0.000500000000000056,0,-0.000249999999999972
"anova","One-way ANOVA",3,496,0.00928317766722556,2000,400,0.004,0,0.023,0.0225,5e-04,0,0,0,0.502,0.50025,0.50025,0.5,0.00175000000000003,0,-0.000249999999999972
"anova","One-way ANOVA",3,496,0.0119896850063788,2000,400,0.004,0.005,0.023,0.0275,5e-04,0,0,0,0.4995,0.49775,0.50025,0.5,0.00175000000000003,0.0025,0.00225000000000003
"anova","One-way ANOVA",3,496,0.0154852736536225,2000,400,0.004,0.0025,0.023,0.0275,5e-04,0,0,0,0.50075,0.49775,0.50025,0.5,0.00300000000000006,0.0025,0.00225000000000003
"anova","One-way ANOVA",3,496,0.02,2000,400,0.004,0.0125,0.023,0.0325,5e-04,0,0,0,0.49575,0.49525,0.50025,0.5,0.000500000000000056,0.005,0.00475000000000003
"anova","One-way ANOVA",3,496,0.025,2000,400,0.004,0.005,0.023,0.0175,5e-04,0,0,0,0.4995,0.50275,0.50025,0.5,-0.00324999999999992,-0.00249999999999995,-0.00274999999999992
"anova","One-way ANOVA",3,496,0.0666666666666667,2000,400,0.004,0.07,0.023,0.135,5e-04,0.0025,0.0235,0.1375,0.467,0.444,0.499,0.443,0.023,0.055,-0.00099999999999989
"anova","One-way ANOVA",3,496,0.108333333333333,2000,400,0.004,0.2225,0.023,0.385,5e-04,0.035,0.047,0.5,0.39075,0.319,0.48275,0.2735,0.07175,0.16375,-0.0455
"anova","One-way ANOVA",3,496,0.15,2000,400,0.004,0.49,0.023,0.725,5e-04,0.1625,0.0405,0.79,0.257,0.149,0.419,0.12525,0.108,0.27,-0.02375
"anova","One-way ANOVA",3,496,0.191666666666667,2000,400,0.004,0.82,0.023,0.94,5e-04,0.4875,0.0285,0.945,0.092,0.0415,0.2565,0.04175,0.0505,0.215,0.000250000000000028
"anova","One-way ANOVA",3,496,0.233333333333333,2000,400,0.004,0.9575,0.023,0.9875,5e-04,0.7775,0.0205,0.9825,0.02325,0.0177499999999999,0.1115,0.019,0.00550000000000006,0.09375,0.00125000000000003
"anova","One-way ANOVA",3,496,0.275,2000,400,0.004,1,0.023,1,5e-04,0.955,0.012,1,0.002,0.0115,0.02275,0.006,-0.00949999999999995,0.01125,-0.00549999999999995
"anova","One-way ANOVA",3,496,0.316666666666667,2000,400,0.004,1,0.023,1,5e-04,0.9975,0.009,1,0.002,0.0115,0.00149999999999995,0.00449999999999995,-0.00949999999999995,-0.01,-0.00700000000000001
"anova","One-way ANOVA",3,496,0.358333333333333,2000,400,0.004,1,0.023,1,5e-04,1,0.0055,1,0.002,0.0115,0.000249999999999972,0.00275000000000003,-0.00949999999999995,-0.01125,-0.00874999999999992
"anova","One-way ANOVA",3,496,0.4,2000,400,0.004,1,0.023,1,5e-04,1,0.003,1,0.002,0.0115,0.000249999999999972,0.00149999999999995,-0.00949999999999995,-0.01125,-0.01
"anova","One-way ANOVA",3,496,0.441666666666667,2000,400,0.004,1,0.023,1,5e-04,1,0.0025,1,0.002,0.0115,0.000249999999999972,0.00124999999999997,-0.00949999999999995,-0.01125,-0.01025
"anova","One-way ANOVA",3,496,0.483333333333333,2000,400,0.004,1,0.023,1,5e-04,1,0.0015,1,0.002,0.0115,0.000249999999999972,0.000750000000000028,-0.00949999999999995,-0.01125,-0.0107499999999999
"anova","One-way ANOVA",3,496,0.525,2000,400,0.004,1,0.023,1,5e-04,1,0.001,1,0.002,0.0115,0.000249999999999972,0.000499999999999945,-0.00949999999999995,-0.01125,-0.011
"anova","One-way ANOVA",3,496,0.566666666666667,2000,400,0.004,1,0.023,1,5e-04,1,0.001,1,0.002,0.0115,0.000249999999999972,0.000499999999999945,-0.00949999999999995,-0.01125,-0.011
"anova","One-way ANOVA",3,496,0.608333333333333,2000,400,0.004,1,0.023,1,5e-04,1,5e-04,1,0.002,0.0115,0.000249999999999972,0.000249999999999972,-0.00949999999999995,-0.01125,-0.01125
"anova","One-way ANOVA",3,496,0.65,2000,400,0.004,1,0.023,1,5e-04,1,5e-04,1,0.002,0.0115,0.000249999999999972,0.000249999999999972,-0.00949999999999995,-0.01125,-0.01125
"anova","One-way ANOVA",3,496,0.691666666666667,2000,400,0.004,1,0.023,1,5e-04,1,5e-04,1,0.002,0.0115,0.000249999999999972,0.000249999999999972,-0.00949999999999995,-0.01125,-0.01125
"anova","One-way ANOVA",3,496,0.733333333333333,2000,400,0.004,1,0.023,1,5e-04,1,5e-04,1,0.002,0.0115,0.000249999999999972,0.000249999999999972,-0.00949999999999995,-0.01125,-0.01125
"anova","One-way ANOVA",3,496,0.775,2000,400,0.004,1,0.023,1,5e-04,1,5e-04,1,0.002,0.0115,0.000249999999999972,0.000249999999999972,-0.00949999999999995,-0.01125,-0.01125
"anova","One-way ANOVA",3,496,0.816666666666667,2000,400,0.004,1,0.023,1,5e-04,1,5e-04,1,0.002,0.0115,0.000249999999999972,0.000249999999999972,-0.00949999999999995,-0.01125,-0.01125
"anova","One-way ANOVA",3,496,0.858333333333333,2000,400,0.004,1,0.023,1,5e-04,1,5e-04,1,0.002,0.0115,0.000249999999999972,0.000249999999999972,-0.00949999999999995,-0.01125,-0.01125
"anova","One-way ANOVA",3,496,0.9,2000,400,0.004,1,0.023,1,5e-04,1,5e-04,1,0.002,0.0115,0.000249999999999972,0.000249999999999972,-0.00949999999999995,-0.01125,-0.01125
"anova","One-way ANOVA",3,606,0.002,2000,400,0.004,0.005,0.02,0.02,5e-04,0,0,0,0.4995,0.5,0.50025,0.5,-5e-04,0.000249999999999972,0
"anova","One-way ANOVA",3,606,0.00258309933002977,2000,400,0.004,0.01,0.02,0.0275,5e-04,0,0,0,0.497,0.49625,0.50025,0.5,0.000749999999999973,0.00399999999999995,0.00374999999999998
"anova","One-way ANOVA",3,606,0.00333620107440012,2000,400,0.004,0.0125,0.02,0.0275,5e-04,0,0,0,0.49575,0.49625,0.50025,0.5,-5e-04,0.00399999999999995,0.00374999999999998
"anova","One-way ANOVA",3,606,0.00430886938006377,2000,400,0.004,0.005,0.02,0.0225,5e-04,0,0,0,0.4995,0.49875,0.50025,0.5,0.000749999999999973,0.00149999999999995,0.00124999999999997
"anova","One-way ANOVA",3,606,0.00556511880441425,2000,400,0.004,0.0075,0.02,0.025,5e-04,0,0,0,0.49825,0.4975,0.50025,0.5,0.000750000000000028,0.00274999999999997,0.0025
"anova","One-way ANOVA",3,606,0.00718762732760925,2000,400,0.004,0.0075,0.02,0.0375,5e-04,0,0,0,0.49825,0.49125,0.50025,0.5,0.00700000000000001,0.00899999999999995,0.00874999999999998
"anova","One-way ANOVA",3,606,0.00928317766722556,2000,400,0.004,0,0.02,0.01,5e-04,0,0,0,0.502,0.505,0.50025,0.5,-0.003,-0.00475000000000003,-0.005
"anova","One-way ANOVA",3,606,0.0119896850063788,2000,400,0.004,0.0075,0.02,0.0275,5e-04,0,0,0,0.49825,0.49625,0.50025,0.5,0.002,0.00399999999999995,0.00374999999999998
"anova","One-way ANOVA",3,606,0.0154852736536225,2000,400,0.004,0.0075,0.02,0.0225,5e-04,0,0,0,0.49825,0.49875,0.50025,0.5,-5e-04,0.00149999999999995,0.00124999999999997
"anova","One-way ANOVA",3,606,0.02,2000,400,0.004,0.005,0.02,0.025,5e-04,0,0,0,0.4995,0.4975,0.50025,0.5,0.002,0.00274999999999997,0.0025
"anova","One-way ANOVA",3,606,0.025,2000,400,0.004,0.01,0.02,0.0475,5e-04,0.0025,0,0,0.497,0.48625,0.499,0.5,0.01075,0.01275,0.01375
"anova","One-way ANOVA",3,606,0.0666666666666667,2000,400,0.004,0.055,0.02,0.1575,5e-04,0.01,0.03,0.2125,0.4745,0.43125,0.49525,0.40875,0.04325,0.064,-0.0225
"anova","One-way ANOVA",3,606,0.108333333333333,2000,400,0.004,0.31,0.02,0.5075,5e-04,0.0475,0.0465,0.625,0.347,0.25625,0.4765,0.21075,0.0907499999999999,0.22025,-0.0455
"anova","One-way ANOVA",3,606,0.15,2000,400,0.004,0.6475,0.02,0.7925,5e-04,0.245,0.037,0.8425,0.17825,0.11375,0.37775,0.09725,0.0645,0.264,-0.0165000000000001
"anova","One-way ANOVA",3,606,0.191666666666667,2000,400,0.004,0.92,0.02,0.975,5e-04,0.6375,0.024,0.975,0.042,0.0225,0.1815,0.0245,0.0195,0.159,0.002
"anova","One-way ANOVA",3,606,0.233333333333333,2000,400,0.004,0.975,0.02,0.99,5e-04,0.895,0.0155,0.99,0.0145,0.015,0.05275,0.01275,-5e-04,0.03775,-0.00224999999999997
"anova","One-way ANOVA",3,606,0.275,2000,400,0.004,1,0.02,1,5e-04,0.995,0.0105,1,0.002,0.01,0.00274999999999997,0.00524999999999998,-0.00800000000000001,-0.00725000000000003,-0.00475000000000003
"anova","One-way ANOVA",3,606,0.316666666666667,2000,400,0.004,1,0.02,1,5e-04,1,0.005,1,0.002,0.01,0.000249999999999972,0.00249999999999995,-0.00800000000000001,-0.00975000000000004,-0.00750000000000006
"anova","One-way ANOVA",3,606,0.358333333333333,2000,400,0.004,1,0.02,1,5e-04,1,0.004,1,0.002,0.01,0.000249999999999972,0.002,-0.00800000000000001,-0.00975000000000004,-0.00800000000000001
"anova","One-way ANOVA",3,606,0.4,2000,400,0.004,1,0.02,1,5e-04,1,0.002,1,0.002,0.01,0.000249999999999972,0.001,-0.00800000000000001,-0.00975000000000004,-0.00900000000000001
"anova","One-way ANOVA",3,606,0.441666666666667,2000,400,0.004,1,0.02,1,5e-04,1,0.0015,1,0.002,0.01,0.000249999999999972,0.000750000000000028,-0.00800000000000001,-0.00975000000000004,-0.00924999999999998
"anova","One-way ANOVA",3,606,0.483333333333333,2000,400,0.004,1,0.02,1,5e-04,1,5e-04,1,0.002,0.01,0.000249999999999972,0.000249999999999972,-0.00800000000000001,-0.00975000000000004,-0.00975000000000004
"anova","One-way ANOVA",3,606,0.525,2000,400,0.004,1,0.02,1,5e-04,1,5e-04,1,0.002,0.01,0.000249999999999972,0.000249999999999972,-0.00800000000000001,-0.00975000000000004,-0.00975000000000004
"anova","One-way ANOVA",3,606,0.566666666666667,2000,400,0.004,1,0.02,1,5e-04,1,5e-04,1,0.002,0.01,0.000249999999999972,0.000249999999999972,-0.00800000000000001,-0.00975000000000004,-0.00975000000000004
"anova","One-way ANOVA",3,606,0.608333333333333,2000,400,0.004,1,0.02,1,5e-04,1,5e-04,1,0.002,0.01,0.000249999999999972,0.000249999999999972,-0.00800000000000001,-0.00975000000000004,-0.00975000000000004
"anova","One-way ANOVA",3,606,0.65,2000,400,0.004,1,0.02,1,5e-04,1,5e-04,1,0.002,0.01,0.000249999999999972,0.000249999999999972,-0.00800000000000001,-0.00975000000000004,-0.00975000000000004
"anova","One-way ANOVA",3,606,0.691666666666667,2000,400,0.004,1,0.02,1,5e-04,1,5e-04,1,0.002,0.01,0.000249999999999972,0.000249999999999972,-0.00800000000000001,-0.00975000000000004,-0.00975000000000004
"anova","One-way ANOVA",3,606,0.733333333333333,2000,400,0.004,1,0.02,1,5e-04,1,5e-04,1,0.002,0.01,0.000249999999999972,0.000249999999999972,-0.00800000000000001,-0.00975000000000004,-0.00975000000000004
"anova","One-way ANOVA",3,606,0.775,2000,400,0.004,1,0.02,1,5e-04,1,5e-04,1,0.002,0.01,0.000249999999999972,0.000249999999999972,-0.00800000000000001,-0.00975000000000004,-0.00975000000000004
"anova","One-way ANOVA",3,606,0.816666666666667,2000,400,0.004,1,0.02,1,5e-04,1,5e-04,1,0.002,0.01,0.000249999999999972,0.000249999999999972,-0.00800000000000001,-0.00975000000000004,-0.00975000000000004
"anova","One-way ANOVA",3,606,0.858333333333333,2000,400,0.004,1,0.02,1,5e-04,1,5e-04,1,0.002,0.01,0.000249999999999972,0.000249999999999972,-0.00800000000000001,-0.00975000000000004,-0.00975000000000004
"anova","One-way ANOVA",3,606,0.9,2000,400,0.004,1,0.02,1,5e-04,1,5e-04,1,0.002,0.01,0.000249999999999972,0.000249999999999972,-0.00800000000000001,-0.00975000000000004,-0.00975000000000004
"anova","One-way ANOVA",3,741,0.002,2000,400,0.0055,0.0075,0.017,0.01,0,0,0,0,0.499,0.5035,0.5,0.5,-0.00449999999999989,-0.00349999999999995,-0.00349999999999995
"anova","One-way ANOVA",3,741,0.00258309933002977,2000,400,0.0055,0.0025,0.017,0.025,0,0,0,0,0.5015,0.496,0.5,0.5,0.00550000000000012,0.00400000000000006,0.00400000000000006
"anova","One-way ANOVA",3,741,0.00333620107440012,2000,400,0.0055,0.005,0.017,0.015,0,0,0,0,0.50025,0.501,0.5,0.5,-0.000749999999999917,-0.001,-0.001
"anova","One-way ANOVA",3,741,0.00430886938006377,2000,400,0.0055,0.005,0.017,0.02,0,0,0,0,0.50025,0.4985,0.5,0.5,0.00175000000000014,0.00150000000000006,0.00150000000000006
"anova","One-way ANOVA",3,741,0.00556511880441425,2000,400,0.0055,0.0025,0.017,0.025,0,0,0,0,0.5015,0.496,0.5,0.5,0.00550000000000012,0.00400000000000006,0.00400000000000006
"anova","One-way ANOVA",3,741,0.00718762732760925,2000,400,0.0055,0.0125,0.017,0.0275,0,0,0,0,0.4965,0.49475,0.5,0.5,0.00175000000000008,0.00525000000000003,0.00525000000000003
"anova","One-way ANOVA",3,741,0.00928317766722556,2000,400,0.0055,0,0.017,0.0275,0,0,0,0,0.50275,0.49475,0.5,0.5,0.00800000000000006,0.00525000000000003,0.00525000000000003
"anova","One-way ANOVA",3,741,0.0119896850063788,2000,400,0.0055,0.005,0.017,0.02,0,0,0,0,0.50025,0.4985,0.5,0.5,0.00175000000000014,0.00150000000000006,0.00150000000000006
"anova","One-way ANOVA",3,741,0.0154852736536225,2000,400,0.0055,0.015,0.017,0.0275,0,0,0,0,0.49525,0.49475,0.5,0.5,0.000500000000000056,0.00525000000000003,0.00525000000000003
"anova","One-way ANOVA",3,741,0.02,2000,400,0.0055,0.0075,0.017,0.03,0,0,0,0,0.499,0.4935,0.5,0.5,0.00550000000000012,0.00650000000000006,0.00650000000000006
"anova","One-way ANOVA",3,741,0.025,2000,400,0.0055,0.015,0.017,0.0375,0,0,0,0,0.49525,0.48975,0.5,0.5,0.00550000000000006,0.01025,0.01025
"anova","One-way ANOVA",3,741,0.0666666666666667,2000,400,0.0055,0.1,0.017,0.19,0,0.0025,0.033,0.25,0.45275,0.4135,0.49875,0.3915,0.0392500000000001,0.08525,-0.022
"anova","One-way ANOVA",3,741,0.108333333333333,2000,400,0.0055,0.3225,0.017,0.4875,0,0.0775,0.0385,0.6125,0.3415,0.26475,0.46125,0.213,0.0767500000000001,0.1965,-0.05175
"anova","One-way ANOVA",3,741,0.15,2000,400,0.0055,0.7825,0.017,0.9075,0,0.3275,0.0285,0.9375,0.1115,0.05475,0.33625,0.0455,0.0567500000000001,0.2815,-0.00924999999999998
"anova","One-way ANOVA",3,741,0.191666666666667,2000,400,0.0055,0.9575,0.017,0.9875,0,0.7625,0.017,0.9875,0.024,0.0147499999999999,0.11875,0.0147499999999999,0.00925000000000009,0.104,0
"anova","One-way ANOVA",3,741,0.233333333333333,2000,400,0.0055,1,0.017,1,0,0.965,0.013,1,0.00275000000000003,0.00849999999999995,0.0175,0.00649999999999995,-0.00574999999999992,0.00900000000000006,-0.002
"anova","One-way ANOVA",3,741,0.275,2000,400,0.0055,1,0.017,1,0,1,0.008,1,0.00275000000000003,0.00849999999999995,0,0.004,-0.00574999999999992,-0.00849999999999995,-0.00449999999999995
"anova","One-way ANOVA",3,741,0.316666666666667,2000,400,0.0055,1,0.017,1,0,1,0.005,1,0.00275000000000003,0.00849999999999995,0,0.00249999999999995,-0.00574999999999992,-0.00849999999999995,-0.006
"anova","One-way ANOVA",3,741,0.358333333333333,2000,400,0.0055,1,0.017,1,0,1,0.0035,1,0.00275000000000003,0.00849999999999995,0,0.00175000000000003,-0.00574999999999992,-0.00849999999999995,-0.00674999999999992
"anova","One-way ANOVA",3,741,0.4,2000,400,0.0055,1,0.017,1,0,1,0.0025,1,0.00275000000000003,0.00849999999999995,0,0.00124999999999997,-0.00574999999999992,-0.00849999999999995,-0.00724999999999998
"anova","One-way ANOVA",3,741,0.441666666666667,2000,400,0.0055,1,0.017,1,0,1,0.0015,1,0.00275000000000003,0.00849999999999995,0,0.000750000000000028,-0.00574999999999992,-0.00849999999999995,-0.00774999999999992
"anova","One-way ANOVA",3,741,0.483333333333333,2000,400,0.0055,1,0.017,1,0,1,0.001,1,0.00275000000000003,0.00849999999999995,0,0.000499999999999945,-0.00574999999999992,-0.00849999999999995,-0.00800000000000001
"anova","One-way ANOVA",3,741,0.525,2000,400,0.0055,1,0.017,1,0,1,5e-04,1,0.00275000000000003,0.00849999999999995,0,0.000249999999999972,-0.00574999999999992,-0.00849999999999995,-0.00824999999999998
"anova","One-way ANOVA",3,741,0.566666666666667,2000,400,0.0055,1,0.017,1,0,1,5e-04,1,0.00275000000000003,0.00849999999999995,0,0.000249999999999972,-0.00574999999999992,-0.00849999999999995,-0.00824999999999998
"anova","One-way ANOVA",3,741,0.608333333333333,2000,400,0.0055,1,0.017,1,0,1,5e-04,1,0.00275000000000003,0.00849999999999995,0,0.000249999999999972,-0.00574999999999992,-0.00849999999999995,-0.00824999999999998
"anova","One-way ANOVA",3,741,0.65,2000,400,0.0055,1,0.017,1,0,1,5e-04,1,0.00275000000000003,0.00849999999999995,0,0.000249999999999972,-0.00574999999999992,-0.00849999999999995,-0.00824999999999998
"anova","One-way ANOVA",3,741,0.691666666666667,2000,400,0.0055,1,0.017,1,0,1,5e-04,1,0.00275000000000003,0.00849999999999995,0,0.000249999999999972,-0.00574999999999992,-0.00849999999999995,-0.00824999999999998
"anova","One-way ANOVA",3,741,0.733333333333333,2000,400,0.0055,1,0.017,1,0,1,0,1,0.00275000000000003,0.00849999999999995,0,0,-0.00574999999999992,-0.00849999999999995,-0.00849999999999995
"anova","One-way ANOVA",3,741,0.775,2000,400,0.0055,1,0.017,1,0,1,0,1,0.00275000000000003,0.00849999999999995,0,0,-0.00574999999999992,-0.00849999999999995,-0.00849999999999995
"anova","One-way ANOVA",3,741,0.816666666666667,2000,400,0.0055,1,0.017,1,0,1,0,1,0.00275000000000003,0.00849999999999995,0,0,-0.00574999999999992,-0.00849999999999995,-0.00849999999999995
"anova","One-way ANOVA",3,741,0.858333333333333,2000,400,0.0055,1,0.017,1,0,1,0,1,0.00275000000000003,0.00849999999999995,0,0,-0.00574999999999992,-0.00849999999999995,-0.00849999999999995
"anova","One-way ANOVA",3,741,0.9,2000,400,0.0055,1,0.017,1,0,1,0,1,0.00275000000000003,0.00849999999999995,0,0,-0.00574999999999992,-0.00849999999999995,-0.00849999999999995
"anova","One-way ANOVA",3,905,0.002,2000,400,0.0045,0.005,0.0155,0.01,0,0,0,0,0.49975,0.50275,0.5,0.5,-0.00300000000000006,-0.00275000000000003,-0.00275000000000003
"anova","One-way ANOVA",3,905,0.00258309933002977,2000,400,0.0045,0.005,0.0155,0.025,0,0,0,0,0.49975,0.49525,0.5,0.5,0.00449999999999995,0.00474999999999998,0.00474999999999998
"anova","One-way ANOVA",3,905,0.00333620107440012,2000,400,0.0045,0.0075,0.0155,0.015,0,0,0,0,0.4985,0.50025,0.5,0.5,-0.00175000000000008,-0.000250000000000083,-0.000250000000000083
"anova","One-way ANOVA",3,905,0.00430886938006377,2000,400,0.0045,0.0075,0.0155,0.035,0,0,0,0,0.4985,0.49025,0.5,0.5,0.00824999999999998,0.00974999999999998,0.00974999999999998
"anova","One-way ANOVA",3,905,0.00556511880441425,2000,400,0.0045,0.005,0.0155,0.03,0,0,0,0,0.49975,0.49275,0.5,0.5,0.00699999999999995,0.00724999999999998,0.00724999999999998
"anova","One-way ANOVA",3,905,0.00718762732760925,2000,400,0.0045,0.01,0.0155,0.025,0,0,0,0,0.49725,0.49525,0.5,0.5,0.00199999999999995,0.00474999999999998,0.00474999999999998
"anova","One-way ANOVA",3,905,0.00928317766722556,2000,400,0.0045,0.01,0.0155,0.025,0,0,0,0,0.49725,0.49525,0.5,0.5,0.00199999999999995,0.00474999999999998,0.00474999999999998
"anova","One-way ANOVA",3,905,0.0119896850063788,2000,400,0.0045,0.01,0.0155,0.03,0,0,0,0,0.49725,0.49275,0.5,0.5,0.00449999999999995,0.00724999999999998,0.00724999999999998
"anova","One-way ANOVA",3,905,0.0154852736536225,2000,400,0.0045,0.0025,0.0155,0.015,0,0,0,0,0.501,0.50025,0.5,0.5,0.000749999999999917,-0.000250000000000083,-0.000250000000000083
"anova","One-way ANOVA",3,905,0.02,2000,400,0.0045,0.005,0.0155,0.015,0,0,0,0,0.49975,0.50025,0.5,0.5,-0.000500000000000111,-0.000250000000000083,-0.000250000000000083
"anova","One-way ANOVA",3,905,0.025,2000,400,0.0045,0.0025,0.0155,0.0275,0,0,0,0,0.501,0.494,0.5,0.5,0.00699999999999995,0.00599999999999995,0.00599999999999995
"anova","One-way ANOVA",3,905,0.0666666666666667,2000,400,0.0045,0.13,0.0155,0.2475,0,0.0075,0.039,0.3475,0.43725,0.384,0.49625,0.34575,0.05325,0.11225,-0.03825
"anova","One-way ANOVA",3,905,0.108333333333333,2000,400,0.0045,0.46,0.0155,0.66,0,0.1025,0.0375,0.7775,0.27225,0.17775,0.44875,0.13,0.0945,0.271,-0.04775
"anova","One-way ANOVA",3,905,0.15,2000,400,0.0045,0.885,0.0155,0.945,0,0.5375,0.0235,0.95,0.05975,0.0352500000000001,0.23125,0.0367500000000001,0.0244999999999999,0.196,0.0015
"anova","One-way ANOVA",3,905,0.191666666666667,2000,400,0.0045,0.9975,0.0155,1,0,0.86,0.014,1,0.00349999999999995,0.00775000000000003,0.07,0.00700000000000001,-0.00425000000000009,0.06225,-0.000750000000000028
"anova","One-way ANOVA",3,905,0.233333333333333,2000,400,0.0045,1,0.0155,1,0,0.985,0.008,1,0.00224999999999997,0.00775000000000003,0.00750000000000001,0.004,-0.00550000000000006,-0.000250000000000028,-0.00375000000000003
"anova","One-way ANOVA",3,905,0.275,2000,400,0.0045,1,0.0155,1,0,1,0.005,1,0.00224999999999997,0.00775000000000003,0,0.00249999999999995,-0.00550000000000006,-0.00775000000000003,-0.00525000000000009
"anova","One-way ANOVA",3,905,0.316666666666667,2000,400,0.0045,1,0.0155,1,0,1,0.004,1,0.00224999999999997,0.00775000000000003,0,0.002,-0.00550000000000006,-0.00775000000000003,-0.00575000000000003
"anova","One-way ANOVA",3,905,0.358333333333333,2000,400,0.0045,1,0.0155,1,0,1,0.0025,1,0.00224999999999997,0.00775000000000003,0,0.00124999999999997,-0.00550000000000006,-0.00775000000000003,-0.00650000000000006
"anova","One-way ANOVA",3,905,0.4,2000,400,0.0045,1,0.0155,1,0,1,0.0015,1,0.00224999999999997,0.00775000000000003,0,0.000750000000000028,-0.00550000000000006,-0.00775000000000003,-0.00700000000000001
"anova","One-way ANOVA",3,905,0.441666666666667,2000,400,0.0045,1,0.0155,1,0,1,0.0015,1,0.00224999999999997,0.00775000000000003,0,0.000750000000000028,-0.00550000000000006,-0.00775000000000003,-0.00700000000000001
"anova","One-way ANOVA",3,905,0.483333333333333,2000,400,0.0045,1,0.0155,1,0,1,0.0015,1,0.00224999999999997,0.00775000000000003,0,0.000750000000000028,-0.00550000000000006,-0.00775000000000003,-0.00700000000000001
"anova","One-way ANOVA",3,905,0.525,2000,400,0.0045,1,0.0155,1,0,1,0.001,1,0.00224999999999997,0.00775000000000003,0,0.000499999999999945,-0.00550000000000006,-0.00775000000000003,-0.00725000000000009
"anova","One-way ANOVA",3,905,0.566666666666667,2000,400,0.0045,1,0.0155,1,0,1,5e-04,1,0.00224999999999997,0.00775000000000003,0,0.000249999999999972,-0.00550000000000006,-0.00775000000000003,-0.00750000000000006
"anova","One-way ANOVA",3,905,0.608333333333333,2000,400,0.0045,1,0.0155,1,0,1,5e-04,1,0.00224999999999997,0.00775000000000003,0,0.000249999999999972,-0.00550000000000006,-0.00775000000000003,-0.00750000000000006
"anova","One-way ANOVA",3,905,0.65,2000,400,0.0045,1,0.0155,1,0,1,0,1,0.00224999999999997,0.00775000000000003,0,0,-0.00550000000000006,-0.00775000000000003,-0.00775000000000003
"anova","One-way ANOVA",3,905,0.691666666666667,2000,400,0.0045,1,0.0155,1,0,1,0,1,0.00224999999999997,0.00775000000000003,0,0,-0.00550000000000006,-0.00775000000000003,-0.00775000000000003
"anova","One-way ANOVA",3,905,0.733333333333333,2000,400,0.0045,1,0.0155,1,0,1,0,1,0.00224999999999997,0.00775000000000003,0,0,-0.00550000000000006,-0.00775000000000003,-0.00775000000000003
"anova","One-way ANOVA",3,905,0.775,2000,400,0.0045,1,0.0155,1,0,1,0,1,0.00224999999999997,0.00775000000000003,0,0,-0.00550000000000006,-0.00775000000000003,-0.00775000000000003
"anova","One-way ANOVA",3,905,0.816666666666667,2000,400,0.0045,1,0.0155,1,0,1,0,1,0.00224999999999997,0.00775000000000003,0,0,-0.00550000000000006,-0.00775000000000003,-0.00775000000000003
"anova","One-way ANOVA",3,905,0.858333333333333,2000,400,0.0045,1,0.0155,1,0,1,0,1,0.00224999999999997,0.00775000000000003,0,0,-0.00550000000000006,-0.00775000000000003,-0.00775000000000003
"anova","One-way ANOVA",3,905,0.9,2000,400,0.0045,1,0.0155,1,0,1,0,1,0.00224999999999997,0.00775000000000003,0,0,-0.00550000000000006,-0.00775000000000003,-0.00775000000000003
"anova","One-way ANOVA",3,1105,0.002,2000,400,0.009,0.005,0.021,0.01,0,0,0,0,0.502,0.5055,0.5,0.5,-0.00349999999999995,-0.00549999999999995,-0.00549999999999995
"anova","One-way ANOVA",3,1105,0.00258309933002977,2000,400,0.009,0.0075,0.021,0.0125,0,0,0,0,0.50075,0.50425,0.5,0.5,-0.00350000000000006,-0.00424999999999998,-0.00424999999999998
"anova","One-way ANOVA",3,1105,0.00333620107440012,2000,400,0.009,0.0025,0.021,0.0075,0,0,0,0,0.50325,0.50675,0.5,0.5,-0.00349999999999995,-0.00674999999999992,-0.00674999999999992
"anova","One-way ANOVA",3,1105,0.00430886938006377,2000,400,0.009,0.01,0.021,0.02,0,0,0,0,0.4995,0.5005,0.5,0.5,-0.001,-0.000499999999999945,-0.000499999999999945
"anova","One-way ANOVA",3,1105,0.00556511880441425,2000,400,0.009,0.01,0.021,0.0225,0,0,0,0,0.4995,0.49925,0.5,0.5,0.000249999999999972,0.000750000000000028,0.000750000000000028
"anova","One-way ANOVA",3,1105,0.00718762732760925,2000,400,0.009,0.005,0.021,0.015,0,0,0,0,0.502,0.503,0.5,0.5,-0.001,-0.003,-0.003
"anova","One-way ANOVA",3,1105,0.00928317766722556,2000,400,0.009,0.005,0.021,0.0175,0,0,0,0,0.502,0.50175,0.5,0.5,0.000250000000000083,-0.00174999999999992,-0.00174999999999992
"anova","One-way ANOVA",3,1105,0.0119896850063788,2000,400,0.009,0.0025,0.021,0.015,0,0,0,0,0.50325,0.503,0.5,0.5,0.000249999999999972,-0.003,-0.003
"anova","One-way ANOVA",3,1105,0.0154852736536225,2000,400,0.009,0.0075,0.021,0.0125,0,0,0,0,0.50075,0.50425,0.5,0.5,-0.00350000000000006,-0.00424999999999998,-0.00424999999999998
"anova","One-way ANOVA",3,1105,0.02,2000,400,0.009,0.0125,0.021,0.035,0,0,0,0,0.49825,0.493,0.5,0.5,0.00525000000000003,0.00700000000000006,0.00700000000000006
"anova","One-way ANOVA",3,1105,0.025,2000,400,0.009,0.0225,0.021,0.0425,0,0,0,0.0075,0.49325,0.48925,0.5,0.49625,0.004,0.01075,0.00700000000000006
"anova","One-way ANOVA",3,1105,0.0666666666666667,2000,400,0.009,0.16,0.021,0.27,0,0.025,0.046,0.4275,0.4245,0.3755,0.4875,0.30925,0.049,0.112,-0.0662499999999999
"anova","One-way ANOVA",3,1105,0.108333333333333,2000,400,0.009,0.6075,0.021,0.755,0,0.1725,0.041,0.8325,0.20075,0.133,0.41375,0.10425,0.06775,0.28075,-0.02875
"anova","One-way ANOVA",3,1105,0.15,2000,400,0.009,0.9475,0.021,0.9825,0,0.6825,0.026,0.985,0.0307499999999999,0.0192499999999999,0.15875,0.0205,0.0115,0.1395,0.00125000000000008
"anova","One-way ANOVA",3,1105,0.191666666666667,2000,400,0.009,1,0.021,1,0,0.9625,0.0155,1,0.00449999999999995,0.0105,0.01875,0.00775000000000003,-0.006,0.00825000000000004,-0.00274999999999992
"anova","One-way ANOVA",3,1105,0.233333333333333,2000,400,0.009,1,0.021,1,0,0.9975,0.011,1,0.00449999999999995,0.0105,0.00124999999999997,0.00549999999999995,-0.006,-0.00924999999999998,-0.005
"anova","One-way ANOVA",3,1105,0.275,2000,400,0.009,1,0.021,1,0,1,0.008,1,0.00449999999999995,0.0105,0,0.004,-0.006,-0.0105,-0.00649999999999995
"anova","One-way ANOVA",3,1105,0.316666666666667,2000,400,0.009,1,0.021,1,0,1,0.0055,1,0.00449999999999995,0.0105,0,0.00275000000000003,-0.006,-0.0105,-0.00774999999999992
"anova","One-way ANOVA",3,1105,0.358333333333333,2000,400,0.009,1,0.021,1,0,1,0.003,1,0.00449999999999995,0.0105,0,0.00149999999999995,-0.006,-0.0105,-0.00900000000000001
"anova","One-way ANOVA",3,1105,0.4,2000,400,0.009,1,0.021,1,0,1,0.0015,1,0.00449999999999995,0.0105,0,0.000750000000000028,-0.006,-0.0105,-0.00974999999999993
"anova","One-way ANOVA",3,1105,0.441666666666667,2000,400,0.009,1,0.021,1,0,1,5e-04,1,0.00449999999999995,0.0105,0,0.000249999999999972,-0.006,-0.0105,-0.01025
"anova","One-way ANOVA",3,1105,0.483333333333333,2000,400,0.009,1,0.021,1,0,1,0,1,0.00449999999999995,0.0105,0,0,-0.006,-0.0105,-0.0105
"anova","One-way ANOVA",3,1105,0.525,2000,400,0.009,1,0.021,1,0,1,0,1,0.00449999999999995,0.0105,0,0,-0.006,-0.0105,-0.0105
"anova","One-way ANOVA",3,1105,0.566666666666667,2000,400,0.009,1,0.021,1,0,1,0,1,0.00449999999999995,0.0105,0,0,-0.006,-0.0105,-0.0105
"anova","One-way ANOVA",3,1105,0.608333333333333,2000,400,0.009,1,0.021,1,0,1,0,1,0.00449999999999995,0.0105,0,0,-0.006,-0.0105,-0.0105
"anova","One-way ANOVA",3,1105,0.65,2000,400,0.009,1,0.021,1,0,1,0,1,0.00449999999999995,0.0105,0,0,-0.006,-0.0105,-0.0105
"anova","One-way ANOVA",3,1105,0.691666666666667,2000,400,0.009,1,0.021,1,0,1,0,1,0.00449999999999995,0.0105,0,0,-0.006,-0.0105,-0.0105
"anova","One-way ANOVA",3,1105,0.733333333333333,2000,400,0.009,1,0.021,1,0,1,0,1,0.00449999999999995,0.0105,0,0,-0.006,-0.0105,-0.0105
"anova","One-way ANOVA",3,1105,0.775,2000,400,0.009,1,0.021,1,0,1,0,1,0.00449999999999995,0.0105,0,0,-0.006,-0.0105,-0.0105
"anova","One-way ANOVA",3,1105,0.816666666666667,2000,400,0.009,1,0.021,1,0,1,0,1,0.00449999999999995,0.0105,0,0,-0.006,-0.0105,-0.0105
"anova","One-way ANOVA",3,1105,0.858333333333333,2000,400,0.009,1,0.021,1,0,1,0,1,0.00449999999999995,0.0105,0,0,-0.006,-0.0105,-0.0105
"anova","One-way ANOVA",3,1105,0.9,2000,400,0.009,1,0.021,1,0,1,0,1,0.00449999999999995,0.0105,0,0,-0.006,-0.0105,-0.0105
"anova","One-way ANOVA",3,1350,0.002,2000,400,0.0045,0.0075,0.015,0.0125,0,0,0,0,0.4985,0.50125,0.5,0.5,-0.00274999999999997,-0.00124999999999997,-0.00124999999999997
"anova","One-way ANOVA",3,1350,0.00258309933002977,2000,400,0.0045,0.0075,0.015,0.015,0,0,0,0,0.4985,0.5,0.5,0.5,-0.00149999999999995,5.55111512312578e-17,5.55111512312578e-17
"anova","One-way ANOVA",3,1350,0.00333620107440012,2000,400,0.0045,0.0025,0.015,0.025,0,0,0,0,0.501,0.495,0.5,0.5,0.00600000000000006,0.00500000000000006,0.00500000000000006
"anova","One-way ANOVA",3,1350,0.00430886938006377,2000,400,0.0045,0.0025,0.015,0.015,0,0,0,0,0.501,0.5,0.5,0.5,0.00100000000000006,5.55111512312578e-17,5.55111512312578e-17
"anova","One-way ANOVA",3,1350,0.00556511880441425,2000,400,0.0045,0,0.015,0.01,0,0,0,0,0.50225,0.5025,0.5,0.5,-0.000249999999999972,-0.00249999999999995,-0.00249999999999995
"anova","One-way ANOVA",3,1350,0.00718762732760925,2000,400,0.0045,0.0075,0.015,0.015,0,0,0,0,0.4985,0.5,0.5,0.5,-0.00149999999999995,5.55111512312578e-17,5.55111512312578e-17
"anova","One-way ANOVA",3,1350,0.00928317766722556,2000,400,0.0045,0.0025,0.015,0.01,0,0,0,0,0.501,0.5025,0.5,0.5,-0.00149999999999995,-0.00249999999999995,-0.00249999999999995
"anova","One-way ANOVA",3,1350,0.0119896850063788,2000,400,0.0045,0.0075,0.015,0.02,0,0,0,0,0.4985,0.4975,0.5,0.5,0.00100000000000006,0.00250000000000006,0.00250000000000006
"anova","One-way ANOVA",3,1350,0.0154852736536225,2000,400,0.0045,0.0075,0.015,0.03,0,0,0,0,0.4985,0.4925,0.5,0.5,0.00600000000000006,0.00750000000000006,0.00750000000000006
"anova","One-way ANOVA",3,1350,0.02,2000,400,0.0045,0.0175,0.015,0.0275,0,0.0025,0,0.0025,0.4935,0.49375,0.49875,0.49875,-0.000249999999999972,0.00500000000000006,0.00500000000000006
"anova","One-way ANOVA",3,1350,0.025,2000,400,0.0045,0.01,0.015,0.025,0,0,0,0,0.49725,0.495,0.5,0.5,0.00225000000000003,0.00500000000000006,0.00500000000000006
"anova","One-way ANOVA",3,1350,0.0666666666666667,2000,400,0.0045,0.2025,0.015,0.3475,0,0.02,0.043,0.5225,0.401,0.33375,0.49,0.26025,0.06725,0.15625,-0.0735
"anova","One-way ANOVA",3,1350,0.108333333333333,2000,400,0.0045,0.775,0.015,0.865,0,0.2375,0.0275,0.8975,0.11475,0.075,0.38125,0.0650000000000001,0.03975,0.30625,-0.0099999999999999
"anova","One-way ANOVA",3,1350,0.15,2000,400,0.0045,0.9775,0.015,0.99,0,0.78,0.016,0.99,0.0135,0.0125,0.11,0.013,0.001,0.0975,0.000500000000000056
"anova","One-way ANOVA",3,1350,0.191666666666667,2000,400,0.0045,1,0.015,1,0,0.9925,0.006,1,0.00224999999999997,0.00749999999999995,0.00374999999999998,0.003,-0.00524999999999998,-0.00374999999999998,-0.00449999999999995
"anova","One-way ANOVA",3,1350,0.233333333333333,2000,400,0.0045,1,0.015,1,0,1,0.0045,1,0.00224999999999997,0.00749999999999995,0,0.00224999999999997,-0.00524999999999998,-0.00749999999999995,-0.00524999999999998
"anova","One-way ANOVA",3,1350,0.275,2000,400,0.0045,1,0.015,1,0,1,0.001,1,0.00224999999999997,0.00749999999999995,0,0.000499999999999945,-0.00524999999999998,-0.00749999999999995,-0.00700000000000001
"anova","One-way ANOVA",3,1350,0.316666666666667,2000,400,0.0045,1,0.015,1,0,1,0,1,0.00224999999999997,0.00749999999999995,0,0,-0.00524999999999998,-0.00749999999999995,-0.00749999999999995
"anova","One-way ANOVA",3,1350,0.358333333333333,2000,400,0.0045,1,0.015,1,0,1,0,1,0.00224999999999997,0.00749999999999995,0,0,-0.00524999999999998,-0.00749999999999995,-0.00749999999999995
"anova","One-way ANOVA",3,1350,0.4,2000,400,0.0045,1,0.015,1,0,1,0,1,0.00224999999999997,0.00749999999999995,0,0,-0.00524999999999998,-0.00749999999999995,-0.00749999999999995
"anova","One-way ANOVA",3,1350,0.441666666666667,2000,400,0.0045,1,0.015,1,0,1,0,1,0.00224999999999997,0.00749999999999995,0,0,-0.00524999999999998,-0.00749999999999995,-0.00749999999999995
"anova","One-way ANOVA",3,1350,0.483333333333333,2000,400,0.0045,1,0.015,1,0,1,0,1,0.00224999999999997,0.00749999999999995,0,0,-0.00524999999999998,-0.00749999999999995,-0.00749999999999995
"anova","One-way ANOVA",3,1350,0.525,2000,400,0.0045,1,0.015,1,0,1,0,1,0.00224999999999997,0.00749999999999995,0,0,-0.00524999999999998,-0.00749999999999995,-0.00749999999999995
"anova","One-way ANOVA",3,1350,0.566666666666667,2000,400,0.0045,1,0.015,1,0,1,0,1,0.00224999999999997,0.00749999999999995,0,0,-0.00524999999999998,-0.00749999999999995,-0.00749999999999995
"anova","One-way ANOVA",3,1350,0.608333333333333,2000,400,0.0045,1,0.015,1,0,1,0,1,0.00224999999999997,0.00749999999999995,0,0,-0.00524999999999998,-0.00749999999999995,-0.00749999999999995
"anova","One-way ANOVA",3,1350,0.65,2000,400,0.0045,1,0.015,1,0,1,0,1,0.00224999999999997,0.00749999999999995,0,0,-0.00524999999999998,-0.00749999999999995,-0.00749999999999995
"anova","One-way ANOVA",3,1350,0.691666666666667,2000,400,0.0045,1,0.015,1,0,1,0,1,0.00224999999999997,0.00749999999999995,0,0,-0.00524999999999998,-0.00749999999999995,-0.00749999999999995
"anova","One-way ANOVA",3,1350,0.733333333333333,2000,400,0.0045,1,0.015,1,0,1,0,1,0.00224999999999997,0.00749999999999995,0,0,-0.00524999999999998,-0.00749999999999995,-0.00749999999999995
"anova","One-way ANOVA",3,1350,0.775,2000,400,0.0045,1,0.015,1,0,1,0,1,0.00224999999999997,0.00749999999999995,0,0,-0.00524999999999998,-0.00749999999999995,-0.00749999999999995
"anova","One-way ANOVA",3,1350,0.816666666666667,2000,400,0.0045,1,0.015,1,0,1,0,1,0.00224999999999997,0.00749999999999995,0,0,-0.00524999999999998,-0.00749999999999995,-0.00749999999999995
"anova","One-way ANOVA",3,1350,0.858333333333333,2000,400,0.0045,1,0.015,1,0,1,0,1,0.00224999999999997,0.00749999999999995,0,0,-0.00524999999999998,-0.00749999999999995,-0.00749999999999995
"anova","One-way ANOVA",3,1350,0.9,2000,400,0.0045,1,0.015,1,0,1,0,1,0.00224999999999997,0.00749999999999995,0,0,-0.00524999999999998,-0.00749999999999995,-0.00749999999999995
"anova","One-way ANOVA",3,1650,0.002,2000,400,0.005,0.0025,0.017,0.0175,0,0,0,0,0.50125,0.49975,0.5,0.5,0.0015,0.000250000000000028,0.000250000000000028
"anova","One-way ANOVA",3,1650,0.00258309933002977,2000,400,0.005,0,0.017,0.015,0,0,0,0,0.5025,0.501,0.5,0.5,0.00149999999999995,-0.001,-0.001
"anova","One-way ANOVA",3,1650,0.00333620107440012,2000,400,0.005,0.0025,0.017,0.0125,0,0,0,0,0.50125,0.50225,0.5,0.5,-0.001,-0.00224999999999997,-0.00224999999999997
"anova","One-way ANOVA",3,1650,0.00430886938006377,2000,400,0.005,0.005,0.017,0.0175,0,0,0,0,0.5,0.49975,0.5,0.5,0.000249999999999972,0.000250000000000028,0.000250000000000028
"anova","One-way ANOVA",3,1650,0.00556511880441425,2000,400,0.005,0.015,0.017,0.025,0,0,0,0,0.495,0.496,0.5,0.5,-0.001,0.00400000000000006,0.00400000000000006
"anova","One-way ANOVA",3,1650,0.00718762732760925,2000,400,0.005,0.0025,0.017,0.01,0,0,0,0,0.50125,0.5035,0.5,0.5,-0.00224999999999997,-0.00349999999999995,-0.00349999999999995
"anova","One-way ANOVA",3,1650,0.00928317766722556,2000,400,0.005,0.005,0.017,0.015,0,0,0,0,0.5,0.501,0.5,0.5,-0.00100000000000006,-0.001,-0.001
"anova","One-way ANOVA",3,1650,0.0119896850063788,2000,400,0.005,0.0075,0.017,0.02,0,0,0,0,0.49875,0.4985,0.5,0.5,0.000250000000000028,0.00150000000000006,0.00150000000000006
"anova","One-way ANOVA",3,1650,0.0154852736536225,2000,400,0.005,0.0025,0.017,0.025,0,0,0,0,0.50125,0.496,0.5,0.5,0.00525000000000003,0.00400000000000006,0.00400000000000006
"anova","One-way ANOVA",3,1650,0.02,2000,400,0.005,0.01,0.017,0.0475,0,0,0,0,0.4975,0.48475,0.5,0.5,0.01275,0.01525,0.01525
"anova","One-way ANOVA",3,1650,0.025,2000,400,0.005,0.015,0.017,0.0375,0,0,0.0035,0.0075,0.495,0.48975,0.5,0.498,0.00524999999999998,0.01025,0.00825000000000009
"anova","One-way ANOVA",3,1650,0.0666666666666667,2000,400,0.005,0.28,0.017,0.3975,0,0.02,0.0585,0.5475,0.3625,0.30975,0.49,0.2555,0.05275,0.18025,-0.05425
"anova","One-way ANOVA",3,1650,0.108333333333333,2000,400,0.005,0.8125,0.017,0.9025,0,0.3075,0.0355,0.9325,0.09625,0.05725,0.34625,0.0515,0.039,0.289,-0.00574999999999992
"anova","One-way ANOVA",3,1650,0.15,2000,400,0.005,0.9975,0.017,1,0,0.9025,0.0155,1,0.00374999999999992,0.00849999999999995,0.04875,0.00775000000000003,-0.00475000000000003,0.0402500000000001,-0.000749999999999917
"anova","One-way ANOVA",3,1650,0.191666666666667,2000,400,0.005,1,0.017,1,0,0.9975,0.0065,1,0.00249999999999995,0.00849999999999995,0.00124999999999997,0.00324999999999998,-0.006,-0.00724999999999998,-0.00524999999999998
"anova","One-way ANOVA",3,1650,0.233333333333333,2000,400,0.005,1,0.017,1,0,1,0.0035,1,0.00249999999999995,0.00849999999999995,0,0.00175000000000003,-0.006,-0.00849999999999995,-0.00674999999999992
"anova","One-way ANOVA",3,1650,0.275,2000,400,0.005,1,0.017,1,0,1,0.0025,1,0.00249999999999995,0.00849999999999995,0,0.00124999999999997,-0.006,-0.00849999999999995,-0.00724999999999998
"anova","One-way ANOVA",3,1650,0.316666666666667,2000,400,0.005,1,0.017,1,0,1,0,1,0.00249999999999995,0.00849999999999995,0,0,-0.006,-0.00849999999999995,-0.00849999999999995
"anova","One-way ANOVA",3,1650,0.358333333333333,2000,400,0.005,1,0.017,1,0,1,0,1,0.00249999999999995,0.00849999999999995,0,0,-0.006,-0.00849999999999995,-0.00849999999999995
"anova","One-way ANOVA",3,1650,0.4,2000,400,0.005,1,0.017,1,0,1,0,1,0.00249999999999995,0.00849999999999995,0,0,-0.006,-0.00849999999999995,-0.00849999999999995
"anova","One-way ANOVA",3,1650,0.441666666666667,2000,400,0.005,1,0.017,1,0,1,0,1,0.00249999999999995,0.00849999999999995,0,0,-0.006,-0.00849999999999995,-0.00849999999999995
"anova","One-way ANOVA",3,1650,0.483333333333333,2000,400,0.005,1,0.017,1,0,1,0,1,0.00249999999999995,0.00849999999999995,0,0,-0.006,-0.00849999999999995,-0.00849999999999995
"anova","One-way ANOVA",3,1650,0.525,2000,400,0.005,1,0.017,1,0,1,0,1,0.00249999999999995,0.00849999999999995,0,0,-0.006,-0.00849999999999995,-0.00849999999999995
"anova","One-way ANOVA",3,1650,0.566666666666667,2000,400,0.005,1,0.017,1,0,1,0,1,0.00249999999999995,0.00849999999999995,0,0,-0.006,-0.00849999999999995,-0.00849999999999995
"anova","One-way ANOVA",3,1650,0.608333333333333,2000,400,0.005,1,0.017,1,0,1,0,1,0.00249999999999995,0.00849999999999995,0,0,-0.006,-0.00849999999999995,-0.00849999999999995
"anova","One-way ANOVA",3,1650,0.65,2000,400,0.005,1,0.017,1,0,1,0,1,0.00249999999999995,0.00849999999999995,0,0,-0.006,-0.00849999999999995,-0.00849999999999995
"anova","One-way ANOVA",3,1650,0.691666666666667,2000,400,0.005,1,0.017,1,0,1,0,1,0.00249999999999995,0.00849999999999995,0,0,-0.006,-0.00849999999999995,-0.00849999999999995
"anova","One-way ANOVA",3,1650,0.733333333333333,2000,400,0.005,1,0.017,1,0,1,0,1,0.00249999999999995,0.00849999999999995,0,0,-0.006,-0.00849999999999995,-0.00849999999999995
"anova","One-way ANOVA",3,1650,0.775,2000,400,0.005,1,0.017,1,0,1,0,1,0.00249999999999995,0.00849999999999995,0,0,-0.006,-0.00849999999999995,-0.00849999999999995
"anova","One-way ANOVA",3,1650,0.816666666666667,2000,400,0.005,1,0.017,1,0,1,0,1,0.00249999999999995,0.00849999999999995,0,0,-0.006,-0.00849999999999995,-0.00849999999999995
"anova","One-way ANOVA",3,1650,0.858333333333333,2000,400,0.005,1,0.017,1,0,1,0,1,0.00249999999999995,0.00849999999999995,0,0,-0.006,-0.00849999999999995,-0.00849999999999995
"anova","One-way ANOVA",3,1650,0.9,2000,400,0.005,1,0.017,1,0,1,0,1,0.00249999999999995,0.00849999999999995,0,0,-0.006,-0.00849999999999995,-0.00849999999999995
"anova","One-way ANOVA",3,2015,0.002,2000,400,0.006,0.005,0.012,0.015,0,0,0,0,0.5005,0.4985,0.5,0.5,0.00200000000000006,0.0015,0.0015
"anova","One-way ANOVA",3,2015,0.00258309933002977,2000,400,0.006,0,0.012,0.0025,0,0,0,0,0.503,0.50475,0.5,0.5,-0.00175000000000003,-0.00475000000000003,-0.00475000000000003
"anova","One-way ANOVA",3,2015,0.00333620107440012,2000,400,0.006,0.0025,0.012,0.0025,0,0,0,0,0.50175,0.50475,0.5,0.5,-0.003,-0.00475000000000003,-0.00475000000000003
"anova","One-way ANOVA",3,2015,0.00430886938006377,2000,400,0.006,0.0025,0.012,0.0075,0,0,0,0,0.50175,0.50225,0.5,0.5,-0.000499999999999945,-0.00224999999999997,-0.00224999999999997
"anova","One-way ANOVA",3,2015,0.00556511880441425,2000,400,0.006,0.0025,0.012,0.0175,0,0,0,0,0.50175,0.49725,0.5,0.5,0.0045,0.00274999999999997,0.00274999999999997
"anova","One-way ANOVA",3,2015,0.00718762732760925,2000,400,0.006,0.005,0.012,0.0225,0,0,0,0,0.5005,0.49475,0.5,0.5,0.00575000000000003,0.00524999999999998,0.00524999999999998
"anova","One-way ANOVA",3,2015,0.00928317766722556,2000,400,0.006,0,0.012,0.015,0,0,0,0,0.503,0.4985,0.5,0.5,0.0045,0.0015,0.0015
"anova","One-way ANOVA",3,2015,0.0119896850063788,2000,400,0.006,0.0075,0.012,0.035,0,0,0,0,0.49925,0.4885,0.5,0.5,0.01075,0.0115,0.0115
"anova","One-way ANOVA",3,2015,0.0154852736536225,2000,400,0.006,0.01,0.012,0.03,0,0,0.001,0,0.498,0.491,0.5,0.5005,0.00700000000000001,0.00900000000000001,0.00949999999999995
"anova","One-way ANOVA",3,2015,0.02,2000,400,0.006,0.005,0.012,0.0225,0,0,0.003,0.0025,0.5005,0.49475,0.5,0.50025,0.00575000000000003,0.00524999999999998,0.00549999999999995
"anova","One-way ANOVA",3,2015,0.025,2000,400,0.006,0.0175,0.012,0.025,0,0,0.0085,0.0225,0.49425,0.4935,0.5,0.493,0.000750000000000028,0.00650000000000001,-5e-04
"anova","One-way ANOVA",3,2015,0.0666666666666667,2000,400,0.006,0.4075,0.012,0.56,0,0.04,0.037,0.725,0.29925,0.226,0.48,0.156,0.07325,0.254,-0.07
"anova","One-way ANOVA",3,2015,0.108333333333333,2000,400,0.006,0.925,0.012,0.9475,0,0.535,0.018,0.9675,0.0405,0.03225,0.2325,0.02525,0.00824999999999998,0.20025,-0.00700000000000001
"anova","One-way ANOVA",3,2015,0.15,2000,400,0.006,1,0.012,1,0,0.9775,0.009,1,0.003,0.006,0.01125,0.00449999999999995,-0.003,0.00524999999999998,-0.00150000000000006
"anova","One-way ANOVA",3,2015,0.191666666666667,2000,400,0.006,1,0.012,1,0,0.9975,0.006,1,0.003,0.006,0.00124999999999997,0.003,-0.003,-0.00475000000000003,-0.003
"anova","One-way ANOVA",3,2015,0.233333333333333,2000,400,0.006,1,0.012,1,0,1,0.003,1,0.003,0.006,0,0.00149999999999995,-0.003,-0.006,-0.00450000000000006
"anova","One-way ANOVA",3,2015,0.275,2000,400,0.006,1,0.012,1,0,1,0.003,1,0.003,0.006,0,0.00149999999999995,-0.003,-0.006,-0.00450000000000006
"anova","One-way ANOVA",3,2015,0.316666666666667,2000,400,0.006,1,0.012,1,0,1,0.003,1,0.003,0.006,0,0.00149999999999995,-0.003,-0.006,-0.00450000000000006
"anova","One-way ANOVA",3,2015,0.358333333333333,2000,400,0.006,1,0.012,1,0,1,0.0025,1,0.003,0.006,0,0.00124999999999997,-0.003,-0.006,-0.00475000000000003
"anova","One-way ANOVA",3,2015,0.4,2000,400,0.006,1,0.012,1,0,1,0.0025,1,0.003,0.006,0,0.00124999999999997,-0.003,-0.006,-0.00475000000000003
"anova","One-way ANOVA",3,2015,0.441666666666667,2000,400,0.006,1,0.012,1,0,1,0.002,1,0.003,0.006,0,0.001,-0.003,-0.006,-0.005
"anova","One-way ANOVA",3,2015,0.483333333333333,2000,400,0.006,1,0.012,1,0,1,0.002,1,0.003,0.006,0,0.001,-0.003,-0.006,-0.005
"anova","One-way ANOVA",3,2015,0.525,2000,400,0.006,1,0.012,1,0,1,0.002,1,0.003,0.006,0,0.001,-0.003,-0.006,-0.005
"anova","One-way ANOVA",3,2015,0.566666666666667,2000,400,0.006,1,0.012,1,0,1,0.002,1,0.003,0.006,0,0.001,-0.003,-0.006,-0.005
"anova","One-way ANOVA",3,2015,0.608333333333333,2000,400,0.006,1,0.012,1,0,1,0.001,1,0.003,0.006,0,0.000499999999999945,-0.003,-0.006,-0.00550000000000006
"anova","One-way ANOVA",3,2015,0.65,2000,400,0.006,1,0.012,1,0,1,0.001,1,0.003,0.006,0,0.000499999999999945,-0.003,-0.006,-0.00550000000000006
"anova","One-way ANOVA",3,2015,0.691666666666667,2000,400,0.006,1,0.012,1,0,1,5e-04,1,0.003,0.006,0,0.000249999999999972,-0.003,-0.006,-0.00575000000000003
"anova","One-way ANOVA",3,2015,0.733333333333333,2000,400,0.006,1,0.012,1,0,1,0,1,0.003,0.006,0,0,-0.003,-0.006,-0.006
"anova","One-way ANOVA",3,2015,0.775,2000,400,0.006,1,0.012,1,0,1,0,1,0.003,0.006,0,0,-0.003,-0.006,-0.006
"anova","One-way ANOVA",3,2015,0.816666666666667,2000,400,0.006,1,0.012,1,0,1,0,1,0.003,0.006,0,0,-0.003,-0.006,-0.006
"anova","One-way ANOVA",3,2015,0.858333333333333,2000,400,0.006,1,0.012,1,0,1,0,1,0.003,0.006,0,0,-0.003,-0.006,-0.006
"anova","One-way ANOVA",3,2015,0.9,2000,400,0.006,1,0.012,1,0,1,0,1,0.003,0.006,0,0,-0.003,-0.006,-0.006
"anova","One-way ANOVA",3,2462,0.002,2000,400,0.0025,0.005,0.0105,0.0175,0,0,0,0,0.49875,0.4965,0.5,0.5,0.00224999999999997,0.0035,0.0035
"anova","One-way ANOVA",3,2462,0.00258309933002977,2000,400,0.0025,0.0075,0.0105,0.02,0,0.0025,0,0,0.4975,0.49525,0.49875,0.5,0.00225000000000003,0.00350000000000006,0.00475000000000003
"anova","One-way ANOVA",3,2462,0.00333620107440012,2000,400,0.0025,0.0075,0.0105,0.02,0,0,0,0,0.4975,0.49525,0.5,0.5,0.00225000000000003,0.00475000000000003,0.00475000000000003
"anova","One-way ANOVA",3,2462,0.00430886938006377,2000,400,0.0025,0.0075,0.0105,0.0175,0,0,0,0,0.4975,0.4965,0.5,0.5,0.001,0.0035,0.0035
"anova","One-way ANOVA",3,2462,0.00556511880441425,2000,400,0.0025,0.0025,0.0105,0.0075,0,0,0,0,0.5,0.5015,0.5,0.5,-0.00149999999999995,-0.00149999999999995,-0.00149999999999995
"anova","One-way ANOVA",3,2462,0.00718762732760925,2000,400,0.0025,0.005,0.0105,0.0175,0,0,0,0,0.49875,0.4965,0.5,0.5,0.00224999999999997,0.0035,0.0035
"anova","One-way ANOVA",3,2462,0.00928317766722556,2000,400,0.0025,0.0075,0.0105,0.0125,0,0,0,0,0.4975,0.499,0.5,0.5,-0.0015,0.001,0.001
"anova","One-way ANOVA",3,2462,0.0119896850063788,2000,400,0.0025,0.015,0.0105,0.025,0,0,0,0,0.49375,0.49275,0.5,0.5,0.001,0.00725000000000003,0.00725000000000003
"anova","One-way ANOVA",3,2462,0.0154852736536225,2000,400,0.0025,0.02,0.0105,0.0375,0,0.0025,0,0.0025,0.49125,0.4865,0.49875,0.49875,0.00474999999999998,0.01225,0.01225
"anova","One-way ANOVA",3,2462,0.02,2000,400,0.0025,0.01,0.0105,0.035,0,0,0.001,0.01,0.49625,0.48775,0.5,0.4955,0.00850000000000001,0.01225,0.00774999999999998
"anova","One-way ANOVA",3,2462,0.025,2000,400,0.0025,0.025,0.0105,0.055,0,0,0.01,0.05,0.48875,0.47775,0.5,0.48,0.011,0.02225,0.00225000000000003
"anova","One-way ANOVA",3,2462,0.0666666666666667,2000,400,0.0025,0.5025,0.0105,0.5925,0,0.045,0.0375,0.7475,0.25,0.209,0.4775,0.145,0.041,0.2685,-0.064
"anova","One-way ANOVA",3,2462,0.108333333333333,2000,400,0.0025,0.9675,0.0105,0.9875,0,0.6725,0.0155,0.99,0.0175,0.0115,0.16375,0.01275,0.006,0.15225,0.00125000000000008
"anova","One-way ANOVA",3,2462,0.15,2000,400,0.0025,1,0.0105,1,0,0.9925,0.005,1,0.00124999999999997,0.00524999999999998,0.00374999999999998,0.00249999999999995,-0.004,-0.0015,-0.00275000000000003
"anova","One-way ANOVA",3,2462,0.191666666666667,2000,400,0.0025,1,0.0105,1,0,1,0.0015,1,0.00124999999999997,0.00524999999999998,0,0.000750000000000028,-0.004,-0.00524999999999998,-0.00449999999999995
"anova","One-way ANOVA",3,2462,0.233333333333333,2000,400,0.0025,1,0.0105,1,0,1,0.001,1,0.00124999999999997,0.00524999999999998,0,0.000499999999999945,-0.004,-0.00524999999999998,-0.00475000000000003
"anova","One-way ANOVA",3,2462,0.275,2000,400,0.0025,1,0.0105,1,0,1,5e-04,1,0.00124999999999997,0.00524999999999998,0,0.000249999999999972,-0.004,-0.00524999999999998,-0.005
"anova","One-way ANOVA",3,2462,0.316666666666667,2000,400,0.0025,1,0.0105,1,0,1,5e-04,1,0.00124999999999997,0.00524999999999998,0,0.000249999999999972,-0.004,-0.00524999999999998,-0.005
"anova","One-way ANOVA",3,2462,0.358333333333333,2000,400,0.0025,1,0.0105,1,0,1,0,1,0.00124999999999997,0.00524999999999998,0,0,-0.004,-0.00524999999999998,-0.00524999999999998
"anova","One-way ANOVA",3,2462,0.4,2000,400,0.0025,1,0.0105,1,0,1,0,1,0.00124999999999997,0.00524999999999998,0,0,-0.004,-0.00524999999999998,-0.00524999999999998
"anova","One-way ANOVA",3,2462,0.441666666666667,2000,400,0.0025,1,0.0105,1,0,1,0,1,0.00124999999999997,0.00524999999999998,0,0,-0.004,-0.00524999999999998,-0.00524999999999998
"anova","One-way ANOVA",3,2462,0.483333333333333,2000,400,0.0025,1,0.0105,1,0,1,0,1,0.00124999999999997,0.00524999999999998,0,0,-0.004,-0.00524999999999998,-0.00524999999999998
"anova","One-way ANOVA",3,2462,0.525,2000,400,0.0025,1,0.0105,1,0,1,0,1,0.00124999999999997,0.00524999999999998,0,0,-0.004,-0.00524999999999998,-0.00524999999999998
"anova","One-way ANOVA",3,2462,0.566666666666667,2000,400,0.0025,1,0.0105,1,0,1,0,1,0.00124999999999997,0.00524999999999998,0,0,-0.004,-0.00524999999999998,-0.00524999999999998
"anova","One-way ANOVA",3,2462,0.608333333333333,2000,400,0.0025,1,0.0105,1,0,1,0,1,0.00124999999999997,0.00524999999999998,0,0,-0.004,-0.00524999999999998,-0.00524999999999998
"anova","One-way ANOVA",3,2462,0.65,2000,400,0.0025,1,0.0105,1,0,1,0,1,0.00124999999999997,0.00524999999999998,0,0,-0.004,-0.00524999999999998,-0.00524999999999998
"anova","One-way ANOVA",3,2462,0.691666666666667,2000,400,0.0025,1,0.0105,1,0,1,0,1,0.00124999999999997,0.00524999999999998,0,0,-0.004,-0.00524999999999998,-0.00524999999999998
"anova","One-way ANOVA",3,2462,0.733333333333333,2000,400,0.0025,1,0.0105,1,0,1,0,1,0.00124999999999997,0.00524999999999998,0,0,-0.004,-0.00524999999999998,-0.00524999999999998
"anova","One-way ANOVA",3,2462,0.775,2000,400,0.0025,1,0.0105,1,0,1,0,1,0.00124999999999997,0.00524999999999998,0,0,-0.004,-0.00524999999999998,-0.00524999999999998
"anova","One-way ANOVA",3,2462,0.816666666666667,2000,400,0.0025,1,0.0105,1,0,1,0,1,0.00124999999999997,0.00524999999999998,0,0,-0.004,-0.00524999999999998,-0.00524999999999998
"anova","One-way ANOVA",3,2462,0.858333333333333,2000,400,0.0025,1,0.0105,1,0,1,0,1,0.00124999999999997,0.00524999999999998,0,0,-0.004,-0.00524999999999998,-0.00524999999999998
"anova","One-way ANOVA",3,2462,0.9,2000,400,0.0025,1,0.0105,1,0,1,0,1,0.00124999999999997,0.00524999999999998,0,0,-0.004,-0.00524999999999998,-0.00524999999999998
"anova","One-way ANOVA",3,3008,0.002,2000,400,0.0065,0,0.0155,0.005,0,0,0,0,0.50325,0.50525,0.5,0.5,-0.00200000000000011,-0.00525000000000009,-0.00525000000000009
"anova","One-way ANOVA",3,3008,0.00258309933002977,2000,400,0.0065,0.01,0.0155,0.0225,0,0,0,0,0.49825,0.4965,0.5,0.5,0.00174999999999992,0.00349999999999995,0.00349999999999995
"anova","One-way ANOVA",3,3008,0.00333620107440012,2000,400,0.0065,0.0075,0.0155,0.025,0,0,0,0,0.4995,0.49525,0.5,0.5,0.00424999999999998,0.00474999999999998,0.00474999999999998
"anova","One-way ANOVA",3,3008,0.00430886938006377,2000,400,0.0065,0.005,0.0155,0.0125,0,0,0,0,0.50075,0.5015,0.5,0.5,-0.000750000000000028,-0.00150000000000006,-0.00150000000000006
"anova","One-way ANOVA",3,3008,0.00556511880441425,2000,400,0.0065,0.01,0.0155,0.0175,0,0,0,0,0.49825,0.499,0.5,0.5,-0.000750000000000084,0.000999999999999945,0.000999999999999945
"anova","One-way ANOVA",3,3008,0.00718762732760925,2000,400,0.0065,0.0175,0.0155,0.0275,0,0,0,0,0.4945,0.494,0.5,0.5,0.000499999999999945,0.00599999999999995,0.00599999999999995
"anova","One-way ANOVA",3,3008,0.00928317766722556,2000,400,0.0065,0.0075,0.0155,0.025,0,0,0,0,0.4995,0.49525,0.5,0.5,0.00424999999999998,0.00474999999999998,0.00474999999999998
"anova","One-way ANOVA",3,3008,0.0119896850063788,2000,400,0.0065,0.0075,0.0155,0.03,0,0,0,0,0.4995,0.49275,0.5,0.5,0.00674999999999998,0.00724999999999998,0.00724999999999998
"anova","One-way ANOVA",3,3008,0.0154852736536225,2000,400,0.0065,0.005,0.0155,0.025,0,0,5e-04,0,0.50075,0.49525,0.5,0.50025,0.0055,0.00474999999999998,0.00499999999999995
"anova","One-way ANOVA",3,3008,0.02,2000,400,0.0065,0.0225,0.0155,0.045,0,0,0.0085,0.0275,0.492,0.48525,0.5,0.4905,0.00674999999999998,0.01475,0.00524999999999998
"anova","One-way ANOVA",3,3008,0.025,2000,400,0.0065,0.03,0.0155,0.065,0,0,0.025,0.09,0.48825,0.47525,0.5,0.4675,0.0129999999999999,0.0247499999999999,-0.00775000000000009
"anova","One-way ANOVA",3,3008,0.0666666666666667,2000,400,0.0065,0.66,0.0155,0.735,0,0.0975,0.042,0.85,0.17325,0.14025,0.45125,0.096,0.0329999999999999,0.311,-0.04425
"anova","One-way ANOVA",3,3008,0.108333333333333,2000,400,0.0065,0.995,0.0155,1,0,0.8275,0.0175,1,0.00574999999999998,0.00775000000000003,0.08625,0.00875000000000004,-0.00200000000000006,0.0785,0.001
"anova","One-way ANOVA",3,3008,0.15,2000,400,0.0065,1,0.0155,1,0,0.9975,0.008,1,0.00324999999999998,0.00775000000000003,0.00124999999999997,0.004,-0.00450000000000006,-0.00650000000000006,-0.00375000000000003
"anova","One-way ANOVA",3,3008,0.191666666666667,2000,400,0.0065,1,0.0155,1,0,1,0.003,1,0.00324999999999998,0.00775000000000003,0,0.00149999999999995,-0.00450000000000006,-0.00775000000000003,-0.00625000000000009
"anova","One-way ANOVA",3,3008,0.233333333333333,2000,400,0.0065,1,0.0155,1,0,1,0.001,1,0.00324999999999998,0.00775000000000003,0,0.000499999999999945,-0.00450000000000006,-0.00775000000000003,-0.00725000000000009
"anova","One-way ANOVA",3,3008,0.275,2000,400,0.0065,1,0.0155,1,0,1,5e-04,1,0.00324999999999998,0.00775000000000003,0,0.000249999999999972,-0.00450000000000006,-0.00775000000000003,-0.00750000000000006
"anova","One-way ANOVA",3,3008,0.316666666666667,2000,400,0.0065,1,0.0155,1,0,1,5e-04,1,0.00324999999999998,0.00775000000000003,0,0.000249999999999972,-0.00450000000000006,-0.00775000000000003,-0.00750000000000006
"anova","One-way ANOVA",3,3008,0.358333333333333,2000,400,0.0065,1,0.0155,1,0,1,5e-04,1,0.00324999999999998,0.00775000000000003,0,0.000249999999999972,-0.00450000000000006,-0.00775000000000003,-0.00750000000000006
"anova","One-way ANOVA",3,3008,0.4,2000,400,0.0065,1,0.0155,1,0,1,5e-04,1,0.00324999999999998,0.00775000000000003,0,0.000249999999999972,-0.00450000000000006,-0.00775000000000003,-0.00750000000000006
"anova","One-way ANOVA",3,3008,0.441666666666667,2000,400,0.0065,1,0.0155,1,0,1,0,1,0.00324999999999998,0.00775000000000003,0,0,-0.00450000000000006,-0.00775000000000003,-0.00775000000000003
"anova","One-way ANOVA",3,3008,0.483333333333333,2000,400,0.0065,1,0.0155,1,0,1,0,1,0.00324999999999998,0.00775000000000003,0,0,-0.00450000000000006,-0.00775000000000003,-0.00775000000000003
"anova","One-way ANOVA",3,3008,0.525,2000,400,0.0065,1,0.0155,1,0,1,0,1,0.00324999999999998,0.00775000000000003,0,0,-0.00450000000000006,-0.00775000000000003,-0.00775000000000003
"anova","One-way ANOVA",3,3008,0.566666666666667,2000,400,0.0065,1,0.0155,1,0,1,0,1,0.00324999999999998,0.00775000000000003,0,0,-0.00450000000000006,-0.00775000000000003,-0.00775000000000003
"anova","One-way ANOVA",3,3008,0.608333333333333,2000,400,0.0065,1,0.0155,1,0,1,0,1,0.00324999999999998,0.00775000000000003,0,0,-0.00450000000000006,-0.00775000000000003,-0.00775000000000003
"anova","One-way ANOVA",3,3008,0.65,2000,400,0.0065,1,0.0155,1,0,1,0,1,0.00324999999999998,0.00775000000000003,0,0,-0.00450000000000006,-0.00775000000000003,-0.00775000000000003
"anova","One-way ANOVA",3,3008,0.691666666666667,2000,400,0.0065,1,0.0155,1,0,1,0,1,0.00324999999999998,0.00775000000000003,0,0,-0.00450000000000006,-0.00775000000000003,-0.00775000000000003
"anova","One-way ANOVA",3,3008,0.733333333333333,2000,400,0.0065,1,0.0155,1,0,1,0,1,0.00324999999999998,0.00775000000000003,0,0,-0.00450000000000006,-0.00775000000000003,-0.00775000000000003
"anova","One-way ANOVA",3,3008,0.775,2000,400,0.0065,1,0.0155,1,0,1,0,1,0.00324999999999998,0.00775000000000003,0,0,-0.00450000000000006,-0.00775000000000003,-0.00775000000000003
"anova","One-way ANOVA",3,3008,0.816666666666667,2000,400,0.0065,1,0.0155,1,0,1,0,1,0.00324999999999998,0.00775000000000003,0,0,-0.00450000000000006,-0.00775000000000003,-0.00775000000000003
"anova","One-way ANOVA",3,3008,0.858333333333333,2000,400,0.0065,1,0.0155,1,0,1,0,1,0.00324999999999998,0.00775000000000003,0,0,-0.00450000000000006,-0.00775000000000003,-0.00775000000000003
"anova","One-way ANOVA",3,3008,0.9,2000,400,0.0065,1,0.0155,1,0,1,0,1,0.00324999999999998,0.00775000000000003,0,0,-0.00450000000000006,-0.00775000000000003,-0.00775000000000003
"anova","One-way ANOVA",3,3675,0.002,2000,400,0.0055,0.0075,0.0115,0.01,0,0,0,0,0.499,0.50075,0.5,0.5,-0.00174999999999997,-0.000750000000000028,-0.000750000000000028
"anova","One-way ANOVA",3,3675,0.00258309933002977,2000,400,0.0055,0.01,0.0115,0.0125,0,0,0,0,0.49775,0.4995,0.5,0.5,-0.00175000000000003,0.000499999999999945,0.000499999999999945
"anova","One-way ANOVA",3,3675,0.00333620107440012,2000,400,0.0055,0.0075,0.0115,0.015,0,0,0,0,0.499,0.49825,0.5,0.5,0.000750000000000028,0.00174999999999997,0.00174999999999997
"anova","One-way ANOVA",3,3675,0.00430886938006377,2000,400,0.0055,0.005,0.0115,0.0125,0,0,0,0,0.50025,0.4995,0.5,0.5,0.000750000000000028,0.000499999999999945,0.000499999999999945
"anova","One-way ANOVA",3,3675,0.00556511880441425,2000,400,0.0055,0.005,0.0115,0.0075,0,0,0,0,0.50025,0.502,0.5,0.5,-0.00174999999999992,-0.002,-0.002
"anova","One-way ANOVA",3,3675,0.00718762732760925,2000,400,0.0055,0.0075,0.0115,0.0175,0,0,0,0,0.499,0.497,0.5,0.5,0.002,0.00299999999999995,0.00299999999999995
"anova","One-way ANOVA",3,3675,0.00928317766722556,2000,400,0.0055,0.0075,0.0115,0.0175,0,0,0,0,0.499,0.497,0.5,0.5,0.002,0.00299999999999995,0.00299999999999995
"anova","One-way ANOVA",3,3675,0.0119896850063788,2000,400,0.0055,0.015,0.0115,0.025,0,0,0,0,0.49525,0.49325,0.5,0.5,0.002,0.00674999999999998,0.00674999999999998
"anova","One-way ANOVA",3,3675,0.0154852736536225,2000,400,0.0055,0.01,0.0115,0.025,0,0.0025,0.0025,0.0075,0.49775,0.49325,0.49875,0.4975,0.0045,0.0055,0.00424999999999998
"anova","One-way ANOVA",3,3675,0.02,2000,400,0.0055,0.0425,0.0115,0.0675,0,0,0.0115,0.065,0.4815,0.472,0.5,0.47325,0.00950000000000001,0.028,0.00125000000000003
"anova","One-way ANOVA",3,3675,0.025,2000,400,0.0055,0.0375,0.0115,0.075,0,0,0.0275,0.1325,0.484,0.46825,0.5,0.4475,0.01575,0.0317499999999999,-0.02075
"anova","One-way ANOVA",3,3675,0.0666666666666667,2000,400,0.0055,0.7275,0.0115,0.7975,0,0.19,0.032,0.9,0.139,0.107,0.405,0.066,0.032,0.298,-0.041
"anova","One-way ANOVA",3,3675,0.108333333333333,2000,400,0.0055,1,0.0115,1,0,0.9375,0.0115,1,0.00275000000000003,0.00575000000000003,0.03125,0.00575000000000003,-0.003,0.0255,0
"anova","One-way ANOVA",3,3675,0.15,2000,400,0.0055,1,0.0115,1,0,1,0.005,1,0.00275000000000003,0.00575000000000003,0,0.00249999999999995,-0.003,-0.00575000000000003,-0.00325000000000009
"anova","One-way ANOVA",3,3675,0.191666666666667,2000,400,0.0055,1,0.0115,1,0,1,0.0025,1,0.00275000000000003,0.00575000000000003,0,0.00124999999999997,-0.003,-0.00575000000000003,-0.00450000000000006
"anova","One-way ANOVA",3,3675,0.233333333333333,2000,400,0.0055,1,0.0115,1,0,1,0.0015,1,0.00275000000000003,0.00575000000000003,0,0.000750000000000028,-0.003,-0.00575000000000003,-0.005
"anova","One-way ANOVA",3,3675,0.275,2000,400,0.0055,1,0.0115,1,0,1,5e-04,1,0.00275000000000003,0.00575000000000003,0,0.000249999999999972,-0.003,-0.00575000000000003,-0.00550000000000006
"anova","One-way ANOVA",3,3675,0.316666666666667,2000,400,0.0055,1,0.0115,1,0,1,5e-04,1,0.00275000000000003,0.00575000000000003,0,0.000249999999999972,-0.003,-0.00575000000000003,-0.00550000000000006
"anova","One-way ANOVA",3,3675,0.358333333333333,2000,400,0.0055,1,0.0115,1,0,1,5e-04,1,0.00275000000000003,0.00575000000000003,0,0.000249999999999972,-0.003,-0.00575000000000003,-0.00550000000000006
"anova","One-way ANOVA",3,3675,0.4,2000,400,0.0055,1,0.0115,1,0,1,0,1,0.00275000000000003,0.00575000000000003,0,0,-0.003,-0.00575000000000003,-0.00575000000000003
"anova","One-way ANOVA",3,3675,0.441666666666667,2000,400,0.0055,1,0.0115,1,0,1,0,1,0.00275000000000003,0.00575000000000003,0,0,-0.003,-0.00575000000000003,-0.00575000000000003
"anova","One-way ANOVA",3,3675,0.483333333333333,2000,400,0.0055,1,0.0115,1,0,1,0,1,0.00275000000000003,0.00575000000000003,0,0,-0.003,-0.00575000000000003,-0.00575000000000003
"anova","One-way ANOVA",3,3675,0.525,2000,400,0.0055,1,0.0115,1,0,1,0,1,0.00275000000000003,0.00575000000000003,0,0,-0.003,-0.00575000000000003,-0.00575000000000003
"anova","One-way ANOVA",3,3675,0.566666666666667,2000,400,0.0055,1,0.0115,1,0,1,0,1,0.00275000000000003,0.00575000000000003,0,0,-0.003,-0.00575000000000003,-0.00575000000000003
"anova","One-way ANOVA",3,3675,0.608333333333333,2000,400,0.0055,1,0.0115,1,0,1,0,1,0.00275000000000003,0.00575000000000003,0,0,-0.003,-0.00575000000000003,-0.00575000000000003
"anova","One-way ANOVA",3,3675,0.65,2000,400,0.0055,1,0.0115,1,0,1,0,1,0.00275000000000003,0.00575000000000003,0,0,-0.003,-0.00575000000000003,-0.00575000000000003
"anova","One-way ANOVA",3,3675,0.691666666666667,2000,400,0.0055,1,0.0115,1,0,1,0,1,0.00275000000000003,0.00575000000000003,0,0,-0.003,-0.00575000000000003,-0.00575000000000003
"anova","One-way ANOVA",3,3675,0.733333333333333,2000,400,0.0055,1,0.0115,1,0,1,0,1,0.00275000000000003,0.00575000000000003,0,0,-0.003,-0.00575000000000003,-0.00575000000000003
"anova","One-way ANOVA",3,3675,0.775,2000,400,0.0055,1,0.0115,1,0,1,0,1,0.00275000000000003,0.00575000000000003,0,0,-0.003,-0.00575000000000003,-0.00575000000000003
"anova","One-way ANOVA",3,3675,0.816666666666667,2000,400,0.0055,1,0.0115,1,0,1,0,1,0.00275000000000003,0.00575000000000003,0,0,-0.003,-0.00575000000000003,-0.00575000000000003
"anova","One-way ANOVA",3,3675,0.858333333333333,2000,400,0.0055,1,0.0115,1,0,1,0,1,0.00275000000000003,0.00575000000000003,0,0,-0.003,-0.00575000000000003,-0.00575000000000003
"anova","One-way ANOVA",3,3675,0.9,2000,400,0.0055,1,0.0115,1,0,1,0,1,0.00275000000000003,0.00575000000000003,0,0,-0.003,-0.00575000000000003,-0.00575000000000003
"anova","One-way ANOVA",3,4489,0.002,2000,400,0.006,0.0075,0.01,0.01,0,0,0,0,0.49925,0.5,0.5,0.5,-0.000749999999999973,0,0
"anova","One-way ANOVA",3,4489,0.00258309933002977,2000,400,0.006,0.0075,0.01,0.0125,0,0,0,0,0.49925,0.49875,0.5,0.5,5e-04,0.00124999999999997,0.00124999999999997
"anova","One-way ANOVA",3,4489,0.00333620107440012,2000,400,0.006,0.0025,0.01,0.0075,0,0,0,0,0.50175,0.50125,0.5,0.5,0.000500000000000056,-0.00124999999999997,-0.00124999999999997
"anova","One-way ANOVA",3,4489,0.00430886938006377,2000,400,0.006,0.0075,0.01,0.015,0,0,0,0,0.49925,0.4975,0.5,0.5,0.00175000000000003,0.0025,0.0025
"anova","One-way ANOVA",3,4489,0.00556511880441425,2000,400,0.006,0,0.01,0.01,0,0,0,0,0.503,0.5,0.5,0.5,0.003,0,0
"anova","One-way ANOVA",3,4489,0.00718762732760925,2000,400,0.006,0.0025,0.01,0.005,0,0,0,0,0.50175,0.5025,0.5,0.5,-0.000750000000000028,-0.00250000000000006,-0.00250000000000006
"anova","One-way ANOVA",3,4489,0.00928317766722556,2000,400,0.006,0.01,0.01,0.02,0,0,0,0,0.498,0.495,0.5,0.5,0.003,0.005,0.005
"anova","One-way ANOVA",3,4489,0.0119896850063788,2000,400,0.006,0.0075,0.01,0.0175,0,0,5e-04,0,0.49925,0.49625,0.5,0.50025,0.003,0.00374999999999998,0.00399999999999995
"anova","One-way ANOVA",3,4489,0.0154852736536225,2000,400,0.006,0.025,0.01,0.0475,0,0,0.0055,0.0225,0.4905,0.48125,0.5,0.4915,0.00924999999999998,0.01875,0.01025
"anova","One-way ANOVA",3,4489,0.02,2000,400,0.006,0.035,0.01,0.0575,0,0.0025,0.015,0.0925,0.4855,0.47625,0.49875,0.46125,0.00924999999999998,0.0225,-0.0150000000000001
"anova","One-way ANOVA",3,4489,0.025,2000,400,0.006,0.0825,0.01,0.1225,0,0,0.028,0.235,0.46175,0.44375,0.5,0.3965,0.018,0.05625,-0.04725
"anova","One-way ANOVA",3,4489,0.0666666666666667,2000,400,0.006,0.8575,0.01,0.91,0,0.2725,0.023,0.96,0.07425,0.05,0.36375,0.0315,0.02425,0.31375,-0.0185
"anova","One-way ANOVA",3,4489,0.108333333333333,2000,400,0.006,1,0.01,1,0,0.98,0.007,1,0.003,0.005,0.01,0.00349999999999995,-0.002,0.005,-0.00150000000000006
"anova","One-way ANOVA",3,4489,0.15,2000,400,0.006,1,0.01,1,0,1,0.003,1,0.003,0.005,0,0.00149999999999995,-0.002,-0.005,-0.00350000000000006
"anova","One-way ANOVA",3,4489,0.191666666666667,2000,400,0.006,1,0.01,1,0,1,0.001,1,0.003,0.005,0,0.000499999999999945,-0.002,-0.005,-0.00450000000000006
"anova","One-way ANOVA",3,4489,0.233333333333333,2000,400,0.006,1,0.01,1,0,1,0.001,1,0.003,0.005,0,0.000499999999999945,-0.002,-0.005,-0.00450000000000006
"anova","One-way ANOVA",3,4489,0.275,2000,400,0.006,1,0.01,1,0,1,5e-04,1,0.003,0.005,0,0.000249999999999972,-0.002,-0.005,-0.00475000000000003
"anova","One-way ANOVA",3,4489,0.316666666666667,2000,400,0.006,1,0.01,1,0,1,0,1,0.003,0.005,0,0,-0.002,-0.005,-0.005
"anova","One-way ANOVA",3,4489,0.358333333333333,2000,400,0.006,1,0.01,1,0,1,0,1,0.003,0.005,0,0,-0.002,-0.005,-0.005
"anova","One-way ANOVA",3,4489,0.4,2000,400,0.006,1,0.01,1,0,1,0,1,0.003,0.005,0,0,-0.002,-0.005,-0.005
"anova","One-way ANOVA",3,4489,0.441666666666667,2000,400,0.006,1,0.01,1,0,1,0,1,0.003,0.005,0,0,-0.002,-0.005,-0.005
"anova","One-way ANOVA",3,4489,0.483333333333333,2000,400,0.006,1,0.01,1,0,1,0,1,0.003,0.005,0,0,-0.002,-0.005,-0.005
"anova","One-way ANOVA",3,4489,0.525,2000,400,0.006,1,0.01,1,0,1,0,1,0.003,0.005,0,0,-0.002,-0.005,-0.005
"anova","One-way ANOVA",3,4489,0.566666666666667,2000,400,0.006,1,0.01,1,0,1,0,1,0.003,0.005,0,0,-0.002,-0.005,-0.005
"anova","One-way ANOVA",3,4489,0.608333333333333,2000,400,0.006,1,0.01,1,0,1,0,1,0.003,0.005,0,0,-0.002,-0.005,-0.005
"anova","One-way ANOVA",3,4489,0.65,2000,400,0.006,1,0.01,1,0,1,0,1,0.003,0.005,0,0,-0.002,-0.005,-0.005
"anova","One-way ANOVA",3,4489,0.691666666666667,2000,400,0.006,1,0.01,1,0,1,0,1,0.003,0.005,0,0,-0.002,-0.005,-0.005
"anova","One-way ANOVA",3,4489,0.733333333333333,2000,400,0.006,1,0.01,1,0,1,0,1,0.003,0.005,0,0,-0.002,-0.005,-0.005
"anova","One-way ANOVA",3,4489,0.775,2000,400,0.006,1,0.01,1,0,1,0,1,0.003,0.005,0,0,-0.002,-0.005,-0.005
"anova","One-way ANOVA",3,4489,0.816666666666667,2000,400,0.006,1,0.01,1,0,1,0,1,0.003,0.005,0,0,-0.002,-0.005,-0.005
"anova","One-way ANOVA",3,4489,0.858333333333333,2000,400,0.006,1,0.01,1,0,1,0,1,0.003,0.005,0,0,-0.002,-0.005,-0.005
"anova","One-way ANOVA",3,4489,0.9,2000,400,0.006,1,0.01,1,0,1,0,1,0.003,0.005,0,0,-0.002,-0.005,-0.005
"anova","One-way ANOVA",3,5484,0.002,2000,400,0.0025,0.01,0.008,0.0125,0,0,0,0,0.49625,0.49775,0.5,0.5,-0.00150000000000006,0.00224999999999997,0.00224999999999997
"anova","One-way ANOVA",3,5484,0.00258309933002977,2000,400,0.0025,0,0.008,0.0075,0,0,0,0,0.50125,0.50025,0.5,0.5,0.001,-0.000249999999999972,-0.000249999999999972
"anova","One-way ANOVA",3,5484,0.00333620107440012,2000,400,0.0025,0.005,0.008,0.0075,0,0,0,0,0.49875,0.50025,0.5,0.5,-0.0015,-0.000249999999999972,-0.000249999999999972
"anova","One-way ANOVA",3,5484,0.00430886938006377,2000,400,0.0025,0.005,0.008,0.005,0,0,0,0,0.49875,0.5015,0.5,0.5,-0.00275000000000009,-0.00150000000000006,-0.00150000000000006
"anova","One-way ANOVA",3,5484,0.00556511880441425,2000,400,0.0025,0.015,0.008,0.02,0,0,0,0,0.49375,0.494,0.5,0.5,-0.000250000000000028,0.006,0.006
"anova","One-way ANOVA",3,5484,0.00718762732760925,2000,400,0.0025,0,0.008,0.0025,0,0,0,0,0.50125,0.50275,0.5,0.5,-0.00150000000000006,-0.00275000000000003,-0.00275000000000003
"anova","One-way ANOVA",3,5484,0.00928317766722556,2000,400,0.0025,0.0125,0.008,0.015,0,0,0,0,0.495,0.4965,0.5,0.5,-0.0015,0.0035,0.0035
"anova","One-way ANOVA",3,5484,0.0119896850063788,2000,400,0.0025,0.0125,0.008,0.02,0,0,0.0015,0.0075,0.495,0.494,0.5,0.497,0.001,0.006,0.00300000000000006
"anova","One-way ANOVA",3,5484,0.0154852736536225,2000,400,0.0025,0.0375,0.008,0.055,0,0,0.0065,0.0525,0.4825,0.4765,0.5,0.477,0.006,0.0235,5e-04
"anova","One-way ANOVA",3,5484,0.02,2000,400,0.0025,0.0525,0.008,0.0825,0,0,0.028,0.135,0.475,0.46275,0.5,0.4465,0.01225,0.03725,-0.01625
"anova","One-way ANOVA",3,5484,0.025,2000,400,0.0025,0.075,0.008,0.11,0,0.005,0.046,0.2875,0.46375,0.449,0.4975,0.37925,0.01475,0.0485,-0.06975
"anova","One-way ANOVA",3,5484,0.0666666666666667,2000,400,0.0025,0.935,0.008,0.955,0,0.445,0.0255,0.9675,0.0337499999999999,0.0265,0.2775,0.029,0.00724999999999992,0.251,0.0025
"anova","One-way ANOVA",3,5484,0.108333333333333,2000,400,0.0025,1,0.008,1,0,0.995,0.004,1,0.00124999999999997,0.004,0.0025,0.002,-0.00275000000000003,-0.0015,-0.002
"anova","One-way ANOVA",3,5484,0.15,2000,400,0.0025,1,0.008,1,0,1,0.002,1,0.00124999999999997,0.004,0,0.001,-0.00275000000000003,-0.004,-0.003
"anova","One-way ANOVA",3,5484,0.191666666666667,2000,400,0.0025,1,0.008,1,0,1,0.0015,1,0.00124999999999997,0.004,0,0.000750000000000028,-0.00275000000000003,-0.004,-0.00324999999999998
"anova","One-way ANOVA",3,5484,0.233333333333333,2000,400,0.0025,1,0.008,1,0,1,0.001,1,0.00124999999999997,0.004,0,0.000499999999999945,-0.00275000000000003,-0.004,-0.00350000000000006
"anova","One-way ANOVA",3,5484,0.275,2000,400,0.0025,1,0.008,1,0,1,0.001,1,0.00124999999999997,0.004,0,0.000499999999999945,-0.00275000000000003,-0.004,-0.00350000000000006
"anova","One-way ANOVA",3,5484,0.316666666666667,2000,400,0.0025,1,0.008,1,0,1,5e-04,1,0.00124999999999997,0.004,0,0.000249999999999972,-0.00275000000000003,-0.004,-0.00375000000000003
"anova","One-way ANOVA",3,5484,0.358333333333333,2000,400,0.0025,1,0.008,1,0,1,5e-04,1,0.00124999999999997,0.004,0,0.000249999999999972,-0.00275000000000003,-0.004,-0.00375000000000003
"anova","One-way ANOVA",3,5484,0.4,2000,400,0.0025,1,0.008,1,0,1,0,1,0.00124999999999997,0.004,0,0,-0.00275000000000003,-0.004,-0.004
"anova","One-way ANOVA",3,5484,0.441666666666667,2000,400,0.0025,1,0.008,1,0,1,0,1,0.00124999999999997,0.004,0,0,-0.00275000000000003,-0.004,-0.004
"anova","One-way ANOVA",3,5484,0.483333333333333,2000,400,0.0025,1,0.008,1,0,1,0,1,0.00124999999999997,0.004,0,0,-0.00275000000000003,-0.004,-0.004
"anova","One-way ANOVA",3,5484,0.525,2000,400,0.0025,1,0.008,1,0,1,0,1,0.00124999999999997,0.004,0,0,-0.00275000000000003,-0.004,-0.004
"anova","One-way ANOVA",3,5484,0.566666666666667,2000,400,0.0025,1,0.008,1,0,1,0,1,0.00124999999999997,0.004,0,0,-0.00275000000000003,-0.004,-0.004
"anova","One-way ANOVA",3,5484,0.608333333333333,2000,400,0.0025,1,0.008,1,0,1,0,1,0.00124999999999997,0.004,0,0,-0.00275000000000003,-0.004,-0.004
"anova","One-way ANOVA",3,5484,0.65,2000,400,0.0025,1,0.008,1,0,1,0,1,0.00124999999999997,0.004,0,0,-0.00275000000000003,-0.004,-0.004
"anova","One-way ANOVA",3,5484,0.691666666666667,2000,400,0.0025,1,0.008,1,0,1,0,1,0.00124999999999997,0.004,0,0,-0.00275000000000003,-0.004,-0.004
"anova","One-way ANOVA",3,5484,0.733333333333333,2000,400,0.0025,1,0.008,1,0,1,0,1,0.00124999999999997,0.004,0,0,-0.00275000000000003,-0.004,-0.004
"anova","One-way ANOVA",3,5484,0.775,2000,400,0.0025,1,0.008,1,0,1,0,1,0.00124999999999997,0.004,0,0,-0.00275000000000003,-0.004,-0.004
"anova","One-way ANOVA",3,5484,0.816666666666667,2000,400,0.0025,1,0.008,1,0,1,0,1,0.00124999999999997,0.004,0,0,-0.00275000000000003,-0.004,-0.004
"anova","One-way ANOVA",3,5484,0.858333333333333,2000,400,0.0025,1,0.008,1,0,1,0,1,0.00124999999999997,0.004,0,0,-0.00275000000000003,-0.004,-0.004
"anova","One-way ANOVA",3,5484,0.9,2000,400,0.0025,1,0.008,1,0,1,0,1,0.00124999999999997,0.004,0,0,-0.00275000000000003,-0.004,-0.004
"anova","One-way ANOVA",3,6700,0.002,2000,400,0.0035,0,0.0055,0.005,0,0,0,0,0.50175,0.50025,0.5,0.5,0.00149999999999995,-0.000250000000000083,-0.000250000000000083
"anova","One-way ANOVA",3,6700,0.00258309933002977,2000,400,0.0035,0.0075,0.0055,0.0125,0,0,0,0,0.498,0.4965,0.5,0.5,0.0015,0.00349999999999995,0.00349999999999995
"anova","One-way ANOVA",3,6700,0.00333620107440012,2000,400,0.0035,0.0025,0.0055,0.0075,0,0,0,0,0.5005,0.499,0.5,0.5,0.0015,0.000999999999999945,0.000999999999999945
"anova","One-way ANOVA",3,6700,0.00430886938006377,2000,400,0.0035,0.0075,0.0055,0.0075,0,0,0,0,0.498,0.499,0.5,0.5,-0.001,0.000999999999999945,0.000999999999999945
"anova","One-way ANOVA",3,6700,0.00556511880441425,2000,400,0.0035,0.005,0.0055,0.015,0,0,0,0,0.49925,0.49525,0.5,0.5,0.004,0.00474999999999998,0.00474999999999998
"anova","One-way ANOVA",3,6700,0.00718762732760925,2000,400,0.0035,0.005,0.0055,0.01,0,0,0,0,0.49925,0.49775,0.5,0.5,0.0015,0.00224999999999997,0.00224999999999997
"anova","One-way ANOVA",3,6700,0.00928317766722556,2000,400,0.0035,0.01,0.0055,0.0175,0,0,5e-04,0,0.49675,0.494,0.5,0.50025,0.00274999999999997,0.00599999999999995,0.00624999999999992
"anova","One-way ANOVA",3,6700,0.0119896850063788,2000,400,0.0035,0.0175,0.0055,0.0275,0,0,0.003,0.01,0.493,0.489,0.5,0.4965,0.004,0.011,0.0074999999999999
"anova","One-way ANOVA",3,6700,0.0154852736536225,2000,400,0.0035,0.03,0.0055,0.0475,0,0,0.009,0.0625,0.48675,0.479,0.5,0.47325,0.00774999999999998,0.021,-0.00575000000000009
"anova","One-way ANOVA",3,6700,0.02,2000,400,0.0035,0.045,0.0055,0.08,0,0,0.0255,0.155,0.47925,0.46275,0.5,0.43525,0.0165,0.03725,-0.0275
"anova","One-way ANOVA",3,6700,0.025,2000,400,0.0035,0.1075,0.0055,0.15,0,0,0.037,0.3325,0.448,0.42775,0.5,0.35225,0.02025,0.07225,-0.0755000000000001
"anova","One-way ANOVA",3,6700,0.0666666666666667,2000,400,0.0035,0.975,0.0055,0.98,0,0.6075,0.0125,0.9875,0.01425,0.01275,0.19625,0.0125,0.0015,0.1835,-0.000250000000000083
"anova","One-way ANOVA",3,6700,0.108333333333333,2000,400,0.0035,1,0.0055,1,0,1,0.0035,1,0.00175000000000003,0.00275000000000003,0,0.00175000000000003,-0.001,-0.00275000000000003,-0.001
"anova","One-way ANOVA",3,6700,0.15,2000,400,0.0035,1,0.0055,1,0,1,0.002,1,0.00175000000000003,0.00275000000000003,0,0.001,-0.001,-0.00275000000000003,-0.00175000000000003
"anova","One-way ANOVA",3,6700,0.191666666666667,2000,400,0.0035,1,0.0055,1,0,1,0.001,1,0.00175000000000003,0.00275000000000003,0,0.000499999999999945,-0.001,-0.00275000000000003,-0.00225000000000009
"anova","One-way ANOVA",3,6700,0.233333333333333,2000,400,0.0035,1,0.0055,1,0,1,0.001,1,0.00175000000000003,0.00275000000000003,0,0.000499999999999945,-0.001,-0.00275000000000003,-0.00225000000000009
"anova","One-way ANOVA",3,6700,0.275,2000,400,0.0035,1,0.0055,1,0,1,0,1,0.00175000000000003,0.00275000000000003,0,0,-0.001,-0.00275000000000003,-0.00275000000000003
"anova","One-way ANOVA",3,6700,0.316666666666667,2000,400,0.0035,1,0.0055,1,0,1,0,1,0.00175000000000003,0.00275000000000003,0,0,-0.001,-0.00275000000000003,-0.00275000000000003
"anova","One-way ANOVA",3,6700,0.358333333333333,2000,400,0.0035,1,0.0055,1,0,1,0,1,0.00175000000000003,0.00275000000000003,0,0,-0.001,-0.00275000000000003,-0.00275000000000003
"anova","One-way ANOVA",3,6700,0.4,2000,400,0.0035,1,0.0055,1,0,1,0,1,0.00175000000000003,0.00275000000000003,0,0,-0.001,-0.00275000000000003,-0.00275000000000003
"anova","One-way ANOVA",3,6700,0.441666666666667,2000,400,0.0035,1,0.0055,1,0,1,0,1,0.00175000000000003,0.00275000000000003,0,0,-0.001,-0.00275000000000003,-0.00275000000000003
"anova","One-way ANOVA",3,6700,0.483333333333333,2000,400,0.0035,1,0.0055,1,0,1,0,1,0.00175000000000003,0.00275000000000003,0,0,-0.001,-0.00275000000000003,-0.00275000000000003
"anova","One-way ANOVA",3,6700,0.525,2000,400,0.0035,1,0.0055,1,0,1,0,1,0.00175000000000003,0.00275000000000003,0,0,-0.001,-0.00275000000000003,-0.00275000000000003
"anova","One-way ANOVA",3,6700,0.566666666666667,2000,400,0.0035,1,0.0055,1,0,1,0,1,0.00175000000000003,0.00275000000000003,0,0,-0.001,-0.00275000000000003,-0.00275000000000003
"anova","One-way ANOVA",3,6700,0.608333333333333,2000,400,0.0035,1,0.0055,1,0,1,0,1,0.00175000000000003,0.00275000000000003,0,0,-0.001,-0.00275000000000003,-0.00275000000000003
"anova","One-way ANOVA",3,6700,0.65,2000,400,0.0035,1,0.0055,1,0,1,0,1,0.00175000000000003,0.00275000000000003,0,0,-0.001,-0.00275000000000003,-0.00275000000000003
"anova","One-way ANOVA",3,6700,0.691666666666667,2000,400,0.0035,1,0.0055,1,0,1,0,1,0.00175000000000003,0.00275000000000003,0,0,-0.001,-0.00275000000000003,-0.00275000000000003
"anova","One-way ANOVA",3,6700,0.733333333333333,2000,400,0.0035,1,0.0055,1,0,1,0,1,0.00175000000000003,0.00275000000000003,0,0,-0.001,-0.00275000000000003,-0.00275000000000003
"anova","One-way ANOVA",3,6700,0.775,2000,400,0.0035,1,0.0055,1,0,1,0,1,0.00175000000000003,0.00275000000000003,0,0,-0.001,-0.00275000000000003,-0.00275000000000003
"anova","One-way ANOVA",3,6700,0.816666666666667,2000,400,0.0035,1,0.0055,1,0,1,0,1,0.00175000000000003,0.00275000000000003,0,0,-0.001,-0.00275000000000003,-0.00275000000000003
"anova","One-way ANOVA",3,6700,0.858333333333333,2000,400,0.0035,1,0.0055,1,0,1,0,1,0.00175000000000003,0.00275000000000003,0,0,-0.001,-0.00275000000000003,-0.00275000000000003
"anova","One-way ANOVA",3,6700,0.9,2000,400,0.0035,1,0.0055,1,0,1,0,1,0.00175000000000003,0.00275000000000003,0,0,-0.001,-0.00275000000000003,-0.00275000000000003
"anova","One-way ANOVA",3,8185,0.002,2000,400,0.0025,0.005,0.004,0.0075,0,0,0,0,0.49875,0.49825,0.5,0.5,0.000499999999999945,0.00174999999999997,0.00174999999999997
"anova","One-way ANOVA",3,8185,0.00258309933002977,2000,400,0.0025,0.0025,0.004,0.005,0,0,0,0,0.5,0.4995,0.5,0.5,5e-04,5e-04,5e-04
"anova","One-way ANOVA",3,8185,0.00333620107440012,2000,400,0.0025,0,0.004,0.0025,0,0,0,0,0.50125,0.50075,0.5,0.5,0.000499999999999945,-0.000750000000000028,-0.000750000000000028
"anova","One-way ANOVA",3,8185,0.00430886938006377,2000,400,0.0025,0.005,0.004,0.01,0,0,0,0,0.49875,0.497,0.5,0.5,0.00174999999999997,0.003,0.003
"anova","One-way ANOVA",3,8185,0.00556511880441425,2000,400,0.0025,0.0275,0.004,0.03,0,0,0,0,0.4875,0.487,0.5,0.5,5e-04,0.013,0.013
"anova","One-way ANOVA",3,8185,0.00718762732760925,2000,400,0.0025,0.01,0.004,0.0175,0,0,0,0,0.49625,0.49325,0.5,0.5,0.00299999999999995,0.00674999999999998,0.00674999999999998
"anova","One-way ANOVA",3,8185,0.00928317766722556,2000,400,0.0025,0.02,0.004,0.0225,0,0,0.0015,0,0.49125,0.49075,0.5,0.50075,0.000499999999999945,0.00924999999999998,0.01
"anova","One-way ANOVA",3,8185,0.0119896850063788,2000,400,0.0025,0.0225,0.004,0.0275,0,0,0.0025,0.025,0.49,0.48825,0.5,0.48875,0.00174999999999997,0.01175,0.000499999999999945
"anova","One-way ANOVA",3,8185,0.0154852736536225,2000,400,0.0025,0.0275,0.004,0.0475,0,0,0.0215,0.1,0.4875,0.47825,0.5,0.46075,0.00924999999999998,0.02175,-0.0175
"anova","One-way ANOVA",3,8185,0.02,2000,400,0.0025,0.085,0.004,0.1125,0,0,0.0395,0.2525,0.45875,0.44575,0.5,0.3935,0.013,0.05425,-0.0522499999999999
"anova","One-way ANOVA",3,8185,0.025,2000,400,0.0025,0.1575,0.004,0.1925,0,0,0.047,0.4425,0.4225,0.40575,0.5,0.30225,0.01675,0.09425,-0.1035
"anova","One-way ANOVA",3,8185,0.0666666666666667,2000,400,0.0025,0.9925,0.004,0.995,0,0.8025,0.013,0.9975,0.00499999999999995,0.0045,0.09875,0.00774999999999992,0.000499999999999945,0.09425,0.00324999999999992
"anova","One-way ANOVA",3,8185,0.108333333333333,2000,400,0.0025,1,0.004,1,0,1,0.0015,1,0.00124999999999997,0.002,0,0.000750000000000028,-0.000750000000000028,-0.002,-0.00124999999999997
"anova","One-way ANOVA",3,8185,0.15,2000,400,0.0025,1,0.004,1,0,1,0.0015,1,0.00124999999999997,0.002,0,0.000750000000000028,-0.000750000000000028,-0.002,-0.00124999999999997
"anova","One-way ANOVA",3,8185,0.191666666666667,2000,400,0.0025,1,0.004,1,0,1,5e-04,1,0.00124999999999997,0.002,0,0.000249999999999972,-0.000750000000000028,-0.002,-0.00175000000000003
"anova","One-way ANOVA",3,8185,0.233333333333333,2000,400,0.0025,1,0.004,1,0,1,5e-04,1,0.00124999999999997,0.002,0,0.000249999999999972,-0.000750000000000028,-0.002,-0.00175000000000003
"anova","One-way ANOVA",3,8185,0.275,2000,400,0.0025,1,0.004,1,0,1,0,1,0.00124999999999997,0.002,0,0,-0.000750000000000028,-0.002,-0.002
"anova","One-way ANOVA",3,8185,0.316666666666667,2000,400,0.0025,1,0.004,1,0,1,0,1,0.00124999999999997,0.002,0,0,-0.000750000000000028,-0.002,-0.002
"anova","One-way ANOVA",3,8185,0.358333333333333,2000,400,0.0025,1,0.004,1,0,1,0,1,0.00124999999999997,0.002,0,0,-0.000750000000000028,-0.002,-0.002
"anova","One-way ANOVA",3,8185,0.4,2000,400,0.0025,1,0.004,1,0,1,0,1,0.00124999999999997,0.002,0,0,-0.000750000000000028,-0.002,-0.002
"anova","One-way ANOVA",3,8185,0.441666666666667,2000,400,0.0025,1,0.004,1,0,1,0,1,0.00124999999999997,0.002,0,0,-0.000750000000000028,-0.002,-0.002
"anova","One-way ANOVA",3,8185,0.483333333333333,2000,400,0.0025,1,0.004,1,0,1,0,1,0.00124999999999997,0.002,0,0,-0.000750000000000028,-0.002,-0.002
"anova","One-way ANOVA",3,8185,0.525,2000,400,0.0025,1,0.004,1,0,1,0,1,0.00124999999999997,0.002,0,0,-0.000750000000000028,-0.002,-0.002
"anova","One-way ANOVA",3,8185,0.566666666666667,2000,400,0.0025,1,0.004,1,0,1,0,1,0.00124999999999997,0.002,0,0,-0.000750000000000028,-0.002,-0.002
"anova","One-way ANOVA",3,8185,0.608333333333333,2000,400,0.0025,1,0.004,1,0,1,0,1,0.00124999999999997,0.002,0,0,-0.000750000000000028,-0.002,-0.002
"anova","One-way ANOVA",3,8185,0.65,2000,400,0.0025,1,0.004,1,0,1,0,1,0.00124999999999997,0.002,0,0,-0.000750000000000028,-0.002,-0.002
"anova","One-way ANOVA",3,8185,0.691666666666667,2000,400,0.0025,1,0.004,1,0,1,0,1,0.00124999999999997,0.002,0,0,-0.000750000000000028,-0.002,-0.002
"anova","One-way ANOVA",3,8185,0.733333333333333,2000,400,0.0025,1,0.004,1,0,1,0,1,0.00124999999999997,0.002,0,0,-0.000750000000000028,-0.002,-0.002
"anova","One-way ANOVA",3,8185,0.775,2000,400,0.0025,1,0.004,1,0,1,0,1,0.00124999999999997,0.002,0,0,-0.000750000000000028,-0.002,-0.002
"anova","One-way ANOVA",3,8185,0.816666666666667,2000,400,0.0025,1,0.004,1,0,1,0,1,0.00124999999999997,0.002,0,0,-0.000750000000000028,-0.002,-0.002
"anova","One-way ANOVA",3,8185,0.858333333333333,2000,400,0.0025,1,0.004,1,0,1,0,1,0.00124999999999997,0.002,0,0,-0.000750000000000028,-0.002,-0.002
"anova","One-way ANOVA",3,8185,0.9,2000,400,0.0025,1,0.004,1,0,1,0,1,0.00124999999999997,0.002,0,0,-0.000750000000000028,-0.002,-0.002
"anova","One-way ANOVA",3,10000,0.002,2000,400,0.005,0.0025,0.01,0.01,0,0,0,0,0.50125,0.5,0.5,0.5,0.00124999999999997,0,0
"anova","One-way ANOVA",3,10000,0.00258309933002977,2000,400,0.005,0.0025,0.01,0.0075,0,0,0,0,0.50125,0.50125,0.5,0.5,0,-0.00124999999999997,-0.00124999999999997
"anova","One-way ANOVA",3,10000,0.00333620107440012,2000,400,0.005,0.0125,0.01,0.02,0,0,0,0,0.49625,0.495,0.5,0.5,0.00124999999999997,0.005,0.005
"anova","One-way ANOVA",3,10000,0.00430886938006377,2000,400,0.005,0.0025,0.01,0.0025,0,0,0,0,0.50125,0.50375,0.5,0.5,-0.00250000000000006,-0.00375000000000003,-0.00375000000000003
"anova","One-way ANOVA",3,10000,0.00556511880441425,2000,400,0.005,0.0075,0.01,0.01,0,0,0,0,0.49875,0.5,0.5,0.5,-0.00125000000000003,0,0
"anova","One-way ANOVA",3,10000,0.00718762732760925,2000,400,0.005,0.01,0.01,0.015,0,0,0,0,0.4975,0.4975,0.5,0.5,-5.55111512312578e-17,0.0025,0.0025
"anova","One-way ANOVA",3,10000,0.00928317766722556,2000,400,0.005,0.0175,0.01,0.0325,0,0,0.0015,0.01,0.49375,0.48875,0.5,0.49575,0.00499999999999995,0.01125,0.00700000000000001
"anova","One-way ANOVA",3,10000,0.0119896850063788,2000,400,0.005,0.0225,0.01,0.0425,0,0,0.0125,0.0475,0.49125,0.48375,0.5,0.4825,0.00749999999999995,0.01625,-0.00125000000000003
"anova","One-way ANOVA",3,10000,0.0154852736536225,2000,400,0.005,0.0625,0.01,0.0775,0,0,0.025,0.145,0.47125,0.46625,0.5,0.44,0.00499999999999995,0.03375,-0.02625
"anova","One-way ANOVA",3,10000,0.02,2000,400,0.005,0.1,0.01,0.13,0,0,0.042,0.315,0.4525,0.44,0.5,0.3635,0.0125,0.06,-0.0765
"anova","One-way ANOVA",3,10000,0.025,2000,400,0.005,0.225,0.01,0.2575,0,0,0.045,0.4875,0.39,0.37625,0.5,0.27875,0.01375,0.12375,-0.0975
"anova","One-way ANOVA",3,10000,0.0666666666666667,2000,400,0.005,1,0.01,1,0,0.9075,0.0125,1,0.00249999999999995,0.005,0.04625,0.00624999999999998,-0.00250000000000006,0.04125,0.00124999999999997
"anova","One-way ANOVA",3,10000,0.108333333333333,2000,400,0.005,1,0.01,1,0,1,0.002,1,0.00249999999999995,0.005,0,0.001,-0.00250000000000006,-0.005,-0.004
"anova","One-way ANOVA",3,10000,0.15,2000,400,0.005,1,0.01,1,0,1,5e-04,1,0.00249999999999995,0.005,0,0.000249999999999972,-0.00250000000000006,-0.005,-0.00475000000000003
"anova","One-way ANOVA",3,10000,0.191666666666667,2000,400,0.005,1,0.01,1,0,1,0,1,0.00249999999999995,0.005,0,0,-0.00250000000000006,-0.005,-0.005
"anova","One-way ANOVA",3,10000,0.233333333333333,2000,400,0.005,1,0.01,1,0,1,0,1,0.00249999999999995,0.005,0,0,-0.00250000000000006,-0.005,-0.005
"anova","One-way ANOVA",3,10000,0.275,2000,400,0.005,1,0.01,1,0,1,0,1,0.00249999999999995,0.005,0,0,-0.00250000000000006,-0.005,-0.005
"anova","One-way ANOVA",3,10000,0.316666666666667,2000,400,0.005,1,0.01,1,0,1,0,1,0.00249999999999995,0.005,0,0,-0.00250000000000006,-0.005,-0.005
"anova","One-way ANOVA",3,10000,0.358333333333333,2000,400,0.005,1,0.01,1,0,1,0,1,0.00249999999999995,0.005,0,0,-0.00250000000000006,-0.005,-0.005
"anova","One-way ANOVA",3,10000,0.4,2000,400,0.005,1,0.01,1,0,1,0,1,0.00249999999999995,0.005,0,0,-0.00250000000000006,-0.005,-0.005
"anova","One-way ANOVA",3,10000,0.441666666666667,2000,400,0.005,1,0.01,1,0,1,0,1,0.00249999999999995,0.005,0,0,-0.00250000000000006,-0.005,-0.005
"anova","One-way ANOVA",3,10000,0.483333333333333,2000,400,0.005,1,0.01,1,0,1,0,1,0.00249999999999995,0.005,0,0,-0.00250000000000006,-0.005,-0.005
"anova","One-way ANOVA",3,10000,0.525,2000,400,0.005,1,0.01,1,0,1,0,1,0.00249999999999995,0.005,0,0,-0.00250000000000006,-0.005,-0.005
"anova","One-way ANOVA",3,10000,0.566666666666667,2000,400,0.005,1,0.01,1,0,1,0,1,0.00249999999999995,0.005,0,0,-0.00250000000000006,-0.005,-0.005
"anova","One-way ANOVA",3,10000,0.608333333333333,2000,400,0.005,1,0.01,1,0,1,0,1,0.00249999999999995,0.005,0,0,-0.00250000000000006,-0.005,-0.005
"anova","One-way ANOVA",3,10000,0.65,2000,400,0.005,1,0.01,1,0,1,0,1,0.00249999999999995,0.005,0,0,-0.00250000000000006,-0.005,-0.005
"anova","One-way ANOVA",3,10000,0.691666666666667,2000,400,0.005,1,0.01,1,0,1,0,1,0.00249999999999995,0.005,0,0,-0.00250000000000006,-0.005,-0.005
"anova","One-way ANOVA",3,10000,0.733333333333333,2000,400,0.005,1,0.01,1,0,1,0,1,0.00249999999999995,0.005,0,0,-0.00250000000000006,-0.005,-0.005
"anova","One-way ANOVA",3,10000,0.775,2000,400,0.005,1,0.01,1,0,1,0,1,0.00249999999999995,0.005,0,0,-0.00250000000000006,-0.005,-0.005
"anova","One-way ANOVA",3,10000,0.816666666666667,2000,400,0.005,1,0.01,1,0,1,0,1,0.00249999999999995,0.005,0,0,-0.00250000000000006,-0.005,-0.005
"anova","One-way ANOVA",3,10000,0.858333333333333,2000,400,0.005,1,0.01,1,0,1,0,1,0.00249999999999995,0.005,0,0,-0.00250000000000006,-0.005,-0.005
"anova","One-way ANOVA",3,10000,0.9,2000,400,0.005,1,0.01,1,0,1,0,1,0.00249999999999995,0.005,0,0,-0.00250000000000006,-0.005,-0.005
"chisq","Chi-square independence",4,100,0.002,2000,400,0.0045,0.005,0.037,0.02,0,0,0,0,0.49975,0.5085,0.5,0.5,-0.00874999999999998,-0.00849999999999995,-0.00849999999999995
"chisq","Chi-square independence",4,100,0.00258309933002977,2000,400,0.0045,0,0.037,0.03,0,0,0,0,0.50225,0.5035,0.5,0.5,-0.00124999999999997,-0.00349999999999995,-0.00349999999999995
"chisq","Chi-square independence",4,100,0.00333620107440012,2000,400,0.0045,0.005,0.037,0.0475,0,0,0,0,0.49975,0.49475,0.5,0.5,0.005,0.00525000000000003,0.00525000000000003
"chisq","Chi-square independence",4,100,0.00430886938006377,2000,400,0.0045,0.005,0.037,0.03,0,0,0,0,0.49975,0.5035,0.5,0.5,-0.00374999999999998,-0.00349999999999995,-0.00349999999999995
"chisq","Chi-square independence",4,100,0.00556511880441425,2000,400,0.0045,0.0075,0.037,0.04,0,0,0,0,0.4985,0.4985,0.5,0.5,5.55111512312578e-17,0.00150000000000006,0.00150000000000006
"chisq","Chi-square independence",4,100,0.00718762732760925,2000,400,0.0045,0.0025,0.037,0.035,0,0,0,0,0.501,0.501,0.5,0.5,0,-0.001,-0.001
"chisq","Chi-square independence",4,100,0.00928317766722556,2000,400,0.0045,0.01,0.037,0.065,0,0,0,0,0.49725,0.486,0.5,0.5,0.01125,0.014,0.014
"chisq","Chi-square independence",4,100,0.0119896850063788,2000,400,0.0045,0.0075,0.037,0.0375,0,0.0025,0,0,0.4985,0.49975,0.49875,0.5,-0.00124999999999997,-0.000999999999999945,0.000250000000000028
"chisq","Chi-square independence",4,100,0.0154852736536225,2000,400,0.0045,0.0025,0.037,0.045,0,0,0,0,0.501,0.496,0.5,0.5,0.00500000000000006,0.00400000000000006,0.00400000000000006
"chisq","Chi-square independence",4,100,0.02,2000,400,0.0045,0.005,0.037,0.045,0,0.0025,0,0,0.49975,0.496,0.49875,0.5,0.00375000000000003,0.00275000000000009,0.00400000000000006
"chisq","Chi-square independence",4,100,0.025,2000,400,0.0045,0.005,0.037,0.0475,0,0,0,0,0.49975,0.49475,0.5,0.5,0.005,0.00525000000000003,0.00525000000000003
"chisq","Chi-square independence",4,100,0.0666666666666667,2000,400,0.0045,0.005,0.037,0.0525,0,0,0,0,0.49975,0.49225,0.5,0.5,0.00750000000000001,0.00775000000000003,0.00775000000000003
"chisq","Chi-square independence",4,100,0.108333333333333,2000,400,0.0045,0.015,0.037,0.055,0,0.0025,0.013,0.0225,0.49475,0.491,0.49875,0.49525,0.00375000000000003,0.00775000000000009,0.00425000000000003
"chisq","Chi-square independence",4,100,0.15,2000,400,0.0045,0.0025,0.037,0.085,0,0.0025,0.0355,0.0825,0.501,0.476,0.49875,0.4765,0.025,0.02275,0.000500000000000056
"chisq","Chi-square independence",4,100,0.191666666666667,2000,400,0.0045,0.0175,0.037,0.0975,0,0.0025,0.0415,0.1025,0.4935,0.46975,0.49875,0.4695,0.02375,0.0290000000000001,-0.000249999999999917
"chisq","Chi-square independence",4,100,0.233333333333333,2000,400,0.0045,0.02,0.037,0.1,0,0.0025,0.04,0.105,0.49225,0.4685,0.49875,0.4675,0.02375,0.0302500000000001,-0.000999999999999945
"chisq","Chi-square independence",4,100,0.275,2000,400,0.0045,0.02,0.037,0.1375,0,0.0025,0.0365,0.135,0.49225,0.44975,0.49875,0.45075,0.0425,0.049,0.001
"chisq","Chi-square independence",4,100,0.316666666666667,2000,400,0.0045,0.06,0.037,0.205,0,0.01,0.0285,0.1725,0.47225,0.416,0.495,0.428,0.05625,0.079,0.012
"chisq","Chi-square independence",4,100,0.358333333333333,2000,400,0.0045,0.075,0.037,0.25,0,0.025,0.021,0.19,0.46475,0.3935,0.4875,0.4155,0.07125,0.094,0.022
"chisq","Chi-square independence",4,100,0.4,2000,400,0.0045,0.0775,0.037,0.2625,0,0.01,0.0165,0.1725,0.4635,0.38725,0.495,0.422,0.07625,0.10775,0.03475
"chisq","Chi-square independence",4,100,0.441666666666667,2000,400,0.0045,0.135,0.037,0.3675,0,0.025,0.0125,0.215,0.43475,0.33475,0.4875,0.39875,0.1,0.15275,0.064
"chisq","Chi-square independence",4,100,0.483333333333333,2000,400,0.0045,0.175,0.037,0.4075,0,0.0325,0.009,0.2375,0.41475,0.31475,0.48375,0.38575,0.1,0.169,0.071
"chisq","Chi-square independence",4,100,0.525,2000,400,0.0045,0.255,0.037,0.5,0,0.08,0.0065,0.3075,0.37475,0.2685,0.46,0.3495,0.10625,0.1915,0.081
"chisq","Chi-square independence",4,100,0.566666666666667,2000,400,0.0045,0.31,0.037,0.5325,0,0.115,0.0065,0.3425,0.34725,0.25225,0.4425,0.332,0.095,0.19025,0.07975
"chisq","Chi-square independence",4,100,0.608333333333333,2000,400,0.0045,0.35,0.037,0.615,0,0.1475,0.005,0.365,0.32725,0.211,0.42625,0.32,0.11625,0.21525,0.109
"chisq","Chi-square independence",4,100,0.65,2000,400,0.0045,0.4325,0.037,0.68,0,0.18,0.0035,0.41,0.286,0.1785,0.41,0.29675,0.1075,0.2315,0.11825
"chisq","Chi-square independence",4,100,0.691666666666667,2000,400,0.0045,0.525,0.037,0.78,0,0.2675,0.003,0.4825,0.23975,0.1285,0.36625,0.26025,0.11125,0.23775,0.13175
"chisq","Chi-square independence",4,100,0.733333333333333,2000,400,0.0045,0.6,0.037,0.815,0,0.2925,0.0015,0.525,0.20225,0.111,0.35375,0.23825,0.09125,0.24275,0.12725
"chisq","Chi-square independence",4,100,0.775,2000,400,0.0045,0.6475,0.037,0.84,0,0.3475,0.001,0.5675,0.1785,0.0985,0.32625,0.21675,0.08,0.22775,0.11825
"chisq","Chi-square independence",4,100,0.816666666666667,2000,400,0.0045,0.7125,0.037,0.9075,0,0.4725,0.001,0.6075,0.146,0.06475,0.26375,0.19675,0.08125,0.199,0.132
"chisq","Chi-square independence",4,100,0.858333333333333,2000,400,0.0045,0.79,0.037,0.9475,0,0.535,5e-04,0.675,0.10725,0.04475,0.2325,0.16275,0.0625,0.18775,0.118
"chisq","Chi-square independence",4,100,0.9,2000,400,0.0045,0.865,0.037,0.975,0,0.6175,5e-04,0.72,0.06975,0.031,0.19125,0.14025,0.03875,0.16025,0.10925
"chisq","Chi-square independence",4,122,0.002,2000,400,0.005,0.005,0.045,0.0475,0,0,0,0,0.5,0.49875,0.5,0.5,0.00124999999999997,0.00125000000000003,0.00125000000000003
"chisq","Chi-square independence",4,122,0.00258309933002977,2000,400,0.005,0.0025,0.045,0.0325,0,0,0,0,0.50125,0.50625,0.5,0.5,-0.005,-0.00624999999999998,-0.00624999999999998
"chisq","Chi-square independence",4,122,0.00333620107440012,2000,400,0.005,0.005,0.045,0.0325,0,0,0,0,0.5,0.50625,0.5,0.5,-0.00625000000000003,-0.00624999999999998,-0.00624999999999998
"chisq","Chi-square independence",4,122,0.00430886938006377,2000,400,0.005,0,0.045,0.0375,0,0,0,0,0.5025,0.50375,0.5,0.5,-0.00124999999999997,-0.00374999999999992,-0.00374999999999992
"chisq","Chi-square independence",4,122,0.00556511880441425,2000,400,0.005,0.005,0.045,0.0325,0,0,0,0,0.5,0.50625,0.5,0.5,-0.00625000000000003,-0.00624999999999998,-0.00624999999999998
"chisq","Chi-square independence",4,122,0.00718762732760925,2000,400,0.005,0.0075,0.045,0.025,0,0,0,0,0.49875,0.51,0.5,0.5,-0.01125,-0.01,-0.01
"chisq","Chi-square independence",4,122,0.00928317766722556,2000,400,0.005,0.0075,0.045,0.025,0,0,0,0,0.49875,0.51,0.5,0.5,-0.01125,-0.01,-0.01
"chisq","Chi-square independence",4,122,0.0119896850063788,2000,400,0.005,0.0075,0.045,0.0275,0,0.0025,0,0,0.49875,0.50875,0.49875,0.5,-0.00999999999999995,-0.0099999999999999,-0.00874999999999992
"chisq","Chi-square independence",4,122,0.0154852736536225,2000,400,0.005,0.0025,0.045,0.0275,0,0,0,0,0.50125,0.50875,0.5,0.5,-0.00749999999999995,-0.00874999999999992,-0.00874999999999992
"chisq","Chi-square independence",4,122,0.02,2000,400,0.005,0.0075,0.045,0.075,0,0,0,0,0.49875,0.485,0.5,0.5,0.01375,0.015,0.015
"chisq","Chi-square independence",4,122,0.025,2000,400,0.005,0.005,0.045,0.0375,0,0.0025,0,0,0.5,0.50375,0.49875,0.5,-0.00374999999999998,-0.00499999999999989,-0.00374999999999992
"chisq","Chi-square independence",4,122,0.0666666666666667,2000,400,0.005,0.0075,0.045,0.0325,0,0,0,0,0.49875,0.50625,0.5,0.5,-0.00750000000000001,-0.00624999999999998,-0.00624999999999998
"chisq","Chi-square independence",4,122,0.108333333333333,2000,400,0.005,0.0025,0.045,0.05,0,0,0.0245,0.0225,0.50125,0.4975,0.5,0.501,0.00375000000000003,0.00250000000000006,0.00350000000000006
"chisq","Chi-square independence",4,122,0.15,2000,400,0.005,0.015,0.045,0.0725,0,0.0025,0.0485,0.0825,0.495,0.48625,0.49875,0.483,0.00874999999999998,0.0125000000000001,-0.00324999999999998
"chisq","Chi-square independence",4,122,0.191666666666667,2000,400,0.005,0.0175,0.045,0.08,0,0.005,0.055,0.1025,0.49375,0.4825,0.4975,0.47625,0.01125,0.015,-0.00625000000000003
"chisq","Chi-square independence",4,122,0.233333333333333,2000,400,0.005,0.0275,0.045,0.1125,0,0.0025,0.0485,0.1125,0.48875,0.46625,0.49875,0.468,0.0225,0.0325000000000001,0.00175000000000003
"chisq","Chi-square independence",4,122,0.275,2000,400,0.005,0.0425,0.045,0.1775,0,0.01,0.0375,0.17,0.48125,0.43375,0.495,0.43375,0.0475,0.06125,5.55111512312578e-17
"chisq","Chi-square independence",4,122,0.316666666666667,2000,400,0.005,0.055,0.045,0.23,0,0.0025,0.031,0.17,0.475,0.4075,0.49875,0.4305,0.0675,0.09125,0.023
"chisq","Chi-square independence",4,122,0.358333333333333,2000,400,0.005,0.08,0.045,0.285,0,0.015,0.023,0.1675,0.4625,0.38,0.4925,0.42775,0.0825,0.1125,0.04775
"chisq","Chi-square independence",4,122,0.4,2000,400,0.005,0.16,0.045,0.3925,0,0.025,0.015,0.2475,0.4225,0.32625,0.4875,0.38375,0.09625,0.16125,0.0575
"chisq","Chi-square independence",4,122,0.441666666666667,2000,400,0.005,0.1775,0.045,0.405,0,0.035,0.012,0.2475,0.41375,0.32,0.4825,0.38225,0.09375,0.1625,0.06225
"chisq","Chi-square independence",4,122,0.483333333333333,2000,400,0.005,0.225,0.045,0.4825,0,0.06,0.009,0.27,0.39,0.28125,0.47,0.3695,0.10875,0.18875,0.0882499999999999
"chisq","Chi-square independence",4,122,0.525,2000,400,0.005,0.295,0.045,0.575,0,0.0975,0.006,0.3325,0.355,0.235,0.45125,0.33675,0.12,0.21625,0.10175
"chisq","Chi-square independence",4,122,0.566666666666667,2000,400,0.005,0.405,0.045,0.6475,0,0.13,0.005,0.395,0.3,0.19875,0.435,0.305,0.10125,0.23625,0.10625
"chisq","Chi-square independence",4,122,0.608333333333333,2000,400,0.005,0.48,0.045,0.745,0,0.1875,0.004,0.4475,0.2625,0.15,0.40625,0.27825,0.1125,0.25625,0.12825
"chisq","Chi-square independence",4,122,0.65,2000,400,0.005,0.5875,0.045,0.8025,0,0.2725,0.003,0.525,0.20875,0.12125,0.36375,0.239,0.0875,0.2425,0.11775
"chisq","Chi-square independence",4,122,0.691666666666667,2000,400,0.005,0.6425,0.045,0.8675,0,0.29,0.003,0.5475,0.18125,0.0887499999999999,0.355,0.22775,0.0925,0.26625,0.139
"chisq","Chi-square independence",4,122,0.733333333333333,2000,400,0.005,0.735,0.045,0.92,0,0.4075,0.0025,0.61,0.135,0.0625,0.29625,0.19625,0.0725,0.23375,0.13375
"chisq","Chi-square independence",4,122,0.775,2000,400,0.005,0.7725,0.045,0.915,0,0.4875,0.001,0.6725,0.11625,0.065,0.25625,0.16425,0.05125,0.19125,0.09925
"chisq","Chi-square independence",4,122,0.816666666666667,2000,400,0.005,0.8625,0.045,0.97,0,0.565,5e-04,0.74,0.0712499999999999,0.0375,0.2175,0.13025,0.0337499999999999,0.18,0.09275
"chisq","Chi-square independence",4,122,0.858333333333333,2000,400,0.005,0.9025,0.045,0.965,0,0.6675,0,0.795,0.05125,0.04,0.16625,0.1025,0.01125,0.12625,0.0625
"chisq","Chi-square independence",4,122,0.9,2000,400,0.005,0.9275,0.045,0.99,0,0.73,0,0.8175,0.03875,0.0275,0.135,0.09125,0.01125,0.1075,0.06375
"chisq","Chi-square independence",4,149,0.002,2000,400,0.004,0,0.04,0.0275,0,0,0,0,0.502,0.50625,0.5,0.5,-0.00424999999999998,-0.00624999999999998,-0.00624999999999998
"chisq","Chi-square independence",4,149,0.00258309933002977,2000,400,0.004,0.0075,0.04,0.055,0,0,0,0,0.49825,0.4925,0.5,0.5,0.00575000000000003,0.00750000000000001,0.00750000000000001
"chisq","Chi-square independence",4,149,0.00333620107440012,2000,400,0.004,0.005,0.04,0.0325,0,0,0,0,0.4995,0.50375,0.5,0.5,-0.00425000000000003,-0.00375000000000003,-0.00375000000000003
"chisq","Chi-square independence",4,149,0.00430886938006377,2000,400,0.004,0,0.04,0.0375,0,0,0,0,0.502,0.50125,0.5,0.5,0.000750000000000028,-0.00124999999999997,-0.00124999999999997
"chisq","Chi-square independence",4,149,0.00556511880441425,2000,400,0.004,0.0075,0.04,0.0325,0,0,0,0,0.49825,0.50375,0.5,0.5,-0.0055,-0.00375000000000003,-0.00375000000000003
"chisq","Chi-square independence",4,149,0.00718762732760925,2000,400,0.004,0.005,0.04,0.035,0,0,0,0,0.4995,0.5025,0.5,0.5,-0.00300000000000006,-0.00250000000000006,-0.00250000000000006
"chisq","Chi-square independence",4,149,0.00928317766722556,2000,400,0.004,0.0025,0.04,0.0625,0,0,0,0,0.50075,0.48875,0.5,0.5,0.012,0.01125,0.01125
"chisq","Chi-square independence",4,149,0.0119896850063788,2000,400,0.004,0.0075,0.04,0.035,0,0,0,0,0.49825,0.5025,0.5,0.5,-0.00425000000000003,-0.00250000000000006,-0.00250000000000006
"chisq","Chi-square independence",4,149,0.0154852736536225,2000,400,0.004,0.005,0.04,0.0375,0,0,0,0,0.4995,0.50125,0.5,0.5,-0.00174999999999997,-0.00124999999999997,-0.00124999999999997
"chisq","Chi-square independence",4,149,0.02,2000,400,0.004,0.005,0.04,0.0325,0,0,0,0,0.4995,0.50375,0.5,0.5,-0.00425000000000003,-0.00375000000000003,-0.00375000000000003
"chisq","Chi-square independence",4,149,0.025,2000,400,0.004,0.005,0.04,0.04,0,0,0,0,0.4995,0.5,0.5,0.5,-5e-04,0,0
"chisq","Chi-square independence",4,149,0.0666666666666667,2000,400,0.004,0.01,0.04,0.035,0,0,0.002,0.005,0.497,0.5025,0.5,0.4985,-0.00550000000000006,-0.00250000000000006,-0.00400000000000006
"chisq","Chi-square independence",4,149,0.108333333333333,2000,400,0.004,0,0.04,0.0425,0,0,0.027,0.0325,0.502,0.49875,0.5,0.49725,0.00324999999999998,0.00124999999999997,-0.00150000000000006
"chisq","Chi-square independence",4,149,0.15,2000,400,0.004,0.01,0.04,0.08,0,0,0.0475,0.1,0.497,0.48,0.5,0.47375,0.017,0.02,-0.00624999999999998
"chisq","Chi-square independence",4,149,0.191666666666667,2000,400,0.004,0.0225,0.04,0.1175,0,0.0025,0.0475,0.13,0.49075,0.46125,0.49875,0.45875,0.0295,0.0375,-0.0025
"chisq","Chi-square independence",4,149,0.233333333333333,2000,400,0.004,0.025,0.04,0.1375,0,0.005,0.0385,0.1375,0.4895,0.45125,0.4975,0.4505,0.03825,0.04625,-0.000750000000000028
"chisq","Chi-square independence",4,149,0.275,2000,400,0.004,0.04,0.04,0.1825,0,0,0.026,0.1425,0.482,0.42875,0.5,0.44175,0.05325,0.07125,0.013
"chisq","Chi-square independence",4,149,0.316666666666667,2000,400,0.004,0.0725,0.04,0.2175,0,0.0075,0.0205,0.1675,0.46575,0.41125,0.49625,0.4265,0.0545,0.085,0.01525
"chisq","Chi-square independence",4,149,0.358333333333333,2000,400,0.004,0.1325,0.04,0.3625,0,0.01,0.0155,0.22,0.43575,0.33875,0.495,0.39775,0.097,0.15625,0.059
"chisq","Chi-square independence",4,149,0.4,2000,400,0.004,0.1525,0.04,0.395,0,0.03,0.01,0.2175,0.42575,0.3225,0.485,0.39625,0.10325,0.1625,0.07375
"chisq","Chi-square independence",4,149,0.441666666666667,2000,400,0.004,0.24,0.04,0.5075,0,0.04,0.0075,0.275,0.382,0.26625,0.48,0.36625,0.11575,0.21375,0.1
"chisq","Chi-square independence",4,149,0.483333333333333,2000,400,0.004,0.2925,0.04,0.6025,0,0.075,0.0065,0.32,0.35575,0.21875,0.4625,0.34325,0.137,0.24375,0.1245
"chisq","Chi-square independence",4,149,0.525,2000,400,0.004,0.4,0.04,0.69,0,0.1125,0.004,0.39,0.302,0.175,0.44375,0.307,0.127,0.26875,0.132
"chisq","Chi-square independence",4,149,0.566666666666667,2000,400,0.004,0.52,0.04,0.78,0,0.1575,0.0025,0.4725,0.242,0.13,0.42125,0.265,0.112,0.29125,0.135
"chisq","Chi-square independence",4,149,0.608333333333333,2000,400,0.004,0.6,0.04,0.8125,0,0.265,0.002,0.515,0.202,0.11375,0.3675,0.2435,0.08825,0.25375,0.12975
"chisq","Chi-square independence",4,149,0.65,2000,400,0.004,0.7025,0.04,0.8825,0,0.3475,0.0015,0.6,0.15075,0.07875,0.32625,0.20075,0.072,0.2475,0.122
"chisq","Chi-square independence",4,149,0.691666666666667,2000,400,0.004,0.74,0.04,0.89,0,0.4,0.001,0.635,0.132,0.075,0.3,0.183,0.057,0.225,0.108
"chisq","Chi-square independence",4,149,0.733333333333333,2000,400,0.004,0.84,0.04,0.9575,0,0.5425,5e-04,0.72,0.082,0.04125,0.22875,0.14025,0.04075,0.1875,0.099
"chisq","Chi-square independence",4,149,0.775,2000,400,0.004,0.875,0.04,0.9575,0,0.645,5e-04,0.7825,0.0645,0.04125,0.1775,0.109,0.02325,0.13625,0.06775
"chisq","Chi-square independence",4,149,0.816666666666667,2000,400,0.004,0.93,0.04,0.9975,0,0.7275,0,0.835,0.037,0.02125,0.13625,0.0825,0.01575,0.115,0.06125
"chisq","Chi-square independence",4,149,0.858333333333333,2000,400,0.004,0.945,0.04,0.9875,0,0.795,0,0.8775,0.0295,0.02625,0.1025,0.06125,0.00325000000000003,0.07625,0.035
"chisq","Chi-square independence",4,149,0.9,2000,400,0.004,0.9775,0.04,1,0,0.8475,0,0.915,0.01325,0.02,0.07625,0.0425,-0.00675000000000003,0.05625,0.0225
"chisq","Chi-square independence",4,182,0.002,2000,400,0.002,0.01,0.0325,0.045,0,0,0,0,0.496,0.49375,0.5,0.5,0.00225000000000003,0.00625000000000003,0.00625000000000003
"chisq","Chi-square independence",4,182,0.00258309933002977,2000,400,0.002,0,0.0325,0.0325,0,0,0,0,0.501,0.5,0.5,0.5,0.001,0,0
"chisq","Chi-square independence",4,182,0.00333620107440012,2000,400,0.002,0.01,0.0325,0.0375,0,0,0,0,0.496,0.4975,0.5,0.5,-0.0015,0.0025,0.0025
"chisq","Chi-square independence",4,182,0.00430886938006377,2000,400,0.002,0.005,0.0325,0.055,0,0.0025,0,0,0.4985,0.48875,0.49875,0.5,0.00975000000000004,0.0100000000000001,0.01125
"chisq","Chi-square independence",4,182,0.00556511880441425,2000,400,0.002,0.0025,0.0325,0.0325,0,0,0,0,0.49975,0.5,0.5,0.5,-0.000249999999999972,0,0
"chisq","Chi-square independence",4,182,0.00718762732760925,2000,400,0.002,0.0075,0.0325,0.0325,0,0,0,0,0.49725,0.5,0.5,0.5,-0.00274999999999997,0,0
"chisq","Chi-square independence",4,182,0.00928317766722556,2000,400,0.002,0,0.0325,0.0225,0,0,0,0,0.501,0.505,0.5,0.5,-0.004,-0.005,-0.005
"chisq","Chi-square independence",4,182,0.0119896850063788,2000,400,0.002,0.0075,0.0325,0.05,0,0.0025,0,0,0.49725,0.49125,0.49875,0.5,0.00600000000000006,0.00750000000000006,0.00875000000000004
"chisq","Chi-square independence",4,182,0.0154852736536225,2000,400,0.002,0.005,0.0325,0.04,0,0,0,0,0.4985,0.49625,0.5,0.5,0.00225000000000003,0.00375000000000003,0.00375000000000003
"chisq","Chi-square independence",4,182,0.02,2000,400,0.002,0.0075,0.0325,0.0425,0,0,0,0,0.49725,0.495,0.5,0.5,0.00225000000000003,0.005,0.005
"chisq","Chi-square independence",4,182,0.025,2000,400,0.002,0.0075,0.0325,0.0575,0,0,0,0,0.49725,0.4875,0.5,0.5,0.00975000000000004,0.0125,0.0125
"chisq","Chi-square independence",4,182,0.0666666666666667,2000,400,0.002,0.005,0.0325,0.03,0,0,0.002,0.005,0.4985,0.50125,0.5,0.4985,-0.00274999999999997,-0.00124999999999997,-0.00274999999999997
"chisq","Chi-square independence",4,182,0.108333333333333,2000,400,0.002,0.005,0.0325,0.05,0,0,0.031,0.0475,0.4985,0.49125,0.5,0.49175,0.00725000000000003,0.00875000000000004,5e-04
"chisq","Chi-square independence",4,182,0.15,2000,400,0.002,0.0125,0.0325,0.08,0,0,0.0395,0.0925,0.49475,0.47625,0.5,0.4735,0.0185,0.02375,-0.00274999999999997
"chisq","Chi-square independence",4,182,0.191666666666667,2000,400,0.002,0.0275,0.0325,0.115,0,0,0.035,0.13,0.48725,0.45875,0.5,0.4525,0.0285,0.04125,-0.00625000000000003
"chisq","Chi-square independence",4,182,0.233333333333333,2000,400,0.002,0.0525,0.0325,0.1425,0,0.005,0.028,0.135,0.47475,0.445,0.4975,0.4465,0.02975,0.0525,0.0015
"chisq","Chi-square independence",4,182,0.275,2000,400,0.002,0.07,0.0325,0.1975,0,0.0025,0.0195,0.1375,0.466,0.4175,0.49875,0.441,0.0485,0.08125,0.0235000000000001
"chisq","Chi-square independence",4,182,0.316666666666667,2000,400,0.002,0.1275,0.0325,0.3325,0,0.0125,0.0115,0.2375,0.43725,0.35,0.49375,0.387,0.08725,0.14375,0.037
"chisq","Chi-square independence",4,182,0.358333333333333,2000,400,0.002,0.1525,0.0325,0.4075,0,0.0375,0.0075,0.235,0.42475,0.3125,0.48125,0.38625,0.11225,0.16875,0.07375
"chisq","Chi-square independence",4,182,0.4,2000,400,0.002,0.255,0.0325,0.53,0,0.045,0.0045,0.3225,0.3735,0.25125,0.4775,0.341,0.12225,0.22625,0.08975
"chisq","Chi-square independence",4,182,0.441666666666667,2000,400,0.002,0.2975,0.0325,0.5425,0,0.0675,0.002,0.3275,0.35225,0.245,0.46625,0.33725,0.10725,0.22125,0.09225
"chisq","Chi-square independence",4,182,0.483333333333333,2000,400,0.002,0.4,0.0325,0.69,0,0.1075,0.002,0.385,0.301,0.17125,0.44625,0.3085,0.12975,0.275,0.13725
"chisq","Chi-square independence",4,182,0.525,2000,400,0.002,0.5275,0.0325,0.77,0,0.215,0.001,0.4775,0.23725,0.13125,0.3925,0.26175,0.106,0.26125,0.1305
"chisq","Chi-square independence",4,182,0.566666666666667,2000,400,0.002,0.66,0.0325,0.8625,0,0.2275,0.001,0.5775,0.171,0.085,0.38625,0.21175,0.086,0.30125,0.12675
"chisq","Chi-square independence",4,182,0.608333333333333,2000,400,0.002,0.7075,0.0325,0.885,0,0.2775,0.001,0.5625,0.14725,0.07375,0.36125,0.21925,0.0735,0.2875,0.1455
"chisq","Chi-square independence",4,182,0.65,2000,400,0.002,0.825,0.0325,0.9425,0,0.4175,0.001,0.68,0.0885,0.045,0.29125,0.1605,0.0435,0.24625,0.1155
"chisq","Chi-square independence",4,182,0.691666666666667,2000,400,0.002,0.88,0.0325,0.96,0,0.56,0.001,0.7525,0.061,0.03625,0.22,0.12425,0.02475,0.18375,0.088
"chisq","Chi-square independence",4,182,0.733333333333333,2000,400,0.002,0.9175,0.0325,0.9725,0,0.6575,0.001,0.84,0.04225,0.03,0.17125,0.0805,0.01225,0.14125,0.0505
"chisq","Chi-square independence",4,182,0.775,2000,400,0.002,0.9575,0.0325,0.9925,0,0.76,5e-04,0.865,0.02225,0.02,0.12,0.06775,0.00225000000000003,0.1,0.04775
"chisq","Chi-square independence",4,182,0.816666666666667,2000,400,0.002,0.97,0.0325,1,0,0.83,5e-04,0.9125,0.016,0.01625,0.085,0.044,-0.000249999999999972,0.06875,0.02775
"chisq","Chi-square independence",4,182,0.858333333333333,2000,400,0.002,0.9875,0.0325,1,0,0.9125,5e-04,0.9525,0.00724999999999998,0.01625,0.04375,0.024,-0.00900000000000001,0.0275,0.00774999999999998
"chisq","Chi-square independence",4,182,0.9,2000,400,0.002,0.9975,0.0325,1,0,0.94,5e-04,0.9625,0.00224999999999997,0.01625,0.03,0.019,-0.014,0.01375,0.00274999999999997
"chisq","Chi-square independence",4,223,0.002,2000,400,0.0085,0.0125,0.0435,0.0325,5e-04,0,0,0,0.498,0.5055,0.50025,0.5,-0.00750000000000006,-0.00525000000000009,-0.00550000000000006
"chisq","Chi-square independence",4,223,0.00258309933002977,2000,400,0.0085,0.0075,0.0435,0.0275,5e-04,0,0,0,0.5005,0.508,0.50025,0.5,-0.00750000000000006,-0.00775000000000003,-0.00800000000000001
"chisq","Chi-square independence",4,223,0.00333620107440012,2000,400,0.0085,0,0.0435,0.0275,5e-04,0,0,0,0.50425,0.508,0.50025,0.5,-0.00375000000000003,-0.00775000000000003,-0.00800000000000001
"chisq","Chi-square independence",4,223,0.00430886938006377,2000,400,0.0085,0.0025,0.0435,0.0325,5e-04,0,0,0,0.503,0.5055,0.50025,0.5,-0.00250000000000006,-0.00525000000000009,-0.00550000000000006
"chisq","Chi-square independence",4,223,0.00556511880441425,2000,400,0.0085,0.0025,0.0435,0.0475,5e-04,0,0,0,0.503,0.498,0.50025,0.5,0.00499999999999995,0.00224999999999992,0.00199999999999995
"chisq","Chi-square independence",4,223,0.00718762732760925,2000,400,0.0085,0.0175,0.0435,0.0525,5e-04,0,0,0,0.4955,0.4955,0.50025,0.5,-5.55111512312578e-17,0.00474999999999992,0.00449999999999995
"chisq","Chi-square independence",4,223,0.00928317766722556,2000,400,0.0085,0.0025,0.0435,0.045,5e-04,0,0,0,0.503,0.49925,0.50025,0.5,0.00374999999999998,0.000999999999999945,0.000749999999999973
"chisq","Chi-square independence",4,223,0.0119896850063788,2000,400,0.0085,0.0075,0.0435,0.025,5e-04,0,0,0,0.5005,0.50925,0.50025,0.5,-0.00875000000000015,-0.00900000000000012,-0.00925000000000009
"chisq","Chi-square independence",4,223,0.0154852736536225,2000,400,0.0085,0.01,0.0435,0.0275,5e-04,0,0,0,0.49925,0.508,0.50025,0.5,-0.00875000000000004,-0.00775000000000003,-0.00800000000000001
"chisq","Chi-square independence",4,223,0.02,2000,400,0.0085,0.0075,0.0435,0.05,5e-04,0,0,0,0.5005,0.49675,0.50025,0.5,0.00374999999999992,0.00349999999999995,0.00324999999999998
"chisq","Chi-square independence",4,223,0.025,2000,400,0.0085,0.005,0.0435,0.0375,5e-04,0,0,0,0.50175,0.503,0.50025,0.5,-0.00124999999999997,-0.00275000000000003,-0.003
"chisq","Chi-square independence",4,223,0.0666666666666667,2000,400,0.0085,0,0.0435,0.0675,5e-04,0,0.0125,0.0125,0.50425,0.488,0.50025,0.5,0.0162499999999999,0.0122499999999999,0.012
"chisq","Chi-square independence",4,223,0.108333333333333,2000,400,0.0085,0.015,0.0435,0.0625,5e-04,0,0.053,0.0725,0.49675,0.4905,0.50025,0.49025,0.00624999999999992,0.00974999999999993,-0.000250000000000083
"chisq","Chi-square independence",4,223,0.15,2000,400,0.0085,0.015,0.0435,0.1175,5e-04,0.0025,0.0565,0.155,0.49675,0.463,0.499,0.45075,0.0337499999999999,0.0359999999999999,-0.0122500000000001
"chisq","Chi-square independence",4,223,0.191666666666667,2000,400,0.0085,0.0275,0.0435,0.1475,5e-04,0.0025,0.0475,0.15,0.4905,0.448,0.499,0.44875,0.0424999999999999,0.0509999999999999,0.000749999999999973
"chisq","Chi-square independence",4,223,0.233333333333333,2000,400,0.0085,0.0675,0.0435,0.2075,5e-04,0.0075,0.03,0.17,0.4705,0.418,0.4965,0.43,0.0524999999999999,0.0785,0.012
"chisq","Chi-square independence",4,223,0.275,2000,400,0.0085,0.09,0.0435,0.235,5e-04,0.0025,0.0185,0.175,0.45925,0.40425,0.499,0.42175,0.0549999999999999,0.09475,0.0174999999999999
"chisq","Chi-square independence",4,223,0.316666666666667,2000,400,0.0085,0.1325,0.0435,0.35,5e-04,0.0075,0.015,0.225,0.438,0.34675,0.4965,0.395,0.0912499999999999,0.14975,0.0482499999999999
"chisq","Chi-square independence",4,223,0.358333333333333,2000,400,0.0085,0.21,0.0435,0.4775,5e-04,0.0225,0.0115,0.275,0.39925,0.283,0.489,0.36825,0.11625,0.206,0.08525
"chisq","Chi-square independence",4,223,0.4,2000,400,0.0085,0.355,0.0435,0.6,5e-04,0.0625,0.0085,0.365,0.32675,0.22175,0.469,0.32175,0.105,0.24725,0.0999999999999999
"chisq","Chi-square independence",4,223,0.441666666666667,2000,400,0.0085,0.445,0.0435,0.685,5e-04,0.105,0.006,0.42,0.28175,0.17925,0.44775,0.293,0.1025,0.2685,0.11375
"chisq","Chi-square independence",4,223,0.483333333333333,2000,400,0.0085,0.555,0.0435,0.78,5e-04,0.1675,0.0045,0.4875,0.22675,0.13175,0.4165,0.2585,0.0949999999999999,0.28475,0.12675
"chisq","Chi-square independence",4,223,0.525,2000,400,0.0085,0.6475,0.0435,0.8525,5e-04,0.2625,0.0025,0.5525,0.1805,0.0955,0.369,0.225,0.085,0.2735,0.1295
"chisq","Chi-square independence",4,223,0.566666666666667,2000,400,0.0085,0.7775,0.0435,0.9125,5e-04,0.315,0.0025,0.6725,0.1155,0.0655000000000001,0.34275,0.165,0.0499999999999999,0.27725,0.0994999999999999
"chisq","Chi-square independence",4,223,0.608333333333333,2000,400,0.0085,0.84,0.0435,0.9525,5e-04,0.465,0.002,0.7225,0.08425,0.0455,0.26775,0.13975,0.03875,0.22225,0.09425
"chisq","Chi-square independence",4,223,0.65,2000,400,0.0085,0.895,0.0435,0.975,5e-04,0.535,0.002,0.7825,0.05675,0.0342500000000001,0.23275,0.10975,0.0224999999999999,0.1985,0.0755
"chisq","Chi-square independence",4,223,0.691666666666667,2000,400,0.0085,0.9425,0.0435,0.99,5e-04,0.68,0.0015,0.825,0.033,0.02675,0.16025,0.08825,0.00624999999999992,0.1335,0.0615
"chisq","Chi-square independence",4,223,0.733333333333333,2000,400,0.0085,0.98,0.0435,0.995,5e-04,0.785,0.0015,0.8975,0.01425,0.02425,0.10775,0.052,-0.0100000000000001,0.0834999999999999,0.02775
"chisq","Chi-square independence",4,223,0.775,2000,400,0.0085,0.9875,0.0435,1,5e-04,0.88,5e-04,0.9375,0.0105,0.02175,0.06025,0.0315,-0.0112500000000001,0.0384999999999999,0.00974999999999993
"chisq","Chi-square independence",4,223,0.816666666666667,2000,400,0.0085,0.995,0.0435,0.9975,5e-04,0.935,5e-04,0.965,0.00674999999999998,0.023,0.0327499999999999,0.01775,-0.01625,0.00974999999999993,-0.00525000000000003
"chisq","Chi-square independence",4,223,0.858333333333333,2000,400,0.0085,0.995,0.0435,1,5e-04,0.9425,5e-04,0.9675,0.00674999999999998,0.02175,0.029,0.0165,-0.0150000000000001,0.00724999999999992,-0.00525000000000009
"chisq","Chi-square independence",4,223,0.9,2000,400,0.0085,0.9975,0.0435,1,5e-04,0.9625,5e-04,0.975,0.00549999999999995,0.02175,0.019,0.01275,-0.0162500000000001,-0.00275000000000009,-0.00900000000000006
"chisq","Chi-square independence",4,272,0.002,2000,400,0.0015,0.005,0.0285,0.04,0,0,0,0,0.49825,0.49425,0.5,0.5,0.00400000000000006,0.00575000000000003,0.00575000000000003
"chisq","Chi-square independence",4,272,0.00258309933002977,2000,400,0.0015,0.005,0.0285,0.0375,0,0,0,0,0.49825,0.4955,0.5,0.5,0.00275000000000003,0.0045,0.0045
"chisq","Chi-square independence",4,272,0.00333620107440012,2000,400,0.0015,0.0025,0.0285,0.05,0,0,0,0,0.4995,0.48925,0.5,0.5,0.0102500000000001,0.01075,0.01075
"chisq","Chi-square independence",4,272,0.00430886938006377,2000,400,0.0015,0.0025,0.0285,0.03,0,0,0,0,0.4995,0.49925,0.5,0.5,0.000250000000000083,0.000750000000000028,0.000750000000000028
"chisq","Chi-square independence",4,272,0.00556511880441425,2000,400,0.0015,0.0075,0.0285,0.0325,0,0,0,0,0.497,0.498,0.5,0.5,-0.000999999999999945,0.002,0.002
"chisq","Chi-square independence",4,272,0.00718762732760925,2000,400,0.0015,0.0075,0.0285,0.0425,0,0,0,0,0.497,0.493,0.5,0.5,0.00400000000000006,0.00700000000000001,0.00700000000000001
"chisq","Chi-square independence",4,272,0.00928317766722556,2000,400,0.0015,0.0125,0.0285,0.06,0,0,0,0,0.4945,0.48425,0.5,0.5,0.0102500000000001,0.01575,0.01575
"chisq","Chi-square independence",4,272,0.0119896850063788,2000,400,0.0015,0.0025,0.0285,0.0375,0,0,0,0,0.4995,0.4955,0.5,0.5,0.00400000000000006,0.0045,0.0045
"chisq","Chi-square independence",4,272,0.0154852736536225,2000,400,0.0015,0.0025,0.0285,0.0325,0,0,0,0,0.4995,0.498,0.5,0.5,0.00150000000000006,0.002,0.002
"chisq","Chi-square independence",4,272,0.02,2000,400,0.0015,0.0075,0.0285,0.045,0,0,0,0,0.497,0.49175,0.5,0.5,0.00525000000000009,0.00825000000000004,0.00825000000000004
"chisq","Chi-square independence",4,272,0.025,2000,400,0.0015,0.01,0.0285,0.06,0,0,0,0,0.49575,0.48425,0.5,0.5,0.0115000000000001,0.01575,0.01575
"chisq","Chi-square independence",4,272,0.0666666666666667,2000,400,0.0015,0.01,0.0285,0.0575,0,0,0.0115,0.025,0.49575,0.4855,0.5,0.49325,0.01025,0.0145,0.00775000000000003
"chisq","Chi-square independence",4,272,0.108333333333333,2000,400,0.0015,0.0175,0.0285,0.0775,0,0,0.0405,0.08,0.492,0.4755,0.5,0.48025,0.0165000000000001,0.0245,0.00475000000000003
"chisq","Chi-square independence",4,272,0.15,2000,400,0.0015,0.0325,0.0285,0.105,0,0,0.0385,0.135,0.4845,0.46175,0.5,0.45175,0.02275,0.03825,-0.01
"chisq","Chi-square independence",4,272,0.191666666666667,2000,400,0.0015,0.0575,0.0285,0.1625,0,0,0.0265,0.1575,0.472,0.433,0.5,0.4345,0.039,0.067,0.0015
"chisq","Chi-square independence",4,272,0.233333333333333,2000,400,0.0015,0.0775,0.0285,0.225,0,0.0075,0.017,0.1775,0.462,0.40175,0.49625,0.41975,0.06025,0.0945,0.018
"chisq","Chi-square independence",4,272,0.275,2000,400,0.0015,0.1325,0.0285,0.3575,0,0.0075,0.009,0.2225,0.4345,0.3355,0.49625,0.39325,0.099,0.16075,0.0577499999999999
"chisq","Chi-square independence",4,272,0.316666666666667,2000,400,0.0015,0.1925,0.0285,0.4275,0,0.0225,0.005,0.2725,0.4045,0.3005,0.48875,0.36625,0.104,0.18825,0.06575
"chisq","Chi-square independence",4,272,0.358333333333333,2000,400,0.0015,0.33,0.0285,0.6,0,0.0325,0.003,0.35,0.33575,0.21425,0.48375,0.3265,0.1215,0.2695,0.11225
"chisq","Chi-square independence",4,272,0.4,2000,400,0.0015,0.415,0.0285,0.6575,0,0.1125,0.0015,0.395,0.29325,0.1855,0.44375,0.30325,0.10775,0.25825,0.11775
"chisq","Chi-square independence",4,272,0.441666666666667,2000,400,0.0015,0.5575,0.0285,0.7875,0,0.1425,0.001,0.505,0.222,0.1205,0.42875,0.248,0.1015,0.30825,0.1275
"chisq","Chi-square independence",4,272,0.483333333333333,2000,400,0.0015,0.6575,0.0285,0.8675,0,0.2125,0.001,0.5475,0.172,0.0805,0.39375,0.22675,0.0915000000000001,0.31325,0.14625
"chisq","Chi-square independence",4,272,0.525,2000,400,0.0015,0.7675,0.0285,0.94,0,0.3775,0,0.67,0.117,0.04425,0.31125,0.165,0.07275,0.267,0.12075
"chisq","Chi-square independence",4,272,0.566666666666667,2000,400,0.0015,0.8675,0.0285,0.9625,0,0.485,0,0.7425,0.067,0.033,0.2575,0.12875,0.034,0.2245,0.09575
"chisq","Chi-square independence",4,272,0.608333333333333,2000,400,0.0015,0.9375,0.0285,0.9875,0,0.625,0,0.85,0.032,0.0205,0.1875,0.075,0.0115000000000001,0.167,0.0545
"chisq","Chi-square independence",4,272,0.65,2000,400,0.0015,0.98,0.0285,0.995,0,0.73,0,0.905,0.01075,0.01675,0.135,0.0475,-0.00599999999999995,0.11825,0.03075
"chisq","Chi-square independence",4,272,0.691666666666667,2000,400,0.0015,0.985,0.0285,1,0,0.8425,0,0.935,0.00825000000000004,0.01425,0.07875,0.0325,-0.00599999999999995,0.0645,0.01825
"chisq","Chi-square independence",4,272,0.733333333333333,2000,400,0.0015,0.9975,0.0285,1,0,0.9,0,0.96,0.002,0.01425,0.05,0.02,-0.01225,0.03575,0.00575000000000003
"chisq","Chi-square independence",4,272,0.775,2000,400,0.0015,0.9925,0.0285,0.995,0,0.955,0,0.975,0.0045,0.01675,0.0225,0.0125,-0.01225,0.00575000000000003,-0.00424999999999998
"chisq","Chi-square independence",4,272,0.816666666666667,2000,400,0.0015,1,0.0285,1,0,0.9825,0,0.995,0.000750000000000028,0.01425,0.00874999999999998,0.0025,-0.0135,-0.0055,-0.01175
"chisq","Chi-square independence",4,272,0.858333333333333,2000,400,0.0015,1,0.0285,1,0,0.995,0,0.995,0.000750000000000028,0.01425,0.0025,0.0025,-0.0135,-0.01175,-0.01175
"chisq","Chi-square independence",4,272,0.9,2000,400,0.0015,1,0.0285,1,0,0.995,0,0.995,0.000750000000000028,0.01425,0.0025,0.0025,-0.0135,-0.01175,-0.01175
"chisq","Chi-square independence",4,332,0.002,2000,400,0.0055,0.005,0.0305,0.045,0,0,0,0,0.50025,0.49275,0.5,0.5,0.00750000000000012,0.00725000000000003,0.00725000000000003
"chisq","Chi-square independence",4,332,0.00258309933002977,2000,400,0.0055,0.0025,0.0305,0.02,0,0,0,0,0.5015,0.50525,0.5,0.5,-0.00374999999999992,-0.00524999999999998,-0.00524999999999998
"chisq","Chi-square independence",4,332,0.00333620107440012,2000,400,0.0055,0.0025,0.0305,0.025,0,0,0,0,0.5015,0.50275,0.5,0.5,-0.00124999999999997,-0.00275000000000003,-0.00275000000000003
"chisq","Chi-square independence",4,332,0.00430886938006377,2000,400,0.0055,0.0025,0.0305,0.04,0,0,0,0,0.5015,0.49525,0.5,0.5,0.00625000000000009,0.00475000000000003,0.00475000000000003
"chisq","Chi-square independence",4,332,0.00556511880441425,2000,400,0.0055,0.0025,0.0305,0.015,0,0,0,0,0.5015,0.50775,0.5,0.5,-0.00624999999999998,-0.00775000000000003,-0.00775000000000003
"chisq","Chi-square independence",4,332,0.00718762732760925,2000,400,0.0055,0.0025,0.0305,0.0325,0,0,0,0,0.5015,0.499,0.5,0.5,0.00250000000000006,0.001,0.001
"chisq","Chi-square independence",4,332,0.00928317766722556,2000,400,0.0055,0.005,0.0305,0.0275,0,0,0,0,0.50025,0.5015,0.5,0.5,-0.00124999999999986,-0.00149999999999995,-0.00149999999999995
"chisq","Chi-square independence",4,332,0.0119896850063788,2000,400,0.0055,0.005,0.0305,0.0375,0,0,0,0,0.50025,0.4965,0.5,0.5,0.00375000000000009,0.0035,0.0035
"chisq","Chi-square independence",4,332,0.0154852736536225,2000,400,0.0055,0.0075,0.0305,0.0275,0,0,0,0,0.499,0.5015,0.5,0.5,-0.00249999999999989,-0.00149999999999995,-0.00149999999999995
"chisq","Chi-square independence",4,332,0.02,2000,400,0.0055,0.01,0.0305,0.03,0,0,0,0,0.49775,0.50025,0.5,0.5,-0.00249999999999995,-0.000249999999999972,-0.000249999999999972
"chisq","Chi-square independence",4,332,0.025,2000,400,0.0055,0.01,0.0305,0.0375,0,0,0,0,0.49775,0.4965,0.5,0.5,0.00125000000000003,0.0035,0.0035
"chisq","Chi-square independence",4,332,0.0666666666666667,2000,400,0.0055,0.005,0.0305,0.0475,0,0,0.022,0.0325,0.50025,0.4915,0.5,0.49475,0.00875000000000009,0.00850000000000001,0.00325000000000003
"chisq","Chi-square independence",4,332,0.108333333333333,2000,400,0.0055,0.0125,0.0305,0.0775,0,0,0.043,0.105,0.4965,0.4765,0.5,0.469,0.0200000000000001,0.0235,-0.00750000000000001
"chisq","Chi-square independence",4,332,0.15,2000,400,0.0055,0.02,0.0305,0.0875,0,0,0.0365,0.11,0.49275,0.4715,0.5,0.46325,0.02125,0.0285,-0.00824999999999998
"chisq","Chi-square independence",4,332,0.191666666666667,2000,400,0.0055,0.075,0.0305,0.2,0,0.0025,0.0275,0.1875,0.46525,0.41525,0.49875,0.42,0.05,0.0835,0.00475000000000003
"chisq","Chi-square independence",4,332,0.233333333333333,2000,400,0.0055,0.105,0.0305,0.29,0,0.01,0.0175,0.195,0.45025,0.37025,0.495,0.41125,0.0800000000000001,0.12475,0.041
"chisq","Chi-square independence",4,332,0.275,2000,400,0.0055,0.1725,0.0305,0.4325,0,0.0125,0.009,0.265,0.4165,0.299,0.49375,0.372,0.1175,0.19475,0.073
"chisq","Chi-square independence",4,332,0.316666666666667,2000,400,0.0055,0.27,0.0305,0.515,0,0.0275,0.007,0.3125,0.36775,0.25775,0.48625,0.34725,0.11,0.2285,0.0895
"chisq","Chi-square independence",4,332,0.358333333333333,2000,400,0.0055,0.39,0.0305,0.6525,0,0.0675,0.0055,0.3725,0.30775,0.189,0.46625,0.3165,0.11875,0.27725,0.1275
"chisq","Chi-square independence",4,332,0.4,2000,400,0.0055,0.5475,0.0305,0.765,0,0.1225,0.0045,0.48,0.229,0.13275,0.43875,0.26225,0.0962500000000001,0.306,0.1295
"chisq","Chi-square independence",4,332,0.441666666666667,2000,400,0.0055,0.7,0.0305,0.885,0,0.23,0.0025,0.6125,0.15275,0.07275,0.385,0.195,0.0800000000000001,0.31225,0.12225
"chisq","Chi-square independence",4,332,0.483333333333333,2000,400,0.0055,0.8225,0.0305,0.92,0,0.3625,0.0015,0.695,0.0915,0.05525,0.31875,0.15325,0.0362500000000001,0.2635,0.0980000000000001
"chisq","Chi-square independence",4,332,0.525,2000,400,0.0055,0.8775,0.0305,0.9725,0,0.49,0.0015,0.7925,0.0640000000000001,0.029,0.255,0.1045,0.0350000000000001,0.226,0.0755000000000001
"chisq","Chi-square independence",4,332,0.566666666666667,2000,400,0.0055,0.95,0.0305,0.99,0,0.665,0.0015,0.85,0.0277500000000001,0.02025,0.1675,0.07575,0.00750000000000006,0.14725,0.0555
"chisq","Chi-square independence",4,332,0.608333333333333,2000,400,0.0055,0.9775,0.0305,0.9975,0,0.775,0.0015,0.915,0.014,0.0165,0.1125,0.04325,-0.00249999999999995,0.096,0.02675
"chisq","Chi-square independence",4,332,0.65,2000,400,0.0055,0.985,0.0305,1,0,0.85,5e-04,0.9475,0.01025,0.01525,0.075,0.0265,-0.00499999999999995,0.05975,0.01125
"chisq","Chi-square independence",4,332,0.691666666666667,2000,400,0.0055,0.9925,0.0305,1,0,0.9225,5e-04,0.965,0.00650000000000001,0.01525,0.03875,0.01775,-0.00874999999999998,0.0235,0.0025
"chisq","Chi-square independence",4,332,0.733333333333333,2000,400,0.0055,1,0.0305,1,0,0.9475,0,0.99,0.00275000000000003,0.01525,0.02625,0.005,-0.0125,0.011,-0.01025
"chisq","Chi-square independence",4,332,0.775,2000,400,0.0055,1,0.0305,1,0,0.9875,0,1,0.00275000000000003,0.01525,0.00624999999999998,0,-0.0125,-0.00900000000000001,-0.01525
"chisq","Chi-square independence",4,332,0.816666666666667,2000,400,0.0055,1,0.0305,1,0,0.9975,0,1,0.00275000000000003,0.01525,0.00124999999999997,0,-0.0125,-0.014,-0.01525
"chisq","Chi-square independence",4,332,0.858333333333333,2000,400,0.0055,1,0.0305,1,0,0.9975,0,1,0.00275000000000003,0.01525,0.00124999999999997,0,-0.0125,-0.014,-0.01525
"chisq","Chi-square independence",4,332,0.9,2000,400,0.0055,1,0.0305,1,0,1,0,1,0.00275000000000003,0.01525,0,0,-0.0125,-0.01525,-0.01525
"chisq","Chi-square independence",4,406,0.002,2000,400,0.005,0.005,0.0325,0.0175,0,0,0,0,0.5,0.5075,0.5,0.5,-0.00750000000000001,-0.00749999999999995,-0.00749999999999995
"chisq","Chi-square independence",4,406,0.00258309933002977,2000,400,0.005,0.005,0.0325,0.025,0,0,0,0,0.5,0.50375,0.5,0.5,-0.00375000000000009,-0.00375000000000003,-0.00375000000000003
"chisq","Chi-square independence",4,406,0.00333620107440012,2000,400,0.005,0.0075,0.0325,0.0525,0,0,0,0,0.49875,0.49,0.5,0.5,0.00874999999999998,0.01,0.01
"chisq","Chi-square independence",4,406,0.00430886938006377,2000,400,0.005,0.0025,0.0325,0.02,0,0,0,0,0.50125,0.50625,0.5,0.5,-0.005,-0.00624999999999998,-0.00624999999999998
"chisq","Chi-square independence",4,406,0.00556511880441425,2000,400,0.005,0.0075,0.0325,0.0425,0,0.0025,0,0,0.49875,0.495,0.49875,0.5,0.00374999999999998,0.00375000000000003,0.005
"chisq","Chi-square independence",4,406,0.00718762732760925,2000,400,0.005,0,0.0325,0.025,0,0,0,0,0.5025,0.50375,0.5,0.5,-0.00125000000000008,-0.00375000000000003,-0.00375000000000003
"chisq","Chi-square independence",4,406,0.00928317766722556,2000,400,0.005,0.015,0.0325,0.04,0,0,0,0,0.495,0.49625,0.5,0.5,-0.00125000000000003,0.00375000000000003,0.00375000000000003
"chisq","Chi-square independence",4,406,0.0119896850063788,2000,400,0.005,0,0.0325,0.0275,0,0,0,0,0.5025,0.5025,0.5,0.5,0,-0.00249999999999995,-0.00249999999999995
"chisq","Chi-square independence",4,406,0.0154852736536225,2000,400,0.005,0.0125,0.0325,0.0325,0,0,0,0,0.49625,0.5,0.5,0.5,-0.00375000000000003,0,0
"chisq","Chi-square independence",4,406,0.02,2000,400,0.005,0.0075,0.0325,0.0225,0,0,0,0,0.49875,0.505,0.5,0.5,-0.00625000000000003,-0.005,-0.005
"chisq","Chi-square independence",4,406,0.025,2000,400,0.005,0.0025,0.0325,0.045,0,0,0,0,0.50125,0.49375,0.5,0.5,0.00750000000000001,0.00625000000000003,0.00625000000000003
"chisq","Chi-square independence",4,406,0.0666666666666667,2000,400,0.005,0.02,0.0325,0.06,0,0,0.031,0.06,0.4925,0.48625,0.5,0.4855,0.00624999999999998,0.01375,-0.000750000000000028
"chisq","Chi-square independence",4,406,0.108333333333333,2000,400,0.005,0.01,0.0325,0.095,0,0,0.052,0.1225,0.4975,0.46875,0.5,0.46475,0.0287499999999999,0.03125,-0.004
"chisq","Chi-square independence",4,406,0.15,2000,400,0.005,0.0375,0.0325,0.1275,0,0,0.0385,0.135,0.48375,0.4525,0.5,0.45175,0.0312499999999999,0.0475,-0.000750000000000028
"chisq","Chi-square independence",4,406,0.191666666666667,2000,400,0.005,0.075,0.0325,0.2325,0,0.0025,0.0215,0.19,0.465,0.4,0.49875,0.41575,0.065,0.0987500000000001,0.0157500000000001
"chisq","Chi-square independence",4,406,0.233333333333333,2000,400,0.005,0.1675,0.0325,0.37,0,0.015,0.0115,0.2575,0.41875,0.33125,0.4925,0.377,0.0875,0.16125,0.04575
"chisq","Chi-square independence",4,406,0.275,2000,400,0.005,0.265,0.0325,0.4875,0,0.0225,0.006,0.3125,0.37,0.2725,0.48875,0.34675,0.0975,0.21625,0.07425
"chisq","Chi-square independence",4,406,0.316666666666667,2000,400,0.005,0.4225,0.0325,0.6475,0,0.055,0.005,0.415,0.29125,0.1925,0.4725,0.295,0.09875,0.28,0.1025
"chisq","Chi-square independence",4,406,0.358333333333333,2000,400,0.005,0.5,0.0325,0.755,0,0.1,0.004,0.455,0.2525,0.13875,0.45,0.2745,0.11375,0.31125,0.13575
"chisq","Chi-square independence",4,406,0.4,2000,400,0.005,0.7175,0.0325,0.8775,0,0.215,0.002,0.605,0.14375,0.0775,0.3925,0.1985,0.0662499999999999,0.315,0.121
"chisq","Chi-square independence",4,406,0.441666666666667,2000,400,0.005,0.8325,0.0325,0.945,0,0.3125,0.001,0.7275,0.0862499999999999,0.04375,0.34375,0.13675,0.0424999999999999,0.3,0.0929999999999999
"chisq","Chi-square independence",4,406,0.483333333333333,2000,400,0.005,0.95,0.0325,0.98,0,0.55,0,0.8375,0.0275,0.02625,0.225,0.08125,0.00124999999999997,0.19875,0.055
"chisq","Chi-square independence",4,406,0.525,2000,400,0.005,0.9575,0.0325,0.9825,0,0.635,0,0.885,0.0237499999999999,0.025,0.1825,0.0575,-0.00125000000000003,0.1575,0.0325
"chisq","Chi-square independence",4,406,0.566666666666667,2000,400,0.005,0.9825,0.0325,0.995,0,0.775,0,0.915,0.0112499999999999,0.01875,0.1125,0.0425,-0.00750000000000006,0.09375,0.02375
"chisq","Chi-square independence",4,406,0.608333333333333,2000,400,0.005,0.9975,0.0325,1,0,0.8725,0,0.9675,0.00374999999999992,0.01625,0.06375,0.01625,-0.0125000000000001,0.0475,0
"chisq","Chi-square independence",4,406,0.65,2000,400,0.005,1,0.0325,1,0,0.96,0,0.9925,0.00249999999999995,0.01625,0.02,0.00374999999999998,-0.01375,0.00375000000000003,-0.0125
"chisq","Chi-square independence",4,406,0.691666666666667,2000,400,0.005,1,0.0325,1,0,0.9775,0,0.995,0.00249999999999995,0.01625,0.01125,0.0025,-0.01375,-0.005,-0.01375
"chisq","Chi-square independence",4,406,0.733333333333333,2000,400,0.005,1,0.0325,1,0,0.995,0,1,0.00249999999999995,0.01625,0.0025,0,-0.01375,-0.01375,-0.01625
"chisq","Chi-square independence",4,406,0.775,2000,400,0.005,1,0.0325,1,0,0.995,0,1,0.00249999999999995,0.01625,0.0025,0,-0.01375,-0.01375,-0.01625
"chisq","Chi-square independence",4,406,0.816666666666667,2000,400,0.005,1,0.0325,1,0,0.9975,0,1,0.00249999999999995,0.01625,0.00124999999999997,0,-0.01375,-0.015,-0.01625
"chisq","Chi-square independence",4,406,0.858333333333333,2000,400,0.005,1,0.0325,1,0,1,0,1,0.00249999999999995,0.01625,0,0,-0.01375,-0.01625,-0.01625
"chisq","Chi-square independence",4,406,0.9,2000,400,0.005,1,0.0325,1,0,1,0,1,0.00249999999999995,0.01625,0,0,-0.01375,-0.01625,-0.01625
"chisq","Chi-square independence",4,496,0.002,2000,400,0.004,0.0025,0.0325,0.0325,0,0,0,0,0.50075,0.5,0.5,0.5,0.000750000000000028,0,0
"chisq","Chi-square independence",4,496,0.00258309933002977,2000,400,0.004,0.0025,0.0325,0.0175,0,0,0,0,0.50075,0.5075,0.5,0.5,-0.00674999999999992,-0.00749999999999995,-0.00749999999999995
"chisq","Chi-square independence",4,496,0.00333620107440012,2000,400,0.004,0.005,0.0325,0.0225,0,0,0,0,0.4995,0.505,0.5,0.5,-0.0055,-0.005,-0.005
"chisq","Chi-square independence",4,496,0.00430886938006377,2000,400,0.004,0.0025,0.0325,0.0225,0,0,0,0,0.50075,0.505,0.5,0.5,-0.00424999999999998,-0.005,-0.005
"chisq","Chi-square independence",4,496,0.00556511880441425,2000,400,0.004,0.005,0.0325,0.03,0,0,0,0,0.4995,0.50125,0.5,0.5,-0.00174999999999997,-0.00124999999999997,-0.00124999999999997
"chisq","Chi-square independence",4,496,0.00718762732760925,2000,400,0.004,0.0025,0.0325,0.0425,0,0,0,0,0.50075,0.495,0.5,0.5,0.00575000000000003,0.005,0.005
"chisq","Chi-square independence",4,496,0.00928317766722556,2000,400,0.004,0.0025,0.0325,0.0375,0,0,0,0,0.50075,0.4975,0.5,0.5,0.00325000000000003,0.0025,0.0025
"chisq","Chi-square independence",4,496,0.0119896850063788,2000,400,0.004,0.005,0.0325,0.04,0,0,0,0,0.4995,0.49625,0.5,0.5,0.00325000000000003,0.00375000000000003,0.00375000000000003
"chisq","Chi-square independence",4,496,0.0154852736536225,2000,400,0.004,0.0075,0.0325,0.045,0,0,0,0,0.49825,0.49375,0.5,0.5,0.00450000000000006,0.00625000000000003,0.00625000000000003
"chisq","Chi-square independence",4,496,0.02,2000,400,0.004,0.0075,0.0325,0.0325,0,0,0,0,0.49825,0.5,0.5,0.5,-0.00174999999999997,0,0
"chisq","Chi-square independence",4,496,0.025,2000,400,0.004,0.005,0.0325,0.025,0,0,0,0,0.4995,0.50375,0.5,0.5,-0.00425000000000003,-0.00375000000000003,-0.00375000000000003
"chisq","Chi-square independence",4,496,0.0666666666666667,2000,400,0.004,0.005,0.0325,0.0425,0,0,0.0405,0.0525,0.4995,0.495,0.5,0.494,0.0045,0.005,-0.001
"chisq","Chi-square independence",4,496,0.108333333333333,2000,400,0.004,0.0325,0.0325,0.1,0,0,0.048,0.13,0.48575,0.46625,0.5,0.459,0.0195,0.03375,-0.00724999999999998
"chisq","Chi-square independence",4,496,0.15,2000,400,0.004,0.045,0.0325,0.1575,0,0,0.032,0.1575,0.4795,0.4375,0.5,0.43725,0.042,0.0625,-0.000249999999999972
"chisq","Chi-square independence",4,496,0.191666666666667,2000,400,0.004,0.0875,0.0325,0.2275,0,0.0025,0.0145,0.16,0.45825,0.4025,0.49875,0.42725,0.05575,0.0962500000000001,0.02475
"chisq","Chi-square independence",4,496,0.233333333333333,2000,400,0.004,0.1575,0.0325,0.38,0,0.01,0.0095,0.2275,0.42325,0.32625,0.495,0.391,0.097,0.16875,0.06475
"chisq","Chi-square independence",4,496,0.275,2000,400,0.004,0.305,0.0325,0.56,0,0.01,0.0045,0.3225,0.3495,0.23625,0.495,0.341,0.11325,0.25875,0.10475
"chisq","Chi-square independence",4,496,0.316666666666667,2000,400,0.004,0.4675,0.0325,0.715,0,0.0625,0.002,0.4325,0.26825,0.15875,0.46875,0.28475,0.1095,0.31,0.126
"chisq","Chi-square independence",4,496,0.358333333333333,2000,400,0.004,0.7,0.0325,0.8475,0,0.17,0.001,0.6,0.152,0.0925,0.415,0.2005,0.0595,0.3225,0.108
"chisq","Chi-square independence",4,496,0.4,2000,400,0.004,0.82,0.0325,0.9275,0,0.2675,5e-04,0.68,0.092,0.0525,0.36625,0.16025,0.0395,0.31375,0.10775
"chisq","Chi-square independence",4,496,0.441666666666667,2000,400,0.004,0.905,0.0325,0.97,0,0.4475,5e-04,0.8025,0.0495,0.03125,0.27625,0.099,0.01825,0.245,0.06775
"chisq","Chi-square independence",4,496,0.483333333333333,2000,400,0.004,0.9675,0.0325,0.9875,0,0.6025,0,0.8625,0.01825,0.0225,0.19875,0.06875,-0.00424999999999998,0.17625,0.04625
"chisq","Chi-square independence",4,496,0.525,2000,400,0.004,0.9875,0.0325,1,0,0.775,0,0.945,0.00824999999999998,0.01625,0.1125,0.0275,-0.00800000000000001,0.09625,0.01125
"chisq","Chi-square independence",4,496,0.566666666666667,2000,400,0.004,1,0.0325,1,0,0.9075,0,0.98,0.002,0.01625,0.04625,0.01,-0.01425,0.03,-0.00624999999999998
"chisq","Chi-square independence",4,496,0.608333333333333,2000,400,0.004,0.9975,0.0325,0.9975,0,0.9575,0,0.9875,0.00324999999999998,0.0175,0.02125,0.00624999999999998,-0.01425,0.00375000000000003,-0.01125
"chisq","Chi-square independence",4,496,0.65,2000,400,0.004,1,0.0325,1,0,0.9875,0,0.9975,0.002,0.01625,0.00624999999999998,0.00124999999999997,-0.01425,-0.01,-0.015
"chisq","Chi-square independence",4,496,0.691666666666667,2000,400,0.004,1,0.0325,1,0,0.995,0,1,0.002,0.01625,0.0025,0,-0.01425,-0.01375,-0.01625
"chisq","Chi-square independence",4,496,0.733333333333333,2000,400,0.004,1,0.0325,1,0,1,0,1,0.002,0.01625,0,0,-0.01425,-0.01625,-0.01625
"chisq","Chi-square independence",4,496,0.775,2000,400,0.004,1,0.0325,1,0,1,0,1,0.002,0.01625,0,0,-0.01425,-0.01625,-0.01625
"chisq","Chi-square independence",4,496,0.816666666666667,2000,400,0.004,1,0.0325,1,0,1,0,1,0.002,0.01625,0,0,-0.01425,-0.01625,-0.01625
"chisq","Chi-square independence",4,496,0.858333333333333,2000,400,0.004,1,0.0325,1,0,1,0,1,0.002,0.01625,0,0,-0.01425,-0.01625,-0.01625
"chisq","Chi-square independence",4,496,0.9,2000,400,0.004,1,0.0325,1,0,1,0,1,0.002,0.01625,0,0,-0.01425,-0.01625,-0.01625
"chisq","Chi-square independence",4,606,0.002,2000,400,0.0035,0.005,0.024,0.04,0,0,0,0,0.49925,0.492,0.5,0.5,0.00725000000000003,0.00800000000000001,0.00800000000000001
"chisq","Chi-square independence",4,606,0.00258309933002977,2000,400,0.0035,0.0025,0.024,0.04,0,0,0,0,0.5005,0.492,0.5,0.5,0.00850000000000006,0.00800000000000001,0.00800000000000001
"chisq","Chi-square independence",4,606,0.00333620107440012,2000,400,0.0035,0,0.024,0.04,0,0,0,0,0.50175,0.492,0.5,0.5,0.00975000000000004,0.00800000000000001,0.00800000000000001
"chisq","Chi-square independence",4,606,0.00430886938006377,2000,400,0.0035,0,0.024,0.0325,0,0,0,0,0.50175,0.49575,0.5,0.5,0.006,0.00424999999999998,0.00424999999999998
"chisq","Chi-square independence",4,606,0.00556511880441425,2000,400,0.0035,0,0.024,0.0225,0,0,0,0,0.50175,0.50075,0.5,0.5,0.001,-0.000750000000000028,-0.000750000000000028
"chisq","Chi-square independence",4,606,0.00718762732760925,2000,400,0.0035,0,0.024,0.025,0,0,0,0,0.50175,0.4995,0.5,0.5,0.00225000000000003,5e-04,5e-04
"chisq","Chi-square independence",4,606,0.00928317766722556,2000,400,0.0035,0.005,0.024,0.0325,0,0,0,0,0.49925,0.49575,0.5,0.5,0.0035,0.00424999999999998,0.00424999999999998
"chisq","Chi-square independence",4,606,0.0119896850063788,2000,400,0.0035,0.0025,0.024,0.0125,0,0,0,0,0.5005,0.50575,0.5,0.5,-0.00524999999999998,-0.00575000000000003,-0.00575000000000003
"chisq","Chi-square independence",4,606,0.0154852736536225,2000,400,0.0035,0,0.024,0.0275,0,0,0,0,0.50175,0.49825,0.5,0.5,0.0035,0.00174999999999997,0.00174999999999997
"chisq","Chi-square independence",4,606,0.02,2000,400,0.0035,0.01,0.024,0.03,0,0,0,0,0.49675,0.497,0.5,0.5,-0.000249999999999972,0.003,0.003
"chisq","Chi-square independence",4,606,0.025,2000,400,0.0035,0.005,0.024,0.0375,0,0,0,0,0.49925,0.49325,0.5,0.5,0.006,0.00674999999999998,0.00674999999999998
"chisq","Chi-square independence",4,606,0.0666666666666667,2000,400,0.0035,0.01,0.024,0.03,0,0,0.0395,0.045,0.49675,0.497,0.5,0.49725,-0.000249999999999972,0.003,0.000250000000000028
"chisq","Chi-square independence",4,606,0.108333333333333,2000,400,0.0035,0.0275,0.024,0.0975,0,0.0025,0.038,0.1375,0.488,0.46325,0.49875,0.45025,0.02475,0.0355,-0.013
"chisq","Chi-square independence",4,606,0.15,2000,400,0.0035,0.0725,0.024,0.1775,0,0,0.0205,0.1725,0.4655,0.42325,0.5,0.424,0.04225,0.07675,0.000749999999999973
"chisq","Chi-square independence",4,606,0.191666666666667,2000,400,0.0035,0.185,0.024,0.3625,0,0.0075,0.0105,0.26,0.40925,0.33075,0.49625,0.37525,0.0785,0.1655,0.0445
"chisq","Chi-square independence",4,606,0.233333333333333,2000,400,0.0035,0.2525,0.024,0.47,0,0.005,0.005,0.285,0.3755,0.277,0.4975,0.36,0.0985,0.2205,0.083
"chisq","Chi-square independence",4,606,0.275,2000,400,0.0035,0.4675,0.024,0.68,0,0.0525,0.003,0.42,0.268,0.172,0.47375,0.2915,0.096,0.30175,0.1195
"chisq","Chi-square independence",4,606,0.316666666666667,2000,400,0.0035,0.6375,0.024,0.835,0,0.13,0.001,0.55,0.183,0.0945,0.435,0.2255,0.0885,0.3405,0.131
"chisq","Chi-square independence",4,606,0.358333333333333,2000,400,0.0035,0.77,0.024,0.9225,0,0.2125,5e-04,0.635,0.11675,0.05075,0.39375,0.18275,0.066,0.343,0.132
"chisq","Chi-square independence",4,606,0.4,2000,400,0.0035,0.92,0.024,0.985,0,0.485,5e-04,0.835,0.04175,0.0195,0.2575,0.08275,0.02225,0.238,0.06325
"chisq","Chi-square independence",4,606,0.441666666666667,2000,400,0.0035,0.9725,0.024,0.985,0,0.5825,5e-04,0.8675,0.0155,0.0195,0.20875,0.0665,-0.004,0.18925,0.0469999999999999
"chisq","Chi-square independence",4,606,0.483333333333333,2000,400,0.0035,0.995,0.024,1,0,0.7875,5e-04,0.925,0.00425000000000003,0.012,0.10625,0.03775,-0.00774999999999998,0.09425,0.0257499999999999
"chisq","Chi-square independence",4,606,0.525,2000,400,0.0035,1,0.024,1,0,0.9025,5e-04,0.98,0.00175000000000003,0.012,0.04875,0.01025,-0.01025,0.03675,-0.00175000000000003
"chisq","Chi-square independence",4,606,0.566666666666667,2000,400,0.0035,1,0.024,1,0,0.9625,0,0.9925,0.00175000000000003,0.012,0.01875,0.00374999999999998,-0.01025,0.00674999999999998,-0.00825000000000004
"chisq","Chi-square independence",4,606,0.608333333333333,2000,400,0.0035,1,0.024,1,0,0.9775,0,0.995,0.00175000000000003,0.012,0.01125,0.0025,-0.01025,-0.000750000000000028,-0.00950000000000001
"chisq","Chi-square independence",4,606,0.65,2000,400,0.0035,1,0.024,1,0,0.9925,0,0.9975,0.00175000000000003,0.012,0.00374999999999998,0.00124999999999997,-0.01025,-0.00825000000000004,-0.01075
"chisq","Chi-square independence",4,606,0.691666666666667,2000,400,0.0035,1,0.024,1,0,1,0,1,0.00175000000000003,0.012,0,0,-0.01025,-0.012,-0.012
"chisq","Chi-square independence",4,606,0.733333333333333,2000,400,0.0035,1,0.024,1,0,1,0,1,0.00175000000000003,0.012,0,0,-0.01025,-0.012,-0.012
"chisq","Chi-square independence",4,606,0.775,2000,400,0.0035,1,0.024,1,0,1,0,1,0.00175000000000003,0.012,0,0,-0.01025,-0.012,-0.012
"chisq","Chi-square independence",4,606,0.816666666666667,2000,400,0.0035,1,0.024,1,0,1,0,1,0.00175000000000003,0.012,0,0,-0.01025,-0.012,-0.012
"chisq","Chi-square independence",4,606,0.858333333333333,2000,400,0.0035,1,0.024,1,0,1,0,1,0.00175000000000003,0.012,0,0,-0.01025,-0.012,-0.012
"chisq","Chi-square independence",4,606,0.9,2000,400,0.0035,1,0.024,1,0,1,0,1,0.00175000000000003,0.012,0,0,-0.01025,-0.012,-0.012
"chisq","Chi-square independence",4,741,0.002,2000,400,0.0065,0.01,0.0345,0.0325,0,0,0,0,0.49825,0.501,0.5,0.5,-0.00275000000000003,-0.001,-0.001
"chisq","Chi-square independence",4,741,0.00258309933002977,2000,400,0.0065,0.0025,0.0345,0.0225,0,0,0,0,0.502,0.506,0.5,0.5,-0.004,-0.006,-0.006
"chisq","Chi-square independence",4,741,0.00333620107440012,2000,400,0.0065,0.0125,0.0345,0.0275,0,0,0,0,0.497,0.5035,0.5,0.5,-0.00649999999999995,-0.00349999999999995,-0.00349999999999995
"chisq","Chi-square independence",4,741,0.00430886938006377,2000,400,0.0065,0.005,0.0345,0.03,0,0,0,0,0.50075,0.50225,0.5,0.5,-0.00149999999999995,-0.00224999999999997,-0.00224999999999997
"chisq","Chi-square independence",4,741,0.00556511880441425,2000,400,0.0065,0.005,0.0345,0.0275,0,0,0,0,0.50075,0.5035,0.5,0.5,-0.00274999999999992,-0.00349999999999995,-0.00349999999999995
"chisq","Chi-square independence",4,741,0.00718762732760925,2000,400,0.0065,0.005,0.0345,0.03,0,0,0,0,0.50075,0.50225,0.5,0.5,-0.00149999999999995,-0.00224999999999997,-0.00224999999999997
"chisq","Chi-square independence",4,741,0.00928317766722556,2000,400,0.0065,0.0025,0.0345,0.0325,0,0,0,0,0.502,0.501,0.5,0.5,0.001,-0.001,-0.001
"chisq","Chi-square independence",4,741,0.0119896850063788,2000,400,0.0065,0.01,0.0345,0.0475,0,0,0,0,0.49825,0.4935,0.5,0.5,0.00474999999999998,0.00650000000000001,0.00650000000000001
"chisq","Chi-square independence",4,741,0.0154852736536225,2000,400,0.0065,0.01,0.0345,0.045,0,0,0,0,0.49825,0.49475,0.5,0.5,0.0035,0.00525000000000003,0.00525000000000003
"chisq","Chi-square independence",4,741,0.02,2000,400,0.0065,0.0075,0.0345,0.0275,0,0,0,0,0.4995,0.5035,0.5,0.5,-0.00399999999999995,-0.00349999999999995,-0.00349999999999995
"chisq","Chi-square independence",4,741,0.025,2000,400,0.0065,0.005,0.0345,0.015,0,0,0.001,0,0.50075,0.50975,0.5,0.5005,-0.00900000000000001,-0.00975000000000004,-0.00925000000000009
"chisq","Chi-square independence",4,741,0.0666666666666667,2000,400,0.0065,0.005,0.0345,0.0575,0,0,0.055,0.0825,0.50075,0.4885,0.5,0.48625,0.01225,0.0115,-0.00225000000000003
"chisq","Chi-square independence",4,741,0.108333333333333,2000,400,0.0065,0.0175,0.0345,0.0925,0,0.0025,0.046,0.1125,0.4945,0.471,0.49875,0.46675,0.0235,0.0277500000000001,-0.00424999999999998
"chisq","Chi-square independence",4,741,0.15,2000,400,0.0065,0.115,0.0345,0.25,0,0.0025,0.024,0.215,0.44575,0.39225,0.49875,0.4045,0.0535,0.1065,0.01225
"chisq","Chi-square independence",4,741,0.191666666666667,2000,400,0.0065,0.1925,0.0345,0.39,0,0.0125,0.0115,0.2775,0.407,0.32225,0.49375,0.367,0.08475,0.1715,0.04475
"chisq","Chi-square independence",4,741,0.233333333333333,2000,400,0.0065,0.3525,0.0345,0.5925,0,0.0325,0.007,0.3525,0.327,0.221,0.48375,0.32725,0.106,0.26275,0.10625
"chisq","Chi-square independence",4,741,0.275,2000,400,0.0065,0.5775,0.0345,0.755,0,0.075,0.004,0.51,0.2145,0.13975,0.4625,0.247,0.07475,0.32275,0.10725
"chisq","Chi-square independence",4,741,0.316666666666667,2000,400,0.0065,0.78,0.0345,0.9025,0,0.1975,0.002,0.6525,0.11325,0.066,0.40125,0.17475,0.04725,0.33525,0.10875
"chisq","Chi-square independence",4,741,0.358333333333333,2000,400,0.0065,0.8875,0.0345,0.97,0,0.405,0.002,0.795,0.0595,0.03225,0.2975,0.1035,0.02725,0.26525,0.07125
"chisq","Chi-square independence",4,741,0.4,2000,400,0.0065,0.9875,0.0345,1,0,0.5875,0.0015,0.91,0.00949999999999995,0.01725,0.20625,0.04575,-0.00775000000000003,0.189,0.0285
"chisq","Chi-square independence",4,741,0.441666666666667,2000,400,0.0065,0.985,0.0345,0.995,0,0.755,0.001,0.935,0.01075,0.01975,0.1225,0.0329999999999999,-0.00900000000000001,0.10275,0.0132499999999999
"chisq","Chi-square independence",4,741,0.483333333333333,2000,400,0.0065,0.995,0.0345,1,0,0.9225,5e-04,0.9825,0.00574999999999998,0.01725,0.03875,0.00899999999999995,-0.0115,0.0215,-0.00825000000000004
"chisq","Chi-square independence",4,741,0.525,2000,400,0.0065,0.9975,0.0345,1,0,0.9675,0,0.9925,0.00449999999999995,0.01725,0.01625,0.00374999999999998,-0.01275,-0.001,-0.0135
"chisq","Chi-square independence",4,741,0.566666666666667,2000,400,0.0065,1,0.0345,1,0,0.9875,0,1,0.00324999999999998,0.01725,0.00624999999999998,0,-0.014,-0.011,-0.01725
"chisq","Chi-square independence",4,741,0.608333333333333,2000,400,0.0065,1,0.0345,1,0,0.9925,0,0.9975,0.00324999999999998,0.01725,0.00374999999999998,0.00124999999999997,-0.014,-0.0135,-0.016
"chisq","Chi-square independence",4,741,0.65,2000,400,0.0065,1,0.0345,1,0,1,0,1,0.00324999999999998,0.01725,0,0,-0.014,-0.01725,-0.01725
"chisq","Chi-square independence",4,741,0.691666666666667,2000,400,0.0065,1,0.0345,1,0,1,0,1,0.00324999999999998,0.01725,0,0,-0.014,-0.01725,-0.01725
"chisq","Chi-square independence",4,741,0.733333333333333,2000,400,0.0065,1,0.0345,1,0,1,0,1,0.00324999999999998,0.01725,0,0,-0.014,-0.01725,-0.01725
"chisq","Chi-square independence",4,741,0.775,2000,400,0.0065,1,0.0345,1,0,1,0,1,0.00324999999999998,0.01725,0,0,-0.014,-0.01725,-0.01725
"chisq","Chi-square independence",4,741,0.816666666666667,2000,400,0.0065,1,0.0345,1,0,1,0,1,0.00324999999999998,0.01725,0,0,-0.014,-0.01725,-0.01725
"chisq","Chi-square independence",4,741,0.858333333333333,2000,400,0.0065,1,0.0345,1,0,1,0,1,0.00324999999999998,0.01725,0,0,-0.014,-0.01725,-0.01725
"chisq","Chi-square independence",4,741,0.9,2000,400,0.0065,1,0.0345,1,0,1,0,1,0.00324999999999998,0.01725,0,0,-0.014,-0.01725,-0.01725
"chisq","Chi-square independence",4,905,0.002,2000,400,0.0055,0.005,0.0335,0.015,0,0,0,0,0.50025,0.50925,0.5,0.5,-0.00900000000000001,-0.00925000000000009,-0.00925000000000009
"chisq","Chi-square independence",4,905,0.00258309933002977,2000,400,0.0055,0.0175,0.0335,0.0425,0,0,0,0,0.494,0.4955,0.5,0.5,-0.0015,0.00449999999999995,0.00449999999999995
"chisq","Chi-square independence",4,905,0.00333620107440012,2000,400,0.0055,0,0.0335,0.0125,0,0,0,0,0.50275,0.5105,0.5,0.5,-0.00775000000000003,-0.0105000000000001,-0.0105000000000001
"chisq","Chi-square independence",4,905,0.00430886938006377,2000,400,0.0055,0.01,0.0335,0.0325,0,0,0,0,0.49775,0.5005,0.5,0.5,-0.00275000000000003,-0.000500000000000056,-0.000500000000000056
"chisq","Chi-square independence",4,905,0.00556511880441425,2000,400,0.0055,0,0.0335,0.0225,0,0,0,0,0.50275,0.5055,0.5,0.5,-0.00275000000000003,-0.00550000000000006,-0.00550000000000006
"chisq","Chi-square independence",4,905,0.00718762732760925,2000,400,0.0055,0.005,0.0335,0.025,0,0,0,0,0.50025,0.50425,0.5,0.5,-0.004,-0.00425000000000009,-0.00425000000000009
"chisq","Chi-square independence",4,905,0.00928317766722556,2000,400,0.0055,0.0025,0.0335,0.0225,0,0,0,0,0.5015,0.5055,0.5,0.5,-0.004,-0.00550000000000006,-0.00550000000000006
"chisq","Chi-square independence",4,905,0.0119896850063788,2000,400,0.0055,0.0025,0.0335,0.0125,0,0,0,0,0.5015,0.5105,0.5,0.5,-0.00900000000000001,-0.0105000000000001,-0.0105000000000001
"chisq","Chi-square independence",4,905,0.0154852736536225,2000,400,0.0055,0.01,0.0335,0.03,0,0,0,0,0.49775,0.50175,0.5,0.5,-0.004,-0.00175000000000003,-0.00175000000000003
"chisq","Chi-square independence",4,905,0.02,2000,400,0.0055,0.0075,0.0335,0.0275,0,0,0,0,0.499,0.503,0.5,0.5,-0.00399999999999995,-0.003,-0.003
"chisq","Chi-square independence",4,905,0.025,2000,400,0.0055,0.0075,0.0335,0.025,0,0,0.0015,0.005,0.499,0.50425,0.5,0.49825,-0.00525000000000003,-0.00425000000000009,-0.00600000000000006
"chisq","Chi-square independence",4,905,0.0666666666666667,2000,400,0.0055,0.0175,0.0335,0.06,0,0,0.0565,0.1,0.494,0.48675,0.5,0.47825,0.00725000000000003,0.01325,-0.00850000000000001
"chisq","Chi-square independence",4,905,0.108333333333333,2000,400,0.0055,0.055,0.0335,0.1425,0,0,0.039,0.17,0.47525,0.4455,0.5,0.4345,0.0297499999999999,0.0544999999999999,-0.0110000000000001
"chisq","Chi-square independence",4,905,0.15,2000,400,0.0055,0.1225,0.0335,0.2725,0,0.0025,0.0175,0.2175,0.4415,0.3805,0.49875,0.4,0.0609999999999999,0.11825,0.0195
"chisq","Chi-square independence",4,905,0.191666666666667,2000,400,0.0055,0.2625,0.0335,0.4875,0,0.01,0.0085,0.2975,0.3715,0.273,0.495,0.3555,0.0985,0.222,0.0825
"chisq","Chi-square independence",4,905,0.233333333333333,2000,400,0.0055,0.5,0.0335,0.7275,0,0.0525,0.005,0.4575,0.25275,0.153,0.47375,0.27375,0.09975,0.32075,0.12075
"chisq","Chi-square independence",4,905,0.275,2000,400,0.0055,0.765,0.0335,0.8825,0,0.1525,0.002,0.645,0.12025,0.0755000000000001,0.42375,0.1785,0.04475,0.34825,0.103
"chisq","Chi-square independence",4,905,0.316666666666667,2000,400,0.0055,0.865,0.0335,0.95,0,0.3125,0.0015,0.7525,0.07025,0.0417500000000001,0.34375,0.1245,0.0285,0.302,0.08275
"chisq","Chi-square independence",4,905,0.358333333333333,2000,400,0.0055,0.9475,0.0335,0.985,0,0.5225,0.001,0.86,0.029,0.02425,0.23875,0.0705,0.00474999999999998,0.2145,0.0462499999999999
"chisq","Chi-square independence",4,905,0.4,2000,400,0.0055,0.9825,0.0335,0.9925,0,0.775,5e-04,0.95,0.0115,0.0205,0.1125,0.02525,-0.00900000000000001,0.092,0.00474999999999998
"chisq","Chi-square independence",4,905,0.441666666666667,2000,400,0.0055,0.9975,0.0335,1,0,0.895,0,0.98,0.004,0.01675,0.0525,0.01,-0.01275,0.03575,-0.00675000000000003
"chisq","Chi-square independence",4,905,0.483333333333333,2000,400,0.0055,1,0.0335,1,0,0.9675,0,1,0.00275000000000003,0.01675,0.01625,0,-0.014,-0.000500000000000056,-0.01675
"chisq","Chi-square independence",4,905,0.525,2000,400,0.0055,1,0.0335,1,0,0.9975,0,0.9975,0.00275000000000003,0.01675,0.00124999999999997,0.00124999999999997,-0.014,-0.0155000000000001,-0.0155000000000001
"chisq","Chi-square independence",4,905,0.566666666666667,2000,400,0.0055,1,0.0335,1,0,1,0,1,0.00275000000000003,0.01675,0,0,-0.014,-0.01675,-0.01675
"chisq","Chi-square independence",4,905,0.608333333333333,2000,400,0.0055,1,0.0335,1,0,1,0,1,0.00275000000000003,0.01675,0,0,-0.014,-0.01675,-0.01675
"chisq","Chi-square independence",4,905,0.65,2000,400,0.0055,1,0.0335,1,0,1,0,1,0.00275000000000003,0.01675,0,0,-0.014,-0.01675,-0.01675
"chisq","Chi-square independence",4,905,0.691666666666667,2000,400,0.0055,1,0.0335,1,0,1,0,1,0.00275000000000003,0.01675,0,0,-0.014,-0.01675,-0.01675
"chisq","Chi-square independence",4,905,0.733333333333333,2000,400,0.0055,1,0.0335,1,0,1,0,1,0.00275000000000003,0.01675,0,0,-0.014,-0.01675,-0.01675
"chisq","Chi-square independence",4,905,0.775,2000,400,0.0055,1,0.0335,1,0,1,0,1,0.00275000000000003,0.01675,0,0,-0.014,-0.01675,-0.01675
"chisq","Chi-square independence",4,905,0.816666666666667,2000,400,0.0055,1,0.0335,1,0,1,0,1,0.00275000000000003,0.01675,0,0,-0.014,-0.01675,-0.01675
"chisq","Chi-square independence",4,905,0.858333333333333,2000,400,0.0055,1,0.0335,1,0,1,0,1,0.00275000000000003,0.01675,0,0,-0.014,-0.01675,-0.01675
"chisq","Chi-square independence",4,905,0.9,2000,400,0.0055,1,0.0335,1,0,1,0,1,0.00275000000000003,0.01675,0,0,-0.014,-0.01675,-0.01675
"chisq","Chi-square independence",4,1105,0.002,2000,400,0.004,0.005,0.0245,0.04,0,0,0,0,0.4995,0.49225,0.5,0.5,0.00725000000000003,0.00775000000000003,0.00775000000000003
"chisq","Chi-square independence",4,1105,0.00258309933002977,2000,400,0.004,0.0175,0.0245,0.0325,0,0,0,0,0.49325,0.496,0.5,0.5,-0.00274999999999997,0.004,0.004
"chisq","Chi-square independence",4,1105,0.00333620107440012,2000,400,0.004,0.0025,0.0245,0.035,0,0,0,0,0.50075,0.49475,0.5,0.5,0.00600000000000006,0.00525000000000003,0.00525000000000003
"chisq","Chi-square independence",4,1105,0.00430886938006377,2000,400,0.004,0.0025,0.0245,0.0225,0,0,0,0,0.50075,0.501,0.5,0.5,-0.000249999999999972,-0.001,-0.001
"chisq","Chi-square independence",4,1105,0.00556511880441425,2000,400,0.004,0,0.0245,0.0175,0,0,0,0,0.502,0.5035,0.5,0.5,-0.00149999999999995,-0.00349999999999995,-0.00349999999999995
"chisq","Chi-square independence",4,1105,0.00718762732760925,2000,400,0.004,0.0025,0.0245,0.0175,0,0,0,0,0.50075,0.5035,0.5,0.5,-0.00274999999999992,-0.00349999999999995,-0.00349999999999995
"chisq","Chi-square independence",4,1105,0.00928317766722556,2000,400,0.004,0.005,0.0245,0.0225,0,0,0,0,0.4995,0.501,0.5,0.5,-0.0015,-0.001,-0.001
"chisq","Chi-square independence",4,1105,0.0119896850063788,2000,400,0.004,0.005,0.0245,0.01,0,0,0,0,0.4995,0.50725,0.5,0.5,-0.00774999999999998,-0.00724999999999998,-0.00724999999999998
"chisq","Chi-square independence",4,1105,0.0154852736536225,2000,400,0.004,0.005,0.0245,0.03,0,0,0,0,0.4995,0.49725,0.5,0.5,0.00225000000000003,0.00275000000000003,0.00275000000000003
"chisq","Chi-square independence",4,1105,0.02,2000,400,0.004,0.005,0.0245,0.0275,0,0,0,0,0.4995,0.4985,0.5,0.5,0.001,0.0015,0.0015
"chisq","Chi-square independence",4,1105,0.025,2000,400,0.004,0.005,0.0245,0.0325,0,0,5e-04,0.0025,0.4995,0.496,0.5,0.499,0.0035,0.004,0.003
"chisq","Chi-square independence",4,1105,0.0666666666666667,2000,400,0.004,0.01,0.0245,0.065,0,0,0.0465,0.12,0.497,0.47975,0.5,0.46325,0.01725,0.02025,-0.0165
"chisq","Chi-square independence",4,1105,0.108333333333333,2000,400,0.004,0.0725,0.0245,0.18,0,0,0.027,0.1825,0.46575,0.42225,0.5,0.42225,0.0435,0.07775,-5.55111512312578e-17
"chisq","Chi-square independence",4,1105,0.15,2000,400,0.004,0.15,0.0245,0.3225,0,0.0025,0.0125,0.215,0.427,0.351,0.49875,0.39875,0.076,0.14775,0.04775
"chisq","Chi-square independence",4,1105,0.191666666666667,2000,400,0.004,0.38,0.0245,0.575,0,0.025,0.0045,0.385,0.312,0.22475,0.4875,0.30975,0.08725,0.26275,0.085
"chisq","Chi-square independence",4,1105,0.233333333333333,2000,400,0.004,0.61,0.0245,0.775,0,0.0675,5e-04,0.525,0.197,0.12475,0.46625,0.23775,0.07225,0.3415,0.113
"chisq","Chi-square independence",4,1105,0.275,2000,400,0.004,0.8225,0.0245,0.92,0,0.215,0,0.7325,0.09075,0.05225,0.3925,0.13375,0.0385,0.34025,0.0815
"chisq","Chi-square independence",4,1105,0.316666666666667,2000,400,0.004,0.9525,0.0245,0.9875,0,0.455,0,0.865,0.02575,0.0185,0.2725,0.0675,0.00725000000000003,0.254,0.049
"chisq","Chi-square independence",4,1105,0.358333333333333,2000,400,0.004,0.9925,0.0245,0.9975,0,0.72,0,0.96,0.00574999999999998,0.0135,0.14,0.02,-0.00774999999999998,0.1265,0.00650000000000006
"chisq","Chi-square independence",4,1105,0.4,2000,400,0.004,0.9925,0.0245,0.9925,0,0.8825,0,0.9825,0.00574999999999998,0.016,0.05875,0.00874999999999998,-0.01025,0.0427500000000001,-0.00724999999999998
"chisq","Chi-square independence",4,1105,0.441666666666667,2000,400,0.004,1,0.0245,1,0,0.975,0,0.9925,0.002,0.01225,0.0125,0.00374999999999998,-0.01025,0.000250000000000028,-0.00850000000000001
"chisq","Chi-square independence",4,1105,0.483333333333333,2000,400,0.004,1,0.0245,1,0,0.9975,0,1,0.002,0.01225,0.00124999999999997,0,-0.01025,-0.011,-0.01225
"chisq","Chi-square independence",4,1105,0.525,2000,400,0.004,1,0.0245,1,0,0.9975,0,1,0.002,0.01225,0.00124999999999997,0,-0.01025,-0.011,-0.01225
"chisq","Chi-square independence",4,1105,0.566666666666667,2000,400,0.004,1,0.0245,1,0,1,0,1,0.002,0.01225,0,0,-0.01025,-0.01225,-0.01225
"chisq","Chi-square independence",4,1105,0.608333333333333,2000,400,0.004,1,0.0245,1,0,1,0,1,0.002,0.01225,0,0,-0.01025,-0.01225,-0.01225
"chisq","Chi-square independence",4,1105,0.65,2000,400,0.004,1,0.0245,1,0,1,0,1,0.002,0.01225,0,0,-0.01025,-0.01225,-0.01225
"chisq","Chi-square independence",4,1105,0.691666666666667,2000,400,0.004,1,0.0245,1,0,1,0,1,0.002,0.01225,0,0,-0.01025,-0.01225,-0.01225
"chisq","Chi-square independence",4,1105,0.733333333333333,2000,400,0.004,1,0.0245,1,0,1,0,1,0.002,0.01225,0,0,-0.01025,-0.01225,-0.01225
"chisq","Chi-square independence",4,1105,0.775,2000,400,0.004,1,0.0245,1,0,1,0,1,0.002,0.01225,0,0,-0.01025,-0.01225,-0.01225
"chisq","Chi-square independence",4,1105,0.816666666666667,2000,400,0.004,1,0.0245,1,0,1,0,1,0.002,0.01225,0,0,-0.01025,-0.01225,-0.01225
"chisq","Chi-square independence",4,1105,0.858333333333333,2000,400,0.004,1,0.0245,1,0,1,0,1,0.002,0.01225,0,0,-0.01025,-0.01225,-0.01225
"chisq","Chi-square independence",4,1105,0.9,2000,400,0.004,1,0.0245,1,0,1,0,1,0.002,0.01225,0,0,-0.01025,-0.01225,-0.01225
"chisq","Chi-square independence",4,1350,0.002,2000,400,0.0035,0.005,0.02,0.02,0,0,0,0,0.49925,0.5,0.5,0.5,-0.000749999999999973,0,0
"chisq","Chi-square independence",4,1350,0.00258309933002977,2000,400,0.0035,0.0025,0.02,0.015,0,0,0,0,0.5005,0.5025,0.5,0.5,-0.002,-0.00250000000000006,-0.00250000000000006
"chisq","Chi-square independence",4,1350,0.00333620107440012,2000,400,0.0035,0.01,0.02,0.025,0,0,0,0,0.49675,0.4975,0.5,0.5,-0.000749999999999973,0.0025,0.0025
"chisq","Chi-square independence",4,1350,0.00430886938006377,2000,400,0.0035,0.0125,0.02,0.035,0,0,0,0,0.4955,0.4925,0.5,0.5,0.00300000000000006,0.00750000000000001,0.00750000000000001
"chisq","Chi-square independence",4,1350,0.00556511880441425,2000,400,0.0035,0.0025,0.02,0.02,0,0,0,0,0.5005,0.5,0.5,0.5,0.000500000000000056,0,0
"chisq","Chi-square independence",4,1350,0.00718762732760925,2000,400,0.0035,0.0025,0.02,0.02,0,0,0,0,0.5005,0.5,0.5,0.5,0.000500000000000056,0,0
"chisq","Chi-square independence",4,1350,0.00928317766722556,2000,400,0.0035,0.0125,0.02,0.04,0,0,0,0,0.4955,0.49,0.5,0.5,0.00550000000000006,0.01,0.01
"chisq","Chi-square independence",4,1350,0.0119896850063788,2000,400,0.0035,0.0025,0.02,0.0275,0,0,0,0,0.5005,0.49625,0.5,0.5,0.00425000000000003,0.00374999999999998,0.00374999999999998
"chisq","Chi-square independence",4,1350,0.0154852736536225,2000,400,0.0035,0.0075,0.02,0.025,0,0,0,0,0.498,0.4975,0.5,0.5,0.000500000000000056,0.0025,0.0025
"chisq","Chi-square independence",4,1350,0.02,2000,400,0.0035,0.01,0.02,0.03,0,0,0,0.0025,0.49675,0.495,0.5,0.49875,0.00175000000000003,0.005,0.00375000000000003
"chisq","Chi-square independence",4,1350,0.025,2000,400,0.0035,0.0075,0.02,0.02,0,0,0.0045,0.01,0.498,0.5,0.5,0.49725,-0.00199999999999995,0,-0.00275000000000003
"chisq","Chi-square independence",4,1350,0.0666666666666667,2000,400,0.0035,0.015,0.02,0.0925,0,0,0.047,0.1475,0.49425,0.46375,0.5,0.44975,0.0305,0.03625,-0.014
"chisq","Chi-square independence",4,1350,0.108333333333333,2000,400,0.0035,0.095,0.02,0.205,0,0,0.017,0.1975,0.45425,0.4075,0.5,0.40975,0.04675,0.0925,0.00224999999999992
"chisq","Chi-square independence",4,1350,0.15,2000,400,0.0035,0.225,0.02,0.4375,0,0.005,0.006,0.3125,0.38925,0.29125,0.4975,0.34675,0.098,0.20625,0.0555
"chisq","Chi-square independence",4,1350,0.191666666666667,2000,400,0.0035,0.4875,0.02,0.6925,0,0.0425,0.0025,0.4525,0.258,0.16375,0.47875,0.275,0.09425,0.315,0.11125
"chisq","Chi-square independence",4,1350,0.233333333333333,2000,400,0.0035,0.7525,0.02,0.88,0,0.15,0.001,0.6475,0.1255,0.07,0.425,0.17675,0.0555,0.355,0.10675
"chisq","Chi-square independence",4,1350,0.275,2000,400,0.0035,0.9125,0.02,0.9775,0,0.365,0,0.81,0.0455,0.02125,0.3175,0.095,0.02425,0.29625,0.07375
"chisq","Chi-square independence",4,1350,0.316666666666667,2000,400,0.0035,0.98,0.02,0.99,0,0.6325,0,0.905,0.01175,0.015,0.18375,0.0475,-0.00324999999999998,0.16875,0.0325
"chisq","Chi-square independence",4,1350,0.358333333333333,2000,400,0.0035,1,0.02,1,0,0.87,0,0.975,0.00175000000000003,0.01,0.065,0.0125,-0.00824999999999998,0.055,0.0025
"chisq","Chi-square independence",4,1350,0.4,2000,400,0.0035,1,0.02,1,0,0.9425,0,0.9975,0.00175000000000003,0.01,0.02875,0.00124999999999997,-0.00824999999999998,0.01875,-0.00875000000000004
"chisq","Chi-square independence",4,1350,0.441666666666667,2000,400,0.0035,1,0.02,1,0,0.995,0,1,0.00175000000000003,0.01,0.0025,0,-0.00824999999999998,-0.00750000000000001,-0.01
"chisq","Chi-square independence",4,1350,0.483333333333333,2000,400,0.0035,1,0.02,1,0,0.9975,0,1,0.00175000000000003,0.01,0.00124999999999997,0,-0.00824999999999998,-0.00875000000000004,-0.01
"chisq","Chi-square independence",4,1350,0.525,2000,400,0.0035,1,0.02,1,0,1,0,1,0.00175000000000003,0.01,0,0,-0.00824999999999998,-0.01,-0.01
"chisq","Chi-square independence",4,1350,0.566666666666667,2000,400,0.0035,1,0.02,1,0,1,0,1,0.00175000000000003,0.01,0,0,-0.00824999999999998,-0.01,-0.01
"chisq","Chi-square independence",4,1350,0.608333333333333,2000,400,0.0035,1,0.02,1,0,1,0,1,0.00175000000000003,0.01,0,0,-0.00824999999999998,-0.01,-0.01
"chisq","Chi-square independence",4,1350,0.65,2000,400,0.0035,1,0.02,1,0,1,0,1,0.00175000000000003,0.01,0,0,-0.00824999999999998,-0.01,-0.01
"chisq","Chi-square independence",4,1350,0.691666666666667,2000,400,0.0035,1,0.02,1,0,1,0,1,0.00175000000000003,0.01,0,0,-0.00824999999999998,-0.01,-0.01
"chisq","Chi-square independence",4,1350,0.733333333333333,2000,400,0.0035,1,0.02,1,0,1,0,1,0.00175000000000003,0.01,0,0,-0.00824999999999998,-0.01,-0.01
"chisq","Chi-square independence",4,1350,0.775,2000,400,0.0035,1,0.02,1,0,1,0,1,0.00175000000000003,0.01,0,0,-0.00824999999999998,-0.01,-0.01
"chisq","Chi-square independence",4,1350,0.816666666666667,2000,400,0.0035,1,0.02,1,0,1,0,1,0.00175000000000003,0.01,0,0,-0.00824999999999998,-0.01,-0.01
"chisq","Chi-square independence",4,1350,0.858333333333333,2000,400,0.0035,1,0.02,1,0,1,0,1,0.00175000000000003,0.01,0,0,-0.00824999999999998,-0.01,-0.01
"chisq","Chi-square independence",4,1350,0.9,2000,400,0.0035,1,0.02,1,0,1,0,1,0.00175000000000003,0.01,0,0,-0.00824999999999998,-0.01,-0.01
"chisq","Chi-square independence",4,1650,0.002,2000,400,0.0055,0.005,0.021,0.03,0,0,0,0,0.50025,0.4955,0.5,0.5,0.00475000000000014,0.00450000000000006,0.00450000000000006
"chisq","Chi-square independence",4,1650,0.00258309933002977,2000,400,0.0055,0.0075,0.021,0.0225,0,0,0,0,0.499,0.49925,0.5,0.5,-0.000249999999999917,0.000750000000000028,0.000750000000000028
"chisq","Chi-square independence",4,1650,0.00333620107440012,2000,400,0.0055,0.0075,0.021,0.0375,0,0,0,0,0.499,0.49175,0.5,0.5,0.00725000000000009,0.00825000000000004,0.00825000000000004
"chisq","Chi-square independence",4,1650,0.00430886938006377,2000,400,0.0055,0.005,0.021,0.03,0,0,0,0,0.50025,0.4955,0.5,0.5,0.00475000000000014,0.00450000000000006,0.00450000000000006
"chisq","Chi-square independence",4,1650,0.00556511880441425,2000,400,0.0055,0.0075,0.021,0.04,0,0,0,0,0.499,0.4905,0.5,0.5,0.00850000000000012,0.00950000000000006,0.00950000000000006
"chisq","Chi-square independence",4,1650,0.00718762732760925,2000,400,0.0055,0.0025,0.021,0.025,0,0,0,0,0.5015,0.498,0.5,0.5,0.00350000000000011,0.00200000000000006,0.00200000000000006
"chisq","Chi-square independence",4,1650,0.00928317766722556,2000,400,0.0055,0.01,0.021,0.0325,0,0,0,0,0.49775,0.49425,0.5,0.5,0.00350000000000006,0.00575000000000003,0.00575000000000003
"chisq","Chi-square independence",4,1650,0.0119896850063788,2000,400,0.0055,0.0075,0.021,0.025,0,0,0,0,0.499,0.498,0.5,0.5,0.00100000000000011,0.00200000000000006,0.00200000000000006
"chisq","Chi-square independence",4,1650,0.0154852736536225,2000,400,0.0055,0.0075,0.021,0.0325,0,0,0,0,0.499,0.49425,0.5,0.5,0.00475000000000009,0.00575000000000003,0.00575000000000003
"chisq","Chi-square independence",4,1650,0.02,2000,400,0.0055,0.01,0.021,0.04,0,0,0.002,0.0025,0.49775,0.4905,0.5,0.49975,0.00725000000000009,0.00950000000000006,0.00925000000000009
"chisq","Chi-square independence",4,1650,0.025,2000,400,0.0055,0.005,0.021,0.0275,0,0,0.01,0.01,0.50025,0.49675,0.5,0.5,0.00350000000000011,0.00325000000000003,0.00325000000000003
"chisq","Chi-square independence",4,1650,0.0666666666666667,2000,400,0.0055,0.0275,0.021,0.0825,0,0,0.0425,0.115,0.489,0.46925,0.5,0.46375,0.0197500000000001,0.0307500000000001,-0.00549999999999995
"chisq","Chi-square independence",4,1650,0.108333333333333,2000,400,0.0055,0.1075,0.021,0.2475,0,0.0025,0.0165,0.205,0.449,0.38675,0.49875,0.40575,0.0622500000000001,0.112,0.0190000000000001
"chisq","Chi-square independence",4,1650,0.15,2000,400,0.0055,0.305,0.021,0.5175,0,0.01,0.006,0.33,0.35025,0.25175,0.495,0.338,0.0985000000000001,0.24325,0.08625
"chisq","Chi-square independence",4,1650,0.191666666666667,2000,400,0.0055,0.63,0.021,0.7925,0,0.0675,0.002,0.54,0.18775,0.11425,0.46625,0.231,0.0735000000000001,0.352,0.11675
"chisq","Chi-square independence",4,1650,0.233333333333333,2000,400,0.0055,0.865,0.021,0.9475,0,0.215,0.001,0.72,0.07025,0.03675,0.3925,0.1405,0.0335000000000001,0.35575,0.10375
"chisq","Chi-square independence",4,1650,0.275,2000,400,0.0055,0.9775,0.021,0.9925,0,0.54,5e-04,0.895,0.014,0.0142499999999999,0.23,0.05275,-0.000249999999999917,0.21575,0.0385
"chisq","Chi-square independence",4,1650,0.316666666666667,2000,400,0.0055,0.995,0.021,0.9975,0,0.7975,0,0.975,0.00525000000000003,0.0117499999999999,0.10125,0.0125,-0.0064999999999999,0.0895000000000001,0.000750000000000084
"chisq","Chi-square independence",4,1650,0.358333333333333,2000,400,0.0055,1,0.021,1,0,0.95,0,0.9975,0.00275000000000003,0.0105,0.025,0.00124999999999997,-0.00774999999999992,0.0145000000000001,-0.00924999999999998
"chisq","Chi-square independence",4,1650,0.4,2000,400,0.0055,1,0.021,1,0,0.9925,0,1,0.00275000000000003,0.0105,0.00374999999999998,0,-0.00774999999999992,-0.00674999999999998,-0.0105
"chisq","Chi-square independence",4,1650,0.441666666666667,2000,400,0.0055,1,0.021,1,0,1,0,1,0.00275000000000003,0.0105,0,0,-0.00774999999999992,-0.0105,-0.0105
"chisq","Chi-square independence",4,1650,0.483333333333333,2000,400,0.0055,1,0.021,1,0,1,0,1,0.00275000000000003,0.0105,0,0,-0.00774999999999992,-0.0105,-0.0105
"chisq","Chi-square independence",4,1650,0.525,2000,400,0.0055,1,0.021,1,0,1,0,1,0.00275000000000003,0.0105,0,0,-0.00774999999999992,-0.0105,-0.0105
"chisq","Chi-square independence",4,1650,0.566666666666667,2000,400,0.0055,1,0.021,1,0,1,0,1,0.00275000000000003,0.0105,0,0,-0.00774999999999992,-0.0105,-0.0105
"chisq","Chi-square independence",4,1650,0.608333333333333,2000,400,0.0055,1,0.021,1,0,1,0,1,0.00275000000000003,0.0105,0,0,-0.00774999999999992,-0.0105,-0.0105
"chisq","Chi-square independence",4,1650,0.65,2000,400,0.0055,1,0.021,1,0,1,0,1,0.00275000000000003,0.0105,0,0,-0.00774999999999992,-0.0105,-0.0105
"chisq","Chi-square independence",4,1650,0.691666666666667,2000,400,0.0055,1,0.021,1,0,1,0,1,0.00275000000000003,0.0105,0,0,-0.00774999999999992,-0.0105,-0.0105
"chisq","Chi-square independence",4,1650,0.733333333333333,2000,400,0.0055,1,0.021,1,0,1,0,1,0.00275000000000003,0.0105,0,0,-0.00774999999999992,-0.0105,-0.0105
"chisq","Chi-square independence",4,1650,0.775,2000,400,0.0055,1,0.021,1,0,1,0,1,0.00275000000000003,0.0105,0,0,-0.00774999999999992,-0.0105,-0.0105
"chisq","Chi-square independence",4,1650,0.816666666666667,2000,400,0.0055,1,0.021,1,0,1,0,1,0.00275000000000003,0.0105,0,0,-0.00774999999999992,-0.0105,-0.0105
"chisq","Chi-square independence",4,1650,0.858333333333333,2000,400,0.0055,1,0.021,1,0,1,0,1,0.00275000000000003,0.0105,0,0,-0.00774999999999992,-0.0105,-0.0105
"chisq","Chi-square independence",4,1650,0.9,2000,400,0.0055,1,0.021,1,0,1,0,1,0.00275000000000003,0.0105,0,0,-0.00774999999999992,-0.0105,-0.0105
"chisq","Chi-square independence",4,2015,0.002,2000,400,0.0025,0.005,0.0225,0.0225,0,0,0,0,0.49875,0.5,0.5,0.5,-0.00125000000000003,0,0
"chisq","Chi-square independence",4,2015,0.00258309933002977,2000,400,0.0025,0.005,0.0225,0.0225,0,0,0,0,0.49875,0.5,0.5,0.5,-0.00125000000000003,0,0
"chisq","Chi-square independence",4,2015,0.00333620107440012,2000,400,0.0025,0.0075,0.0225,0.0225,0,0,0,0,0.4975,0.5,0.5,0.5,-0.0025,0,0
"chisq","Chi-square independence",4,2015,0.00430886938006377,2000,400,0.0025,0.005,0.0225,0.0275,0,0,0,0,0.49875,0.4975,0.5,0.5,0.00124999999999997,0.0025,0.0025
"chisq","Chi-square independence",4,2015,0.00556511880441425,2000,400,0.0025,0.005,0.0225,0.0125,0,0,0,0,0.49875,0.505,0.5,0.5,-0.00625000000000003,-0.005,-0.005
"chisq","Chi-square independence",4,2015,0.00718762732760925,2000,400,0.0025,0.0025,0.0225,0.025,0,0,0,0,0.5,0.49875,0.5,0.5,0.00125000000000003,0.00125000000000003,0.00125000000000003
"chisq","Chi-square independence",4,2015,0.00928317766722556,2000,400,0.0025,0,0.0225,0.015,0,0,0,0,0.50125,0.50375,0.5,0.5,-0.00250000000000006,-0.00375000000000003,-0.00375000000000003
"chisq","Chi-square independence",4,2015,0.0119896850063788,2000,400,0.0025,0.0075,0.0225,0.0275,0,0,0,0,0.4975,0.4975,0.5,0.5,0,0.0025,0.0025
"chisq","Chi-square independence",4,2015,0.0154852736536225,2000,400,0.0025,0.01,0.0225,0.03,0,0,5e-04,0,0.49625,0.49625,0.5,0.50025,0,0.00375000000000003,0.004
"chisq","Chi-square independence",4,2015,0.02,2000,400,0.0025,0.0075,0.0225,0.03,0,0,0.0025,0.0075,0.4975,0.49625,0.5,0.4975,0.00125000000000003,0.00375000000000003,0.00125000000000003
"chisq","Chi-square independence",4,2015,0.025,2000,400,0.0025,0.0075,0.0225,0.0375,0,0,0.016,0.0275,0.4975,0.4925,0.5,0.49425,0.005,0.00750000000000001,0.00175000000000003
"chisq","Chi-square independence",4,2015,0.0666666666666667,2000,400,0.0025,0.0475,0.0225,0.105,0,0,0.037,0.1475,0.4775,0.45875,0.5,0.44475,0.01875,0.04125,-0.014
"chisq","Chi-square independence",4,2015,0.108333333333333,2000,400,0.0025,0.12,0.0225,0.2925,0,0,0.0155,0.22,0.44125,0.365,0.5,0.39775,0.07625,0.135,0.0327500000000001
"chisq","Chi-square independence",4,2015,0.15,2000,400,0.0025,0.4475,0.0225,0.63,0,0.01,0.0025,0.4275,0.2775,0.19625,0.495,0.2875,0.08125,0.29875,0.09125
"chisq","Chi-square independence",4,2015,0.191666666666667,2000,400,0.0025,0.7525,0.0225,0.8825,0,0.1375,5e-04,0.64,0.125,0.07,0.43125,0.18025,0.055,0.36125,0.11025
"chisq","Chi-square independence",4,2015,0.233333333333333,2000,400,0.0025,0.9375,0.0225,0.9825,0,0.39,5e-04,0.855,0.0325,0.02,0.305,0.07275,0.0125,0.285,0.05275
"chisq","Chi-square independence",4,2015,0.275,2000,400,0.0025,0.9925,0.0225,0.9975,0,0.675,5e-04,0.9625,0.00499999999999995,0.0125,0.1625,0.019,-0.00750000000000001,0.15,0.00650000000000001
"chisq","Chi-square independence",4,2015,0.316666666666667,2000,400,0.0025,0.9975,0.0225,1,0,0.9375,0,0.99,0.00249999999999995,0.01125,0.03125,0.005,-0.00875000000000004,0.02,-0.00624999999999998
"chisq","Chi-square independence",4,2015,0.358333333333333,2000,400,0.0025,1,0.0225,1,0,0.99,0,1,0.00124999999999997,0.01125,0.005,0,-0.01,-0.00624999999999998,-0.01125
"chisq","Chi-square independence",4,2015,0.4,2000,400,0.0025,1,0.0225,1,0,1,0,1,0.00124999999999997,0.01125,0,0,-0.01,-0.01125,-0.01125
"chisq","Chi-square independence",4,2015,0.441666666666667,2000,400,0.0025,1,0.0225,1,0,1,0,1,0.00124999999999997,0.01125,0,0,-0.01,-0.01125,-0.01125
"chisq","Chi-square independence",4,2015,0.483333333333333,2000,400,0.0025,1,0.0225,1,0,1,0,1,0.00124999999999997,0.01125,0,0,-0.01,-0.01125,-0.01125
"chisq","Chi-square independence",4,2015,0.525,2000,400,0.0025,1,0.0225,1,0,1,0,1,0.00124999999999997,0.01125,0,0,-0.01,-0.01125,-0.01125
"chisq","Chi-square independence",4,2015,0.566666666666667,2000,400,0.0025,1,0.0225,1,0,1,0,1,0.00124999999999997,0.01125,0,0,-0.01,-0.01125,-0.01125
"chisq","Chi-square independence",4,2015,0.608333333333333,2000,400,0.0025,1,0.0225,1,0,1,0,1,0.00124999999999997,0.01125,0,0,-0.01,-0.01125,-0.01125
"chisq","Chi-square independence",4,2015,0.65,2000,400,0.0025,1,0.0225,1,0,1,0,1,0.00124999999999997,0.01125,0,0,-0.01,-0.01125,-0.01125
"chisq","Chi-square independence",4,2015,0.691666666666667,2000,400,0.0025,1,0.0225,1,0,1,0,1,0.00124999999999997,0.01125,0,0,-0.01,-0.01125,-0.01125
"chisq","Chi-square independence",4,2015,0.733333333333333,2000,400,0.0025,1,0.0225,1,0,1,0,1,0.00124999999999997,0.01125,0,0,-0.01,-0.01125,-0.01125
"chisq","Chi-square independence",4,2015,0.775,2000,400,0.0025,1,0.0225,1,0,1,0,1,0.00124999999999997,0.01125,0,0,-0.01,-0.01125,-0.01125
"chisq","Chi-square independence",4,2015,0.816666666666667,2000,400,0.0025,1,0.0225,1,0,1,0,1,0.00124999999999997,0.01125,0,0,-0.01,-0.01125,-0.01125
"chisq","Chi-square independence",4,2015,0.858333333333333,2000,400,0.0025,1,0.0225,1,0,1,0,1,0.00124999999999997,0.01125,0,0,-0.01,-0.01125,-0.01125
"chisq","Chi-square independence",4,2015,0.9,2000,400,0.0025,1,0.0225,1,0,1,0,1,0.00124999999999997,0.01125,0,0,-0.01,-0.01125,-0.01125
"chisq","Chi-square independence",4,2462,0.002,2000,400,0.0075,0.0075,0.0205,0.03,0,0,0,0,0.5,0.49525,0.5,0.5,0.00475000000000003,0.00475000000000003,0.00475000000000003
"chisq","Chi-square independence",4,2462,0.00258309933002977,2000,400,0.0075,0,0.0205,0.015,0,0,0,0,0.50375,0.50275,0.5,0.5,0.001,-0.00275000000000003,-0.00275000000000003
"chisq","Chi-square independence",4,2462,0.00333620107440012,2000,400,0.0075,0,0.0205,0.0225,0,0,0,0,0.50375,0.499,0.5,0.5,0.00475000000000003,0.001,0.001
"chisq","Chi-square independence",4,2462,0.00430886938006377,2000,400,0.0075,0.0025,0.0205,0.0125,0,0,0,0,0.5025,0.504,0.5,0.5,-0.00149999999999995,-0.004,-0.004
"chisq","Chi-square independence",4,2462,0.00556511880441425,2000,400,0.0075,0.0075,0.0205,0.015,0,0,0,0,0.5,0.50275,0.5,0.5,-0.00275000000000003,-0.00275000000000003,-0.00275000000000003
"chisq","Chi-square independence",4,2462,0.00718762732760925,2000,400,0.0075,0.0025,0.0205,0.025,0,0,0,0,0.5025,0.49775,0.5,0.5,0.00475000000000009,0.00225000000000003,0.00225000000000003
"chisq","Chi-square independence",4,2462,0.00928317766722556,2000,400,0.0075,0,0.0205,0.015,0,0,0,0,0.50375,0.50275,0.5,0.5,0.001,-0.00275000000000003,-0.00275000000000003
"chisq","Chi-square independence",4,2462,0.0119896850063788,2000,400,0.0075,0.01,0.0205,0.0275,0,0,0,0,0.49875,0.4965,0.5,0.5,0.00225000000000003,0.0035,0.0035
"chisq","Chi-square independence",4,2462,0.0154852736536225,2000,400,0.0075,0.005,0.0205,0.015,0,0,0.002,0,0.50125,0.50275,0.5,0.501,-0.00149999999999995,-0.00275000000000003,-0.00175000000000003
"chisq","Chi-square independence",4,2462,0.02,2000,400,0.0075,0.0025,0.0205,0.0125,0,0,0.012,0.005,0.5025,0.504,0.5,0.5035,-0.00149999999999995,-0.004,-0.000499999999999945
"chisq","Chi-square independence",4,2462,0.025,2000,400,0.0075,0.01,0.0205,0.0325,0,0,0.024,0.035,0.49875,0.494,0.5,0.4945,0.00475000000000003,0.006,5e-04
"chisq","Chi-square independence",4,2462,0.0666666666666667,2000,400,0.0075,0.025,0.0205,0.08,0,0,0.0305,0.125,0.49125,0.47025,0.5,0.45275,0.021,0.02975,-0.0175
"chisq","Chi-square independence",4,2462,0.108333333333333,2000,400,0.0075,0.2275,0.0205,0.395,0,0.0075,0.012,0.295,0.39,0.31275,0.49625,0.3585,0.07725,0.1835,0.0457500000000001
"chisq","Chi-square independence",4,2462,0.15,2000,400,0.0075,0.55,0.0205,0.7425,0,0.03,0.0045,0.4775,0.22875,0.139,0.485,0.2635,0.08975,0.346,0.1245
"chisq","Chi-square independence",4,2462,0.191666666666667,2000,400,0.0075,0.8725,0.0205,0.9375,0,0.145,0.002,0.775,0.0675,0.0415,0.4275,0.1135,0.026,0.386,0.072
"chisq","Chi-square independence",4,2462,0.233333333333333,2000,400,0.0075,0.9825,0.0205,0.9975,0,0.5425,5e-04,0.925,0.0125,0.0115,0.22875,0.03775,0.00100000000000006,0.21725,0.02625
"chisq","Chi-square independence",4,2462,0.275,2000,400,0.0075,0.9975,0.0205,1,0,0.855,0,0.9825,0.005,0.01025,0.0725,0.00874999999999998,-0.00524999999999998,0.06225,-0.0015
"chisq","Chi-square independence",4,2462,0.316666666666667,2000,400,0.0075,1,0.0205,1,0,0.99,0,1,0.00375000000000003,0.01025,0.005,0,-0.00649999999999995,-0.00524999999999998,-0.01025
"chisq","Chi-square independence",4,2462,0.358333333333333,2000,400,0.0075,1,0.0205,1,0,1,0,1,0.00375000000000003,0.01025,0,0,-0.00649999999999995,-0.01025,-0.01025
"chisq","Chi-square independence",4,2462,0.4,2000,400,0.0075,1,0.0205,1,0,1,0,1,0.00375000000000003,0.01025,0,0,-0.00649999999999995,-0.01025,-0.01025
"chisq","Chi-square independence",4,2462,0.441666666666667,2000,400,0.0075,1,0.0205,1,0,1,0,1,0.00375000000000003,0.01025,0,0,-0.00649999999999995,-0.01025,-0.01025
"chisq","Chi-square independence",4,2462,0.483333333333333,2000,400,0.0075,1,0.0205,1,0,1,0,1,0.00375000000000003,0.01025,0,0,-0.00649999999999995,-0.01025,-0.01025
"chisq","Chi-square independence",4,2462,0.525,2000,400,0.0075,1,0.0205,1,0,1,0,1,0.00375000000000003,0.01025,0,0,-0.00649999999999995,-0.01025,-0.01025
"chisq","Chi-square independence",4,2462,0.566666666666667,2000,400,0.0075,1,0.0205,1,0,1,0,1,0.00375000000000003,0.01025,0,0,-0.00649999999999995,-0.01025,-0.01025
"chisq","Chi-square independence",4,2462,0.608333333333333,2000,400,0.0075,1,0.0205,1,0,1,0,1,0.00375000000000003,0.01025,0,0,-0.00649999999999995,-0.01025,-0.01025
"chisq","Chi-square independence",4,2462,0.65,2000,400,0.0075,1,0.0205,1,0,1,0,1,0.00375000000000003,0.01025,0,0,-0.00649999999999995,-0.01025,-0.01025
"chisq","Chi-square independence",4,2462,0.691666666666667,2000,400,0.0075,1,0.0205,1,0,1,0,1,0.00375000000000003,0.01025,0,0,-0.00649999999999995,-0.01025,-0.01025
"chisq","Chi-square independence",4,2462,0.733333333333333,2000,400,0.0075,1,0.0205,1,0,1,0,1,0.00375000000000003,0.01025,0,0,-0.00649999999999995,-0.01025,-0.01025
"chisq","Chi-square independence",4,2462,0.775,2000,400,0.0075,1,0.0205,1,0,1,0,1,0.00375000000000003,0.01025,0,0,-0.00649999999999995,-0.01025,-0.01025
"chisq","Chi-square independence",4,2462,0.816666666666667,2000,400,0.0075,1,0.0205,1,0,1,0,1,0.00375000000000003,0.01025,0,0,-0.00649999999999995,-0.01025,-0.01025
"chisq","Chi-square independence",4,2462,0.858333333333333,2000,400,0.0075,1,0.0205,1,0,1,0,1,0.00375000000000003,0.01025,0,0,-0.00649999999999995,-0.01025,-0.01025
"chisq","Chi-square independence",4,2462,0.9,2000,400,0.0075,1,0.0205,1,0,1,0,1,0.00375000000000003,0.01025,0,0,-0.00649999999999995,-0.01025,-0.01025
"chisq","Chi-square independence",4,3008,0.002,2000,400,0.0035,0.005,0.0205,0.03,0,0,0,0,0.49925,0.49525,0.5,0.5,0.00400000000000006,0.00475000000000003,0.00475000000000003
"chisq","Chi-square independence",4,3008,0.00258309933002977,2000,400,0.0035,0.005,0.0205,0.025,0,0,0,0,0.49925,0.49775,0.5,0.5,0.00150000000000006,0.00225000000000003,0.00225000000000003
"chisq","Chi-square independence",4,3008,0.00333620107440012,2000,400,0.0035,0.015,0.0205,0.0325,0,0,0,0,0.49425,0.494,0.5,0.5,0.000250000000000028,0.006,0.006
"chisq","Chi-square independence",4,3008,0.00430886938006377,2000,400,0.0035,0.0025,0.0205,0.02,0,0,0,0,0.5005,0.50025,0.5,0.5,0.000250000000000083,-0.000249999999999972,-0.000249999999999972
"chisq","Chi-square independence",4,3008,0.00556511880441425,2000,400,0.0035,0.0025,0.0205,0.025,0,0,0,0,0.5005,0.49775,0.5,0.5,0.00275000000000009,0.00225000000000003,0.00225000000000003
"chisq","Chi-square independence",4,3008,0.00718762732760925,2000,400,0.0035,0.005,0.0205,0.0225,0,0,0,0,0.49925,0.499,0.5,0.5,0.000250000000000028,0.001,0.001
"chisq","Chi-square independence",4,3008,0.00928317766722556,2000,400,0.0035,0.005,0.0205,0.0275,0,0,0,0,0.49925,0.4965,0.5,0.5,0.00275000000000003,0.0035,0.0035
"chisq","Chi-square independence",4,3008,0.0119896850063788,2000,400,0.0035,0.015,0.0205,0.035,0,0,0,0,0.49425,0.49275,0.5,0.5,0.00150000000000006,0.00725000000000003,0.00725000000000003
"chisq","Chi-square independence",4,3008,0.0154852736536225,2000,400,0.0035,0.0075,0.0205,0.0225,0,0,0.0025,0.005,0.498,0.499,0.5,0.49875,-0.000999999999999945,0.001,-0.000250000000000028
"chisq","Chi-square independence",4,3008,0.02,2000,400,0.0035,0.005,0.0205,0.0175,0,0,0.0135,0.0125,0.49925,0.5015,0.5,0.5005,-0.00224999999999992,-0.00149999999999995,-0.00099999999999989
"chisq","Chi-square independence",4,3008,0.025,2000,400,0.0035,0.01,0.0205,0.0275,0,0,0.0315,0.04,0.49675,0.4965,0.5,0.49575,0.000250000000000028,0.0035,-0.000749999999999973
"chisq","Chi-square independence",4,3008,0.0666666666666667,2000,400,0.0035,0.055,0.0205,0.1275,0,0,0.027,0.1475,0.47425,0.4465,0.5,0.43975,0.02775,0.0535,-0.00675000000000003
"chisq","Chi-square independence",4,3008,0.108333333333333,2000,400,0.0035,0.315,0.0205,0.465,0,0,0.005,0.3325,0.34425,0.27775,0.5,0.33625,0.0665000000000001,0.22225,0.0585
"chisq","Chi-square independence",4,3008,0.15,2000,400,0.0035,0.6625,0.0205,0.825,0,0.0275,0.002,0.575,0.1705,0.09775,0.48625,0.2135,0.07275,0.3885,0.11575
"chisq","Chi-square independence",4,3008,0.191666666666667,2000,400,0.0035,0.9425,0.0205,0.9775,0,0.2875,5e-04,0.82,0.0305,0.0215,0.35625,0.09025,0.00900000000000006,0.33475,0.06875
"chisq","Chi-square independence",4,3008,0.233333333333333,2000,400,0.0035,0.9975,0.0205,1,0,0.71,0,0.9675,0.003,0.01025,0.145,0.01625,-0.00724999999999998,0.13475,0.006
"chisq","Chi-square independence",4,3008,0.275,2000,400,0.0035,1,0.0205,1,0,0.9475,0,0.995,0.00175000000000003,0.01025,0.02625,0.0025,-0.00849999999999995,0.016,-0.00774999999999998
"chisq","Chi-square independence",4,3008,0.316666666666667,2000,400,0.0035,1,0.0205,1,0,0.995,0,1,0.00175000000000003,0.01025,0.0025,0,-0.00849999999999995,-0.00774999999999998,-0.01025
"chisq","Chi-square independence",4,3008,0.358333333333333,2000,400,0.0035,1,0.0205,1,0,0.9975,0,1,0.00175000000000003,0.01025,0.00124999999999997,0,-0.00849999999999995,-0.00900000000000001,-0.01025
"chisq","Chi-square independence",4,3008,0.4,2000,400,0.0035,1,0.0205,1,0,1,0,1,0.00175000000000003,0.01025,0,0,-0.00849999999999995,-0.01025,-0.01025
"chisq","Chi-square independence",4,3008,0.441666666666667,2000,400,0.0035,1,0.0205,1,0,1,0,1,0.00175000000000003,0.01025,0,0,-0.00849999999999995,-0.01025,-0.01025
"chisq","Chi-square independence",4,3008,0.483333333333333,2000,400,0.0035,1,0.0205,1,0,1,0,1,0.00175000000000003,0.01025,0,0,-0.00849999999999995,-0.01025,-0.01025
"chisq","Chi-square independence",4,3008,0.525,2000,400,0.0035,1,0.0205,1,0,1,0,1,0.00175000000000003,0.01025,0,0,-0.00849999999999995,-0.01025,-0.01025
"chisq","Chi-square independence",4,3008,0.566666666666667,2000,400,0.0035,1,0.0205,1,0,1,0,1,0.00175000000000003,0.01025,0,0,-0.00849999999999995,-0.01025,-0.01025
"chisq","Chi-square independence",4,3008,0.608333333333333,2000,400,0.0035,1,0.0205,1,0,1,0,1,0.00175000000000003,0.01025,0,0,-0.00849999999999995,-0.01025,-0.01025
"chisq","Chi-square independence",4,3008,0.65,2000,400,0.0035,1,0.0205,1,0,1,0,1,0.00175000000000003,0.01025,0,0,-0.00849999999999995,-0.01025,-0.01025
"chisq","Chi-square independence",4,3008,0.691666666666667,2000,400,0.0035,1,0.0205,1,0,1,0,1,0.00175000000000003,0.01025,0,0,-0.00849999999999995,-0.01025,-0.01025
"chisq","Chi-square independence",4,3008,0.733333333333333,2000,400,0.0035,1,0.0205,1,0,1,0,1,0.00175000000000003,0.01025,0,0,-0.00849999999999995,-0.01025,-0.01025
"chisq","Chi-square independence",4,3008,0.775,2000,400,0.0035,1,0.0205,1,0,1,0,1,0.00175000000000003,0.01025,0,0,-0.00849999999999995,-0.01025,-0.01025
"chisq","Chi-square independence",4,3008,0.816666666666667,2000,400,0.0035,1,0.0205,1,0,1,0,1,0.00175000000000003,0.01025,0,0,-0.00849999999999995,-0.01025,-0.01025
"chisq","Chi-square independence",4,3008,0.858333333333333,2000,400,0.0035,1,0.0205,1,0,1,0,1,0.00175000000000003,0.01025,0,0,-0.00849999999999995,-0.01025,-0.01025
"chisq","Chi-square independence",4,3008,0.9,2000,400,0.0035,1,0.0205,1,0,1,0,1,0.00175000000000003,0.01025,0,0,-0.00849999999999995,-0.01025,-0.01025
"chisq","Chi-square independence",4,3675,0.002,2000,400,0.008,0.005,0.021,0.02,0,0,0,0,0.5015,0.5005,0.5,0.5,0.00100000000000011,-0.000499999999999945,-0.000499999999999945
"chisq","Chi-square independence",4,3675,0.00258309933002977,2000,400,0.008,0.0075,0.021,0.0225,0,0,0,0,0.50025,0.49925,0.5,0.5,0.001,0.000750000000000028,0.000750000000000028
"chisq","Chi-square independence",4,3675,0.00333620107440012,2000,400,0.008,0.0025,0.021,0.0175,0,0,0,0,0.50275,0.50175,0.5,0.5,0.00100000000000011,-0.00174999999999992,-0.00174999999999992
"chisq","Chi-square independence",4,3675,0.00430886938006377,2000,400,0.008,0.005,0.021,0.02,0,0,0,0,0.5015,0.5005,0.5,0.5,0.00100000000000011,-0.000499999999999945,-0.000499999999999945
"chisq","Chi-square independence",4,3675,0.00556511880441425,2000,400,0.008,0.005,0.021,0.0125,0,0,0,0,0.5015,0.50425,0.5,0.5,-0.00274999999999992,-0.00424999999999998,-0.00424999999999998
"chisq","Chi-square independence",4,3675,0.00718762732760925,2000,400,0.008,0,0.021,0.0175,0,0,0,0,0.504,0.50175,0.5,0.5,0.00225000000000009,-0.00174999999999992,-0.00174999999999992
"chisq","Chi-square independence",4,3675,0.00928317766722556,2000,400,0.008,0,0.021,0.0175,0,0,0,0,0.504,0.50175,0.5,0.5,0.00225000000000009,-0.00174999999999992,-0.00174999999999992
"chisq","Chi-square independence",4,3675,0.0119896850063788,2000,400,0.008,0.0075,0.021,0.025,0,0,0.001,0.0025,0.50025,0.498,0.5,0.49925,0.00225000000000003,0.00200000000000006,0.00125000000000003
"chisq","Chi-square independence",4,3675,0.0154852736536225,2000,400,0.008,0.005,0.021,0.0175,0,0,0.009,0.0075,0.5015,0.50175,0.5,0.50075,-0.000249999999999861,-0.00174999999999992,-0.001
"chisq","Chi-square independence",4,3675,0.02,2000,400,0.008,0.01,0.021,0.04,0,0,0.023,0.0425,0.499,0.4905,0.5,0.49025,0.00850000000000006,0.00950000000000006,-0.000249999999999972
"chisq","Chi-square independence",4,3675,0.025,2000,400,0.008,0.01,0.021,0.0275,0,0,0.0385,0.05,0.499,0.49675,0.5,0.49425,0.00225000000000003,0.00325000000000003,-0.0025
"chisq","Chi-square independence",4,3675,0.0666666666666667,2000,400,0.008,0.0875,0.021,0.1875,0,0,0.0225,0.195,0.46025,0.41675,0.5,0.41375,0.0435,0.08325,-0.003
"chisq","Chi-square independence",4,3675,0.108333333333333,2000,400,0.008,0.4125,0.021,0.58,0,0.0175,0.008,0.4025,0.29775,0.2205,0.49125,0.30275,0.07725,0.27075,0.08225
"chisq","Chi-square independence",4,3675,0.15,2000,400,0.008,0.81,0.021,0.91,0,0.0875,0.002,0.655,0.099,0.0554999999999999,0.45625,0.1735,0.0435,0.40075,0.118
"chisq","Chi-square independence",4,3675,0.191666666666667,2000,400,0.008,0.98,0.021,0.99,0,0.4375,0.001,0.915,0.014,0.0155,0.28125,0.0429999999999999,-0.00149999999999995,0.26575,0.0275
"chisq","Chi-square independence",4,3675,0.233333333333333,2000,400,0.008,1,0.021,1,0,0.8825,5e-04,0.99,0.004,0.0105,0.05875,0.00524999999999998,-0.00649999999999995,0.0482500000000001,-0.00524999999999998
"chisq","Chi-square independence",4,3675,0.275,2000,400,0.008,1,0.021,1,0,0.985,5e-04,1,0.004,0.0105,0.00750000000000001,0.000249999999999972,-0.00649999999999995,-0.00299999999999995,-0.01025
"chisq","Chi-square independence",4,3675,0.316666666666667,2000,400,0.008,1,0.021,1,0,0.9975,0,1,0.004,0.0105,0.00124999999999997,0,-0.00649999999999995,-0.00924999999999998,-0.0105
"chisq","Chi-square independence",4,3675,0.358333333333333,2000,400,0.008,1,0.021,1,0,1,0,1,0.004,0.0105,0,0,-0.00649999999999995,-0.0105,-0.0105
"chisq","Chi-square independence",4,3675,0.4,2000,400,0.008,1,0.021,1,0,1,0,1,0.004,0.0105,0,0,-0.00649999999999995,-0.0105,-0.0105
"chisq","Chi-square independence",4,3675,0.441666666666667,2000,400,0.008,1,0.021,1,0,1,0,1,0.004,0.0105,0,0,-0.00649999999999995,-0.0105,-0.0105
"chisq","Chi-square independence",4,3675,0.483333333333333,2000,400,0.008,1,0.021,1,0,1,0,1,0.004,0.0105,0,0,-0.00649999999999995,-0.0105,-0.0105
"chisq","Chi-square independence",4,3675,0.525,2000,400,0.008,1,0.021,1,0,1,0,1,0.004,0.0105,0,0,-0.00649999999999995,-0.0105,-0.0105
"chisq","Chi-square independence",4,3675,0.566666666666667,2000,400,0.008,1,0.021,1,0,1,0,1,0.004,0.0105,0,0,-0.00649999999999995,-0.0105,-0.0105
"chisq","Chi-square independence",4,3675,0.608333333333333,2000,400,0.008,1,0.021,1,0,1,0,1,0.004,0.0105,0,0,-0.00649999999999995,-0.0105,-0.0105
"chisq","Chi-square independence",4,3675,0.65,2000,400,0.008,1,0.021,1,0,1,0,1,0.004,0.0105,0,0,-0.00649999999999995,-0.0105,-0.0105
"chisq","Chi-square independence",4,3675,0.691666666666667,2000,400,0.008,1,0.021,1,0,1,0,1,0.004,0.0105,0,0,-0.00649999999999995,-0.0105,-0.0105
"chisq","Chi-square independence",4,3675,0.733333333333333,2000,400,0.008,1,0.021,1,0,1,0,1,0.004,0.0105,0,0,-0.00649999999999995,-0.0105,-0.0105
"chisq","Chi-square independence",4,3675,0.775,2000,400,0.008,1,0.021,1,0,1,0,1,0.004,0.0105,0,0,-0.00649999999999995,-0.0105,-0.0105
"chisq","Chi-square independence",4,3675,0.816666666666667,2000,400,0.008,1,0.021,1,0,1,0,1,0.004,0.0105,0,0,-0.00649999999999995,-0.0105,-0.0105
"chisq","Chi-square independence",4,3675,0.858333333333333,2000,400,0.008,1,0.021,1,0,1,0,1,0.004,0.0105,0,0,-0.00649999999999995,-0.0105,-0.0105
"chisq","Chi-square independence",4,3675,0.9,2000,400,0.008,1,0.021,1,0,1,0,1,0.004,0.0105,0,0,-0.00649999999999995,-0.0105,-0.0105
"chisq","Chi-square independence",4,4489,0.002,2000,400,0.007,0.0125,0.0195,0.03,0,0,0,0,0.49725,0.49475,0.5,0.5,0.00249999999999995,0.00524999999999998,0.00524999999999998
"chisq","Chi-square independence",4,4489,0.00258309933002977,2000,400,0.007,0.0025,0.0195,0.0125,0,0,0,0,0.50225,0.5035,0.5,0.5,-0.00125000000000008,-0.00350000000000006,-0.00350000000000006
"chisq","Chi-square independence",4,4489,0.00333620107440012,2000,400,0.007,0.01,0.0195,0.025,0,0,0,0,0.4985,0.49725,0.5,0.5,0.00124999999999992,0.00274999999999997,0.00274999999999997
"chisq","Chi-square independence",4,4489,0.00430886938006377,2000,400,0.007,0.0075,0.0195,0.0175,0,0,0,0,0.49975,0.501,0.5,0.5,-0.00125000000000003,-0.001,-0.001
"chisq","Chi-square independence",4,4489,0.00556511880441425,2000,400,0.007,0.0075,0.0195,0.0125,0,0,0,0,0.49975,0.5035,0.5,0.5,-0.00375000000000009,-0.00350000000000006,-0.00350000000000006
"chisq","Chi-square independence",4,4489,0.00718762732760925,2000,400,0.007,0.005,0.0195,0.015,0,0,0,0,0.501,0.50225,0.5,0.5,-0.00125000000000008,-0.00225000000000009,-0.00225000000000009
"chisq","Chi-square independence",4,4489,0.00928317766722556,2000,400,0.007,0.0025,0.0195,0.025,0,0,0,0,0.50225,0.49725,0.5,0.5,0.00499999999999995,0.00274999999999997,0.00274999999999997
"chisq","Chi-square independence",4,4489,0.0119896850063788,2000,400,0.007,0.0075,0.0195,0.01,0,0,0.0045,0.0025,0.49975,0.50475,0.5,0.501,-0.00500000000000006,-0.00475000000000003,-0.00375000000000003
"chisq","Chi-square independence",4,4489,0.0154852736536225,2000,400,0.007,0.005,0.0195,0.0225,0,0,0.0125,0.0175,0.501,0.4985,0.5,0.4975,0.00249999999999995,0.00149999999999995,-0.00100000000000006
"chisq","Chi-square independence",4,4489,0.02,2000,400,0.007,0.0175,0.0195,0.0375,0,0,0.029,0.05,0.49475,0.491,0.5,0.4895,0.00374999999999992,0.00899999999999995,-0.00150000000000011
"chisq","Chi-square independence",4,4489,0.025,2000,400,0.007,0.0225,0.0195,0.0375,0,0,0.0465,0.0925,0.49225,0.491,0.5,0.477,0.00124999999999992,0.00899999999999995,-0.0140000000000001
"chisq","Chi-square independence",4,4489,0.0666666666666667,2000,400,0.007,0.105,0.0195,0.2025,0,0,0.0185,0.2,0.451,0.4085,0.5,0.40925,0.0424999999999999,0.0915,0.000749999999999973
"chisq","Chi-square independence",4,4489,0.108333333333333,2000,400,0.007,0.5125,0.0195,0.675,0,0.005,0.006,0.4625,0.24725,0.17225,0.4975,0.27175,0.075,0.32525,0.0995
"chisq","Chi-square independence",4,4489,0.15,2000,400,0.007,0.9075,0.0195,0.9575,0,0.1725,5e-04,0.8025,0.04975,0.031,0.41375,0.099,0.0187499999999999,0.38275,0.068
"chisq","Chi-square independence",4,4489,0.191666666666667,2000,400,0.007,0.9975,0.0195,1,0,0.68,0,0.965,0.00474999999999992,0.00975000000000004,0.16,0.0175,-0.00500000000000012,0.15025,0.00774999999999998
"chisq","Chi-square independence",4,4489,0.233333333333333,2000,400,0.007,1,0.0195,1,0,0.9625,0,1,0.00349999999999995,0.00975000000000004,0.01875,0,-0.00625000000000009,0.00899999999999995,-0.00975000000000004
"chisq","Chi-square independence",4,4489,0.275,2000,400,0.007,1,0.0195,1,0,1,0,1,0.00349999999999995,0.00975000000000004,0,0,-0.00625000000000009,-0.00975000000000004,-0.00975000000000004
"chisq","Chi-square independence",4,4489,0.316666666666667,2000,400,0.007,1,0.0195,1,0,1,0,1,0.00349999999999995,0.00975000000000004,0,0,-0.00625000000000009,-0.00975000000000004,-0.00975000000000004
"chisq","Chi-square independence",4,4489,0.358333333333333,2000,400,0.007,1,0.0195,1,0,1,0,1,0.00349999999999995,0.00975000000000004,0,0,-0.00625000000000009,-0.00975000000000004,-0.00975000000000004
"chisq","Chi-square independence",4,4489,0.4,2000,400,0.007,1,0.0195,1,0,1,0,1,0.00349999999999995,0.00975000000000004,0,0,-0.00625000000000009,-0.00975000000000004,-0.00975000000000004
"chisq","Chi-square independence",4,4489,0.441666666666667,2000,400,0.007,1,0.0195,1,0,1,0,1,0.00349999999999995,0.00975000000000004,0,0,-0.00625000000000009,-0.00975000000000004,-0.00975000000000004
"chisq","Chi-square independence",4,4489,0.483333333333333,2000,400,0.007,1,0.0195,1,0,1,0,1,0.00349999999999995,0.00975000000000004,0,0,-0.00625000000000009,-0.00975000000000004,-0.00975000000000004
"chisq","Chi-square independence",4,4489,0.525,2000,400,0.007,1,0.0195,1,0,1,0,1,0.00349999999999995,0.00975000000000004,0,0,-0.00625000000000009,-0.00975000000000004,-0.00975000000000004
"chisq","Chi-square independence",4,4489,0.566666666666667,2000,400,0.007,1,0.0195,1,0,1,0,1,0.00349999999999995,0.00975000000000004,0,0,-0.00625000000000009,-0.00975000000000004,-0.00975000000000004
"chisq","Chi-square independence",4,4489,0.608333333333333,2000,400,0.007,1,0.0195,1,0,1,0,1,0.00349999999999995,0.00975000000000004,0,0,-0.00625000000000009,-0.00975000000000004,-0.00975000000000004
"chisq","Chi-square independence",4,4489,0.65,2000,400,0.007,1,0.0195,1,0,1,0,1,0.00349999999999995,0.00975000000000004,0,0,-0.00625000000000009,-0.00975000000000004,-0.00975000000000004
"chisq","Chi-square independence",4,4489,0.691666666666667,2000,400,0.007,1,0.0195,1,0,1,0,1,0.00349999999999995,0.00975000000000004,0,0,-0.00625000000000009,-0.00975000000000004,-0.00975000000000004
"chisq","Chi-square independence",4,4489,0.733333333333333,2000,400,0.007,1,0.0195,1,0,1,0,1,0.00349999999999995,0.00975000000000004,0,0,-0.00625000000000009,-0.00975000000000004,-0.00975000000000004
"chisq","Chi-square independence",4,4489,0.775,2000,400,0.007,1,0.0195,1,0,1,0,1,0.00349999999999995,0.00975000000000004,0,0,-0.00625000000000009,-0.00975000000000004,-0.00975000000000004
"chisq","Chi-square independence",4,4489,0.816666666666667,2000,400,0.007,1,0.0195,1,0,1,0,1,0.00349999999999995,0.00975000000000004,0,0,-0.00625000000000009,-0.00975000000000004,-0.00975000000000004
"chisq","Chi-square independence",4,4489,0.858333333333333,2000,400,0.007,1,0.0195,1,0,1,0,1,0.00349999999999995,0.00975000000000004,0,0,-0.00625000000000009,-0.00975000000000004,-0.00975000000000004
"chisq","Chi-square independence",4,4489,0.9,2000,400,0.007,1,0.0195,1,0,1,0,1,0.00349999999999995,0.00975000000000004,0,0,-0.00625000000000009,-0.00975000000000004,-0.00975000000000004
"chisq","Chi-square independence",4,5484,0.002,2000,400,0.0075,0.01,0.015,0.02,0,0,0,0,0.49875,0.4975,0.5,0.5,0.00125000000000008,0.00250000000000006,0.00250000000000006
"chisq","Chi-square independence",4,5484,0.00258309933002977,2000,400,0.0075,0.0025,0.015,0.01,0,0,0,0,0.5025,0.5025,0.5,0.5,1.11022302462516e-16,-0.00249999999999995,-0.00249999999999995
"chisq","Chi-square independence",4,5484,0.00333620107440012,2000,400,0.0075,0.01,0.015,0.02,0,0,0,0,0.49875,0.4975,0.5,0.5,0.00125000000000008,0.00250000000000006,0.00250000000000006
"chisq","Chi-square independence",4,5484,0.00430886938006377,2000,400,0.0075,0,0.015,0.005,0,0,0,0,0.50375,0.505,0.5,0.5,-0.00124999999999997,-0.005,-0.005
"chisq","Chi-square independence",4,5484,0.00556511880441425,2000,400,0.0075,0.0075,0.015,0.015,0,0,0,0,0.5,0.5,0.5,0.5,5.55111512312578e-17,5.55111512312578e-17,5.55111512312578e-17
"chisq","Chi-square independence",4,5484,0.00718762732760925,2000,400,0.0075,0.01,0.015,0.025,0,0,0,0,0.49875,0.495,0.5,0.5,0.00375000000000009,0.00500000000000006,0.00500000000000006
"chisq","Chi-square independence",4,5484,0.00928317766722556,2000,400,0.0075,0.0025,0.015,0.0175,0,0,0.0015,0,0.5025,0.49875,0.5,0.50075,0.00375000000000009,0.00125000000000003,0.00200000000000006
"chisq","Chi-square independence",4,5484,0.0119896850063788,2000,400,0.0075,0.005,0.015,0.02,0,0,0.0075,0.005,0.50125,0.4975,0.5,0.50125,0.00375000000000014,0.00250000000000006,0.00375000000000014
"chisq","Chi-square independence",4,5484,0.0154852736536225,2000,400,0.0075,0.005,0.015,0.02,0,0,0.017,0.0225,0.50125,0.4975,0.5,0.49725,0.00375000000000014,0.00250000000000006,-0.000249999999999972
"chisq","Chi-square independence",4,5484,0.02,2000,400,0.0075,0.0025,0.015,0.02,0,0,0.0445,0.045,0.5025,0.4975,0.5,0.49975,0.00500000000000012,0.00250000000000006,0.00225000000000003
"chisq","Chi-square independence",4,5484,0.025,2000,400,0.0075,0.015,0.015,0.0475,0,0,0.0575,0.1075,0.49625,0.48375,0.5,0.475,0.0125000000000001,0.01625,-0.00874999999999992
"chisq","Chi-square independence",4,5484,0.0666666666666667,2000,400,0.0075,0.16,0.015,0.27,0,0,0.0135,0.235,0.42375,0.3725,0.5,0.38925,0.0512500000000001,0.1275,0.0167500000000001
"chisq","Chi-square independence",4,5484,0.108333333333333,2000,400,0.0075,0.65,0.015,0.7825,0,0.045,0.0045,0.565,0.17875,0.11625,0.4775,0.21975,0.0625,0.36125,0.1035
"chisq","Chi-square independence",4,5484,0.15,2000,400,0.0075,0.9625,0.015,0.9825,0,0.3525,0.0025,0.8775,0.0225,0.0162499999999999,0.32375,0.0625,0.00625000000000009,0.3075,0.0462500000000001
"chisq","Chi-square independence",4,5484,0.191666666666667,2000,400,0.0075,0.9975,0.015,0.9975,0,0.86,0.001,0.995,0.005,0.00874999999999992,0.07,0.00299999999999995,-0.00374999999999992,0.0612500000000001,-0.00574999999999998
"chisq","Chi-square independence",4,5484,0.233333333333333,2000,400,0.0075,1,0.015,1,0,0.995,0,1,0.00375000000000003,0.00749999999999995,0.0025,0,-0.00374999999999992,-0.00499999999999995,-0.00749999999999995
"chisq","Chi-square independence",4,5484,0.275,2000,400,0.0075,1,0.015,1,0,1,0,1,0.00375000000000003,0.00749999999999995,0,0,-0.00374999999999992,-0.00749999999999995,-0.00749999999999995
"chisq","Chi-square independence",4,5484,0.316666666666667,2000,400,0.0075,1,0.015,1,0,1,0,1,0.00375000000000003,0.00749999999999995,0,0,-0.00374999999999992,-0.00749999999999995,-0.00749999999999995
"chisq","Chi-square independence",4,5484,0.358333333333333,2000,400,0.0075,1,0.015,1,0,1,0,1,0.00375000000000003,0.00749999999999995,0,0,-0.00374999999999992,-0.00749999999999995,-0.00749999999999995
"chisq","Chi-square independence",4,5484,0.4,2000,400,0.0075,1,0.015,1,0,1,0,1,0.00375000000000003,0.00749999999999995,0,0,-0.00374999999999992,-0.00749999999999995,-0.00749999999999995
"chisq","Chi-square independence",4,5484,0.441666666666667,2000,400,0.0075,1,0.015,1,0,1,0,1,0.00375000000000003,0.00749999999999995,0,0,-0.00374999999999992,-0.00749999999999995,-0.00749999999999995
"chisq","Chi-square independence",4,5484,0.483333333333333,2000,400,0.0075,1,0.015,1,0,1,0,1,0.00375000000000003,0.00749999999999995,0,0,-0.00374999999999992,-0.00749999999999995,-0.00749999999999995
"chisq","Chi-square independence",4,5484,0.525,2000,400,0.0075,1,0.015,1,0,1,0,1,0.00375000000000003,0.00749999999999995,0,0,-0.00374999999999992,-0.00749999999999995,-0.00749999999999995
"chisq","Chi-square independence",4,5484,0.566666666666667,2000,400,0.0075,1,0.015,1,0,1,0,1,0.00375000000000003,0.00749999999999995,0,0,-0.00374999999999992,-0.00749999999999995,-0.00749999999999995
"chisq","Chi-square independence",4,5484,0.608333333333333,2000,400,0.0075,1,0.015,1,0,1,0,1,0.00375000000000003,0.00749999999999995,0,0,-0.00374999999999992,-0.00749999999999995,-0.00749999999999995
"chisq","Chi-square independence",4,5484,0.65,2000,400,0.0075,1,0.015,1,0,1,0,1,0.00375000000000003,0.00749999999999995,0,0,-0.00374999999999992,-0.00749999999999995,-0.00749999999999995
"chisq","Chi-square independence",4,5484,0.691666666666667,2000,400,0.0075,1,0.015,1,0,1,0,1,0.00375000000000003,0.00749999999999995,0,0,-0.00374999999999992,-0.00749999999999995,-0.00749999999999995
"chisq","Chi-square independence",4,5484,0.733333333333333,2000,400,0.0075,1,0.015,1,0,1,0,1,0.00375000000000003,0.00749999999999995,0,0,-0.00374999999999992,-0.00749999999999995,-0.00749999999999995
"chisq","Chi-square independence",4,5484,0.775,2000,400,0.0075,1,0.015,1,0,1,0,1,0.00375000000000003,0.00749999999999995,0,0,-0.00374999999999992,-0.00749999999999995,-0.00749999999999995
"chisq","Chi-square independence",4,5484,0.816666666666667,2000,400,0.0075,1,0.015,1,0,1,0,1,0.00375000000000003,0.00749999999999995,0,0,-0.00374999999999992,-0.00749999999999995,-0.00749999999999995
"chisq","Chi-square independence",4,5484,0.858333333333333,2000,400,0.0075,1,0.015,1,0,1,0,1,0.00375000000000003,0.00749999999999995,0,0,-0.00374999999999992,-0.00749999999999995,-0.00749999999999995
"chisq","Chi-square independence",4,5484,0.9,2000,400,0.0075,1,0.015,1,0,1,0,1,0.00375000000000003,0.00749999999999995,0,0,-0.00374999999999992,-0.00749999999999995,-0.00749999999999995
"chisq","Chi-square independence",4,6700,0.002,2000,400,0.005,0.005,0.019,0.0075,0,0,0,0,0.5,0.50575,0.5,0.5,-0.00574999999999998,-0.00574999999999992,-0.00574999999999992
"chisq","Chi-square independence",4,6700,0.00258309933002977,2000,400,0.005,0.0125,0.019,0.03,0,0,0,0,0.49625,0.4945,0.5,0.5,0.00175000000000003,0.00550000000000006,0.00550000000000006
"chisq","Chi-square independence",4,6700,0.00333620107440012,2000,400,0.005,0.015,0.019,0.0175,0,0,0,0,0.495,0.50075,0.5,0.5,-0.00574999999999998,-0.000749999999999917,-0.000749999999999917
"chisq","Chi-square independence",4,6700,0.00430886938006377,2000,400,0.005,0.0075,0.019,0.0125,0,0,0,0,0.49875,0.50325,0.5,0.5,-0.0045,-0.00324999999999998,-0.00324999999999998
"chisq","Chi-square independence",4,6700,0.00556511880441425,2000,400,0.005,0.0025,0.019,0.01,0,0,0,0,0.50125,0.5045,0.5,0.5,-0.00324999999999998,-0.00449999999999995,-0.00449999999999995
"chisq","Chi-square independence",4,6700,0.00718762732760925,2000,400,0.005,0.01,0.019,0.0275,0,0,0,0,0.4975,0.49575,0.5,0.5,0.00174999999999997,0.00425000000000003,0.00425000000000003
"chisq","Chi-square independence",4,6700,0.00928317766722556,2000,400,0.005,0.005,0.019,0.0225,0,0,5e-04,0,0.5,0.49825,0.5,0.50025,0.00174999999999997,0.00175000000000003,0.002
"chisq","Chi-square independence",4,6700,0.0119896850063788,2000,400,0.005,0.0025,0.019,0.015,0,0,0.0095,0.0075,0.50125,0.502,0.5,0.501,-0.000750000000000028,-0.002,-0.001
"chisq","Chi-square independence",4,6700,0.0154852736536225,2000,400,0.005,0.0075,0.019,0.0325,0,0,0.0295,0.0425,0.49875,0.49325,0.5,0.4935,0.0055,0.00675000000000003,0.000250000000000083
"chisq","Chi-square independence",4,6700,0.02,2000,400,0.005,0.0175,0.019,0.0375,0,0,0.039,0.1075,0.49375,0.49075,0.5,0.46575,0.003,0.00925000000000004,-0.025
"chisq","Chi-square independence",4,6700,0.025,2000,400,0.005,0.0125,0.019,0.035,0,0,0.0445,0.095,0.49625,0.492,0.5,0.47475,0.00425000000000003,0.00800000000000006,-0.0172499999999999
"chisq","Chi-square independence",4,6700,0.0666666666666667,2000,400,0.005,0.22,0.019,0.3225,0,0,0.0095,0.275,0.3925,0.34825,0.5,0.36725,0.04425,0.15175,0.0190000000000001
"chisq","Chi-square independence",4,6700,0.108333333333333,2000,400,0.005,0.78,0.019,0.8675,0,0.0575,0.001,0.6575,0.1125,0.0757499999999999,0.47125,0.17175,0.03675,0.3955,0.096
"chisq","Chi-square independence",4,6700,0.15,2000,400,0.005,0.9975,0.019,1,0,0.51,0,0.9625,0.00374999999999992,0.00949999999999995,0.245,0.01875,-0.00575000000000003,0.2355,0.00925000000000004
"chisq","Chi-square independence",4,6700,0.191666666666667,2000,400,0.005,1,0.019,1,0,0.9425,0,1,0.00249999999999995,0.00949999999999995,0.02875,0,-0.00700000000000001,0.01925,-0.00949999999999995
"chisq","Chi-square independence",4,6700,0.233333333333333,2000,400,0.005,1,0.019,1,0,1,0,1,0.00249999999999995,0.00949999999999995,0,0,-0.00700000000000001,-0.00949999999999995,-0.00949999999999995
"chisq","Chi-square independence",4,6700,0.275,2000,400,0.005,1,0.019,1,0,1,0,1,0.00249999999999995,0.00949999999999995,0,0,-0.00700000000000001,-0.00949999999999995,-0.00949999999999995
"chisq","Chi-square independence",4,6700,0.316666666666667,2000,400,0.005,1,0.019,1,0,1,0,1,0.00249999999999995,0.00949999999999995,0,0,-0.00700000000000001,-0.00949999999999995,-0.00949999999999995
"chisq","Chi-square independence",4,6700,0.358333333333333,2000,400,0.005,1,0.019,1,0,1,0,1,0.00249999999999995,0.00949999999999995,0,0,-0.00700000000000001,-0.00949999999999995,-0.00949999999999995
"chisq","Chi-square independence",4,6700,0.4,2000,400,0.005,1,0.019,1,0,1,0,1,0.00249999999999995,0.00949999999999995,0,0,-0.00700000000000001,-0.00949999999999995,-0.00949999999999995
"chisq","Chi-square independence",4,6700,0.441666666666667,2000,400,0.005,1,0.019,1,0,1,0,1,0.00249999999999995,0.00949999999999995,0,0,-0.00700000000000001,-0.00949999999999995,-0.00949999999999995
"chisq","Chi-square independence",4,6700,0.483333333333333,2000,400,0.005,1,0.019,1,0,1,0,1,0.00249999999999995,0.00949999999999995,0,0,-0.00700000000000001,-0.00949999999999995,-0.00949999999999995
"chisq","Chi-square independence",4,6700,0.525,2000,400,0.005,1,0.019,1,0,1,0,1,0.00249999999999995,0.00949999999999995,0,0,-0.00700000000000001,-0.00949999999999995,-0.00949999999999995
"chisq","Chi-square independence",4,6700,0.566666666666667,2000,400,0.005,1,0.019,1,0,1,0,1,0.00249999999999995,0.00949999999999995,0,0,-0.00700000000000001,-0.00949999999999995,-0.00949999999999995
"chisq","Chi-square independence",4,6700,0.608333333333333,2000,400,0.005,1,0.019,1,0,1,0,1,0.00249999999999995,0.00949999999999995,0,0,-0.00700000000000001,-0.00949999999999995,-0.00949999999999995
"chisq","Chi-square independence",4,6700,0.65,2000,400,0.005,1,0.019,1,0,1,0,1,0.00249999999999995,0.00949999999999995,0,0,-0.00700000000000001,-0.00949999999999995,-0.00949999999999995
"chisq","Chi-square independence",4,6700,0.691666666666667,2000,400,0.005,1,0.019,1,0,1,0,1,0.00249999999999995,0.00949999999999995,0,0,-0.00700000000000001,-0.00949999999999995,-0.00949999999999995
"chisq","Chi-square independence",4,6700,0.733333333333333,2000,400,0.005,1,0.019,1,0,1,0,1,0.00249999999999995,0.00949999999999995,0,0,-0.00700000000000001,-0.00949999999999995,-0.00949999999999995
"chisq","Chi-square independence",4,6700,0.775,2000,400,0.005,1,0.019,1,0,1,0,1,0.00249999999999995,0.00949999999999995,0,0,-0.00700000000000001,-0.00949999999999995,-0.00949999999999995
"chisq","Chi-square independence",4,6700,0.816666666666667,2000,400,0.005,1,0.019,1,0,1,0,1,0.00249999999999995,0.00949999999999995,0,0,-0.00700000000000001,-0.00949999999999995,-0.00949999999999995
"chisq","Chi-square independence",4,6700,0.858333333333333,2000,400,0.005,1,0.019,1,0,1,0,1,0.00249999999999995,0.00949999999999995,0,0,-0.00700000000000001,-0.00949999999999995,-0.00949999999999995
"chisq","Chi-square independence",4,6700,0.9,2000,400,0.005,1,0.019,1,0,1,0,1,0.00249999999999995,0.00949999999999995,0,0,-0.00700000000000001,-0.00949999999999995,-0.00949999999999995
"chisq","Chi-square independence",4,8185,0.002,2000,400,0.008,0.01,0.0165,0.0175,0,0,0,0,0.499,0.4995,0.5,0.5,-5e-04,5e-04,5e-04
"chisq","Chi-square independence",4,8185,0.00258309933002977,2000,400,0.008,0.0025,0.0165,0.01,0,0,0,0,0.50275,0.50325,0.5,0.5,-0.000499999999999945,-0.00324999999999998,-0.00324999999999998
"chisq","Chi-square independence",4,8185,0.00333620107440012,2000,400,0.008,0,0.0165,0.005,0,0,0,0,0.504,0.50575,0.5,0.5,-0.00175000000000003,-0.00575000000000003,-0.00575000000000003
"chisq","Chi-square independence",4,8185,0.00430886938006377,2000,400,0.008,0.01,0.0165,0.02,0,0,0,0,0.499,0.49825,0.5,0.5,0.000750000000000028,0.00175000000000003,0.00175000000000003
"chisq","Chi-square independence",4,8185,0.00556511880441425,2000,400,0.008,0.0025,0.0165,0.015,0,0,0,0,0.50275,0.50075,0.5,0.5,0.002,-0.000750000000000028,-0.000750000000000028
"chisq","Chi-square independence",4,8185,0.00718762732760925,2000,400,0.008,0.0075,0.0165,0.0175,0,0,0.001,0,0.50025,0.4995,0.5,0.5005,0.000749999999999973,5e-04,0.000999999999999945
"chisq","Chi-square independence",4,8185,0.00928317766722556,2000,400,0.008,0.0025,0.0165,0.01,0,0,0.0055,0.0025,0.50275,0.50325,0.5,0.5015,-0.000499999999999945,-0.00324999999999998,-0.00174999999999992
"chisq","Chi-square independence",4,8185,0.0119896850063788,2000,400,0.008,0.005,0.0165,0.02,0,0,0.017,0.02,0.5015,0.49825,0.5,0.4985,0.00325000000000009,0.00175000000000003,0.000249999999999972
"chisq","Chi-square independence",4,8185,0.0154852736536225,2000,400,0.008,0.0175,0.0165,0.0375,0,0,0.0365,0.0625,0.49525,0.4895,0.5,0.487,0.00575000000000003,0.0105,-0.0025
"chisq","Chi-square independence",4,8185,0.02,2000,400,0.008,0.015,0.0165,0.0375,0,0,0.0495,0.0875,0.4965,0.4895,0.5,0.481,0.00700000000000001,0.0105,-0.00849999999999995
"chisq","Chi-square independence",4,8185,0.025,2000,400,0.008,0.005,0.0165,0.0375,0,0,0.05,0.09,0.5015,0.4895,0.5,0.48,0.0120000000000001,0.0105,-0.00949999999999995
"chisq","Chi-square independence",4,8185,0.0666666666666667,2000,400,0.008,0.2825,0.0165,0.4025,0,0.0025,0.009,0.3175,0.36275,0.307,0.49875,0.34575,0.0557500000000001,0.19175,0.03875
"chisq","Chi-square independence",4,8185,0.108333333333333,2000,400,0.008,0.895,0.0165,0.95,0,0.1025,0.0015,0.7725,0.0565,0.03325,0.44875,0.1145,0.02325,0.4155,0.08125
"chisq","Chi-square independence",4,8185,0.15,2000,400,0.008,0.9975,0.0165,1,0,0.7025,0.001,0.99,0.00524999999999998,0.00824999999999998,0.14875,0.00549999999999995,-0.003,0.1405,-0.00275000000000003
"chisq","Chi-square independence",4,8185,0.191666666666667,2000,400,0.008,1,0.0165,1,0,0.9825,5e-04,1,0.004,0.00824999999999998,0.00874999999999998,0.000249999999999972,-0.00424999999999998,5e-04,-0.00800000000000001
"chisq","Chi-square independence",4,8185,0.233333333333333,2000,400,0.008,1,0.0165,1,0,1,0,1,0.004,0.00824999999999998,0,0,-0.00424999999999998,-0.00824999999999998,-0.00824999999999998
"chisq","Chi-square independence",4,8185,0.275,2000,400,0.008,1,0.0165,1,0,1,0,1,0.004,0.00824999999999998,0,0,-0.00424999999999998,-0.00824999999999998,-0.00824999999999998
"chisq","Chi-square independence",4,8185,0.316666666666667,2000,400,0.008,1,0.0165,1,0,1,0,1,0.004,0.00824999999999998,0,0,-0.00424999999999998,-0.00824999999999998,-0.00824999999999998
"chisq","Chi-square independence",4,8185,0.358333333333333,2000,400,0.008,1,0.0165,1,0,1,0,1,0.004,0.00824999999999998,0,0,-0.00424999999999998,-0.00824999999999998,-0.00824999999999998
"chisq","Chi-square independence",4,8185,0.4,2000,400,0.008,1,0.0165,1,0,1,0,1,0.004,0.00824999999999998,0,0,-0.00424999999999998,-0.00824999999999998,-0.00824999999999998
"chisq","Chi-square independence",4,8185,0.441666666666667,2000,400,0.008,1,0.0165,1,0,1,0,1,0.004,0.00824999999999998,0,0,-0.00424999999999998,-0.00824999999999998,-0.00824999999999998
"chisq","Chi-square independence",4,8185,0.483333333333333,2000,400,0.008,1,0.0165,1,0,1,0,1,0.004,0.00824999999999998,0,0,-0.00424999999999998,-0.00824999999999998,-0.00824999999999998
"chisq","Chi-square independence",4,8185,0.525,2000,400,0.008,1,0.0165,1,0,1,0,1,0.004,0.00824999999999998,0,0,-0.00424999999999998,-0.00824999999999998,-0.00824999999999998
"chisq","Chi-square independence",4,8185,0.566666666666667,2000,400,0.008,1,0.0165,1,0,1,0,1,0.004,0.00824999999999998,0,0,-0.00424999999999998,-0.00824999999999998,-0.00824999999999998
"chisq","Chi-square independence",4,8185,0.608333333333333,2000,400,0.008,1,0.0165,1,0,1,0,1,0.004,0.00824999999999998,0,0,-0.00424999999999998,-0.00824999999999998,-0.00824999999999998
"chisq","Chi-square independence",4,8185,0.65,2000,400,0.008,1,0.0165,1,0,1,0,1,0.004,0.00824999999999998,0,0,-0.00424999999999998,-0.00824999999999998,-0.00824999999999998
"chisq","Chi-square independence",4,8185,0.691666666666667,2000,400,0.008,1,0.0165,1,0,1,0,1,0.004,0.00824999999999998,0,0,-0.00424999999999998,-0.00824999999999998,-0.00824999999999998
"chisq","Chi-square independence",4,8185,0.733333333333333,2000,400,0.008,1,0.0165,1,0,1,0,1,0.004,0.00824999999999998,0,0,-0.00424999999999998,-0.00824999999999998,-0.00824999999999998
"chisq","Chi-square independence",4,8185,0.775,2000,400,0.008,1,0.0165,1,0,1,0,1,0.004,0.00824999999999998,0,0,-0.00424999999999998,-0.00824999999999998,-0.00824999999999998
"chisq","Chi-square independence",4,8185,0.816666666666667,2000,400,0.008,1,0.0165,1,0,1,0,1,0.004,0.00824999999999998,0,0,-0.00424999999999998,-0.00824999999999998,-0.00824999999999998
"chisq","Chi-square independence",4,8185,0.858333333333333,2000,400,0.008,1,0.0165,1,0,1,0,1,0.004,0.00824999999999998,0,0,-0.00424999999999998,-0.00824999999999998,-0.00824999999999998
"chisq","Chi-square independence",4,8185,0.9,2000,400,0.008,1,0.0165,1,0,1,0,1,0.004,0.00824999999999998,0,0,-0.00424999999999998,-0.00824999999999998,-0.00824999999999998
"chisq","Chi-square independence",4,10000,0.002,2000,400,0.0035,0.005,0.01,0.0075,0,0,0,0,0.49925,0.50125,0.5,0.5,-0.00199999999999995,-0.00124999999999997,-0.00124999999999997
"chisq","Chi-square independence",4,10000,0.00258309933002977,2000,400,0.0035,0.0125,0.01,0.0225,0,0,0,0,0.4955,0.49375,0.5,0.5,0.00175000000000003,0.00624999999999998,0.00624999999999998
"chisq","Chi-square independence",4,10000,0.00333620107440012,2000,400,0.0035,0.005,0.01,0.0125,0,0,0,0,0.49925,0.49875,0.5,0.5,5e-04,0.00124999999999997,0.00124999999999997
"chisq","Chi-square independence",4,10000,0.00430886938006377,2000,400,0.0035,0.005,0.01,0.0075,0,0,0,0,0.49925,0.50125,0.5,0.5,-0.00199999999999995,-0.00124999999999997,-0.00124999999999997
"chisq","Chi-square independence",4,10000,0.00556511880441425,2000,400,0.0035,0.01,0.01,0.02,0,0,0,0,0.49675,0.495,0.5,0.5,0.00175000000000003,0.005,0.005
"chisq","Chi-square independence",4,10000,0.00718762732760925,2000,400,0.0035,0.0075,0.01,0.015,0,0,5e-04,0,0.498,0.4975,0.5,0.50025,0.000500000000000056,0.0025,0.00274999999999997
"chisq","Chi-square independence",4,10000,0.00928317766722556,2000,400,0.0035,0.0125,0.01,0.0225,0,0,0.004,0.0125,0.4955,0.49375,0.5,0.49575,0.00175000000000003,0.00624999999999998,0.002
"chisq","Chi-square independence",4,10000,0.0119896850063788,2000,400,0.0035,0.005,0.01,0.0225,0,0,0.0185,0.0325,0.49925,0.49375,0.5,0.493,0.0055,0.00624999999999998,-0.000750000000000028
"chisq","Chi-square independence",4,10000,0.0154852736536225,2000,400,0.0035,0.0025,0.01,0.0125,0,0,0.0345,0.0575,0.5005,0.49875,0.5,0.4885,0.00175000000000003,0.00124999999999997,-0.01025
"chisq","Chi-square independence",4,10000,0.02,2000,400,0.0035,0.0075,0.01,0.0175,0,0,0.04,0.085,0.498,0.49625,0.5,0.4775,0.00175000000000003,0.00374999999999998,-0.01875
"chisq","Chi-square independence",4,10000,0.025,2000,400,0.0035,0.025,0.01,0.055,0,0,0.0385,0.1275,0.48925,0.4775,0.5,0.4555,0.01175,0.0225,-0.022
"chisq","Chi-square independence",4,10000,0.0666666666666667,2000,400,0.0035,0.395,0.01,0.5425,0,0,0.0025,0.3875,0.30425,0.23375,0.5,0.3075,0.0705,0.26625,0.07375
"chisq","Chi-square independence",4,10000,0.108333333333333,2000,400,0.0035,0.9475,0.01,0.9675,0,0.23,5e-04,0.8475,0.028,0.02125,0.385,0.0765,0.00675000000000003,0.36375,0.05525
"chisq","Chi-square independence",4,10000,0.15,2000,400,0.0035,1,0.01,1,0,0.8625,5e-04,0.9975,0.00175000000000003,0.005,0.06875,0.00149999999999995,-0.00324999999999998,0.06375,-0.00350000000000006
"chisq","Chi-square independence",4,10000,0.191666666666667,2000,400,0.0035,1,0.01,1,0,1,0,1,0.00175000000000003,0.005,0,0,-0.00324999999999998,-0.005,-0.005
"chisq","Chi-square independence",4,10000,0.233333333333333,2000,400,0.0035,1,0.01,1,0,1,0,1,0.00175000000000003,0.005,0,0,-0.00324999999999998,-0.005,-0.005
"chisq","Chi-square independence",4,10000,0.275,2000,400,0.0035,1,0.01,1,0,1,0,1,0.00175000000000003,0.005,0,0,-0.00324999999999998,-0.005,-0.005
"chisq","Chi-square independence",4,10000,0.316666666666667,2000,400,0.0035,1,0.01,1,0,1,0,1,0.00175000000000003,0.005,0,0,-0.00324999999999998,-0.005,-0.005
"chisq","Chi-square independence",4,10000,0.358333333333333,2000,400,0.0035,1,0.01,1,0,1,0,1,0.00175000000000003,0.005,0,0,-0.00324999999999998,-0.005,-0.005
"chisq","Chi-square independence",4,10000,0.4,2000,400,0.0035,1,0.01,1,0,1,0,1,0.00175000000000003,0.005,0,0,-0.00324999999999998,-0.005,-0.005
"chisq","Chi-square independence",4,10000,0.441666666666667,2000,400,0.0035,1,0.01,1,0,1,0,1,0.00175000000000003,0.005,0,0,-0.00324999999999998,-0.005,-0.005
"chisq","Chi-square independence",4,10000,0.483333333333333,2000,400,0.0035,1,0.01,1,0,1,0,1,0.00175000000000003,0.005,0,0,-0.00324999999999998,-0.005,-0.005
"chisq","Chi-square independence",4,10000,0.525,2000,400,0.0035,1,0.01,1,0,1,0,1,0.00175000000000003,0.005,0,0,-0.00324999999999998,-0.005,-0.005
"chisq","Chi-square independence",4,10000,0.566666666666667,2000,400,0.0035,1,0.01,1,0,1,0,1,0.00175000000000003,0.005,0,0,-0.00324999999999998,-0.005,-0.005
"chisq","Chi-square independence",4,10000,0.608333333333333,2000,400,0.0035,1,0.01,1,0,1,0,1,0.00175000000000003,0.005,0,0,-0.00324999999999998,-0.005,-0.005
"chisq","Chi-square independence",4,10000,0.65,2000,400,0.0035,1,0.01,1,0,1,0,1,0.00175000000000003,0.005,0,0,-0.00324999999999998,-0.005,-0.005
"chisq","Chi-square independence",4,10000,0.691666666666667,2000,400,0.0035,1,0.01,1,0,1,0,1,0.00175000000000003,0.005,0,0,-0.00324999999999998,-0.005,-0.005
"chisq","Chi-square independence",4,10000,0.733333333333333,2000,400,0.0035,1,0.01,1,0,1,0,1,0.00175000000000003,0.005,0,0,-0.00324999999999998,-0.005,-0.005
"chisq","Chi-square independence",4,10000,0.775,2000,400,0.0035,1,0.01,1,0,1,0,1,0.00175000000000003,0.005,0,0,-0.00324999999999998,-0.005,-0.005
"chisq","Chi-square independence",4,10000,0.816666666666667,2000,400,0.0035,1,0.01,1,0,1,0,1,0.00175000000000003,0.005,0,0,-0.00324999999999998,-0.005,-0.005
"chisq","Chi-square independence",4,10000,0.858333333333333,2000,400,0.0035,1,0.01,1,0,1,0,1,0.00175000000000003,0.005,0,0,-0.00324999999999998,-0.005,-0.005
"chisq","Chi-square independence",4,10000,0.9,2000,400,0.0035,1,0.01,1,0,1,0,1,0.00175000000000003,0.005,0,0,-0.00324999999999998,-0.005,-0.005
"cox","Cox PH regression",1,100,0.002,2000,400,0.0045,0.005,0.0125,0.01,0.013,0.01,0,0,0.49975,0.50125,0.5015,0.5,-0.0015,0.000249999999999972,-0.00124999999999997
"cox","Cox PH regression",1,100,0.00258309933002977,2000,400,0.0045,0.01,0.0125,0.0125,0.013,0.0125,0,0,0.49725,0.5,0.50025,0.5,-0.00275000000000003,0.000249999999999972,0
"cox","Cox PH regression",1,100,0.00333620107440012,2000,400,0.0045,0.005,0.0125,0.0175,0.013,0.0175,0,0,0.49975,0.4975,0.49775,0.5,0.00224999999999997,0.000249999999999972,0.0025
"cox","Cox PH regression",1,100,0.00430886938006377,2000,400,0.0045,0.0075,0.0125,0.0075,0.013,0.0075,0,0,0.4985,0.5025,0.50275,0.5,-0.00399999999999995,0.000249999999999972,-0.00249999999999995
"cox","Cox PH regression",1,100,0.00556511880441425,2000,400,0.0045,0.005,0.0125,0.01,0.013,0.01,0,0,0.49975,0.50125,0.5015,0.5,-0.0015,0.000249999999999972,-0.00124999999999997
"cox","Cox PH regression",1,100,0.00718762732760925,2000,400,0.0045,0.005,0.0125,0.015,0.013,0.015,0,0,0.49975,0.49875,0.499,0.5,0.001,0.000249999999999972,0.00125000000000003
"cox","Cox PH regression",1,100,0.00928317766722556,2000,400,0.0045,0.005,0.0125,0.0175,0.013,0.0175,0,0,0.49975,0.4975,0.49775,0.5,0.00224999999999997,0.000249999999999972,0.0025
"cox","Cox PH regression",1,100,0.0119896850063788,2000,400,0.0045,0.0075,0.0125,0.015,0.013,0.0175,0,0,0.4985,0.49875,0.49775,0.5,-0.000249999999999972,-0.001,0.00125000000000003
"cox","Cox PH regression",1,100,0.0154852736536225,2000,400,0.0045,0.005,0.0125,0.01,0.013,0.01,0,0,0.49975,0.50125,0.5015,0.5,-0.0015,0.000249999999999972,-0.00124999999999997
"cox","Cox PH regression",1,100,0.02,2000,400,0.0045,0.01,0.0125,0.015,0.013,0.015,0,0,0.49725,0.49875,0.499,0.5,-0.0015,0.000249999999999972,0.00125000000000003
"cox","Cox PH regression",1,100,0.025,2000,400,0.0045,0.0025,0.0125,0.01,0.013,0.0125,0,0,0.501,0.50125,0.50025,0.5,-0.000249999999999972,-0.001,-0.00124999999999997
"cox","Cox PH regression",1,100,0.0666666666666667,2000,400,0.0045,0,0.0125,0.0025,0.013,0.005,5e-04,0,0.50225,0.505,0.504,0.50025,-0.00275000000000003,-0.001,-0.00475000000000003
"cox","Cox PH regression",1,100,0.108333333333333,2000,400,0.0045,0.0175,0.0125,0.03,0.013,0.0325,0.0125,0.0325,0.4935,0.49125,0.49025,0.49,0.00225000000000003,-0.001,-0.00124999999999997
"cox","Cox PH regression",1,100,0.15,2000,400,0.0045,0.025,0.0125,0.03,0.013,0.03,0.03,0.0775,0.48975,0.49125,0.4915,0.47625,-0.0015,0.000249999999999972,-0.015
"cox","Cox PH regression",1,100,0.191666666666667,2000,400,0.0045,0.0175,0.0125,0.0325,0.013,0.035,0.0405,0.0925,0.4935,0.49,0.489,0.474,0.0035,-0.00100000000000006,-0.016
"cox","Cox PH regression",1,100,0.233333333333333,2000,400,0.0045,0.035,0.0125,0.0475,0.013,0.0575,0.0425,0.1625,0.48475,0.4825,0.47775,0.44,0.00224999999999997,-0.00475000000000003,-0.0425
"cox","Cox PH regression",1,100,0.275,2000,400,0.0045,0.05,0.0125,0.085,0.013,0.085,0.042,0.225,0.47725,0.46375,0.464,0.4085,0.0135,0.000249999999999972,-0.05525
"cox","Cox PH regression",1,100,0.316666666666667,2000,400,0.0045,0.1,0.0125,0.135,0.013,0.135,0.04,0.255,0.45225,0.43875,0.439,0.3925,0.0135,0.000249999999999972,-0.04625
"cox","Cox PH regression",1,100,0.358333333333333,2000,400,0.0045,0.0925,0.0125,0.135,0.013,0.1375,0.037,0.2975,0.456,0.43875,0.43775,0.36975,0.01725,-0.001,-0.069
"cox","Cox PH regression",1,100,0.4,2000,400,0.0045,0.135,0.0125,0.1875,0.013,0.2,0.0335,0.35,0.43475,0.4125,0.4065,0.34175,0.02225,-0.006,-0.0707499999999999
"cox","Cox PH regression",1,100,0.441666666666667,2000,400,0.0045,0.15,0.0125,0.225,0.013,0.2275,0.03,0.395,0.42725,0.39375,0.39275,0.3175,0.0335,-0.00100000000000006,-0.07625
"cox","Cox PH regression",1,100,0.483333333333333,2000,400,0.0045,0.2375,0.0125,0.3225,0.013,0.325,0.0255,0.4475,0.3835,0.345,0.344,0.289,0.0385,-0.001,-0.0559999999999999
"cox","Cox PH regression",1,100,0.525,2000,400,0.0045,0.2775,0.0125,0.3725,0.013,0.3775,0.0215,0.475,0.3635,0.32,0.31775,0.27325,0.0435,-0.00224999999999997,-0.0467499999999999
"cox","Cox PH regression",1,100,0.566666666666667,2000,400,0.0045,0.345,0.0125,0.4225,0.013,0.43,0.018,0.5125,0.32975,0.295,0.2915,0.25275,0.03475,-0.0035,-0.04225
"cox","Cox PH regression",1,100,0.608333333333333,2000,400,0.0045,0.4275,0.0125,0.5,0.013,0.505,0.017,0.575,0.2885,0.25625,0.254,0.221,0.03225,-0.00225000000000003,-0.03525
"cox","Cox PH regression",1,100,0.65,2000,400,0.0045,0.5475,0.0125,0.64,0.013,0.65,0.016,0.6775,0.2285,0.18625,0.1815,0.16925,0.04225,-0.00475000000000003,-0.017
"cox","Cox PH regression",1,100,0.691666666666667,2000,400,0.0045,0.6275,0.0125,0.7,0.013,0.7025,0.0155,0.7325,0.1885,0.15625,0.15525,0.1415,0.03225,-0.00100000000000006,-0.01475
"cox","Cox PH regression",1,100,0.733333333333333,2000,400,0.0045,0.63,0.0125,0.7175,0.013,0.7225,0.014,0.7375,0.18725,0.1475,0.14525,0.13825,0.03975,-0.00225000000000003,-0.00924999999999998
"cox","Cox PH regression",1,100,0.775,2000,400,0.0045,0.7275,0.0125,0.805,0.013,0.81,0.0135,0.8125,0.1385,0.10375,0.1015,0.1005,0.03475,-0.00225000000000003,-0.00324999999999992
"cox","Cox PH regression",1,100,0.816666666666667,2000,400,0.0045,0.77,0.0125,0.8125,0.013,0.815,0.0125,0.8075,0.11725,0.1,0.099,0.1025,0.01725,-0.001,0.0025
"cox","Cox PH regression",1,100,0.858333333333333,2000,400,0.0045,0.8225,0.0125,0.8675,0.013,0.87,0.0095,0.8675,0.091,0.0725,0.0715,0.071,0.0185,-0.001,-0.00149999999999995
"cox","Cox PH regression",1,100,0.9,2000,400,0.0045,0.8625,0.0125,0.9425,0.013,0.9425,0.0075,0.9025,0.071,0.035,0.03525,0.0525,0.036,0.000249999999999972,0.0175000000000001
"cox","Cox PH regression",1,122,0.002,2000,400,0.0065,0.0075,0.0105,0.01,0.0105,0.01,0,0,0.4995,0.50025,0.50025,0.5,-0.000749999999999973,0,-0.000249999999999972
"cox","Cox PH regression",1,122,0.00258309933002977,2000,400,0.0065,0.0075,0.0105,0.01,0.0105,0.01,0,0,0.4995,0.50025,0.50025,0.5,-0.000749999999999973,0,-0.000249999999999972
"cox","Cox PH regression",1,122,0.00333620107440012,2000,400,0.0065,0.0075,0.0105,0.01,0.0105,0.01,0,0,0.4995,0.50025,0.50025,0.5,-0.000749999999999973,0,-0.000249999999999972
"cox","Cox PH regression",1,122,0.00430886938006377,2000,400,0.0065,0.0025,0.0105,0.0025,0.0105,0.0025,0,0,0.502,0.504,0.504,0.5,-0.002,0,-0.004
"cox","Cox PH regression",1,122,0.00556511880441425,2000,400,0.0065,0.0025,0.0105,0.005,0.0105,0.005,0,0,0.502,0.50275,0.50275,0.5,-0.000750000000000028,0,-0.00275000000000003
"cox","Cox PH regression",1,122,0.00718762732760925,2000,400,0.0065,0.015,0.0105,0.0175,0.0105,0.02,0,0,0.49575,0.4965,0.49525,0.5,-0.000750000000000028,-0.00125000000000003,0.0035
"cox","Cox PH regression",1,122,0.00928317766722556,2000,400,0.0065,0.0025,0.0105,0.005,0.0105,0.005,0,0,0.502,0.50275,0.50275,0.5,-0.000750000000000028,0,-0.00275000000000003
"cox","Cox PH regression",1,122,0.0119896850063788,2000,400,0.0065,0.0075,0.0105,0.0125,0.0105,0.0125,0,0,0.4995,0.499,0.499,0.5,5e-04,0,0.001
"cox","Cox PH regression",1,122,0.0154852736536225,2000,400,0.0065,0.0025,0.0105,0.0075,0.0105,0.01,0,0,0.502,0.5015,0.50025,0.5,0.000500000000000056,-0.00124999999999997,-0.00149999999999995
"cox","Cox PH regression",1,122,0.02,2000,400,0.0065,0.0025,0.0105,0.0075,0.0105,0.0075,0,0,0.502,0.5015,0.5015,0.5,0.000500000000000056,0,-0.00149999999999995
"cox","Cox PH regression",1,122,0.025,2000,400,0.0065,0.0025,0.0105,0.01,0.0105,0.0125,0,0,0.502,0.50025,0.499,0.5,0.00175000000000003,-0.00124999999999997,-0.000249999999999972
"cox","Cox PH regression",1,122,0.0666666666666667,2000,400,0.0065,0.0075,0.0105,0.0175,0.0105,0.0175,0.001,0.0025,0.4995,0.4965,0.4965,0.49925,0.003,0,0.00274999999999997
"cox","Cox PH regression",1,122,0.108333333333333,2000,400,0.0065,0.0125,0.0105,0.015,0.0105,0.015,0.0205,0.035,0.497,0.49775,0.49775,0.49275,-0.000749999999999973,0,-0.005
"cox","Cox PH regression",1,122,0.15,2000,400,0.0065,0.01,0.0105,0.0225,0.0105,0.0225,0.0365,0.095,0.49825,0.494,0.494,0.47075,0.00424999999999998,0,-0.02325
"cox","Cox PH regression",1,122,0.191666666666667,2000,400,0.0065,0.02,0.0105,0.035,0.0105,0.035,0.043,0.135,0.49325,0.48775,0.48775,0.454,0.0055,0,-0.03375
"cox","Cox PH regression",1,122,0.233333333333333,2000,400,0.0065,0.035,0.0105,0.055,0.0105,0.055,0.0445,0.17,0.48575,0.47775,0.47775,0.43725,0.00800000000000001,0,-0.0405
"cox","Cox PH regression",1,122,0.275,2000,400,0.0065,0.085,0.0105,0.1225,0.0105,0.1275,0.043,0.2825,0.46075,0.444,0.4415,0.38025,0.01675,-0.00249999999999995,-0.06375
"cox","Cox PH regression",1,122,0.316666666666667,2000,400,0.0065,0.1275,0.0105,0.165,0.0105,0.1675,0.0395,0.32,0.4395,0.42275,0.4215,0.35975,0.01675,-0.00124999999999997,-0.063
"cox","Cox PH regression",1,122,0.358333333333333,2000,400,0.0065,0.1525,0.0105,0.205,0.0105,0.2075,0.033,0.375,0.427,0.40275,0.4015,0.329,0.02425,-0.00125000000000003,-0.07375
"cox","Cox PH regression",1,122,0.4,2000,400,0.0065,0.2125,0.0105,0.2675,0.0105,0.27,0.0295,0.4125,0.397,0.3715,0.37025,0.3085,0.0255,-0.00124999999999997,-0.0629999999999999
"cox","Cox PH regression",1,122,0.441666666666667,2000,400,0.0065,0.2575,0.0105,0.325,0.0105,0.335,0.027,0.4725,0.3745,0.34275,0.33775,0.27725,0.0317499999999999,-0.005,-0.0655
"cox","Cox PH regression",1,122,0.483333333333333,2000,400,0.0065,0.3025,0.0105,0.3775,0.0105,0.385,0.0245,0.5075,0.352,0.3165,0.31275,0.2585,0.0355,-0.00375000000000003,-0.058
"cox","Cox PH regression",1,122,0.525,2000,400,0.0065,0.4075,0.0105,0.4775,0.0105,0.48,0.022,0.615,0.2995,0.2665,0.26525,0.2035,0.033,-0.00124999999999997,-0.063
"cox","Cox PH regression",1,122,0.566666666666667,2000,400,0.0065,0.5075,0.0105,0.5925,0.0105,0.6,0.02,0.68,0.2495,0.209,0.20525,0.17,0.0405,-0.00374999999999998,-0.039
"cox","Cox PH regression",1,122,0.608333333333333,2000,400,0.0065,0.595,0.0105,0.6675,0.0105,0.6825,0.0175,0.735,0.20575,0.1715,0.164,0.14125,0.03425,-0.00750000000000001,-0.0302499999999999
"cox","Cox PH regression",1,122,0.65,2000,400,0.0065,0.6775,0.0105,0.725,0.0105,0.7275,0.016,0.7525,0.1645,0.14275,0.1415,0.13175,0.02175,-0.00125000000000003,-0.011
"cox","Cox PH regression",1,122,0.691666666666667,2000,400,0.0065,0.725,0.0105,0.775,0.0105,0.7775,0.014,0.795,0.14075,0.11775,0.1165,0.1095,0.023,-0.00124999999999997,-0.00824999999999998
"cox","Cox PH regression",1,122,0.733333333333333,2000,400,0.0065,0.7675,0.0105,0.83,0.0105,0.8325,0.0115,0.835,0.1195,0.09025,0.089,0.08825,0.02925,-0.00125000000000003,-0.00199999999999995
"cox","Cox PH regression",1,122,0.775,2000,400,0.0065,0.8075,0.0105,0.865,0.0105,0.87,0.01,0.86,0.0995,0.07275,0.07025,0.075,0.02675,-0.0025,0.00225000000000003
"cox","Cox PH regression",1,122,0.816666666666667,2000,400,0.0065,0.8675,0.0105,0.9175,0.0105,0.92,0.01,0.895,0.0695,0.0465,0.04525,0.0575,0.023,-0.00125000000000003,0.011
"cox","Cox PH regression",1,122,0.858333333333333,2000,400,0.0065,0.94,0.0105,0.9675,0.0105,0.97,0.009,0.95,0.03325,0.0215,0.02025,0.0295,0.01175,-0.00124999999999997,0.00800000000000001
"cox","Cox PH regression",1,122,0.9,2000,400,0.0065,0.9475,0.0105,0.9625,0.0105,0.9625,0.0085,0.9575,0.0295,0.024,0.024,0.0255,0.0055,0,0.0015
"cox","Cox PH regression",1,149,0.002,2000,400,0.0065,0.005,0.01,0.0125,0.01,0.0125,0,0,0.50075,0.49875,0.49875,0.5,0.002,0,0.00124999999999997
"cox","Cox PH regression",1,149,0.00258309933002977,2000,400,0.0065,0.0025,0.01,0.0075,0.01,0.0075,0,0,0.502,0.50125,0.50125,0.5,0.000750000000000028,0,-0.00124999999999997
"cox","Cox PH regression",1,149,0.00333620107440012,2000,400,0.0065,0.0025,0.01,0.0025,0.01,0.0025,0,0,0.502,0.50375,0.50375,0.5,-0.00175000000000003,0,-0.00375000000000003
"cox","Cox PH regression",1,149,0.00430886938006377,2000,400,0.0065,0.005,0.01,0.005,0.01,0.005,0,0,0.50075,0.5025,0.5025,0.5,-0.00175000000000003,0,-0.00250000000000006
"cox","Cox PH regression",1,149,0.00556511880441425,2000,400,0.0065,0.005,0.01,0.0125,0.01,0.0125,0,0,0.50075,0.49875,0.49875,0.5,0.002,0,0.00124999999999997
"cox","Cox PH regression",1,149,0.00718762732760925,2000,400,0.0065,0,0.01,0.005,0.01,0.005,0,0,0.50325,0.5025,0.5025,0.5,0.000749999999999917,0,-0.00250000000000006
"cox","Cox PH regression",1,149,0.00928317766722556,2000,400,0.0065,0.0075,0.01,0.0075,0.01,0.0075,0,0,0.4995,0.50125,0.50125,0.5,-0.00174999999999997,0,-0.00124999999999997
"cox","Cox PH regression",1,149,0.0119896850063788,2000,400,0.0065,0.005,0.01,0.0075,0.01,0.0075,0,0,0.50075,0.50125,0.50125,0.5,-0.000499999999999945,0,-0.00124999999999997
"cox","Cox PH regression",1,149,0.0154852736536225,2000,400,0.0065,0.0075,0.01,0.0075,0.01,0.0075,0,0,0.4995,0.50125,0.50125,0.5,-0.00174999999999997,0,-0.00124999999999997
"cox","Cox PH regression",1,149,0.02,2000,400,0.0065,0.0075,0.01,0.01,0.01,0.01,0,0,0.4995,0.5,0.5,0.5,-5e-04,0,0
"cox","Cox PH regression",1,149,0.025,2000,400,0.0065,0.01,0.01,0.0125,0.01,0.015,0,0,0.49825,0.49875,0.4975,0.5,-0.000500000000000056,-0.00125000000000003,0.00124999999999997
"cox","Cox PH regression",1,149,0.0666666666666667,2000,400,0.0065,0.0125,0.01,0.015,0.01,0.015,0.0015,0.005,0.497,0.4975,0.4975,0.49825,-5e-04,0,0.000750000000000028
"cox","Cox PH regression",1,149,0.108333333333333,2000,400,0.0065,0.0225,0.01,0.03,0.01,0.0325,0.025,0.0575,0.492,0.49,0.48875,0.48375,0.002,-0.00124999999999997,-0.00625000000000003
"cox","Cox PH regression",1,149,0.15,2000,400,0.0065,0.015,0.01,0.0325,0.01,0.0325,0.042,0.0975,0.49575,0.48875,0.48875,0.47225,0.00699999999999995,0,-0.0165
"cox","Cox PH regression",1,149,0.191666666666667,2000,400,0.0065,0.0325,0.01,0.045,0.01,0.045,0.0505,0.17,0.487,0.4825,0.4825,0.44025,0.0045,0,-0.04225
"cox","Cox PH regression",1,149,0.233333333333333,2000,400,0.0065,0.06,0.01,0.0825,0.01,0.0825,0.0485,0.24,0.47325,0.46375,0.46375,0.40425,0.00949999999999995,0,-0.0595
"cox","Cox PH regression",1,149,0.275,2000,400,0.0065,0.0725,0.01,0.0875,0.01,0.0875,0.0425,0.2725,0.467,0.46125,0.46125,0.385,0.00574999999999998,0,-0.07625
"cox","Cox PH regression",1,149,0.316666666666667,2000,400,0.0065,0.155,0.01,0.1875,0.01,0.195,0.0365,0.35,0.42575,0.41125,0.4075,0.34325,0.0145,-0.00375000000000003,-0.068
"cox","Cox PH regression",1,149,0.358333333333333,2000,400,0.0065,0.1825,0.01,0.21,0.01,0.21,0.0315,0.39,0.412,0.4,0.4,0.32075,0.012,0,-0.07925
"cox","Cox PH regression",1,149,0.4,2000,400,0.0065,0.2525,0.01,0.3225,0.01,0.3275,0.028,0.4975,0.377,0.34375,0.34125,0.26525,0.03325,-0.0025,-0.0785
"cox","Cox PH regression",1,149,0.441666666666667,2000,400,0.0065,0.3725,0.01,0.425,0.01,0.4275,0.0255,0.57,0.317,0.2925,0.29125,0.22775,0.0245,-0.00124999999999997,-0.0647499999999999
"cox","Cox PH regression",1,149,0.483333333333333,2000,400,0.0065,0.43,0.01,0.515,0.01,0.5175,0.0225,0.65,0.28825,0.2475,0.24625,0.18625,0.04075,-0.00124999999999997,-0.06125
"cox","Cox PH regression",1,149,0.525,2000,400,0.0065,0.4425,0.01,0.5075,0.01,0.515,0.0185,0.6175,0.282,0.25125,0.2475,0.2005,0.0307499999999999,-0.00375000000000003,-0.0507500000000001
"cox","Cox PH regression",1,149,0.566666666666667,2000,400,0.0065,0.6,0.01,0.6675,0.01,0.6675,0.0145,0.7225,0.20325,0.17125,0.17125,0.146,0.032,0,-0.02525
"cox","Cox PH regression",1,149,0.608333333333333,2000,400,0.0065,0.69,0.01,0.715,0.01,0.7225,0.0135,0.7575,0.15825,0.1475,0.14375,0.128,0.01075,-0.00375000000000003,-0.0195
"cox","Cox PH regression",1,149,0.65,2000,400,0.0065,0.7725,0.01,0.82,0.01,0.8225,0.0115,0.835,0.117,0.095,0.09375,0.08825,0.022,-0.00125000000000003,-0.00674999999999998
"cox","Cox PH regression",1,149,0.691666666666667,2000,400,0.0065,0.8075,0.01,0.83,0.01,0.8375,0.01,0.8425,0.0995,0.09,0.08625,0.08375,0.00949999999999995,-0.00375000000000003,-0.00625000000000003
"cox","Cox PH regression",1,149,0.733333333333333,2000,400,0.0065,0.9125,0.01,0.925,0.01,0.9275,0.01,0.925,0.047,0.0425,0.04125,0.0425,0.0045,-0.00124999999999997,0
"cox","Cox PH regression",1,149,0.775,2000,400,0.0065,0.9325,0.01,0.94,0.01,0.9425,0.0095,0.94,0.037,0.035,0.03375,0.0347500000000001,0.00199999999999995,-0.00125000000000003,-0.000249999999999972
"cox","Cox PH regression",1,149,0.816666666666667,2000,400,0.0065,0.965,0.01,0.9825,0.01,0.9825,0.008,0.9675,0.02075,0.01375,0.01375,0.02025,0.00700000000000001,0,0.00650000000000001
"cox","Cox PH regression",1,149,0.858333333333333,2000,400,0.0065,0.9775,0.01,0.9825,0.01,0.9825,0.007,0.9775,0.0145,0.01375,0.01375,0.0147499999999999,0.000749999999999973,0,0.000999999999999945
"cox","Cox PH regression",1,149,0.9,2000,400,0.0065,0.975,0.01,0.98,0.01,0.98,0.0065,0.975,0.01575,0.015,0.015,0.01575,0.000749999999999973,0,0.000749999999999973
"cox","Cox PH regression",1,182,0.002,2000,400,0.006,0,0.009,0.0075,0.0095,0.0075,0,0,0.503,0.50075,0.501,0.5,0.00225000000000009,0.000250000000000083,-0.000749999999999917
"cox","Cox PH regression",1,182,0.00258309933002977,2000,400,0.006,0.0025,0.009,0.005,0.0095,0.005,0,0,0.50175,0.502,0.50225,0.5,-0.000249999999999972,0.000250000000000083,-0.002
"cox","Cox PH regression",1,182,0.00333620107440012,2000,400,0.006,0.0075,0.009,0.01,0.0095,0.01,0,0,0.49925,0.4995,0.49975,0.5,-0.000249999999999917,0.000250000000000083,0.000500000000000056
"cox","Cox PH regression",1,182,0.00430886938006377,2000,400,0.006,0,0.009,0.0025,0.0095,0.0025,0,0,0.503,0.50325,0.5035,0.5,-0.000249999999999972,0.000250000000000083,-0.00324999999999998
"cox","Cox PH regression",1,182,0.00556511880441425,2000,400,0.006,0.005,0.009,0.005,0.0095,0.005,0,0,0.5005,0.502,0.50225,0.5,-0.00149999999999995,0.000250000000000083,-0.002
"cox","Cox PH regression",1,182,0.00718762732760925,2000,400,0.006,0.005,0.009,0.01,0.0095,0.01,0,0,0.5005,0.4995,0.49975,0.5,0.00100000000000011,0.000250000000000083,0.000500000000000056
"cox","Cox PH regression",1,182,0.00928317766722556,2000,400,0.006,0,0.009,0.0025,0.0095,0.0075,0,0,0.503,0.50325,0.501,0.5,-0.000249999999999972,-0.00224999999999997,-0.00324999999999998
"cox","Cox PH regression",1,182,0.0119896850063788,2000,400,0.006,0.005,0.009,0.0075,0.0095,0.0075,0,0,0.5005,0.50075,0.501,0.5,-0.000249999999999861,0.000250000000000083,-0.000749999999999917
"cox","Cox PH regression",1,182,0.0154852736536225,2000,400,0.006,0.005,0.009,0.005,0.0095,0.005,0,0,0.5005,0.502,0.50225,0.5,-0.00149999999999995,0.000250000000000083,-0.002
"cox","Cox PH regression",1,182,0.02,2000,400,0.006,0.005,0.009,0.01,0.0095,0.01,0,0,0.5005,0.4995,0.49975,0.5,0.00100000000000011,0.000250000000000083,0.000500000000000056
"cox","Cox PH regression",1,182,0.025,2000,400,0.006,0,0.009,0.005,0.0095,0.005,0,0,0.503,0.502,0.50225,0.5,0.001,0.000250000000000083,-0.002
"cox","Cox PH regression",1,182,0.0666666666666667,2000,400,0.006,0.0075,0.009,0.0125,0.0095,0.0125,0.0055,0.0075,0.49925,0.49825,0.4985,0.499,0.00100000000000006,0.000250000000000083,0.000750000000000084
"cox","Cox PH regression",1,182,0.108333333333333,2000,400,0.006,0.0175,0.009,0.02,0.0095,0.02,0.029,0.0525,0.49425,0.4945,0.49475,0.48825,-0.000249999999999917,0.000250000000000083,-0.00624999999999998
"cox","Cox PH regression",1,182,0.15,2000,400,0.006,0.025,0.009,0.04,0.0095,0.04,0.0425,0.145,0.4905,0.4845,0.48475,0.44875,0.00600000000000006,0.000250000000000083,-0.03575
"cox","Cox PH regression",1,182,0.191666666666667,2000,400,0.006,0.05,0.009,0.0675,0.0095,0.07,0.045,0.1775,0.478,0.47075,0.46975,0.43375,0.00725000000000003,-0.000999999999999945,-0.037
"cox","Cox PH regression",1,182,0.233333333333333,2000,400,0.006,0.0725,0.009,0.0925,0.0095,0.095,0.04,0.225,0.46675,0.45825,0.45725,0.4075,0.00850000000000006,-0.00099999999999989,-0.0507499999999999
"cox","Cox PH regression",1,182,0.275,2000,400,0.006,0.125,0.009,0.14,0.0095,0.1425,0.037,0.2975,0.4405,0.4345,0.4335,0.36975,0.00600000000000006,-0.00099999999999989,-0.06475
"cox","Cox PH regression",1,182,0.316666666666667,2000,400,0.006,0.1825,0.009,0.2075,0.0095,0.21,0.032,0.3725,0.41175,0.40075,0.39975,0.32975,0.0110000000000001,-0.00099999999999989,-0.071
"cox","Cox PH regression",1,182,0.358333333333333,2000,400,0.006,0.2425,0.009,0.28,0.0095,0.28,0.0245,0.48,0.38175,0.3645,0.36475,0.27225,0.0172500000000001,0.000250000000000083,-0.0922499999999999
"cox","Cox PH regression",1,182,0.4,2000,400,0.006,0.3025,0.009,0.345,0.0095,0.3525,0.023,0.5225,0.35175,0.332,0.3285,0.25025,0.01975,-0.00349999999999995,-0.08175
"cox","Cox PH regression",1,182,0.441666666666667,2000,400,0.006,0.4475,0.009,0.5,0.0095,0.5,0.018,0.64,0.27925,0.2545,0.25475,0.189,0.02475,0.000250000000000083,-0.0655
"cox","Cox PH regression",1,182,0.483333333333333,2000,400,0.006,0.5575,0.009,0.62,0.0095,0.6275,0.0155,0.73,0.22425,0.1945,0.191,0.14275,0.0297500000000001,-0.00349999999999989,-0.0517499999999999
"cox","Cox PH regression",1,182,0.525,2000,400,0.006,0.575,0.009,0.6325,0.0095,0.64,0.015,0.715,0.2155,0.18825,0.18475,0.15,0.0272500000000001,-0.00349999999999995,-0.03825
"cox","Cox PH regression",1,182,0.566666666666667,2000,400,0.006,0.7425,0.009,0.79,0.0095,0.79,0.0125,0.8,0.13175,0.1095,0.10975,0.10625,0.02225,0.000250000000000083,-0.00324999999999998
"cox","Cox PH regression",1,182,0.608333333333333,2000,400,0.006,0.7875,0.009,0.7925,0.0095,0.7925,0.0115,0.815,0.10925,0.10825,0.1085,0.0982500000000001,0.00100000000000006,0.000250000000000083,-0.0099999999999999
"cox","Cox PH regression",1,182,0.65,2000,400,0.006,0.86,0.009,0.885,0.0095,0.885,0.0105,0.89,0.073,0.062,0.06225,0.06025,0.0110000000000001,0.000250000000000083,-0.00174999999999997
"cox","Cox PH regression",1,182,0.691666666666667,2000,400,0.006,0.93,0.009,0.9425,0.0095,0.945,0.0095,0.9425,0.038,0.0332499999999999,0.0322500000000001,0.0335,0.00475000000000003,-0.00099999999999989,0.000250000000000083
"cox","Cox PH regression",1,182,0.733333333333333,2000,400,0.006,0.9625,0.009,0.965,0.0095,0.965,0.008,0.9625,0.02175,0.022,0.02225,0.02275,-0.000249999999999972,0.000250000000000083,0.000750000000000028
"cox","Cox PH regression",1,182,0.775,2000,400,0.006,0.9775,0.009,0.9825,0.0095,0.9825,0.0065,0.9775,0.01425,0.0132499999999999,0.0135,0.0145,0.00100000000000006,0.000250000000000083,0.00125000000000003
"cox","Cox PH regression",1,182,0.816666666666667,2000,400,0.006,0.99,0.009,0.99,0.0095,0.9925,0.0055,0.99,0.00800000000000001,0.00949999999999995,0.00850000000000001,0.00775000000000003,-0.00149999999999995,-0.000999999999999945,-0.00174999999999992
"cox","Cox PH regression",1,182,0.858333333333333,2000,400,0.006,0.985,0.009,0.99,0.0095,0.99,0.0055,0.98,0.0105,0.00949999999999995,0.00975000000000004,0.01275,0.00100000000000006,0.000250000000000083,0.00325000000000009
"cox","Cox PH regression",1,182,0.9,2000,400,0.006,0.995,0.009,0.995,0.0095,0.995,0.0045,0.995,0.0055,0.00699999999999995,0.00725000000000003,0.00474999999999998,-0.00149999999999995,0.000250000000000083,-0.00224999999999997
"cox","Cox PH regression",1,223,0.002,2000,400,0.0045,0.005,0.0055,0.005,0.0055,0.005,0,0,0.49975,0.50025,0.50025,0.5,-0.000500000000000111,0,-0.000250000000000083
"cox","Cox PH regression",1,223,0.00258309933002977,2000,400,0.0045,0.0075,0.0055,0.0075,0.0055,0.0075,0,0,0.4985,0.499,0.499,0.5,-0.000500000000000056,0,0.000999999999999945
"cox","Cox PH regression",1,223,0.00333620107440012,2000,400,0.0045,0.005,0.0055,0.005,0.0055,0.005,0,0,0.49975,0.50025,0.50025,0.5,-0.000500000000000111,0,-0.000250000000000083
"cox","Cox PH regression",1,223,0.00430886938006377,2000,400,0.0045,0.005,0.0055,0.0075,0.0055,0.0075,0,0,0.49975,0.499,0.499,0.5,0.000749999999999917,0,0.000999999999999945
"cox","Cox PH regression",1,223,0.00556511880441425,2000,400,0.0045,0.0075,0.0055,0.0075,0.0055,0.0075,0,0,0.4985,0.499,0.499,0.5,-0.000500000000000056,0,0.000999999999999945
"cox","Cox PH regression",1,223,0.00718762732760925,2000,400,0.0045,0.005,0.0055,0.005,0.0055,0.005,0,0,0.49975,0.50025,0.50025,0.5,-0.000500000000000111,0,-0.000250000000000083
"cox","Cox PH regression",1,223,0.00928317766722556,2000,400,0.0045,0.01,0.0055,0.01,0.0055,0.01,0,0,0.49725,0.49775,0.49775,0.5,-0.000500000000000056,0,0.00224999999999997
"cox","Cox PH regression",1,223,0.0119896850063788,2000,400,0.0045,0,0.0055,0,0.0055,0,0,0,0.50225,0.50275,0.50275,0.5,-0.000500000000000056,0,-0.00275000000000003
"cox","Cox PH regression",1,223,0.0154852736536225,2000,400,0.0045,0.0075,0.0055,0.0125,0.0055,0.0125,0,0,0.4985,0.4965,0.4965,0.5,0.00199999999999995,0,0.00349999999999995
"cox","Cox PH regression",1,223,0.02,2000,400,0.0045,0.01,0.0055,0.01,0.0055,0.01,0,0,0.49725,0.49775,0.49775,0.5,-0.000500000000000056,0,0.00224999999999997
"cox","Cox PH regression",1,223,0.025,2000,400,0.0045,0.0125,0.0055,0.015,0.0055,0.015,0,0,0.496,0.49525,0.49525,0.5,0.000749999999999973,0,0.00474999999999998
"cox","Cox PH regression",1,223,0.0666666666666667,2000,400,0.0045,0.0175,0.0055,0.02,0.0055,0.02,0.0075,0.0225,0.4935,0.49275,0.49275,0.4925,0.000749999999999973,0,-0.000249999999999972
"cox","Cox PH regression",1,223,0.108333333333333,2000,400,0.0045,0.0125,0.0055,0.02,0.0055,0.0225,0.0335,0.11,0.496,0.49275,0.4915,0.46175,0.00324999999999998,-0.00124999999999997,-0.031
"cox","Cox PH regression",1,223,0.15,2000,400,0.0045,0.0425,0.0055,0.0475,0.0055,0.0475,0.0445,0.17,0.481,0.479,0.479,0.43725,0.00199999999999995,0,-0.0417500000000001
"cox","Cox PH regression",1,223,0.191666666666667,2000,400,0.0045,0.0525,0.0055,0.0625,0.0055,0.0625,0.0435,0.2275,0.476,0.4715,0.4715,0.408,0.00449999999999995,0,-0.0635
"cox","Cox PH regression",1,223,0.233333333333333,2000,400,0.0045,0.1225,0.0055,0.145,0.0055,0.145,0.036,0.315,0.441,0.43025,0.43025,0.3605,0.0107499999999999,0,-0.06975
"cox","Cox PH regression",1,223,0.275,2000,400,0.0045,0.1725,0.0055,0.195,0.0055,0.195,0.031,0.35,0.416,0.40525,0.40525,0.3405,0.01075,0,-0.06475
"cox","Cox PH regression",1,223,0.316666666666667,2000,400,0.0045,0.2375,0.0055,0.2575,0.0055,0.26,0.0265,0.45,0.3835,0.374,0.37275,0.28825,0.00949999999999995,-0.00124999999999997,-0.08575
"cox","Cox PH regression",1,223,0.358333333333333,2000,400,0.0045,0.3025,0.0055,0.3225,0.0055,0.3275,0.023,0.5075,0.351,0.3415,0.339,0.25775,0.00949999999999995,-0.0025,-0.08375
"cox","Cox PH regression",1,223,0.4,2000,400,0.0045,0.4475,0.0055,0.48,0.0055,0.4825,0.016,0.62,0.2785,0.26275,0.2615,0.198,0.0157499999999999,-0.00124999999999997,-0.06475
"cox","Cox PH regression",1,223,0.441666666666667,2000,400,0.0045,0.55,0.0055,0.585,0.0055,0.585,0.013,0.6825,0.22725,0.21025,0.21025,0.16525,0.0169999999999999,0,-0.0450000000000001
"cox","Cox PH regression",1,223,0.483333333333333,2000,400,0.0045,0.6975,0.0055,0.72,0.0055,0.725,0.011,0.79,0.1535,0.14275,0.14025,0.1105,0.0107499999999999,-0.0025,-0.0322500000000001
"cox","Cox PH regression",1,223,0.525,2000,400,0.0045,0.7675,0.0055,0.7875,0.0055,0.7875,0.01,0.8325,0.1185,0.109,0.109,0.08875,0.00949999999999995,0,-0.02025
"cox","Cox PH regression",1,223,0.566666666666667,2000,400,0.0045,0.83,0.0055,0.8525,0.0055,0.855,0.0085,0.88,0.08725,0.0765,0.07525,0.06425,0.01075,-0.00124999999999997,-0.01225
"cox","Cox PH regression",1,223,0.608333333333333,2000,400,0.0045,0.9125,0.0055,0.92,0.0055,0.92,0.0075,0.9275,0.046,0.04275,0.04275,0.04,0.00324999999999998,0,-0.00274999999999997
"cox","Cox PH regression",1,223,0.65,2000,400,0.0045,0.9375,0.0055,0.95,0.0055,0.95,0.0055,0.95,0.0335,0.0277500000000001,0.0277500000000001,0.0277500000000001,0.00574999999999992,0,0
"cox","Cox PH regression",1,223,0.691666666666667,2000,400,0.0045,0.965,0.0055,0.97,0.0055,0.97,0.0045,0.9675,0.01975,0.01775,0.01775,0.0185,0.00199999999999995,0,0.000749999999999917
"cox","Cox PH regression",1,223,0.733333333333333,2000,400,0.0045,0.9925,0.0055,0.9925,0.0055,0.995,0.0045,0.99,0.00599999999999995,0.00650000000000001,0.00525000000000003,0.00724999999999998,-0.000500000000000056,-0.00124999999999997,0.000749999999999973
"cox","Cox PH regression",1,223,0.775,2000,400,0.0045,0.9925,0.0055,0.995,0.0055,0.995,0.004,0.9925,0.00599999999999995,0.00525000000000003,0.00525000000000003,0.00574999999999998,0.000749999999999917,0,0.000499999999999945
"cox","Cox PH regression",1,223,0.816666666666667,2000,400,0.0045,0.99,0.0055,0.99,0.0055,0.99,0.004,0.9875,0.00724999999999998,0.00775000000000003,0.00775000000000003,0.00824999999999998,-0.000500000000000056,0,0.000499999999999945
"cox","Cox PH regression",1,223,0.858333333333333,2000,400,0.0045,1,0.0055,1,0.0055,1,0.0035,1,0.00224999999999997,0.00275000000000003,0.00275000000000003,0.00175000000000003,-0.000500000000000056,0,-0.001
"cox","Cox PH regression",1,223,0.9,2000,400,0.0045,1,0.0055,1,0.0055,1,0.0025,1,0.00224999999999997,0.00275000000000003,0.00275000000000003,0.00124999999999997,-0.000500000000000056,0,-0.00150000000000006
"cox","Cox PH regression",1,272,0.002,2000,400,0.0045,0,0.0045,0.0025,0.005,0.0025,0,0,0.50225,0.501,0.50125,0.5,0.00124999999999997,0.000249999999999972,-0.001
"cox","Cox PH regression",1,272,0.00258309933002977,2000,400,0.0045,0,0.0045,0,0.005,0,0,0,0.50225,0.50225,0.5025,0.5,0,0.000249999999999972,-0.00224999999999997
"cox","Cox PH regression",1,272,0.00333620107440012,2000,400,0.0045,0.005,0.0045,0.005,0.005,0.005,0,0,0.49975,0.49975,0.5,0.5,0,0.000249999999999972,0.000250000000000028
"cox","Cox PH regression",1,272,0.00430886938006377,2000,400,0.0045,0.0025,0.0045,0.0025,0.005,0.0025,0,0,0.501,0.501,0.50125,0.5,0,0.000249999999999972,-0.001
"cox","Cox PH regression",1,272,0.00556511880441425,2000,400,0.0045,0.0025,0.0045,0.0025,0.005,0.0025,0,0,0.501,0.501,0.50125,0.5,0,0.000249999999999972,-0.001
"cox","Cox PH regression",1,272,0.00718762732760925,2000,400,0.0045,0.0025,0.0045,0.0025,0.005,0.0025,0,0,0.501,0.501,0.50125,0.5,0,0.000249999999999972,-0.001
"cox","Cox PH regression",1,272,0.00928317766722556,2000,400,0.0045,0.0025,0.0045,0.0025,0.005,0.0025,0,0,0.501,0.501,0.50125,0.5,0,0.000249999999999972,-0.001
"cox","Cox PH regression",1,272,0.0119896850063788,2000,400,0.0045,0.0025,0.0045,0.0025,0.005,0.0025,0,0,0.501,0.501,0.50125,0.5,0,0.000249999999999972,-0.001
"cox","Cox PH regression",1,272,0.0154852736536225,2000,400,0.0045,0.0075,0.0045,0.0075,0.005,0.0075,0,0,0.4985,0.4985,0.49875,0.5,0,0.000249999999999972,0.0015
"cox","Cox PH regression",1,272,0.02,2000,400,0.0045,0.005,0.0045,0.0075,0.005,0.0075,0,0,0.49975,0.4985,0.49875,0.5,0.00124999999999997,0.000249999999999972,0.0015
"cox","Cox PH regression",1,272,0.025,2000,400,0.0045,0.0025,0.0045,0.0025,0.005,0.0025,0,0,0.501,0.501,0.50125,0.5,0,0.000249999999999972,-0.001
"cox","Cox PH regression",1,272,0.0666666666666667,2000,400,0.0045,0.005,0.0045,0.005,0.005,0.005,0.0125,0.015,0.49975,0.49975,0.5,0.49875,0,0.000249999999999972,-0.001
"cox","Cox PH regression",1,272,0.108333333333333,2000,400,0.0045,0.025,0.0045,0.0275,0.005,0.0275,0.0375,0.1075,0.48975,0.4885,0.48875,0.465,0.00124999999999997,0.000249999999999972,-0.0235
"cox","Cox PH regression",1,272,0.15,2000,400,0.0045,0.045,0.0045,0.055,0.005,0.0575,0.041,0.215,0.47975,0.47475,0.47375,0.413,0.005,-0.001,-0.06175
"cox","Cox PH regression",1,272,0.191666666666667,2000,400,0.0045,0.0525,0.0045,0.0625,0.005,0.0625,0.039,0.2175,0.476,0.471,0.47125,0.41075,0.005,0.000249999999999972,-0.06025
"cox","Cox PH regression",1,272,0.233333333333333,2000,400,0.0045,0.145,0.0045,0.17,0.005,0.17,0.0335,0.3675,0.42975,0.41725,0.4175,0.333,0.0125,0.000249999999999972,-0.0842499999999999
"cox","Cox PH regression",1,272,0.275,2000,400,0.0045,0.2175,0.0045,0.2375,0.005,0.2375,0.0265,0.4375,0.3935,0.3835,0.38375,0.2945,0.01,0.000249999999999972,-0.089
"cox","Cox PH regression",1,272,0.316666666666667,2000,400,0.0045,0.335,0.0045,0.34,0.005,0.34,0.022,0.5325,0.33475,0.33225,0.3325,0.24475,0.00250000000000006,0.000249999999999972,-0.0874999999999999
"cox","Cox PH regression",1,272,0.358333333333333,2000,400,0.0045,0.4225,0.0045,0.435,0.005,0.435,0.018,0.61,0.291,0.28475,0.285,0.204,0.00625000000000003,0.000249999999999972,-0.0807499999999999
"cox","Cox PH regression",1,272,0.4,2000,400,0.0045,0.535,0.0045,0.555,0.005,0.56,0.0145,0.69,0.23475,0.22475,0.2225,0.16225,0.01,-0.00225000000000003,-0.0625
"cox","Cox PH regression",1,272,0.441666666666667,2000,400,0.0045,0.6675,0.0045,0.68,0.005,0.6825,0.0125,0.76,0.1685,0.16225,0.16125,0.12625,0.00625000000000003,-0.001,-0.036
"cox","Cox PH regression",1,272,0.483333333333333,2000,400,0.0045,0.7675,0.0045,0.7825,0.005,0.785,0.0115,0.8525,0.1185,0.111,0.11,0.0795,0.00750000000000001,-0.00100000000000006,-0.0315
"cox","Cox PH regression",1,272,0.525,2000,400,0.0045,0.8775,0.0045,0.8925,0.005,0.8925,0.01,0.905,0.0635,0.056,0.05625,0.0525,0.00750000000000001,0.000249999999999972,-0.0035
"cox","Cox PH regression",1,272,0.566666666666667,2000,400,0.0045,0.9025,0.0045,0.91,0.005,0.91,0.008,0.9175,0.051,0.04725,0.0474999999999999,0.04525,0.00375000000000003,0.000249999999999972,-0.00199999999999995
"cox","Cox PH regression",1,272,0.608333333333333,2000,400,0.0045,0.9525,0.0045,0.955,0.005,0.955,0.005,0.955,0.026,0.02475,0.025,0.025,0.00124999999999997,0.000249999999999972,0.000249999999999972
"cox","Cox PH regression",1,272,0.65,2000,400,0.0045,0.9825,0.0045,0.985,0.005,0.985,0.0045,0.9825,0.011,0.00974999999999998,0.00999999999999995,0.011,0.00124999999999997,0.000249999999999972,0.00124999999999997
"cox","Cox PH regression",1,272,0.691666666666667,2000,400,0.0045,0.995,0.0045,0.995,0.005,0.995,0.0035,0.995,0.00474999999999998,0.00474999999999998,0.00499999999999995,0.00425000000000003,0,0.000249999999999972,-0.000499999999999945
"cox","Cox PH regression",1,272,0.733333333333333,2000,400,0.0045,0.995,0.0045,0.995,0.005,0.995,0.0035,0.995,0.00474999999999998,0.00474999999999998,0.00499999999999995,0.00425000000000003,0,0.000249999999999972,-0.000499999999999945
"cox","Cox PH regression",1,272,0.775,2000,400,0.0045,0.9975,0.0045,0.9975,0.005,0.9975,0.0025,0.995,0.00349999999999995,0.00349999999999995,0.00374999999999992,0.00374999999999998,0,0.000249999999999972,0.000250000000000028
"cox","Cox PH regression",1,272,0.816666666666667,2000,400,0.0045,0.9975,0.0045,0.9975,0.005,0.9975,0.0025,0.9975,0.00349999999999995,0.00349999999999995,0.00374999999999992,0.00249999999999995,0,0.000249999999999972,-0.001
"cox","Cox PH regression",1,272,0.858333333333333,2000,400,0.0045,1,0.0045,1,0.005,1,0.0025,1,0.00224999999999997,0.00224999999999997,0.00249999999999995,0.00124999999999997,0,0.000249999999999972,-0.001
"cox","Cox PH regression",1,272,0.9,2000,400,0.0045,1,0.0045,1,0.005,1,0.0025,1,0.00224999999999997,0.00224999999999997,0.00249999999999995,0.00124999999999997,0,0.000249999999999972,-0.001
"cox","Cox PH regression",1,332,0.002,2000,400,0.004,0.0125,0.004,0.0125,0.004,0.0125,0,0,0.49575,0.49575,0.49575,0.5,0,0,0.00424999999999998
"cox","Cox PH regression",1,332,0.00258309933002977,2000,400,0.004,0,0.004,0,0.004,0,0,0,0.502,0.502,0.502,0.5,0,0,-0.002
"cox","Cox PH regression",1,332,0.00333620107440012,2000,400,0.004,0.0025,0.004,0.0025,0.004,0.0025,0,0,0.50075,0.50075,0.50075,0.5,0,0,-0.000750000000000028
"cox","Cox PH regression",1,332,0.00430886938006377,2000,400,0.004,0.0025,0.004,0.0025,0.004,0.0025,0,0,0.50075,0.50075,0.50075,0.5,0,0,-0.000750000000000028
"cox","Cox PH regression",1,332,0.00556511880441425,2000,400,0.004,0.0075,0.004,0.0075,0.004,0.0075,0,0,0.49825,0.49825,0.49825,0.5,0,0,0.00174999999999997
"cox","Cox PH regression",1,332,0.00718762732760925,2000,400,0.004,0.005,0.004,0.005,0.004,0.005,0,0,0.4995,0.4995,0.4995,0.5,0,0,5e-04
"cox","Cox PH regression",1,332,0.00928317766722556,2000,400,0.004,0.0075,0.004,0.0075,0.004,0.0075,0,0,0.49825,0.49825,0.49825,0.5,0,0,0.00174999999999997
"cox","Cox PH regression",1,332,0.0119896850063788,2000,400,0.004,0.0025,0.004,0.0025,0.004,0.0025,0,0,0.50075,0.50075,0.50075,0.5,0,0,-0.000750000000000028
"cox","Cox PH regression",1,332,0.0154852736536225,2000,400,0.004,0.005,0.004,0.005,0.004,0.005,0,0,0.4995,0.4995,0.4995,0.5,0,0,5e-04
"cox","Cox PH regression",1,332,0.02,2000,400,0.004,0.0075,0.004,0.0075,0.004,0.0075,0,0,0.49825,0.49825,0.49825,0.5,0,0,0.00174999999999997
"cox","Cox PH regression",1,332,0.025,2000,400,0.004,0.0025,0.004,0.0025,0.004,0.0025,0,0,0.50075,0.50075,0.50075,0.5,0,0,-0.000750000000000028
"cox","Cox PH regression",1,332,0.0666666666666667,2000,400,0.004,0.0075,0.004,0.0075,0.004,0.0075,0.0165,0.0375,0.49825,0.49825,0.49825,0.4895,0,0,-0.00875000000000004
"cox","Cox PH regression",1,332,0.108333333333333,2000,400,0.004,0.035,0.004,0.035,0.004,0.035,0.039,0.125,0.4845,0.4845,0.4845,0.457,0,0,-0.0275
"cox","Cox PH regression",1,332,0.15,2000,400,0.004,0.065,0.004,0.065,0.004,0.065,0.0405,0.2125,0.4695,0.4695,0.4695,0.414,0,0,-0.0555
"cox","Cox PH regression",1,332,0.191666666666667,2000,400,0.004,0.1075,0.004,0.1075,0.004,0.1075,0.037,0.28,0.44825,0.44825,0.44825,0.3785,0,0,-0.06975
"cox","Cox PH regression",1,332,0.233333333333333,2000,400,0.004,0.1725,0.004,0.18,0.004,0.18,0.0305,0.375,0.41575,0.412,0.412,0.32775,0.00374999999999998,0,-0.08425
"cox","Cox PH regression",1,332,0.275,2000,400,0.004,0.265,0.004,0.265,0.004,0.265,0.021,0.46,0.3695,0.3695,0.3695,0.2805,0,0,-0.089
"cox","Cox PH regression",1,332,0.316666666666667,2000,400,0.004,0.4125,0.004,0.4125,0.004,0.4175,0.017,0.56,0.29575,0.29575,0.29325,0.2285,0,-0.0025,-0.0672500000000001
"cox","Cox PH regression",1,332,0.358333333333333,2000,400,0.004,0.515,0.004,0.5175,0.004,0.5175,0.015,0.675,0.2445,0.24325,0.24325,0.17,0.00124999999999997,0,-0.0732500000000001
"cox","Cox PH regression",1,332,0.4,2000,400,0.004,0.7,0.004,0.7025,0.004,0.71,0.012,0.7825,0.152,0.15075,0.147,0.11475,0.00125000000000003,-0.00374999999999998,-0.036
"cox","Cox PH regression",1,332,0.441666666666667,2000,400,0.004,0.7675,0.004,0.775,0.004,0.7775,0.008,0.8275,0.11825,0.1145,0.11325,0.09025,0.00375000000000003,-0.00124999999999997,-0.02425
"cox","Cox PH regression",1,332,0.483333333333333,2000,400,0.004,0.88,0.004,0.88,0.004,0.8825,0.0055,0.9,0.062,0.062,0.06075,0.05275,0,-0.00124999999999997,-0.00924999999999998
"cox","Cox PH regression",1,332,0.525,2000,400,0.004,0.93,0.004,0.93,0.004,0.9325,0.005,0.94,0.037,0.037,0.03575,0.0325,0,-0.00124999999999997,-0.0045
"cox","Cox PH regression",1,332,0.566666666666667,2000,400,0.004,0.95,0.004,0.9525,0.004,0.9525,0.0045,0.955,0.027,0.02575,0.02575,0.02475,0.00125000000000003,0,-0.001
"cox","Cox PH regression",1,332,0.608333333333333,2000,400,0.004,0.985,0.004,0.985,0.004,0.985,0.004,0.985,0.00950000000000001,0.00950000000000001,0.00950000000000001,0.00950000000000001,0,0,0
"cox","Cox PH regression",1,332,0.65,2000,400,0.004,0.995,0.004,0.995,0.004,0.995,0.0035,0.995,0.0045,0.0045,0.0045,0.00425000000000003,0,0,-0.000249999999999972
"cox","Cox PH regression",1,332,0.691666666666667,2000,400,0.004,0.9975,0.004,0.9975,0.004,0.9975,0.0035,0.9975,0.00324999999999998,0.00324999999999998,0.00324999999999998,0.003,0,0,-0.000249999999999972
"cox","Cox PH regression",1,332,0.733333333333333,2000,400,0.004,0.9975,0.004,0.9975,0.004,0.9975,0.003,0.9975,0.00324999999999998,0.00324999999999998,0.00324999999999998,0.00274999999999992,0,0,-0.000500000000000056
"cox","Cox PH regression",1,332,0.775,2000,400,0.004,1,0.004,1,0.004,1,0.003,1,0.002,0.002,0.002,0.00149999999999995,0,0,-0.000500000000000056
"cox","Cox PH regression",1,332,0.816666666666667,2000,400,0.004,1,0.004,1,0.004,1,0.003,1,0.002,0.002,0.002,0.00149999999999995,0,0,-0.000500000000000056
"cox","Cox PH regression",1,332,0.858333333333333,2000,400,0.004,1,0.004,1,0.004,1,0.0025,1,0.002,0.002,0.002,0.00124999999999997,0,0,-0.000750000000000028
"cox","Cox PH regression",1,332,0.9,2000,400,0.004,1,0.004,1,0.004,1,0.0025,1,0.002,0.002,0.002,0.00124999999999997,0,0,-0.000750000000000028
"cox","Cox PH regression",1,406,0.002,2000,400,0.004,0.0025,0.0035,0.0025,0.0035,0.0025,0,0,0.50075,0.5005,0.5005,0.5,0.000249999999999972,0,-0.000500000000000056
"cox","Cox PH regression",1,406,0.00258309933002977,2000,400,0.004,0.0075,0.0035,0.0075,0.0035,0.0075,0,0,0.49825,0.498,0.498,0.5,0.000249999999999972,0,0.00199999999999995
"cox","Cox PH regression",1,406,0.00333620107440012,2000,400,0.004,0.0025,0.0035,0.0025,0.0035,0.0025,0,0,0.50075,0.5005,0.5005,0.5,0.000249999999999972,0,-0.000500000000000056
"cox","Cox PH regression",1,406,0.00430886938006377,2000,400,0.004,0.0025,0.0035,0.0025,0.0035,0.0025,0,0,0.50075,0.5005,0.5005,0.5,0.000249999999999972,0,-0.000500000000000056
"cox","Cox PH regression",1,406,0.00556511880441425,2000,400,0.004,0.005,0.0035,0.005,0.0035,0.005,0,0,0.4995,0.49925,0.49925,0.5,0.000249999999999972,0,0.000749999999999973
"cox","Cox PH regression",1,406,0.00718762732760925,2000,400,0.004,0.005,0.0035,0.005,0.0035,0.005,0,0,0.4995,0.49925,0.49925,0.5,0.000249999999999972,0,0.000749999999999973
"cox","Cox PH regression",1,406,0.00928317766722556,2000,400,0.004,0.01,0.0035,0.01,0.0035,0.01,0,0,0.497,0.49675,0.49675,0.5,0.000249999999999972,0,0.00324999999999998
"cox","Cox PH regression",1,406,0.0119896850063788,2000,400,0.004,0.005,0.0035,0.005,0.0035,0.005,0,0,0.4995,0.49925,0.49925,0.5,0.000249999999999972,0,0.000749999999999973
"cox","Cox PH regression",1,406,0.0154852736536225,2000,400,0.004,0.005,0.0035,0.005,0.0035,0.005,0,0,0.4995,0.49925,0.49925,0.5,0.000249999999999972,0,0.000749999999999973
"cox","Cox PH regression",1,406,0.02,2000,400,0.004,0.005,0.0035,0.005,0.0035,0.005,0,0,0.4995,0.49925,0.49925,0.5,0.000249999999999972,0,0.000749999999999973
"cox","Cox PH regression",1,406,0.025,2000,400,0.004,0.005,0.0035,0.005,0.0035,0.005,0,0,0.4995,0.49925,0.49925,0.5,0.000249999999999972,0,0.000749999999999973
"cox","Cox PH regression",1,406,0.0666666666666667,2000,400,0.004,0.015,0.0035,0.0125,0.0035,0.0125,0.02,0.0425,0.4945,0.4955,0.4955,0.48875,-0.00100000000000006,0,-0.00675000000000003
"cox","Cox PH regression",1,406,0.108333333333333,2000,400,0.004,0.0325,0.0035,0.0325,0.0035,0.0325,0.04,0.175,0.48575,0.4855,0.4855,0.4325,0.000249999999999972,0,-0.053
"cox","Cox PH regression",1,406,0.15,2000,400,0.004,0.0825,0.0035,0.08,0.0035,0.0825,0.0385,0.23,0.46075,0.46175,0.4605,0.40425,-0.00100000000000006,-0.00125000000000003,-0.0575
"cox","Cox PH regression",1,406,0.191666666666667,2000,400,0.004,0.1475,0.0035,0.135,0.0035,0.14,0.0305,0.3475,0.42825,0.43425,0.43175,0.3415,-0.006,-0.0025,-0.09275
"cox","Cox PH regression",1,406,0.233333333333333,2000,400,0.004,0.2725,0.0035,0.265,0.0035,0.265,0.0245,0.46,0.36575,0.36925,0.36925,0.28225,-0.0035,0,-0.087
"cox","Cox PH regression",1,406,0.275,2000,400,0.004,0.37,0.0035,0.36,0.0035,0.36,0.018,0.5775,0.317,0.32175,0.32175,0.22025,-0.00475000000000003,0,-0.1015
"cox","Cox PH regression",1,406,0.316666666666667,2000,400,0.004,0.5275,0.0035,0.5075,0.0035,0.5125,0.0135,0.6825,0.23825,0.248,0.2455,0.1655,-0.00975000000000004,-0.0025,-0.0825
"cox","Cox PH regression",1,406,0.358333333333333,2000,400,0.004,0.67,0.0035,0.6625,0.0035,0.6625,0.0105,0.745,0.167,0.1705,0.1705,0.13275,-0.00350000000000006,0,-0.0377500000000001
"cox","Cox PH regression",1,406,0.4,2000,400,0.004,0.7925,0.0035,0.785,0.0035,0.785,0.008,0.86,0.10575,0.10925,0.10925,0.074,-0.0035,0,-0.03525
"cox","Cox PH regression",1,406,0.441666666666667,2000,400,0.004,0.91,0.0035,0.9,0.0035,0.9,0.0065,0.9225,0.047,0.05175,0.05175,0.042,-0.00475000000000003,0,-0.00975000000000004
"cox","Cox PH regression",1,406,0.483333333333333,2000,400,0.004,0.96,0.0035,0.9575,0.0035,0.9575,0.005,0.965,0.022,0.023,0.023,0.02,-0.001,0,-0.00300000000000006
"cox","Cox PH regression",1,406,0.525,2000,400,0.004,0.99,0.0035,0.99,0.0035,0.99,0.004,0.99,0.00700000000000001,0.00675000000000003,0.00675000000000003,0.00700000000000001,0.000249999999999972,0,0.000249999999999972
"cox","Cox PH regression",1,406,0.566666666666667,2000,400,0.004,0.9875,0.0035,0.9875,0.0035,0.9875,0.0035,0.9875,0.00824999999999998,0.00800000000000001,0.00800000000000001,0.00800000000000001,0.000249999999999972,0,0
"cox","Cox PH regression",1,406,0.608333333333333,2000,400,0.004,0.9975,0.0035,0.9975,0.0035,0.9975,0.0035,0.9975,0.00324999999999998,0.003,0.003,0.003,0.000249999999999972,0,0
"cox","Cox PH regression",1,406,0.65,2000,400,0.004,1,0.0035,1,0.0035,1,0.003,1,0.002,0.00175000000000003,0.00175000000000003,0.00149999999999995,0.000249999999999972,0,-0.000250000000000083
"cox","Cox PH regression",1,406,0.691666666666667,2000,400,0.004,1,0.0035,1,0.0035,1,0.003,1,0.002,0.00175000000000003,0.00175000000000003,0.00149999999999995,0.000249999999999972,0,-0.000250000000000083
"cox","Cox PH regression",1,406,0.733333333333333,2000,400,0.004,1,0.0035,1,0.0035,1,0.0025,1,0.002,0.00175000000000003,0.00175000000000003,0.00124999999999997,0.000249999999999972,0,-0.000500000000000056
"cox","Cox PH regression",1,406,0.775,2000,400,0.004,1,0.0035,1,0.0035,1,0.002,1,0.002,0.00175000000000003,0.00175000000000003,0.001,0.000249999999999972,0,-0.000750000000000028
"cox","Cox PH regression",1,406,0.816666666666667,2000,400,0.004,1,0.0035,1,0.0035,1,0.0015,1,0.002,0.00175000000000003,0.00175000000000003,0.000750000000000028,0.000249999999999972,0,-0.001
"cox","Cox PH regression",1,406,0.858333333333333,2000,400,0.004,1,0.0035,1,0.0035,1,0.0015,1,0.002,0.00175000000000003,0.00175000000000003,0.000750000000000028,0.000249999999999972,0,-0.001
"cox","Cox PH regression",1,406,0.9,2000,400,0.004,1,0.0035,1,0.0035,1,0.001,1,0.002,0.00175000000000003,0.00175000000000003,0.000499999999999945,0.000249999999999972,0,-0.00125000000000008
"cox","Cox PH regression",1,496,0.002,2000,400,0.0055,0,0.0045,0,0.0045,0,0,0,0.50275,0.50225,0.50225,0.5,0.000500000000000056,0,-0.00224999999999997
"cox","Cox PH regression",1,496,0.00258309933002977,2000,400,0.0055,0.005,0.0045,0.005,0.0045,0.005,0,0,0.50025,0.49975,0.49975,0.5,0.000500000000000111,0,0.000250000000000028
"cox","Cox PH regression",1,496,0.00333620107440012,2000,400,0.0055,0.01,0.0045,0.01,0.0045,0.01,0,0,0.49775,0.49725,0.49725,0.5,0.000500000000000056,0,0.00275000000000003
"cox","Cox PH regression",1,496,0.00430886938006377,2000,400,0.0055,0.01,0.0045,0.01,0.0045,0.01,0,0,0.49775,0.49725,0.49725,0.5,0.000500000000000056,0,0.00275000000000003
"cox","Cox PH regression",1,496,0.00556511880441425,2000,400,0.0055,0.0025,0.0045,0.0025,0.0045,0.0025,0,0,0.5015,0.501,0.501,0.5,0.000500000000000056,0,-0.001
"cox","Cox PH regression",1,496,0.00718762732760925,2000,400,0.0055,0.0125,0.0045,0.0125,0.0045,0.0125,0,0,0.4965,0.496,0.496,0.5,0.000500000000000056,0,0.004
"cox","Cox PH regression",1,496,0.00928317766722556,2000,400,0.0055,0.0075,0.0045,0.0075,0.0045,0.0075,0,0,0.499,0.4985,0.4985,0.5,0.000500000000000056,0,0.0015
"cox","Cox PH regression",1,496,0.0119896850063788,2000,400,0.0055,0.005,0.0045,0.005,0.0045,0.005,0,0,0.50025,0.49975,0.49975,0.5,0.000500000000000111,0,0.000250000000000028
"cox","Cox PH regression",1,496,0.0154852736536225,2000,400,0.0055,0.0075,0.0045,0.0075,0.0045,0.0075,0,0,0.499,0.4985,0.4985,0.5,0.000500000000000056,0,0.0015
"cox","Cox PH regression",1,496,0.02,2000,400,0.0055,0.0075,0.0045,0.0025,0.0045,0.0025,0,0,0.499,0.501,0.501,0.5,-0.00199999999999995,0,-0.001
"cox","Cox PH regression",1,496,0.025,2000,400,0.0055,0.0025,0.0045,0.0025,0.0045,0.0025,0,0,0.5015,0.501,0.501,0.5,0.000500000000000056,0,-0.001
"cox","Cox PH regression",1,496,0.0666666666666667,2000,400,0.0055,0.02,0.0045,0.02,0.0045,0.02,0.0315,0.06,0.49275,0.49225,0.49225,0.48575,0.000500000000000056,0,-0.00649999999999995
"cox","Cox PH regression",1,496,0.108333333333333,2000,400,0.0055,0.03,0.0045,0.0275,0.0045,0.0275,0.0455,0.1725,0.48775,0.4885,0.4885,0.4365,-0.000749999999999973,0,-0.0519999999999999
"cox","Cox PH regression",1,496,0.15,2000,400,0.0055,0.095,0.0045,0.0825,0.0045,0.0825,0.041,0.3125,0.45525,0.461,0.461,0.36425,-0.00574999999999992,0,-0.09675
"cox","Cox PH regression",1,496,0.191666666666667,2000,400,0.0055,0.2025,0.0045,0.1875,0.0045,0.1875,0.032,0.4425,0.4015,0.4085,0.4085,0.29475,-0.00699999999999995,0,-0.11375
"cox","Cox PH regression",1,496,0.233333333333333,2000,400,0.0055,0.3525,0.0045,0.335,0.0045,0.335,0.0255,0.5375,0.3265,0.33475,0.33475,0.244,-0.00824999999999998,0,-0.0907499999999999
"cox","Cox PH regression",1,496,0.275,2000,400,0.0055,0.4375,0.0045,0.4125,0.0045,0.4125,0.021,0.6025,0.284,0.296,0.296,0.20925,-0.012,0,-0.08675
"cox","Cox PH regression",1,496,0.316666666666667,2000,400,0.0055,0.6575,0.0045,0.6325,0.0045,0.635,0.0185,0.7575,0.174,0.186,0.18475,0.1305,-0.012,-0.00125000000000003,-0.0555
"cox","Cox PH regression",1,496,0.358333333333333,2000,400,0.0055,0.78,0.0045,0.765,0.0045,0.765,0.013,0.8225,0.11275,0.11975,0.11975,0.09525,-0.00699999999999995,0,-0.0245
"cox","Cox PH regression",1,496,0.4,2000,400,0.0055,0.8875,0.0045,0.8825,0.0045,0.8825,0.0115,0.9075,0.059,0.061,0.061,0.052,-0.00199999999999995,0,-0.00899999999999995
"cox","Cox PH regression",1,496,0.441666666666667,2000,400,0.0055,0.9625,0.0045,0.96,0.0045,0.96,0.01,0.9675,0.0215,0.02225,0.02225,0.02125,-0.000749999999999973,0,-0.001
"cox","Cox PH regression",1,496,0.483333333333333,2000,400,0.0055,0.97,0.0045,0.9675,0.0045,0.9675,0.006,0.97,0.01775,0.0185,0.0185,0.018,-0.000749999999999917,0,-0.000499999999999945
"cox","Cox PH regression",1,496,0.525,2000,400,0.0055,0.9875,0.0045,0.9875,0.0045,0.9875,0.0055,0.9875,0.00900000000000001,0.00849999999999995,0.00849999999999995,0.00900000000000001,0.000500000000000056,0,0.000500000000000056
"cox","Cox PH regression",1,496,0.566666666666667,2000,400,0.0055,0.9975,0.0045,0.9975,0.0045,0.9975,0.004,0.9975,0.004,0.00349999999999995,0.00349999999999995,0.00324999999999998,0.000500000000000056,0,-0.000249999999999972
"cox","Cox PH regression",1,496,0.608333333333333,2000,400,0.0055,1,0.0045,1,0.0045,1,0.0025,1,0.00275000000000003,0.00224999999999997,0.00224999999999997,0.00124999999999997,0.000500000000000056,0,-0.001
"cox","Cox PH regression",1,496,0.65,2000,400,0.0055,1,0.0045,1,0.0045,1,0.0015,1,0.00275000000000003,0.00224999999999997,0.00224999999999997,0.000750000000000028,0.000500000000000056,0,-0.00149999999999995
"cox","Cox PH regression",1,496,0.691666666666667,2000,400,0.0055,1,0.0045,1,0.0045,1,0.0015,1,0.00275000000000003,0.00224999999999997,0.00224999999999997,0.000750000000000028,0.000500000000000056,0,-0.00149999999999995
"cox","Cox PH regression",1,496,0.733333333333333,2000,400,0.0055,1,0.0045,1,0.0045,1,0.001,1,0.00275000000000003,0.00224999999999997,0.00224999999999997,0.000499999999999945,0.000500000000000056,0,-0.00175000000000003
"cox","Cox PH regression",1,496,0.775,2000,400,0.0055,1,0.0045,1,0.0045,1,0.001,1,0.00275000000000003,0.00224999999999997,0.00224999999999997,0.000499999999999945,0.000500000000000056,0,-0.00175000000000003
"cox","Cox PH regression",1,496,0.816666666666667,2000,400,0.0055,1,0.0045,1,0.0045,1,0.001,1,0.00275000000000003,0.00224999999999997,0.00224999999999997,0.000499999999999945,0.000500000000000056,0,-0.00175000000000003
"cox","Cox PH regression",1,496,0.858333333333333,2000,400,0.0055,1,0.0045,1,0.0045,1,0.001,1,0.00275000000000003,0.00224999999999997,0.00224999999999997,0.000499999999999945,0.000500000000000056,0,-0.00175000000000003
"cox","Cox PH regression",1,496,0.9,2000,400,0.0055,1,0.0045,1,0.0045,1,0.001,1,0.00275000000000003,0.00224999999999997,0.00224999999999997,0.000499999999999945,0.000500000000000056,0,-0.00175000000000003
"cox","Cox PH regression",1,606,0.002,2000,400,0.005,0.0025,0.0035,0.0025,0.0035,0.0025,0,0,0.50125,0.5005,0.5005,0.5,0.000749999999999917,0,-0.000500000000000056
"cox","Cox PH regression",1,606,0.00258309933002977,2000,400,0.005,0.0025,0.0035,0.0025,0.0035,0.0025,0,0,0.50125,0.5005,0.5005,0.5,0.000749999999999917,0,-0.000500000000000056
"cox","Cox PH regression",1,606,0.00333620107440012,2000,400,0.005,0.005,0.0035,0.005,0.0035,0.005,0,0,0.5,0.49925,0.49925,0.5,0.000749999999999917,0,0.000749999999999973
"cox","Cox PH regression",1,606,0.00430886938006377,2000,400,0.005,0.005,0.0035,0.005,0.0035,0.005,0,0,0.5,0.49925,0.49925,0.5,0.000749999999999917,0,0.000749999999999973
"cox","Cox PH regression",1,606,0.00556511880441425,2000,400,0.005,0.005,0.0035,0.005,0.0035,0.005,0,0,0.5,0.49925,0.49925,0.5,0.000749999999999917,0,0.000749999999999973
"cox","Cox PH regression",1,606,0.00718762732760925,2000,400,0.005,0.0025,0.0035,0,0.0035,0,0,0,0.50125,0.50175,0.50175,0.5,-0.000500000000000056,0,-0.00175000000000003
"cox","Cox PH regression",1,606,0.00928317766722556,2000,400,0.005,0.005,0.0035,0.005,0.0035,0.005,0,0,0.5,0.49925,0.49925,0.5,0.000749999999999917,0,0.000749999999999973
"cox","Cox PH regression",1,606,0.0119896850063788,2000,400,0.005,0.0025,0.0035,0,0.0035,0,0,0,0.50125,0.50175,0.50175,0.5,-0.000500000000000056,0,-0.00175000000000003
"cox","Cox PH regression",1,606,0.0154852736536225,2000,400,0.005,0.0025,0.0035,0,0.0035,0,0,0,0.50125,0.50175,0.50175,0.5,-0.000500000000000056,0,-0.00175000000000003
"cox","Cox PH regression",1,606,0.02,2000,400,0.005,0.005,0.0035,0.005,0.0035,0.005,0,0,0.5,0.49925,0.49925,0.5,0.000749999999999917,0,0.000749999999999973
"cox","Cox PH regression",1,606,0.025,2000,400,0.005,0.0025,0.0035,0.0025,0.0035,0.0025,0,0,0.50125,0.5005,0.5005,0.5,0.000749999999999917,0,-0.000500000000000056
"cox","Cox PH regression",1,606,0.0666666666666667,2000,400,0.005,0.0275,0.0035,0.0275,0.0035,0.0275,0.034,0.085,0.48875,0.488,0.488,0.4745,0.000749999999999917,0,-0.0135
"cox","Cox PH regression",1,606,0.108333333333333,2000,400,0.005,0.055,0.0035,0.0525,0.0035,0.0525,0.0415,0.2,0.475,0.4755,0.4755,0.42075,-0.000500000000000111,0,-0.05475
"cox","Cox PH regression",1,606,0.15,2000,400,0.005,0.1075,0.0035,0.1025,0.0035,0.1025,0.035,0.3025,0.44875,0.4505,0.4505,0.36625,-0.00175000000000008,0,-0.08425
"cox","Cox PH regression",1,606,0.191666666666667,2000,400,0.005,0.2625,0.0035,0.2225,0.0035,0.2225,0.024,0.4775,0.37125,0.3905,0.3905,0.27325,-0.01925,0,-0.11725
"cox","Cox PH regression",1,606,0.233333333333333,2000,400,0.005,0.47,0.0035,0.4125,0.0035,0.415,0.0175,0.6075,0.2675,0.2955,0.29425,0.205,-0.0280000000000001,-0.00125000000000003,-0.0905
"cox","Cox PH regression",1,606,0.275,2000,400,0.005,0.6275,0.0035,0.58,0.0035,0.585,0.0135,0.735,0.18875,0.21175,0.20925,0.13925,-0.0230000000000001,-0.0025,-0.0725
"cox","Cox PH regression",1,606,0.316666666666667,2000,400,0.005,0.7775,0.0035,0.7425,0.0035,0.7425,0.0095,0.84,0.11375,0.1305,0.1305,0.08475,-0.01675,0,-0.04575
"cox","Cox PH regression",1,606,0.358333333333333,2000,400,0.005,0.8875,0.0035,0.865,0.0035,0.865,0.0075,0.92,0.05875,0.06925,0.06925,0.04375,-0.0105000000000001,0,-0.0255
"cox","Cox PH regression",1,606,0.4,2000,400,0.005,0.9475,0.0035,0.945,0.0035,0.945,0.007,0.955,0.0287499999999999,0.0292500000000001,0.0292500000000001,0.026,-0.000500000000000111,0,-0.00325000000000009
"cox","Cox PH regression",1,606,0.441666666666667,2000,400,0.005,0.9875,0.0035,0.9825,0.0035,0.9825,0.005,0.9875,0.00874999999999992,0.0105,0.0105,0.00874999999999992,-0.00175000000000008,0,-0.00175000000000008
"cox","Cox PH regression",1,606,0.483333333333333,2000,400,0.005,1,0.0035,1,0.0035,1,0.0045,1,0.00249999999999995,0.00175000000000003,0.00175000000000003,0.00224999999999997,0.000749999999999917,0,0.000499999999999945
"cox","Cox PH regression",1,606,0.525,2000,400,0.005,0.9975,0.0035,0.9975,0.0035,0.9975,0.0035,0.9975,0.00374999999999992,0.003,0.003,0.003,0.000749999999999917,0,0
"cox","Cox PH regression",1,606,0.566666666666667,2000,400,0.005,1,0.0035,1,0.0035,1,0.0035,1,0.00249999999999995,0.00175000000000003,0.00175000000000003,0.00175000000000003,0.000749999999999917,0,0
"cox","Cox PH regression",1,606,0.608333333333333,2000,400,0.005,1,0.0035,1,0.0035,1,0.003,1,0.00249999999999995,0.00175000000000003,0.00175000000000003,0.00149999999999995,0.000749999999999917,0,-0.000250000000000083
"cox","Cox PH regression",1,606,0.65,2000,400,0.005,1,0.0035,1,0.0035,1,0.002,1,0.00249999999999995,0.00175000000000003,0.00175000000000003,0.001,0.000749999999999917,0,-0.000750000000000028
"cox","Cox PH regression",1,606,0.691666666666667,2000,400,0.005,1,0.0035,1,0.0035,1,0.002,1,0.00249999999999995,0.00175000000000003,0.00175000000000003,0.001,0.000749999999999917,0,-0.000750000000000028
"cox","Cox PH regression",1,606,0.733333333333333,2000,400,0.005,1,0.0035,1,0.0035,1,0.0015,1,0.00249999999999995,0.00175000000000003,0.00175000000000003,0.000750000000000028,0.000749999999999917,0,-0.001
"cox","Cox PH regression",1,606,0.775,2000,400,0.005,1,0.0035,1,0.0035,1,0.0015,1,0.00249999999999995,0.00175000000000003,0.00175000000000003,0.000750000000000028,0.000749999999999917,0,-0.001
"cox","Cox PH regression",1,606,0.816666666666667,2000,400,0.005,1,0.0035,1,0.0035,1,0.001,1,0.00249999999999995,0.00175000000000003,0.00175000000000003,0.000499999999999945,0.000749999999999917,0,-0.00125000000000008
"cox","Cox PH regression",1,606,0.858333333333333,2000,400,0.005,1,0.0035,1,0.0035,1,0.001,1,0.00249999999999995,0.00175000000000003,0.00175000000000003,0.000499999999999945,0.000749999999999917,0,-0.00125000000000008
"cox","Cox PH regression",1,606,0.9,2000,400,0.005,1,0.0035,1,0.0035,1,0.001,1,0.00249999999999995,0.00175000000000003,0.00175000000000003,0.000499999999999945,0.000749999999999917,0,-0.00125000000000008
"cox","Cox PH regression",1,741,0.002,2000,400,0.0065,0,0.003,0,0.003,0,0,0,0.50325,0.5015,0.5015,0.5,0.00175000000000003,0,-0.00149999999999995
"cox","Cox PH regression",1,741,0.00258309933002977,2000,400,0.0065,0.01,0.003,0.01,0.003,0.01,0,0,0.49825,0.4965,0.4965,0.5,0.00175000000000003,0,0.00350000000000006
"cox","Cox PH regression",1,741,0.00333620107440012,2000,400,0.0065,0.005,0.003,0.0025,0.003,0.0025,0,0,0.50075,0.50025,0.50025,0.5,0.000500000000000056,0,-0.000249999999999972
"cox","Cox PH regression",1,741,0.00430886938006377,2000,400,0.0065,0.0025,0.003,0.0025,0.003,0.0025,0,0,0.502,0.50025,0.50025,0.5,0.00175000000000003,0,-0.000249999999999972
"cox","Cox PH regression",1,741,0.00556511880441425,2000,400,0.0065,0.0025,0.003,0,0.003,0,0,0,0.502,0.5015,0.5015,0.5,0.000500000000000056,0,-0.00149999999999995
"cox","Cox PH regression",1,741,0.00718762732760925,2000,400,0.0065,0.005,0.003,0.005,0.003,0.005,0,0,0.50075,0.499,0.499,0.5,0.00175000000000008,0,0.00100000000000006
"cox","Cox PH regression",1,741,0.00928317766722556,2000,400,0.0065,0.01,0.003,0.0075,0.003,0.0075,0,0,0.49825,0.49775,0.49775,0.5,5e-04,0,0.00225000000000003
"cox","Cox PH regression",1,741,0.0119896850063788,2000,400,0.0065,0.01,0.003,0.0025,0.003,0.0025,0,0,0.49825,0.50025,0.50025,0.5,-0.002,0,-0.000249999999999972
"cox","Cox PH regression",1,741,0.0154852736536225,2000,400,0.0065,0.0025,0.003,0.0025,0.003,0.0025,0,0,0.502,0.50025,0.50025,0.5,0.00175000000000003,0,-0.000249999999999972
"cox","Cox PH regression",1,741,0.02,2000,400,0.0065,0.0025,0.003,0.0025,0.003,0.0025,0,0,0.502,0.50025,0.50025,0.5,0.00175000000000003,0,-0.000249999999999972
"cox","Cox PH regression",1,741,0.025,2000,400,0.0065,0.005,0.003,0.0025,0.003,0.0025,0,0,0.50075,0.50025,0.50025,0.5,0.000500000000000056,0,-0.000249999999999972
"cox","Cox PH regression",1,741,0.0666666666666667,2000,400,0.0065,0.0275,0.003,0.0175,0.003,0.0175,0.0395,0.0925,0.4895,0.49275,0.49275,0.4735,-0.00324999999999998,0,-0.0192499999999999
"cox","Cox PH regression",1,741,0.108333333333333,2000,400,0.0065,0.0775,0.003,0.05,0.003,0.05,0.0435,0.255,0.4645,0.4765,0.4765,0.39425,-0.012,0,-0.0822499999999999
"cox","Cox PH regression",1,741,0.15,2000,400,0.0065,0.1825,0.003,0.1375,0.003,0.1375,0.032,0.3875,0.412,0.43275,0.43275,0.32225,-0.02075,0,-0.1105
"cox","Cox PH regression",1,741,0.191666666666667,2000,400,0.0065,0.3,0.003,0.26,0.003,0.26,0.027,0.5075,0.35325,0.3715,0.3715,0.25975,-0.01825,0,-0.11175
"cox","Cox PH regression",1,741,0.233333333333333,2000,400,0.0065,0.53,0.003,0.4675,0.003,0.4675,0.021,0.685,0.23825,0.26775,0.26775,0.168,-0.0295,0,-0.09975
"cox","Cox PH regression",1,741,0.275,2000,400,0.0065,0.7475,0.003,0.69,0.003,0.69,0.0155,0.8375,0.1295,0.1565,0.1565,0.089,-0.027,0,-0.0675
"cox","Cox PH regression",1,741,0.316666666666667,2000,400,0.0065,0.83,0.003,0.8,0.003,0.8,0.011,0.88,0.08825,0.1015,0.1015,0.0655,-0.0132499999999999,0,-0.036
"cox","Cox PH regression",1,741,0.358333333333333,2000,400,0.0065,0.9375,0.003,0.925,0.003,0.925,0.009,0.9475,0.0345,0.0389999999999999,0.0389999999999999,0.0307499999999999,-0.00449999999999995,0,-0.00824999999999998
"cox","Cox PH regression",1,741,0.4,2000,400,0.0065,0.99,0.003,0.9775,0.003,0.9775,0.0065,0.9875,0.00824999999999998,0.0127499999999999,0.0127499999999999,0.00949999999999995,-0.00449999999999995,0,-0.00324999999999998
"cox","Cox PH regression",1,741,0.441666666666667,2000,400,0.0065,0.99,0.003,0.9825,0.003,0.9825,0.0035,0.9825,0.00824999999999998,0.0102499999999999,0.0102499999999999,0.0105,-0.00199999999999995,0,0.000250000000000083
"cox","Cox PH regression",1,741,0.483333333333333,2000,400,0.0065,1,0.003,1,0.003,1,0.003,1,0.00324999999999998,0.00149999999999995,0.00149999999999995,0.00149999999999995,0.00175000000000003,0,0
"cox","Cox PH regression",1,741,0.525,2000,400,0.0065,0.9975,0.003,0.9975,0.003,0.9975,0.003,0.9975,0.00449999999999995,0.00274999999999992,0.00274999999999992,0.00274999999999992,0.00175000000000003,0,0
"cox","Cox PH regression",1,741,0.566666666666667,2000,400,0.0065,1,0.003,1,0.003,1,0.003,1,0.00324999999999998,0.00149999999999995,0.00149999999999995,0.00149999999999995,0.00175000000000003,0,0
"cox","Cox PH regression",1,741,0.608333333333333,2000,400,0.0065,1,0.003,1,0.003,1,0.0025,1,0.00324999999999998,0.00149999999999995,0.00149999999999995,0.00124999999999997,0.00175000000000003,0,-0.000249999999999972
"cox","Cox PH regression",1,741,0.65,2000,400,0.0065,1,0.003,1,0.003,1,0.0015,1,0.00324999999999998,0.00149999999999995,0.00149999999999995,0.000750000000000028,0.00175000000000003,0,-0.000749999999999917
"cox","Cox PH regression",1,741,0.691666666666667,2000,400,0.0065,1,0.003,1,0.003,1,0.001,1,0.00324999999999998,0.00149999999999995,0.00149999999999995,0.000499999999999945,0.00175000000000003,0,-0.001
"cox","Cox PH regression",1,741,0.733333333333333,2000,400,0.0065,1,0.003,1,0.003,1,0.001,1,0.00324999999999998,0.00149999999999995,0.00149999999999995,0.000499999999999945,0.00175000000000003,0,-0.001
"cox","Cox PH regression",1,741,0.775,2000,400,0.0065,1,0.003,1,0.003,1,5e-04,1,0.00324999999999998,0.00149999999999995,0.00149999999999995,0.000249999999999972,0.00175000000000003,0,-0.00124999999999997
"cox","Cox PH regression",1,741,0.816666666666667,2000,400,0.0065,1,0.003,1,0.003,1,5e-04,1,0.00324999999999998,0.00149999999999995,0.00149999999999995,0.000249999999999972,0.00175000000000003,0,-0.00124999999999997
"cox","Cox PH regression",1,741,0.858333333333333,2000,400,0.0065,1,0.003,1,0.003,1,5e-04,1,0.00324999999999998,0.00149999999999995,0.00149999999999995,0.000249999999999972,0.00175000000000003,0,-0.00124999999999997
"cox","Cox PH regression",1,741,0.9,2000,400,0.0065,1,0.003,1,0.003,1,0,1,0.00324999999999998,0.00149999999999995,0.00149999999999995,0,0.00175000000000003,0,-0.00149999999999995
"cox","Cox PH regression",1,905,0.002,2000,400,0.0055,0.0025,0.004,0,0.004,0,0,0,0.5015,0.502,0.502,0.5,-0.000499999999999945,0,-0.002
"cox","Cox PH regression",1,905,0.00258309933002977,2000,400,0.0055,0.005,0.004,0,0.004,0,0,0,0.50025,0.502,0.502,0.5,-0.00174999999999992,0,-0.002
"cox","Cox PH regression",1,905,0.00333620107440012,2000,400,0.0055,0.0075,0.004,0.0075,0.004,0.0075,0,0,0.499,0.49825,0.49825,0.5,0.000750000000000028,0,0.00174999999999997
"cox","Cox PH regression",1,905,0.00430886938006377,2000,400,0.0055,0.0025,0.004,0.0025,0.004,0.0025,0,0,0.5015,0.50075,0.50075,0.5,0.000750000000000028,0,-0.000750000000000028
"cox","Cox PH regression",1,905,0.00556511880441425,2000,400,0.0055,0.0025,0.004,0.0025,0.004,0.0025,0,0,0.5015,0.50075,0.50075,0.5,0.000750000000000028,0,-0.000750000000000028
"cox","Cox PH regression",1,905,0.00718762732760925,2000,400,0.0055,0.0025,0.004,0.0025,0.004,0.0025,0,0,0.5015,0.50075,0.50075,0.5,0.000750000000000028,0,-0.000750000000000028
"cox","Cox PH regression",1,905,0.00928317766722556,2000,400,0.0055,0.0025,0.004,0.0025,0.004,0.0025,0,0,0.5015,0.50075,0.50075,0.5,0.000750000000000028,0,-0.000750000000000028
"cox","Cox PH regression",1,905,0.0119896850063788,2000,400,0.0055,0,0.004,0,0.004,0,0,0,0.50275,0.502,0.502,0.5,0.000750000000000028,0,-0.002
"cox","Cox PH regression",1,905,0.0154852736536225,2000,400,0.0055,0.0075,0.004,0.005,0.004,0.005,0,0,0.499,0.4995,0.4995,0.5,-0.000499999999999945,0,5e-04
"cox","Cox PH regression",1,905,0.02,2000,400,0.0055,0.005,0.004,0.005,0.004,0.005,0,0,0.50025,0.4995,0.4995,0.5,0.000750000000000084,0,5e-04
"cox","Cox PH regression",1,905,0.025,2000,400,0.0055,0.005,0.004,0,0.004,0,0.002,0,0.50025,0.502,0.502,0.501,-0.00174999999999992,0,-0.001
"cox","Cox PH regression",1,905,0.0666666666666667,2000,400,0.0055,0.035,0.004,0.025,0.004,0.025,0.0355,0.11,0.48525,0.4895,0.4895,0.46275,-0.00424999999999998,0,-0.0267499999999999
"cox","Cox PH regression",1,905,0.108333333333333,2000,400,0.0055,0.0925,0.004,0.065,0.004,0.065,0.033,0.2725,0.4565,0.4695,0.4695,0.38025,-0.013,0,-0.08925
"cox","Cox PH regression",1,905,0.15,2000,400,0.0055,0.245,0.004,0.2075,0.004,0.21,0.022,0.4525,0.38025,0.39825,0.397,0.28475,-0.018,-0.00124999999999997,-0.1135
"cox","Cox PH regression",1,905,0.191666666666667,2000,400,0.0055,0.41,0.004,0.37,0.004,0.37,0.015,0.585,0.29775,0.317,0.317,0.215,-0.0192499999999999,0,-0.102
"cox","Cox PH regression",1,905,0.233333333333333,2000,400,0.0055,0.61,0.004,0.5475,0.004,0.55,0.0105,0.735,0.19775,0.22825,0.227,0.13775,-0.0305,-0.00125000000000003,-0.0905
"cox","Cox PH regression",1,905,0.275,2000,400,0.0055,0.825,0.004,0.7925,0.004,0.7925,0.0075,0.88,0.09025,0.10575,0.10575,0.06375,-0.0155,0,-0.042
"cox","Cox PH regression",1,905,0.316666666666667,2000,400,0.0055,0.92,0.004,0.9025,0.004,0.905,0.0055,0.93,0.04275,0.05075,0.0495,0.03775,-0.00800000000000001,-0.00125000000000003,-0.013
"cox","Cox PH regression",1,905,0.358333333333333,2000,400,0.0055,0.9775,0.004,0.97,0.004,0.97,0.0055,0.9775,0.014,0.017,0.017,0.014,-0.003,0,-0.003
"cox","Cox PH regression",1,905,0.4,2000,400,0.0055,0.9975,0.004,0.9975,0.004,0.9975,0.0045,0.9975,0.004,0.00324999999999998,0.00324999999999998,0.00349999999999995,0.000750000000000028,0,0.000249999999999972
"cox","Cox PH regression",1,905,0.441666666666667,2000,400,0.0055,1,0.004,0.9975,0.004,0.9975,0.004,0.9975,0.00275000000000003,0.00324999999999998,0.00324999999999998,0.00324999999999998,-0.000499999999999945,0,0
"cox","Cox PH regression",1,905,0.483333333333333,2000,400,0.0055,1,0.004,1,0.004,1,0.003,1,0.00275000000000003,0.002,0.002,0.00149999999999995,0.000750000000000028,0,-0.000500000000000056
"cox","Cox PH regression",1,905,0.525,2000,400,0.0055,1,0.004,1,0.004,1,0.002,1,0.00275000000000003,0.002,0.002,0.001,0.000750000000000028,0,-0.001
"cox","Cox PH regression",1,905,0.566666666666667,2000,400,0.0055,1,0.004,1,0.004,1,0.002,1,0.00275000000000003,0.002,0.002,0.001,0.000750000000000028,0,-0.001
"cox","Cox PH regression",1,905,0.608333333333333,2000,400,0.0055,1,0.004,1,0.004,1,0.002,1,0.00275000000000003,0.002,0.002,0.001,0.000750000000000028,0,-0.001
"cox","Cox PH regression",1,905,0.65,2000,400,0.0055,1,0.004,1,0.004,1,0.002,1,0.00275000000000003,0.002,0.002,0.001,0.000750000000000028,0,-0.001
"cox","Cox PH regression",1,905,0.691666666666667,2000,400,0.0055,1,0.004,1,0.004,1,0.0015,1,0.00275000000000003,0.002,0.002,0.000750000000000028,0.000750000000000028,0,-0.00124999999999997
"cox","Cox PH regression",1,905,0.733333333333333,2000,400,0.0055,1,0.004,1,0.004,1,0.001,1,0.00275000000000003,0.002,0.002,0.000499999999999945,0.000750000000000028,0,-0.00150000000000006
"cox","Cox PH regression",1,905,0.775,2000,400,0.0055,1,0.004,1,0.004,1,0.001,1,0.00275000000000003,0.002,0.002,0.000499999999999945,0.000750000000000028,0,-0.00150000000000006
"cox","Cox PH regression",1,905,0.816666666666667,2000,400,0.0055,1,0.004,1,0.004,1,0.001,1,0.00275000000000003,0.002,0.002,0.000499999999999945,0.000750000000000028,0,-0.00150000000000006
"cox","Cox PH regression",1,905,0.858333333333333,2000,400,0.0055,1,0.004,1,0.004,1,0.001,1,0.00275000000000003,0.002,0.002,0.000499999999999945,0.000750000000000028,0,-0.00150000000000006
"cox","Cox PH regression",1,905,0.9,2000,400,0.0055,1,0.004,1,0.004,1,0.001,1,0.00275000000000003,0.002,0.002,0.000499999999999945,0.000750000000000028,0,-0.00150000000000006
"cox","Cox PH regression",1,1105,0.002,2000,400,0.003,0,0.001,0,0.001,0,0,0,0.5015,0.5005,0.5005,0.5,0.001,0,-0.000499999999999945
"cox","Cox PH regression",1,1105,0.00258309933002977,2000,400,0.003,0.0075,0.001,0,0.001,0,0,0,0.49775,0.5005,0.5005,0.5,-0.00274999999999997,0,-0.000499999999999945
"cox","Cox PH regression",1,1105,0.00333620107440012,2000,400,0.003,0.0075,0.001,0.005,0.001,0.005,0,0,0.49775,0.498,0.498,0.5,-0.000249999999999972,0,0.00200000000000006
"cox","Cox PH regression",1,1105,0.00430886938006377,2000,400,0.003,0.0025,0.001,0,0.001,0,0,0,0.50025,0.5005,0.5005,0.5,-0.000249999999999972,0,-0.000499999999999945
"cox","Cox PH regression",1,1105,0.00556511880441425,2000,400,0.003,0.0025,0.001,0,0.001,0,0,0,0.50025,0.5005,0.5005,0.5,-0.000249999999999972,0,-0.000499999999999945
"cox","Cox PH regression",1,1105,0.00718762732760925,2000,400,0.003,0.0125,0.001,0.0075,0.001,0.0075,0,0,0.49525,0.49675,0.49675,0.5,-0.0015,0,0.00325000000000003
"cox","Cox PH regression",1,1105,0.00928317766722556,2000,400,0.003,0.01,0.001,0.005,0.001,0.005,0,0,0.4965,0.498,0.498,0.5,-0.0015,0,0.00200000000000006
"cox","Cox PH regression",1,1105,0.0119896850063788,2000,400,0.003,0.0125,0.001,0.005,0.001,0.005,0,0,0.49525,0.498,0.498,0.5,-0.00274999999999997,0,0.00200000000000006
"cox","Cox PH regression",1,1105,0.0154852736536225,2000,400,0.003,0.005,0.001,0.0025,0.001,0.0025,0,0,0.499,0.49925,0.49925,0.5,-0.000250000000000028,0,0.000750000000000028
"cox","Cox PH regression",1,1105,0.02,2000,400,0.003,0.0075,0.001,0.005,0.001,0.005,0,0.0025,0.49775,0.498,0.498,0.49875,-0.000249999999999972,0,0.000750000000000084
"cox","Cox PH regression",1,1105,0.025,2000,400,0.003,0.01,0.001,0.01,0.001,0.01,0.001,0.01,0.4965,0.4955,0.4955,0.4955,0.001,0,0
"cox","Cox PH regression",1,1105,0.0666666666666667,2000,400,0.003,0.0425,0.001,0.02,0.001,0.02,0.0415,0.17,0.48025,0.4905,0.4905,0.43575,-0.01025,0,-0.0547499999999999
"cox","Cox PH regression",1,1105,0.108333333333333,2000,400,0.003,0.1025,0.001,0.075,0.001,0.075,0.033,0.29,0.45025,0.463,0.463,0.3715,-0.01275,0,-0.0915
"cox","Cox PH regression",1,1105,0.15,2000,400,0.003,0.2925,0.001,0.2175,0.001,0.2175,0.023,0.515,0.35525,0.39175,0.39175,0.254,-0.0365,0,-0.13775
"cox","Cox PH regression",1,1105,0.191666666666667,2000,400,0.003,0.5175,0.001,0.4525,0.001,0.4525,0.014,0.685,0.24275,0.27425,0.27425,0.1645,-0.0315,0,-0.10975
"cox","Cox PH regression",1,1105,0.233333333333333,2000,400,0.003,0.735,0.001,0.6675,0.001,0.6675,0.0095,0.8225,0.134,0.16675,0.16675,0.0935,-0.03275,0,-0.0732499999999999
"cox","Cox PH regression",1,1105,0.275,2000,400,0.003,0.895,0.001,0.845,0.001,0.845,0.006,0.91,0.0539999999999999,0.078,0.078,0.048,-0.024,0,-0.03
"cox","Cox PH regression",1,1105,0.316666666666667,2000,400,0.003,0.97,0.001,0.9425,0.001,0.9425,0.003,0.97,0.0165,0.0292499999999999,0.0292499999999999,0.0165,-0.01275,0,-0.01275
"cox","Cox PH regression",1,1105,0.358333333333333,2000,400,0.003,0.995,0.001,0.995,0.001,0.995,0.003,0.995,0.00399999999999995,0.00299999999999995,0.00299999999999995,0.00399999999999995,0.001,0,0.001
"cox","Cox PH regression",1,1105,0.4,2000,400,0.003,1,0.001,1,0.001,1,0.001,1,0.00149999999999995,0.000499999999999945,0.000499999999999945,0.000499999999999945,0.001,0,0
"cox","Cox PH regression",1,1105,0.441666666666667,2000,400,0.003,1,0.001,1,0.001,1,0.001,1,0.00149999999999995,0.000499999999999945,0.000499999999999945,0.000499999999999945,0.001,0,0
"cox","Cox PH regression",1,1105,0.483333333333333,2000,400,0.003,1,0.001,1,0.001,1,0.001,1,0.00149999999999995,0.000499999999999945,0.000499999999999945,0.000499999999999945,0.001,0,0
"cox","Cox PH regression",1,1105,0.525,2000,400,0.003,1,0.001,1,0.001,1,0.001,1,0.00149999999999995,0.000499999999999945,0.000499999999999945,0.000499999999999945,0.001,0,0
"cox","Cox PH regression",1,1105,0.566666666666667,2000,400,0.003,1,0.001,1,0.001,1,0.001,1,0.00149999999999995,0.000499999999999945,0.000499999999999945,0.000499999999999945,0.001,0,0
"cox","Cox PH regression",1,1105,0.608333333333333,2000,400,0.003,1,0.001,1,0.001,1,5e-04,1,0.00149999999999995,0.000499999999999945,0.000499999999999945,0.000249999999999972,0.001,0,-0.000249999999999972
"cox","Cox PH regression",1,1105,0.65,2000,400,0.003,1,0.001,1,0.001,1,0,1,0.00149999999999995,0.000499999999999945,0.000499999999999945,0,0.001,0,-0.000499999999999945
"cox","Cox PH regression",1,1105,0.691666666666667,2000,400,0.003,1,0.001,1,0.001,1,0,1,0.00149999999999995,0.000499999999999945,0.000499999999999945,0,0.001,0,-0.000499999999999945
"cox","Cox PH regression",1,1105,0.733333333333333,2000,400,0.003,1,0.001,1,0.001,1,0,1,0.00149999999999995,0.000499999999999945,0.000499999999999945,0,0.001,0,-0.000499999999999945
"cox","Cox PH regression",1,1105,0.775,2000,400,0.003,1,0.001,1,0.001,1,0,1,0.00149999999999995,0.000499999999999945,0.000499999999999945,0,0.001,0,-0.000499999999999945
"cox","Cox PH regression",1,1105,0.816666666666667,2000,400,0.003,1,0.001,1,0.001,1,0,1,0.00149999999999995,0.000499999999999945,0.000499999999999945,0,0.001,0,-0.000499999999999945
"cox","Cox PH regression",1,1105,0.858333333333333,2000,400,0.003,1,0.001,1,0.001,1,0,1,0.00149999999999995,0.000499999999999945,0.000499999999999945,0,0.001,0,-0.000499999999999945
"cox","Cox PH regression",1,1105,0.9,2000,400,0.003,1,0.001,1,0.001,1,0,1,0.00149999999999995,0.000499999999999945,0.000499999999999945,0,0.001,0,-0.000499999999999945
"cox","Cox PH regression",1,1350,0.002,2000,400,0.0035,0.0025,0.002,0,0.002,0,0,0,0.5005,0.501,0.501,0.5,-0.000499999999999945,0,-0.001
"cox","Cox PH regression",1,1350,0.00258309933002977,2000,400,0.0035,0,0.002,0,0.002,0,0,0,0.50175,0.501,0.501,0.5,0.000750000000000028,0,-0.001
"cox","Cox PH regression",1,1350,0.00333620107440012,2000,400,0.0035,0.005,0.002,0.005,0.002,0.005,0,0,0.49925,0.4985,0.4985,0.5,0.000750000000000028,0,0.0015
"cox","Cox PH regression",1,1350,0.00430886938006377,2000,400,0.0035,0.005,0.002,0.0025,0.002,0.0025,0,0,0.49925,0.49975,0.49975,0.5,-5e-04,0,0.000249999999999972
"cox","Cox PH regression",1,1350,0.00556511880441425,2000,400,0.0035,0.0125,0.002,0.0125,0.002,0.0125,0,0,0.4955,0.49475,0.49475,0.5,0.000750000000000028,0,0.00524999999999998
"cox","Cox PH regression",1,1350,0.00718762732760925,2000,400,0.0035,0.005,0.002,0.0025,0.002,0.0025,0,0,0.49925,0.49975,0.49975,0.5,-5e-04,0,0.000249999999999972
"cox","Cox PH regression",1,1350,0.00928317766722556,2000,400,0.0035,0.0025,0.002,0,0.002,0,0,0,0.5005,0.501,0.501,0.5,-0.000499999999999945,0,-0.001
"cox","Cox PH regression",1,1350,0.0119896850063788,2000,400,0.0035,0.0125,0.002,0.005,0.002,0.005,0,0,0.4955,0.4985,0.4985,0.5,-0.00299999999999995,0,0.0015
"cox","Cox PH regression",1,1350,0.0154852736536225,2000,400,0.0035,0.015,0.002,0.01,0.002,0.01,0,0.0025,0.49425,0.496,0.496,0.49875,-0.00174999999999997,0,0.00275000000000003
"cox","Cox PH regression",1,1350,0.02,2000,400,0.0035,0.0025,0.002,0,0.002,0,5e-04,0,0.5005,0.501,0.501,0.50025,-0.000499999999999945,0,-0.000750000000000028
"cox","Cox PH regression",1,1350,0.025,2000,400,0.0035,0.0025,0.002,0.0025,0.002,0.0025,0.0035,0.0025,0.5005,0.49975,0.49975,0.5005,0.000750000000000028,0,0.000750000000000028
"cox","Cox PH regression",1,1350,0.0666666666666667,2000,400,0.0035,0.0425,0.002,0.0325,0.002,0.0325,0.0375,0.1925,0.4805,0.48475,0.48475,0.4225,-0.00424999999999998,0,-0.06225
"cox","Cox PH regression",1,1350,0.108333333333333,2000,400,0.0035,0.16,0.002,0.11,0.002,0.11,0.0285,0.3925,0.42175,0.446,0.446,0.318,-0.02425,0,-0.128
"cox","Cox PH regression",1,1350,0.15,2000,400,0.0035,0.3325,0.002,0.26,0.002,0.26,0.022,0.52,0.3355,0.371,0.371,0.251,-0.0355,0,-0.12
"cox","Cox PH regression",1,1350,0.191666666666667,2000,400,0.0035,0.625,0.002,0.5525,0.002,0.5525,0.016,0.7475,0.18925,0.22475,0.22475,0.13425,-0.0355,0,-0.0905
"cox","Cox PH regression",1,1350,0.233333333333333,2000,400,0.0035,0.8375,0.002,0.7975,0.002,0.7975,0.008,0.8725,0.083,0.10225,0.10225,0.06775,-0.01925,0,-0.0345
"cox","Cox PH regression",1,1350,0.275,2000,400,0.0035,0.96,0.002,0.9225,0.002,0.9225,0.005,0.9675,0.02175,0.03975,0.03975,0.0187499999999999,-0.018,0,-0.0210000000000001
"cox","Cox PH regression",1,1350,0.316666666666667,2000,400,0.0035,0.9925,0.002,0.99,0.002,0.99,0.0035,0.99,0.0055,0.006,0.006,0.00675000000000003,-5e-04,0,0.000750000000000028
"cox","Cox PH regression",1,1350,0.358333333333333,2000,400,0.0035,1,0.002,0.9975,0.002,0.9975,0.003,1,0.00175000000000003,0.00224999999999997,0.00224999999999997,0.00149999999999995,-0.000499999999999945,0,-0.000750000000000028
"cox","Cox PH regression",1,1350,0.4,2000,400,0.0035,1,0.002,1,0.002,1,0.002,1,0.00175000000000003,0.001,0.001,0.001,0.000750000000000028,0,0
"cox","Cox PH regression",1,1350,0.441666666666667,2000,400,0.0035,1,0.002,1,0.002,1,0.0015,1,0.00175000000000003,0.001,0.001,0.000750000000000028,0.000750000000000028,0,-0.000249999999999972
"cox","Cox PH regression",1,1350,0.483333333333333,2000,400,0.0035,1,0.002,1,0.002,1,5e-04,1,0.00175000000000003,0.001,0.001,0.000249999999999972,0.000750000000000028,0,-0.000750000000000028
"cox","Cox PH regression",1,1350,0.525,2000,400,0.0035,1,0.002,1,0.002,1,5e-04,1,0.00175000000000003,0.001,0.001,0.000249999999999972,0.000750000000000028,0,-0.000750000000000028
"cox","Cox PH regression",1,1350,0.566666666666667,2000,400,0.0035,1,0.002,1,0.002,1,5e-04,1,0.00175000000000003,0.001,0.001,0.000249999999999972,0.000750000000000028,0,-0.000750000000000028
"cox","Cox PH regression",1,1350,0.608333333333333,2000,400,0.0035,1,0.002,1,0.002,1,5e-04,1,0.00175000000000003,0.001,0.001,0.000249999999999972,0.000750000000000028,0,-0.000750000000000028
"cox","Cox PH regression",1,1350,0.65,2000,400,0.0035,1,0.002,1,0.002,1,5e-04,1,0.00175000000000003,0.001,0.001,0.000249999999999972,0.000750000000000028,0,-0.000750000000000028
"cox","Cox PH regression",1,1350,0.691666666666667,2000,400,0.0035,1,0.002,1,0.002,1,5e-04,1,0.00175000000000003,0.001,0.001,0.000249999999999972,0.000750000000000028,0,-0.000750000000000028
"cox","Cox PH regression",1,1350,0.733333333333333,2000,400,0.0035,1,0.002,1,0.002,1,5e-04,1,0.00175000000000003,0.001,0.001,0.000249999999999972,0.000750000000000028,0,-0.000750000000000028
"cox","Cox PH regression",1,1350,0.775,2000,400,0.0035,1,0.002,1,0.002,1,5e-04,1,0.00175000000000003,0.001,0.001,0.000249999999999972,0.000750000000000028,0,-0.000750000000000028
"cox","Cox PH regression",1,1350,0.816666666666667,2000,400,0.0035,1,0.002,1,0.002,1,5e-04,1,0.00175000000000003,0.001,0.001,0.000249999999999972,0.000750000000000028,0,-0.000750000000000028
"cox","Cox PH regression",1,1350,0.858333333333333,2000,400,0.0035,1,0.002,1,0.002,1,5e-04,1,0.00175000000000003,0.001,0.001,0.000249999999999972,0.000750000000000028,0,-0.000750000000000028
"cox","Cox PH regression",1,1350,0.9,2000,400,0.0035,1,0.002,1,0.002,1,5e-04,1,0.00175000000000003,0.001,0.001,0.000249999999999972,0.000750000000000028,0,-0.000750000000000028
"cox","Cox PH regression",1,1650,0.002,2000,400,0.004,0.005,0.002,0.005,0.002,0.005,0,0,0.4995,0.4985,0.4985,0.5,0.001,0,0.0015
"cox","Cox PH regression",1,1650,0.00258309933002977,2000,400,0.004,0.0025,0.002,0.0025,0.002,0.0025,0,0,0.50075,0.49975,0.49975,0.5,0.001,0,0.000249999999999972
"cox","Cox PH regression",1,1650,0.00333620107440012,2000,400,0.004,0.0075,0.002,0.005,0.002,0.005,0,0,0.49825,0.4985,0.4985,0.5,-0.000249999999999972,0,0.0015
"cox","Cox PH regression",1,1650,0.00430886938006377,2000,400,0.004,0.005,0.002,0.005,0.002,0.005,0,0,0.4995,0.4985,0.4985,0.5,0.001,0,0.0015
"cox","Cox PH regression",1,1650,0.00556511880441425,2000,400,0.004,0.01,0.002,0.0075,0.002,0.0075,0,0,0.497,0.49725,0.49725,0.5,-0.000250000000000028,0,0.00274999999999997
"cox","Cox PH regression",1,1650,0.00718762732760925,2000,400,0.004,0.01,0.002,0.0025,0.002,0.0025,0,0,0.497,0.49975,0.49975,0.5,-0.00275000000000003,0,0.000249999999999972
"cox","Cox PH regression",1,1650,0.00928317766722556,2000,400,0.004,0.0025,0.002,0.0025,0.002,0.0025,0,0,0.50075,0.49975,0.49975,0.5,0.001,0,0.000249999999999972
"cox","Cox PH regression",1,1650,0.0119896850063788,2000,400,0.004,0,0.002,0,0.002,0,0,0,0.502,0.501,0.501,0.5,0.001,0,-0.001
"cox","Cox PH regression",1,1650,0.0154852736536225,2000,400,0.004,0.01,0.002,0,0.002,0,0,0,0.497,0.501,0.501,0.5,-0.004,0,-0.001
"cox","Cox PH regression",1,1650,0.02,2000,400,0.004,0.0125,0.002,0.01,0.002,0.01,0.002,0.0125,0.49575,0.496,0.496,0.49475,-0.000249999999999972,0,-0.00124999999999997
"cox","Cox PH regression",1,1650,0.025,2000,400,0.004,0.0225,0.002,0.0075,0.002,0.0075,0.006,0.035,0.49075,0.49725,0.49725,0.4855,-0.00650000000000001,0,-0.01175
"cox","Cox PH regression",1,1650,0.0666666666666667,2000,400,0.004,0.05,0.002,0.0275,0.002,0.0275,0.044,0.225,0.477,0.48725,0.48725,0.4095,-0.01025,0,-0.07775
"cox","Cox PH regression",1,1650,0.108333333333333,2000,400,0.004,0.2025,0.002,0.1325,0.002,0.1325,0.0295,0.4125,0.40075,0.43475,0.43475,0.3085,-0.034,0,-0.12625
"cox","Cox PH regression",1,1650,0.15,2000,400,0.004,0.4875,0.002,0.3725,0.002,0.3725,0.0165,0.635,0.25825,0.31475,0.31475,0.19075,-0.0565,0,-0.124
"cox","Cox PH regression",1,1650,0.191666666666667,2000,400,0.004,0.7625,0.002,0.645,0.002,0.645,0.009,0.82,0.12075,0.1785,0.1785,0.0945,-0.05775,0,-0.084
"cox","Cox PH regression",1,1650,0.233333333333333,2000,400,0.004,0.9475,0.002,0.89,0.002,0.89,0.0045,0.9525,0.02825,0.056,0.056,0.026,-0.02775,0,-0.03
"cox","Cox PH regression",1,1650,0.275,2000,400,0.004,0.9875,0.002,0.97,0.002,0.97,0.004,0.9875,0.00824999999999998,0.016,0.016,0.00824999999999998,-0.00775000000000003,0,-0.00775000000000003
"cox","Cox PH regression",1,1650,0.316666666666667,2000,400,0.004,1,0.002,1,0.002,1,0.003,1,0.002,0.001,0.001,0.00149999999999995,0.001,0,0.000499999999999945
"cox","Cox PH regression",1,1650,0.358333333333333,2000,400,0.004,1,0.002,1,0.002,1,0.0025,1,0.002,0.001,0.001,0.00124999999999997,0.001,0,0.000249999999999972
"cox","Cox PH regression",1,1650,0.4,2000,400,0.004,1,0.002,1,0.002,1,0.0015,1,0.002,0.001,0.001,0.000750000000000028,0.001,0,-0.000249999999999972
"cox","Cox PH regression",1,1650,0.441666666666667,2000,400,0.004,1,0.002,1,0.002,1,0.0015,1,0.002,0.001,0.001,0.000750000000000028,0.001,0,-0.000249999999999972
"cox","Cox PH regression",1,1650,0.483333333333333,2000,400,0.004,1,0.002,1,0.002,1,0.001,1,0.002,0.001,0.001,0.000499999999999945,0.001,0,-0.000500000000000056
"cox","Cox PH regression",1,1650,0.525,2000,400,0.004,1,0.002,1,0.002,1,5e-04,1,0.002,0.001,0.001,0.000249999999999972,0.001,0,-0.000750000000000028
"cox","Cox PH regression",1,1650,0.566666666666667,2000,400,0.004,1,0.002,1,0.002,1,5e-04,1,0.002,0.001,0.001,0.000249999999999972,0.001,0,-0.000750000000000028
"cox","Cox PH regression",1,1650,0.608333333333333,2000,400,0.004,1,0.002,1,0.002,1,0,1,0.002,0.001,0.001,0,0.001,0,-0.001
"cox","Cox PH regression",1,1650,0.65,2000,400,0.004,1,0.002,1,0.002,1,0,1,0.002,0.001,0.001,0,0.001,0,-0.001
"cox","Cox PH regression",1,1650,0.691666666666667,2000,400,0.004,1,0.002,1,0.002,1,0,1,0.002,0.001,0.001,0,0.001,0,-0.001
"cox","Cox PH regression",1,1650,0.733333333333333,2000,400,0.004,1,0.002,1,0.002,1,0,1,0.002,0.001,0.001,0,0.001,0,-0.001
"cox","Cox PH regression",1,1650,0.775,2000,400,0.004,1,0.002,1,0.002,1,0,1,0.002,0.001,0.001,0,0.001,0,-0.001
"cox","Cox PH regression",1,1650,0.816666666666667,2000,400,0.004,1,0.002,1,0.002,1,0,1,0.002,0.001,0.001,0,0.001,0,-0.001
"cox","Cox PH regression",1,1650,0.858333333333333,2000,400,0.004,1,0.002,1,0.002,1,0,1,0.002,0.001,0.001,0,0.001,0,-0.001
"cox","Cox PH regression",1,1650,0.9,2000,400,0.004,1,0.002,1,0.002,1,0,1,0.002,0.001,0.001,0,0.001,0,-0.001
"cox","Cox PH regression",1,2015,0.002,2000,400,0.008,0.005,0.0035,0.0025,0.0035,0.0025,0,0,0.5015,0.5005,0.5005,0.5,0.001,0,-0.000500000000000056
"cox","Cox PH regression",1,2015,0.00258309933002977,2000,400,0.008,0.01,0.0035,0.0025,0.0035,0.0025,0,0,0.499,0.5005,0.5005,0.5,-0.00150000000000006,0,-0.000500000000000056
"cox","Cox PH regression",1,2015,0.00333620107440012,2000,400,0.008,0.0025,0.0035,0.0025,0.0035,0.0025,0,0,0.50275,0.5005,0.5005,0.5,0.00224999999999997,0,-0.000500000000000056
"cox","Cox PH regression",1,2015,0.00430886938006377,2000,400,0.008,0.005,0.0035,0.0025,0.0035,0.0025,0,0,0.5015,0.5005,0.5005,0.5,0.001,0,-0.000500000000000056
"cox","Cox PH regression",1,2015,0.00556511880441425,2000,400,0.008,0,0.0035,0,0.0035,0,0,0,0.504,0.50175,0.50175,0.5,0.00224999999999997,0,-0.00175000000000003
"cox","Cox PH regression",1,2015,0.00718762732760925,2000,400,0.008,0.005,0.0035,0,0.0035,0,0,0,0.5015,0.50175,0.50175,0.5,-0.000249999999999972,0,-0.00175000000000003
"cox","Cox PH regression",1,2015,0.00928317766722556,2000,400,0.008,0.0025,0.0035,0,0.0035,0,0,0,0.50275,0.50175,0.50175,0.5,0.001,0,-0.00175000000000003
"cox","Cox PH regression",1,2015,0.0119896850063788,2000,400,0.008,0.005,0.0035,0.005,0.0035,0.005,0,0,0.5015,0.49925,0.49925,0.5,0.00225000000000003,0,0.000749999999999973
"cox","Cox PH regression",1,2015,0.0154852736536225,2000,400,0.008,0.0025,0.0035,0,0.0035,0,5e-04,0,0.50275,0.50175,0.50175,0.50025,0.001,0,-0.00150000000000006
"cox","Cox PH regression",1,2015,0.02,2000,400,0.008,0.005,0.0035,0.0025,0.0035,0.0025,0.0075,0.005,0.5015,0.5005,0.5005,0.50125,0.001,0,0.000750000000000028
"cox","Cox PH regression",1,2015,0.025,2000,400,0.008,0.0225,0.0035,0.0175,0.0035,0.0175,0.016,0.0425,0.49275,0.493,0.493,0.48675,-0.000250000000000028,0,-0.00625000000000003
"cox","Cox PH regression",1,2015,0.0666666666666667,2000,400,0.008,0.0425,0.0035,0.0275,0.0035,0.0275,0.0335,0.2175,0.48275,0.488,0.488,0.408,-0.00525000000000003,0,-0.08
"cox","Cox PH regression",1,2015,0.108333333333333,2000,400,0.008,0.27,0.0035,0.2075,0.0035,0.2075,0.0245,0.485,0.369,0.398,0.398,0.26975,-0.029,0,-0.12825
"cox","Cox PH regression",1,2015,0.15,2000,400,0.008,0.6175,0.0035,0.515,0.0035,0.515,0.0175,0.74,0.19525,0.24425,0.24425,0.13875,-0.049,0,-0.1055
"cox","Cox PH regression",1,2015,0.191666666666667,2000,400,0.008,0.8475,0.0035,0.7725,0.0035,0.7725,0.0125,0.8825,0.08025,0.1155,0.1155,0.065,-0.0352500000000001,0,-0.0505
"cox","Cox PH regression",1,2015,0.233333333333333,2000,400,0.008,0.9775,0.0035,0.96,0.0035,0.96,0.0085,0.985,0.01525,0.02175,0.02175,0.01175,-0.00650000000000006,0,-0.0100000000000001
"cox","Cox PH regression",1,2015,0.275,2000,400,0.008,0.9875,0.0035,0.985,0.0035,0.985,0.0065,0.9875,0.01025,0.00925000000000004,0.00925000000000004,0.00949999999999995,0.000999999999999945,0,0.000249999999999917
"cox","Cox PH regression",1,2015,0.316666666666667,2000,400,0.008,1,0.0035,1,0.0035,1,0.0045,1,0.004,0.00175000000000003,0.00175000000000003,0.00224999999999997,0.00224999999999997,0,0.000499999999999945
"cox","Cox PH regression",1,2015,0.358333333333333,2000,400,0.008,1,0.0035,1,0.0035,1,0.0035,1,0.004,0.00175000000000003,0.00175000000000003,0.00175000000000003,0.00224999999999997,0,0
"cox","Cox PH regression",1,2015,0.4,2000,400,0.008,1,0.0035,1,0.0035,1,0.002,1,0.004,0.00175000000000003,0.00175000000000003,0.001,0.00224999999999997,0,-0.000750000000000028
"cox","Cox PH regression",1,2015,0.441666666666667,2000,400,0.008,1,0.0035,1,0.0035,1,0.002,1,0.004,0.00175000000000003,0.00175000000000003,0.001,0.00224999999999997,0,-0.000750000000000028
"cox","Cox PH regression",1,2015,0.483333333333333,2000,400,0.008,1,0.0035,1,0.0035,1,5e-04,1,0.004,0.00175000000000003,0.00175000000000003,0.000249999999999972,0.00224999999999997,0,-0.00150000000000006
"cox","Cox PH regression",1,2015,0.525,2000,400,0.008,1,0.0035,1,0.0035,1,5e-04,1,0.004,0.00175000000000003,0.00175000000000003,0.000249999999999972,0.00224999999999997,0,-0.00150000000000006
"cox","Cox PH regression",1,2015,0.566666666666667,2000,400,0.008,1,0.0035,1,0.0035,1,5e-04,1,0.004,0.00175000000000003,0.00175000000000003,0.000249999999999972,0.00224999999999997,0,-0.00150000000000006
"cox","Cox PH regression",1,2015,0.608333333333333,2000,400,0.008,1,0.0035,1,0.0035,1,5e-04,1,0.004,0.00175000000000003,0.00175000000000003,0.000249999999999972,0.00224999999999997,0,-0.00150000000000006
"cox","Cox PH regression",1,2015,0.65,2000,400,0.008,1,0.0035,1,0.0035,1,5e-04,1,0.004,0.00175000000000003,0.00175000000000003,0.000249999999999972,0.00224999999999997,0,-0.00150000000000006
"cox","Cox PH regression",1,2015,0.691666666666667,2000,400,0.008,1,0.0035,1,0.0035,1,5e-04,1,0.004,0.00175000000000003,0.00175000000000003,0.000249999999999972,0.00224999999999997,0,-0.00150000000000006
"cox","Cox PH regression",1,2015,0.733333333333333,2000,400,0.008,1,0.0035,1,0.0035,1,0,1,0.004,0.00175000000000003,0.00175000000000003,0,0.00224999999999997,0,-0.00175000000000003
"cox","Cox PH regression",1,2015,0.775,2000,400,0.008,1,0.0035,1,0.0035,1,0,1,0.004,0.00175000000000003,0.00175000000000003,0,0.00224999999999997,0,-0.00175000000000003
"cox","Cox PH regression",1,2015,0.816666666666667,2000,400,0.008,1,0.0035,1,0.0035,1,0,1,0.004,0.00175000000000003,0.00175000000000003,0,0.00224999999999997,0,-0.00175000000000003
"cox","Cox PH regression",1,2015,0.858333333333333,2000,400,0.008,1,0.0035,1,0.0035,1,0,1,0.004,0.00175000000000003,0.00175000000000003,0,0.00224999999999997,0,-0.00175000000000003
"cox","Cox PH regression",1,2015,0.9,2000,400,0.008,1,0.0035,1,0.0035,1,0,1,0.004,0.00175000000000003,0.00175000000000003,0,0.00224999999999997,0,-0.00175000000000003
"cox","Cox PH regression",1,2462,0.002,2000,400,0.0035,0.0075,5e-04,0.0025,5e-04,0.0025,0,0,0.498,0.499,0.499,0.5,-0.000999999999999945,0,0.001
"cox","Cox PH regression",1,2462,0.00258309933002977,2000,400,0.0035,0.015,5e-04,0.0075,5e-04,0.0075,0,0,0.49425,0.4965,0.4965,0.5,-0.00224999999999997,0,0.0035
"cox","Cox PH regression",1,2462,0.00333620107440012,2000,400,0.0035,0.0025,5e-04,0,5e-04,0,0,0,0.5005,0.50025,0.50025,0.5,0.000250000000000083,0,-0.000249999999999972
"cox","Cox PH regression",1,2462,0.00430886938006377,2000,400,0.0035,0.005,5e-04,0.0025,5e-04,0.0025,0,0,0.49925,0.499,0.499,0.5,0.000250000000000028,0,0.001
"cox","Cox PH regression",1,2462,0.00556511880441425,2000,400,0.0035,0.005,5e-04,0.005,5e-04,0.005,0,0,0.49925,0.49775,0.49775,0.5,0.00150000000000006,0,0.00225000000000003
"cox","Cox PH regression",1,2462,0.00718762732760925,2000,400,0.0035,0.0025,5e-04,0,5e-04,0,0,0,0.5005,0.50025,0.50025,0.5,0.000250000000000083,0,-0.000249999999999972
"cox","Cox PH regression",1,2462,0.00928317766722556,2000,400,0.0035,0.0025,5e-04,0.0025,5e-04,0.0025,0,0,0.5005,0.499,0.499,0.5,0.00150000000000006,0,0.001
"cox","Cox PH regression",1,2462,0.0119896850063788,2000,400,0.0035,0.015,5e-04,0.01,5e-04,0.01,0,0,0.49425,0.49525,0.49525,0.5,-0.000999999999999945,0,0.00475000000000003
"cox","Cox PH regression",1,2462,0.0154852736536225,2000,400,0.0035,0.0075,5e-04,0.005,5e-04,0.005,0,0.0025,0.498,0.49775,0.49775,0.49875,0.000250000000000083,0,0.00100000000000006
"cox","Cox PH regression",1,2462,0.02,2000,400,0.0035,0.0025,5e-04,0,5e-04,0,0.005,0.005,0.5005,0.50025,0.50025,0.5,0.000250000000000083,0,-0.000250000000000028
"cox","Cox PH regression",1,2462,0.025,2000,400,0.0035,0.0125,5e-04,0.005,5e-04,0.005,0.015,0.0325,0.4955,0.49775,0.49775,0.49125,-0.00224999999999992,0,-0.00650000000000001
"cox","Cox PH regression",1,2462,0.0666666666666667,2000,400,0.0035,0.085,5e-04,0.0475,5e-04,0.0475,0.0395,0.2475,0.45925,0.4765,0.4765,0.396,-0.0172499999999999,0,-0.0805
"cox","Cox PH regression",1,2462,0.108333333333333,2000,400,0.0035,0.37,5e-04,0.2775,5e-04,0.2775,0.0205,0.5525,0.31675,0.3615,0.3615,0.234,-0.0447499999999999,0,-0.1275
"cox","Cox PH regression",1,2462,0.15,2000,400,0.0035,0.6875,5e-04,0.5625,5e-04,0.5625,0.0085,0.7875,0.158,0.219,0.219,0.1105,-0.0609999999999999,0,-0.1085
"cox","Cox PH regression",1,2462,0.191666666666667,2000,400,0.0035,0.95,5e-04,0.8825,5e-04,0.8825,0.0045,0.95,0.02675,0.059,0.059,0.02725,-0.0322499999999999,0,-0.03175
"cox","Cox PH regression",1,2462,0.233333333333333,2000,400,0.0035,0.99,5e-04,0.9825,5e-04,0.9825,0.0035,0.99,0.00675000000000003,0.00899999999999995,0.00899999999999995,0.00675000000000003,-0.00224999999999992,0,-0.00224999999999992
"cox","Cox PH regression",1,2462,0.275,2000,400,0.0035,1,5e-04,1,5e-04,1,0.001,1,0.00175000000000003,0.000249999999999972,0.000249999999999972,0.000499999999999945,0.00150000000000006,0,0.000249999999999972
"cox","Cox PH regression",1,2462,0.316666666666667,2000,400,0.0035,1,5e-04,1,5e-04,1,0.001,1,0.00175000000000003,0.000249999999999972,0.000249999999999972,0.000499999999999945,0.00150000000000006,0,0.000249999999999972
"cox","Cox PH regression",1,2462,0.358333333333333,2000,400,0.0035,1,5e-04,1,5e-04,1,0,1,0.00175000000000003,0.000249999999999972,0.000249999999999972,0,0.00150000000000006,0,-0.000249999999999972
"cox","Cox PH regression",1,2462,0.4,2000,400,0.0035,1,5e-04,1,5e-04,1,0,1,0.00175000000000003,0.000249999999999972,0.000249999999999972,0,0.00150000000000006,0,-0.000249999999999972
"cox","Cox PH regression",1,2462,0.441666666666667,2000,400,0.0035,1,5e-04,1,5e-04,1,0,1,0.00175000000000003,0.000249999999999972,0.000249999999999972,0,0.00150000000000006,0,-0.000249999999999972
"cox","Cox PH regression",1,2462,0.483333333333333,2000,400,0.0035,1,5e-04,1,5e-04,1,0,1,0.00175000000000003,0.000249999999999972,0.000249999999999972,0,0.00150000000000006,0,-0.000249999999999972
"cox","Cox PH regression",1,2462,0.525,2000,400,0.0035,1,5e-04,1,5e-04,1,0,1,0.00175000000000003,0.000249999999999972,0.000249999999999972,0,0.00150000000000006,0,-0.000249999999999972
"cox","Cox PH regression",1,2462,0.566666666666667,2000,400,0.0035,1,5e-04,1,5e-04,1,0,1,0.00175000000000003,0.000249999999999972,0.000249999999999972,0,0.00150000000000006,0,-0.000249999999999972
"cox","Cox PH regression",1,2462,0.608333333333333,2000,400,0.0035,1,5e-04,1,5e-04,1,0,1,0.00175000000000003,0.000249999999999972,0.000249999999999972,0,0.00150000000000006,0,-0.000249999999999972
"cox","Cox PH regression",1,2462,0.65,2000,400,0.0035,1,5e-04,1,5e-04,1,0,1,0.00175000000000003,0.000249999999999972,0.000249999999999972,0,0.00150000000000006,0,-0.000249999999999972
"cox","Cox PH regression",1,2462,0.691666666666667,2000,400,0.0035,1,5e-04,1,5e-04,1,0,1,0.00175000000000003,0.000249999999999972,0.000249999999999972,0,0.00150000000000006,0,-0.000249999999999972
"cox","Cox PH regression",1,2462,0.733333333333333,2000,400,0.0035,1,5e-04,1,5e-04,1,0,1,0.00175000000000003,0.000249999999999972,0.000249999999999972,0,0.00150000000000006,0,-0.000249999999999972
"cox","Cox PH regression",1,2462,0.775,2000,400,0.0035,1,5e-04,1,5e-04,1,0,1,0.00175000000000003,0.000249999999999972,0.000249999999999972,0,0.00150000000000006,0,-0.000249999999999972
"cox","Cox PH regression",1,2462,0.816666666666667,2000,400,0.0035,1,5e-04,1,5e-04,1,0,1,0.00175000000000003,0.000249999999999972,0.000249999999999972,0,0.00150000000000006,0,-0.000249999999999972
"cox","Cox PH regression",1,2462,0.858333333333333,2000,400,0.0035,1,5e-04,1,5e-04,1,0,1,0.00175000000000003,0.000249999999999972,0.000249999999999972,0,0.00150000000000006,0,-0.000249999999999972
"cox","Cox PH regression",1,2462,0.9,2000,400,0.0035,1,5e-04,1,5e-04,1,0,1,0.00175000000000003,0.000249999999999972,0.000249999999999972,0,0.00150000000000006,0,-0.000249999999999972
"cox","Cox PH regression",1,3008,0.002,2000,400,0.006,0.005,0.002,0.0025,0.002,0.0025,0,0,0.5005,0.49975,0.49975,0.5,0.000750000000000028,0,0.000249999999999972
"cox","Cox PH regression",1,3008,0.00258309933002977,2000,400,0.006,0.0075,0.002,0.005,0.002,0.005,0,0,0.49925,0.4985,0.4985,0.5,0.000750000000000028,0,0.0015
"cox","Cox PH regression",1,3008,0.00333620107440012,2000,400,0.006,0.01,0.002,0.0025,0.002,0.0025,0,0,0.498,0.49975,0.49975,0.5,-0.00175000000000003,0,0.000249999999999972
"cox","Cox PH regression",1,3008,0.00430886938006377,2000,400,0.006,0,0.002,0,0.002,0,0,0,0.503,0.501,0.501,0.5,0.002,0,-0.001
"cox","Cox PH regression",1,3008,0.00556511880441425,2000,400,0.006,0.0025,0.002,0,0.002,0,0,0,0.50175,0.501,0.501,0.5,0.000750000000000028,0,-0.001
"cox","Cox PH regression",1,3008,0.00718762732760925,2000,400,0.006,0.015,0.002,0.01,0.002,0.01,0,0,0.4955,0.496,0.496,0.5,-5e-04,0,0.004
"cox","Cox PH regression",1,3008,0.00928317766722556,2000,400,0.006,0.0025,0.002,0,0.002,0,0,0,0.50175,0.501,0.501,0.5,0.000750000000000028,0,-0.001
"cox","Cox PH regression",1,3008,0.0119896850063788,2000,400,0.006,0.0025,0.002,0,0.002,0,0,0,0.50175,0.501,0.501,0.5,0.000750000000000028,0,-0.001
"cox","Cox PH regression",1,3008,0.0154852736536225,2000,400,0.006,0.0075,0.002,0.005,0.002,0.005,0.0025,0.0075,0.49925,0.4985,0.4985,0.4975,0.000750000000000028,0,-0.001
"cox","Cox PH regression",1,3008,0.02,2000,400,0.006,0.0225,0.002,0.0075,0.002,0.0075,0.0125,0.0375,0.49175,0.49725,0.49725,0.4875,-0.0055,0,-0.00975000000000004
"cox","Cox PH regression",1,3008,0.025,2000,400,0.006,0.0075,0.002,0.005,0.002,0.005,0.027,0.0475,0.49925,0.4985,0.4985,0.48975,0.000750000000000028,0,-0.00875000000000004
"cox","Cox PH regression",1,3008,0.0666666666666667,2000,400,0.006,0.0925,0.002,0.04,0.002,0.04,0.0395,0.3,0.45675,0.481,0.481,0.36975,-0.02425,0,-0.11125
"cox","Cox PH regression",1,3008,0.108333333333333,2000,400,0.006,0.425,0.002,0.3075,0.002,0.3075,0.0185,0.635,0.2905,0.34725,0.34725,0.19175,-0.05675,0,-0.1555
"cox","Cox PH regression",1,3008,0.15,2000,400,0.006,0.7875,0.002,0.695,0.002,0.695,0.0095,0.845,0.10925,0.1535,0.1535,0.08225,-0.04425,0,-0.07125
"cox","Cox PH regression",1,3008,0.191666666666667,2000,400,0.006,0.97,0.002,0.9425,0.002,0.9425,0.0065,0.9725,0.018,0.02975,0.02975,0.017,-0.01175,0,-0.01275
"cox","Cox PH regression",1,3008,0.233333333333333,2000,400,0.006,0.9975,0.002,0.9925,0.002,0.9925,0.003,0.9975,0.00424999999999998,0.00474999999999998,0.00474999999999998,0.00274999999999992,-5e-04,0,-0.00200000000000006
"cox","Cox PH regression",1,3008,0.275,2000,400,0.006,1,0.002,1,0.002,1,0.0025,1,0.003,0.001,0.001,0.00124999999999997,0.002,0,0.000249999999999972
"cox","Cox PH regression",1,3008,0.316666666666667,2000,400,0.006,1,0.002,1,0.002,1,0.002,1,0.003,0.001,0.001,0.001,0.002,0,0
"cox","Cox PH regression",1,3008,0.358333333333333,2000,400,0.006,1,0.002,1,0.002,1,0.002,1,0.003,0.001,0.001,0.001,0.002,0,0
"cox","Cox PH regression",1,3008,0.4,2000,400,0.006,1,0.002,1,0.002,1,5e-04,1,0.003,0.001,0.001,0.000249999999999972,0.002,0,-0.000750000000000028
"cox","Cox PH regression",1,3008,0.441666666666667,2000,400,0.006,1,0.002,1,0.002,1,5e-04,1,0.003,0.001,0.001,0.000249999999999972,0.002,0,-0.000750000000000028
"cox","Cox PH regression",1,3008,0.483333333333333,2000,400,0.006,1,0.002,1,0.002,1,0,1,0.003,0.001,0.001,0,0.002,0,-0.001
"cox","Cox PH regression",1,3008,0.525,2000,400,0.006,1,0.002,1,0.002,1,0,1,0.003,0.001,0.001,0,0.002,0,-0.001
"cox","Cox PH regression",1,3008,0.566666666666667,2000,400,0.006,1,0.002,1,0.002,1,0,1,0.003,0.001,0.001,0,0.002,0,-0.001
"cox","Cox PH regression",1,3008,0.608333333333333,2000,400,0.006,1,0.002,1,0.002,1,0,1,0.003,0.001,0.001,0,0.002,0,-0.001
"cox","Cox PH regression",1,3008,0.65,2000,400,0.006,1,0.002,1,0.002,1,0,1,0.003,0.001,0.001,0,0.002,0,-0.001
"cox","Cox PH regression",1,3008,0.691666666666667,2000,400,0.006,1,0.002,1,0.002,1,0,1,0.003,0.001,0.001,0,0.002,0,-0.001
"cox","Cox PH regression",1,3008,0.733333333333333,2000,400,0.006,1,0.002,1,0.002,1,0,1,0.003,0.001,0.001,0,0.002,0,-0.001
"cox","Cox PH regression",1,3008,0.775,2000,400,0.006,1,0.002,1,0.002,1,0,1,0.003,0.001,0.001,0,0.002,0,-0.001
"cox","Cox PH regression",1,3008,0.816666666666667,2000,400,0.006,1,0.002,1,0.002,1,0,1,0.003,0.001,0.001,0,0.002,0,-0.001
"cox","Cox PH regression",1,3008,0.858333333333333,2000,400,0.006,1,0.002,1,0.002,1,0,1,0.003,0.001,0.001,0,0.002,0,-0.001
"cox","Cox PH regression",1,3008,0.9,2000,400,0.006,1,0.002,1,0.002,1,0,1,0.003,0.001,0.001,0,0.002,0,-0.001
"cox","Cox PH regression",1,3675,0.002,2000,400,0.004,0.0075,5e-04,0,5e-04,0,0,0,0.49825,0.50025,0.50025,0.5,-0.00199999999999995,0,-0.000249999999999972
"cox","Cox PH regression",1,3675,0.00258309933002977,2000,400,0.004,0.0025,5e-04,0,5e-04,0,0,0,0.50075,0.50025,0.50025,0.5,0.000500000000000056,0,-0.000249999999999972
"cox","Cox PH regression",1,3675,0.00333620107440012,2000,400,0.004,0.0025,5e-04,0,5e-04,0,0,0,0.50075,0.50025,0.50025,0.5,0.000500000000000056,0,-0.000249999999999972
"cox","Cox PH regression",1,3675,0.00430886938006377,2000,400,0.004,0,5e-04,0,5e-04,0,0,0,0.502,0.50025,0.50025,0.5,0.00175000000000003,0,-0.000249999999999972
"cox","Cox PH regression",1,3675,0.00556511880441425,2000,400,0.004,0.005,5e-04,0.0025,5e-04,0.0025,0,0,0.4995,0.499,0.499,0.5,5e-04,0,0.001
"cox","Cox PH regression",1,3675,0.00718762732760925,2000,400,0.004,0.005,5e-04,0,5e-04,0,0,0,0.4995,0.50025,0.50025,0.5,-0.000749999999999973,0,-0.000249999999999972
"cox","Cox PH regression",1,3675,0.00928317766722556,2000,400,0.004,0.005,5e-04,0,5e-04,0,0,0,0.4995,0.50025,0.50025,0.5,-0.000749999999999973,0,-0.000249999999999972
"cox","Cox PH regression",1,3675,0.0119896850063788,2000,400,0.004,0.0025,5e-04,0.0025,5e-04,0.0025,5e-04,0.0025,0.50075,0.499,0.499,0.499,0.00175000000000003,0,0
"cox","Cox PH regression",1,3675,0.0154852736536225,2000,400,0.004,0.0075,5e-04,0,5e-04,0,0.005,0.01,0.49825,0.50025,0.50025,0.4975,-0.00199999999999995,0,-0.00275000000000003
"cox","Cox PH regression",1,3675,0.02,2000,400,0.004,0.005,5e-04,0,5e-04,0,0.02,0.0225,0.4995,0.50025,0.50025,0.49875,-0.000749999999999973,0,-0.00149999999999995
"cox","Cox PH regression",1,3675,0.025,2000,400,0.004,0.015,5e-04,0,5e-04,0,0.033,0.0675,0.4945,0.50025,0.50025,0.48275,-0.00574999999999998,0,-0.0175
"cox","Cox PH regression",1,3675,0.0666666666666667,2000,400,0.004,0.1925,5e-04,0.1175,5e-04,0.1175,0.0345,0.38,0.40575,0.4415,0.4415,0.32725,-0.03575,0,-0.11425
"cox","Cox PH regression",1,3675,0.108333333333333,2000,400,0.004,0.545,5e-04,0.4125,5e-04,0.415,0.0175,0.685,0.2295,0.294,0.29275,0.16625,-0.0645,-0.00125000000000003,-0.12775
"cox","Cox PH regression",1,3675,0.15,2000,400,0.004,0.9175,5e-04,0.8225,5e-04,0.8225,0.0085,0.9325,0.04325,0.089,0.089,0.038,-0.04575,0,-0.051
"cox","Cox PH regression",1,3675,0.191666666666667,2000,400,0.004,0.995,5e-04,0.99,5e-04,0.99,0.0035,0.995,0.0045,0.00524999999999998,0.00524999999999998,0.00425000000000003,-0.000749999999999973,0,-0.000999999999999945
"cox","Cox PH regression",1,3675,0.233333333333333,2000,400,0.004,1,5e-04,1,5e-04,1,0.003,1,0.002,0.000249999999999972,0.000249999999999972,0.00149999999999995,0.00175000000000003,0,0.00124999999999997
"cox","Cox PH regression",1,3675,0.275,2000,400,0.004,1,5e-04,1,5e-04,1,0.001,1,0.002,0.000249999999999972,0.000249999999999972,0.000499999999999945,0.00175000000000003,0,0.000249999999999972
"cox","Cox PH regression",1,3675,0.316666666666667,2000,400,0.004,1,5e-04,1,5e-04,1,5e-04,1,0.002,0.000249999999999972,0.000249999999999972,0.000249999999999972,0.00175000000000003,0,0
"cox","Cox PH regression",1,3675,0.358333333333333,2000,400,0.004,1,5e-04,1,5e-04,1,5e-04,1,0.002,0.000249999999999972,0.000249999999999972,0.000249999999999972,0.00175000000000003,0,0
"cox","Cox PH regression",1,3675,0.4,2000,400,0.004,1,5e-04,1,5e-04,1,5e-04,1,0.002,0.000249999999999972,0.000249999999999972,0.000249999999999972,0.00175000000000003,0,0
"cox","Cox PH regression",1,3675,0.441666666666667,2000,400,0.004,1,5e-04,1,5e-04,1,5e-04,1,0.002,0.000249999999999972,0.000249999999999972,0.000249999999999972,0.00175000000000003,0,0
"cox","Cox PH regression",1,3675,0.483333333333333,2000,400,0.004,1,5e-04,1,5e-04,1,0,1,0.002,0.000249999999999972,0.000249999999999972,0,0.00175000000000003,0,-0.000249999999999972
"cox","Cox PH regression",1,3675,0.525,2000,400,0.004,1,5e-04,1,5e-04,1,0,1,0.002,0.000249999999999972,0.000249999999999972,0,0.00175000000000003,0,-0.000249999999999972
"cox","Cox PH regression",1,3675,0.566666666666667,2000,400,0.004,1,5e-04,1,5e-04,1,0,1,0.002,0.000249999999999972,0.000249999999999972,0,0.00175000000000003,0,-0.000249999999999972
"cox","Cox PH regression",1,3675,0.608333333333333,2000,400,0.004,1,5e-04,1,5e-04,1,0,1,0.002,0.000249999999999972,0.000249999999999972,0,0.00175000000000003,0,-0.000249999999999972
"cox","Cox PH regression",1,3675,0.65,2000,400,0.004,1,5e-04,1,5e-04,1,0,1,0.002,0.000249999999999972,0.000249999999999972,0,0.00175000000000003,0,-0.000249999999999972
"cox","Cox PH regression",1,3675,0.691666666666667,2000,400,0.004,1,5e-04,1,5e-04,1,0,1,0.002,0.000249999999999972,0.000249999999999972,0,0.00175000000000003,0,-0.000249999999999972
"cox","Cox PH regression",1,3675,0.733333333333333,2000,400,0.004,1,5e-04,1,5e-04,1,0,1,0.002,0.000249999999999972,0.000249999999999972,0,0.00175000000000003,0,-0.000249999999999972
"cox","Cox PH regression",1,3675,0.775,2000,400,0.004,1,5e-04,1,5e-04,1,0,1,0.002,0.000249999999999972,0.000249999999999972,0,0.00175000000000003,0,-0.000249999999999972
"cox","Cox PH regression",1,3675,0.816666666666667,2000,400,0.004,1,5e-04,1,5e-04,1,0,1,0.002,0.000249999999999972,0.000249999999999972,0,0.00175000000000003,0,-0.000249999999999972
"cox","Cox PH regression",1,3675,0.858333333333333,2000,400,0.004,1,5e-04,1,5e-04,1,0,1,0.002,0.000249999999999972,0.000249999999999972,0,0.00175000000000003,0,-0.000249999999999972
"cox","Cox PH regression",1,3675,0.9,2000,400,0.004,1,5e-04,1,5e-04,1,0,1,0.002,0.000249999999999972,0.000249999999999972,0,0.00175000000000003,0,-0.000249999999999972
"cox","Cox PH regression",1,4489,0.002,2000,400,0.005,0.0075,0.0015,0,0.0015,0,0,0,0.49875,0.50075,0.50075,0.5,-0.00200000000000006,0,-0.000750000000000028
"cox","Cox PH regression",1,4489,0.00258309933002977,2000,400,0.005,0.0025,0.0015,0,0.0015,0,0,0,0.50125,0.50075,0.50075,0.5,0.000499999999999945,0,-0.000750000000000028
"cox","Cox PH regression",1,4489,0.00333620107440012,2000,400,0.005,0.0125,0.0015,0,0.0015,0,0,0,0.49625,0.50075,0.50075,0.5,-0.00450000000000006,0,-0.000750000000000028
"cox","Cox PH regression",1,4489,0.00430886938006377,2000,400,0.005,0,0.0015,0,0.0015,0,0,0,0.5025,0.50075,0.50075,0.5,0.00174999999999992,0,-0.000750000000000028
"cox","Cox PH regression",1,4489,0.00556511880441425,2000,400,0.005,0.0025,0.0015,0.0025,0.0015,0.0025,0,0,0.50125,0.4995,0.4995,0.5,0.00174999999999992,0,0.000499999999999945
"cox","Cox PH regression",1,4489,0.00718762732760925,2000,400,0.005,0,0.0015,0,0.0015,0,0,0,0.5025,0.50075,0.50075,0.5,0.00174999999999992,0,-0.000750000000000028
"cox","Cox PH regression",1,4489,0.00928317766722556,2000,400,0.005,0.0125,0.0015,0,0.0015,0,5e-04,0,0.49625,0.50075,0.50075,0.50025,-0.00450000000000006,0,-0.000500000000000056
"cox","Cox PH regression",1,4489,0.0119896850063788,2000,400,0.005,0.0175,0.0015,0,0.0015,0,0.002,0.0025,0.49375,0.50075,0.50075,0.49975,-0.00700000000000006,0,-0.001
"cox","Cox PH regression",1,4489,0.0154852736536225,2000,400,0.005,0.01,0.0015,0.0025,0.0015,0.0025,0.0085,0.0125,0.4975,0.4995,0.4995,0.498,-0.00200000000000011,0,-0.00150000000000006
"cox","Cox PH regression",1,4489,0.02,2000,400,0.005,0.01,0.0015,0.0025,0.0015,0.0025,0.0175,0.045,0.4975,0.4995,0.4995,0.48625,-0.00200000000000011,0,-0.01325
"cox","Cox PH regression",1,4489,0.025,2000,400,0.005,0.005,0.0015,0.005,0.0015,0.005,0.032,0.0875,0.5,0.49825,0.49825,0.47225,0.00174999999999992,0,-0.026
"cox","Cox PH regression",1,4489,0.0666666666666667,2000,400,0.005,0.185,0.0015,0.08,0.0015,0.08,0.0265,0.3875,0.41,0.46075,0.46075,0.3195,-0.0507500000000001,0,-0.14125
"cox","Cox PH regression",1,4489,0.108333333333333,2000,400,0.005,0.68,0.0015,0.5175,0.0015,0.5175,0.0095,0.765,0.1625,0.242,0.242,0.12225,-0.0795000000000001,0,-0.11975
"cox","Cox PH regression",1,4489,0.15,2000,400,0.005,0.9625,0.0015,0.915,0.0015,0.915,0.006,0.9725,0.0212499999999999,0.04325,0.04325,0.01675,-0.0220000000000001,0,-0.0265
"cox","Cox PH regression",1,4489,0.191666666666667,2000,400,0.005,0.9975,0.0015,0.995,0.0015,0.995,0.0035,0.9975,0.00374999999999992,0.00325000000000003,0.00325000000000003,0.003,0.000499999999999889,0,-0.000250000000000028
"cox","Cox PH regression",1,4489,0.233333333333333,2000,400,0.005,1,0.0015,1,0.0015,1,0.002,1,0.00249999999999995,0.000750000000000028,0.000750000000000028,0.001,0.00174999999999992,0,0.000249999999999972
"cox","Cox PH regression",1,4489,0.275,2000,400,0.005,1,0.0015,1,0.0015,1,0.0015,1,0.00249999999999995,0.000750000000000028,0.000750000000000028,0.000750000000000028,0.00174999999999992,0,0
"cox","Cox PH regression",1,4489,0.316666666666667,2000,400,0.005,1,0.0015,1,0.0015,1,0.001,1,0.00249999999999995,0.000750000000000028,0.000750000000000028,0.000499999999999945,0.00174999999999992,0,-0.000250000000000083
"cox","Cox PH regression",1,4489,0.358333333333333,2000,400,0.005,1,0.0015,1,0.0015,1,0.001,1,0.00249999999999995,0.000750000000000028,0.000750000000000028,0.000499999999999945,0.00174999999999992,0,-0.000250000000000083
"cox","Cox PH regression",1,4489,0.4,2000,400,0.005,1,0.0015,1,0.0015,1,5e-04,1,0.00249999999999995,0.000750000000000028,0.000750000000000028,0.000249999999999972,0.00174999999999992,0,-0.000500000000000056
"cox","Cox PH regression",1,4489,0.441666666666667,2000,400,0.005,1,0.0015,1,0.0015,1,5e-04,1,0.00249999999999995,0.000750000000000028,0.000750000000000028,0.000249999999999972,0.00174999999999992,0,-0.000500000000000056
"cox","Cox PH regression",1,4489,0.483333333333333,2000,400,0.005,1,0.0015,1,0.0015,1,5e-04,1,0.00249999999999995,0.000750000000000028,0.000750000000000028,0.000249999999999972,0.00174999999999992,0,-0.000500000000000056
"cox","Cox PH regression",1,4489,0.525,2000,400,0.005,1,0.0015,1,0.0015,1,5e-04,1,0.00249999999999995,0.000750000000000028,0.000750000000000028,0.000249999999999972,0.00174999999999992,0,-0.000500000000000056
"cox","Cox PH regression",1,4489,0.566666666666667,2000,400,0.005,1,0.0015,1,0.0015,1,5e-04,1,0.00249999999999995,0.000750000000000028,0.000750000000000028,0.000249999999999972,0.00174999999999992,0,-0.000500000000000056
"cox","Cox PH regression",1,4489,0.608333333333333,2000,400,0.005,1,0.0015,1,0.0015,1,5e-04,1,0.00249999999999995,0.000750000000000028,0.000750000000000028,0.000249999999999972,0.00174999999999992,0,-0.000500000000000056
"cox","Cox PH regression",1,4489,0.65,2000,400,0.005,1,0.0015,1,0.0015,1,5e-04,1,0.00249999999999995,0.000750000000000028,0.000750000000000028,0.000249999999999972,0.00174999999999992,0,-0.000500000000000056
"cox","Cox PH regression",1,4489,0.691666666666667,2000,400,0.005,1,0.0015,1,0.0015,1,5e-04,1,0.00249999999999995,0.000750000000000028,0.000750000000000028,0.000249999999999972,0.00174999999999992,0,-0.000500000000000056
"cox","Cox PH regression",1,4489,0.733333333333333,2000,400,0.005,1,0.0015,1,0.0015,1,5e-04,1,0.00249999999999995,0.000750000000000028,0.000750000000000028,0.000249999999999972,0.00174999999999992,0,-0.000500000000000056
"cox","Cox PH regression",1,4489,0.775,2000,400,0.005,1,0.0015,1,0.0015,1,5e-04,1,0.00249999999999995,0.000750000000000028,0.000750000000000028,0.000249999999999972,0.00174999999999992,0,-0.000500000000000056
"cox","Cox PH regression",1,4489,0.816666666666667,2000,400,0.005,1,0.0015,1,0.0015,1,5e-04,1,0.00249999999999995,0.000750000000000028,0.000750000000000028,0.000249999999999972,0.00174999999999992,0,-0.000500000000000056
"cox","Cox PH regression",1,4489,0.858333333333333,2000,400,0.005,1,0.0015,1,0.0015,1,5e-04,1,0.00249999999999995,0.000750000000000028,0.000750000000000028,0.000249999999999972,0.00174999999999992,0,-0.000500000000000056
"cox","Cox PH regression",1,4489,0.9,2000,400,0.005,1,0.0015,1,0.0015,1,5e-04,1,0.00249999999999995,0.000750000000000028,0.000750000000000028,0.000249999999999972,0.00174999999999992,0,-0.000500000000000056
"cox","Cox PH regression",1,5484,0.002,2000,400,0.006,0.01,0.002,0.005,0.002,0.005,0,0,0.498,0.4985,0.4985,0.5,-5e-04,0,0.0015
"cox","Cox PH regression",1,5484,0.00258309933002977,2000,400,0.006,0,0.002,0,0.002,0,0,0,0.503,0.501,0.501,0.5,0.002,0,-0.001
"cox","Cox PH regression",1,5484,0.00333620107440012,2000,400,0.006,0.005,0.002,0,0.002,0,0,0,0.5005,0.501,0.501,0.5,-0.000499999999999945,0,-0.001
"cox","Cox PH regression",1,5484,0.00430886938006377,2000,400,0.006,0,0.002,0,0.002,0,0,0,0.503,0.501,0.501,0.5,0.002,0,-0.001
"cox","Cox PH regression",1,5484,0.00556511880441425,2000,400,0.006,0.005,0.002,0.0025,0.002,0.0025,0,0,0.5005,0.49975,0.49975,0.5,0.000750000000000028,0,0.000249999999999972
"cox","Cox PH regression",1,5484,0.00718762732760925,2000,400,0.006,0.0125,0.002,0,0.002,0,0,0,0.49675,0.501,0.501,0.5,-0.00424999999999998,0,-0.001
"cox","Cox PH regression",1,5484,0.00928317766722556,2000,400,0.006,0.0075,0.002,0,0.002,0,5e-04,0,0.49925,0.501,0.501,0.50025,-0.00174999999999997,0,-0.000750000000000028
"cox","Cox PH regression",1,5484,0.0119896850063788,2000,400,0.006,0.01,0.002,0.005,0.002,0.005,0.005,0.01,0.498,0.4985,0.4985,0.4975,-5e-04,0,-0.00100000000000006
"cox","Cox PH regression",1,5484,0.0154852736536225,2000,400,0.006,0.0125,0.002,0.0075,0.002,0.0075,0.017,0.0375,0.49675,0.49725,0.49725,0.48975,-5e-04,0,-0.00750000000000006
"cox","Cox PH regression",1,5484,0.02,2000,400,0.006,0.0075,0.002,0.005,0.002,0.005,0.033,0.0675,0.49925,0.4985,0.4985,0.48275,0.000750000000000028,0,-0.01575
"cox","Cox PH regression",1,5484,0.025,2000,400,0.006,0.025,0.002,0.0075,0.002,0.0075,0.0415,0.09,0.4905,0.49725,0.49725,0.47575,-0.00675000000000003,0,-0.0215
"cox","Cox PH regression",1,5484,0.0666666666666667,2000,400,0.006,0.2725,0.002,0.1625,0.002,0.1625,0.027,0.4775,0.36675,0.41975,0.41975,0.27475,-0.053,0,-0.145
"cox","Cox PH regression",1,5484,0.108333333333333,2000,400,0.006,0.7575,0.002,0.5875,0.002,0.5875,0.013,0.825,0.12425,0.20725,0.20725,0.094,-0.083,0,-0.11325
"cox","Cox PH regression",1,5484,0.15,2000,400,0.006,0.99,0.002,0.96,0.002,0.96,0.006,0.99,0.00800000000000001,0.021,0.021,0.00800000000000001,-0.013,0,-0.013
"cox","Cox PH regression",1,5484,0.191666666666667,2000,400,0.006,1,0.002,1,0.002,1,0.003,1,0.003,0.001,0.001,0.00149999999999995,0.002,0,0.000499999999999945
"cox","Cox PH regression",1,5484,0.233333333333333,2000,400,0.006,1,0.002,1,0.002,1,0.0025,1,0.003,0.001,0.001,0.00124999999999997,0.002,0,0.000249999999999972
"cox","Cox PH regression",1,5484,0.275,2000,400,0.006,1,0.002,1,0.002,1,0.002,1,0.003,0.001,0.001,0.001,0.002,0,0
"cox","Cox PH regression",1,5484,0.316666666666667,2000,400,0.006,1,0.002,1,0.002,1,0.001,1,0.003,0.001,0.001,0.000499999999999945,0.002,0,-0.000500000000000056
"cox","Cox PH regression",1,5484,0.358333333333333,2000,400,0.006,1,0.002,1,0.002,1,5e-04,1,0.003,0.001,0.001,0.000249999999999972,0.002,0,-0.000750000000000028
"cox","Cox PH regression",1,5484,0.4,2000,400,0.006,1,0.002,1,0.002,1,5e-04,1,0.003,0.001,0.001,0.000249999999999972,0.002,0,-0.000750000000000028
"cox","Cox PH regression",1,5484,0.441666666666667,2000,400,0.006,1,0.002,1,0.002,1,0,1,0.003,0.001,0.001,0,0.002,0,-0.001
"cox","Cox PH regression",1,5484,0.483333333333333,2000,400,0.006,1,0.002,1,0.002,1,0,1,0.003,0.001,0.001,0,0.002,0,-0.001
"cox","Cox PH regression",1,5484,0.525,2000,400,0.006,1,0.002,1,0.002,1,0,1,0.003,0.001,0.001,0,0.002,0,-0.001
"cox","Cox PH regression",1,5484,0.566666666666667,2000,400,0.006,1,0.002,1,0.002,1,0,1,0.003,0.001,0.001,0,0.002,0,-0.001
"cox","Cox PH regression",1,5484,0.608333333333333,2000,400,0.006,1,0.002,1,0.002,1,0,1,0.003,0.001,0.001,0,0.002,0,-0.001
"cox","Cox PH regression",1,5484,0.65,2000,400,0.006,1,0.002,1,0.002,1,0,1,0.003,0.001,0.001,0,0.002,0,-0.001
"cox","Cox PH regression",1,5484,0.691666666666667,2000,400,0.006,1,0.002,1,0.002,1,0,1,0.003,0.001,0.001,0,0.002,0,-0.001
"cox","Cox PH regression",1,5484,0.733333333333333,2000,400,0.006,1,0.002,1,0.002,1,0,1,0.003,0.001,0.001,0,0.002,0,-0.001
"cox","Cox PH regression",1,5484,0.775,2000,400,0.006,1,0.002,1,0.002,1,0,1,0.003,0.001,0.001,0,0.002,0,-0.001
"cox","Cox PH regression",1,5484,0.816666666666667,2000,400,0.006,1,0.002,1,0.002,1,0,1,0.003,0.001,0.001,0,0.002,0,-0.001
"cox","Cox PH regression",1,5484,0.858333333333333,2000,400,0.006,1,0.002,1,0.002,1,0,1,0.003,0.001,0.001,0,0.002,0,-0.001
"cox","Cox PH regression",1,5484,0.9,2000,400,0.006,1,0.002,1,0.002,1,0,1,0.003,0.001,0.001,0,0.002,0,-0.001
"cox","Cox PH regression",1,6700,0.002,2000,400,0.004,0.005,0,0.0025,0,0.0025,0,0,0.4995,0.49875,0.49875,0.5,0.000749999999999973,0,0.00124999999999997
"cox","Cox PH regression",1,6700,0.00258309933002977,2000,400,0.004,0.005,0,0.0025,0,0.0025,0,0,0.4995,0.49875,0.49875,0.5,0.000749999999999973,0,0.00124999999999997
"cox","Cox PH regression",1,6700,0.00333620107440012,2000,400,0.004,0.005,0,0,0,0,0,0,0.4995,0.5,0.5,0.5,-5e-04,0,0
"cox","Cox PH regression",1,6700,0.00430886938006377,2000,400,0.004,0,0,0,0,0,0,0,0.502,0.5,0.5,0.5,0.002,0,0
"cox","Cox PH regression",1,6700,0.00556511880441425,2000,400,0.004,0.0075,0,0,0,0,0,0,0.49825,0.5,0.5,0.5,-0.00174999999999997,0,0
"cox","Cox PH regression",1,6700,0.00718762732760925,2000,400,0.004,0,0,0,0,0,0,0,0.502,0.5,0.5,0.5,0.002,0,0
"cox","Cox PH regression",1,6700,0.00928317766722556,2000,400,0.004,0.0075,0,0.005,0,0.005,0,0.005,0.49825,0.4975,0.4975,0.4975,0.000750000000000028,0,0
"cox","Cox PH regression",1,6700,0.0119896850063788,2000,400,0.004,0.0075,0,0.0025,0,0.0025,0.0065,0.0075,0.49825,0.49875,0.49875,0.4995,-5e-04,0,0.000749999999999973
"cox","Cox PH regression",1,6700,0.0154852736536225,2000,400,0.004,0.0175,0,0.0025,0,0.0025,0.018,0.045,0.49325,0.49875,0.49875,0.4865,-0.0055,0,-0.01225
"cox","Cox PH regression",1,6700,0.02,2000,400,0.004,0.0125,0,0.005,0,0.005,0.028,0.0725,0.49575,0.4975,0.4975,0.47775,-0.00174999999999997,0,-0.01975
"cox","Cox PH regression",1,6700,0.025,2000,400,0.004,0.04,0,0.0125,0,0.0125,0.034,0.13,0.482,0.49375,0.49375,0.452,-0.01175,0,-0.04175
"cox","Cox PH regression",1,6700,0.0666666666666667,2000,400,0.004,0.3925,0,0.2125,0,0.215,0.0185,0.5675,0.30575,0.39375,0.3925,0.2255,-0.088,-0.00124999999999997,-0.16825
"cox","Cox PH regression",1,6700,0.108333333333333,2000,400,0.004,0.88,0,0.7725,0,0.7725,0.008,0.9,0.062,0.11375,0.11375,0.054,-0.05175,0,-0.05975
"cox","Cox PH regression",1,6700,0.15,2000,400,0.004,1,0,0.98,0,0.98,0.0035,0.9975,0.002,0.01,0.01,0.003,-0.00800000000000001,0,-0.00700000000000001
"cox","Cox PH regression",1,6700,0.191666666666667,2000,400,0.004,1,0,1,0,1,5e-04,1,0.002,0,0,0.000249999999999972,0.002,0,0.000249999999999972
"cox","Cox PH regression",1,6700,0.233333333333333,2000,400,0.004,1,0,1,0,1,0,1,0.002,0,0,0,0.002,0,0
"cox","Cox PH regression",1,6700,0.275,2000,400,0.004,1,0,1,0,1,0,1,0.002,0,0,0,0.002,0,0
"cox","Cox PH regression",1,6700,0.316666666666667,2000,400,0.004,1,0,1,0,1,0,1,0.002,0,0,0,0.002,0,0
"cox","Cox PH regression",1,6700,0.358333333333333,2000,400,0.004,1,0,1,0,1,0,1,0.002,0,0,0,0.002,0,0
"cox","Cox PH regression",1,6700,0.4,2000,400,0.004,1,0,1,0,1,0,1,0.002,0,0,0,0.002,0,0
"cox","Cox PH regression",1,6700,0.441666666666667,2000,400,0.004,1,0,1,0,1,0,1,0.002,0,0,0,0.002,0,0
"cox","Cox PH regression",1,6700,0.483333333333333,2000,400,0.004,1,0,1,0,1,0,1,0.002,0,0,0,0.002,0,0
"cox","Cox PH regression",1,6700,0.525,2000,400,0.004,1,0,1,0,1,0,1,0.002,0,0,0,0.002,0,0
"cox","Cox PH regression",1,6700,0.566666666666667,2000,400,0.004,1,0,1,0,1,0,1,0.002,0,0,0,0.002,0,0
"cox","Cox PH regression",1,6700,0.608333333333333,2000,400,0.004,1,0,1,0,1,0,1,0.002,0,0,0,0.002,0,0
"cox","Cox PH regression",1,6700,0.65,2000,400,0.004,1,0,1,0,1,0,1,0.002,0,0,0,0.002,0,0
"cox","Cox PH regression",1,6700,0.691666666666667,2000,400,0.004,1,0,1,0,1,0,1,0.002,0,0,0,0.002,0,0
"cox","Cox PH regression",1,6700,0.733333333333333,2000,400,0.004,1,0,1,0,1,0,1,0.002,0,0,0,0.002,0,0
"cox","Cox PH regression",1,6700,0.775,2000,400,0.004,1,0,1,0,1,0,1,0.002,0,0,0,0.002,0,0
"cox","Cox PH regression",1,6700,0.816666666666667,2000,400,0.004,1,0,1,0,1,0,1,0.002,0,0,0,0.002,0,0
"cox","Cox PH regression",1,6700,0.858333333333333,2000,400,0.004,1,0,1,0,1,0,1,0.002,0,0,0,0.002,0,0
"cox","Cox PH regression",1,6700,0.9,2000,400,0.004,1,0,1,0,1,0,1,0.002,0,0,0,0.002,0,0
"cox","Cox PH regression",1,8185,0.002,2000,400,0.0065,0.0075,0.0025,0,0.0025,0,0,0,0.4995,0.50125,0.50125,0.5,-0.00174999999999997,0,-0.00124999999999997
"cox","Cox PH regression",1,8185,0.00258309933002977,2000,400,0.0065,0,0.0025,0,0.0025,0,0,0,0.50325,0.50125,0.50125,0.5,0.002,0,-0.00124999999999997
"cox","Cox PH regression",1,8185,0.00333620107440012,2000,400,0.0065,0.0075,0.0025,0.005,0.0025,0.005,0,0,0.4995,0.49875,0.49875,0.5,0.000750000000000028,0,0.00125000000000003
"cox","Cox PH regression",1,8185,0.00430886938006377,2000,400,0.0065,0.0075,0.0025,0,0.0025,0,0,0,0.4995,0.50125,0.50125,0.5,-0.00174999999999997,0,-0.00124999999999997
"cox","Cox PH regression",1,8185,0.00556511880441425,2000,400,0.0065,0.0075,0.0025,0.0025,0.0025,0.0025,0,0,0.4995,0.5,0.5,0.5,-5e-04,0,0
"cox","Cox PH regression",1,8185,0.00718762732760925,2000,400,0.0065,0.0075,0.0025,0.0025,0.0025,0.0025,0.001,0.0025,0.4995,0.5,0.5,0.49925,-5e-04,0,-0.000750000000000028
"cox","Cox PH regression",1,8185,0.00928317766722556,2000,400,0.0065,0.0125,0.0025,0,0.0025,0,0.006,0.0125,0.497,0.50125,0.50125,0.49675,-0.00424999999999998,0,-0.00449999999999995
"cox","Cox PH regression",1,8185,0.0119896850063788,2000,400,0.0065,0.015,0.0025,0.0025,0.0025,0.0025,0.0115,0.0225,0.49575,0.5,0.5,0.4945,-0.00425000000000003,0,-0.00549999999999995
"cox","Cox PH regression",1,8185,0.0154852736536225,2000,400,0.0065,0.01,0.0025,0.0025,0.0025,0.0025,0.027,0.0475,0.49825,0.5,0.5,0.48975,-0.00175000000000003,0,-0.01025
"cox","Cox PH regression",1,8185,0.02,2000,400,0.0065,0.02,0.0025,0.005,0.0025,0.005,0.0415,0.1025,0.49325,0.49875,0.49875,0.4695,-0.0055,0,-0.0292499999999999
"cox","Cox PH regression",1,8185,0.025,2000,400,0.0065,0.045,0.0025,0.015,0.0025,0.015,0.0465,0.15,0.48075,0.49375,0.49375,0.44825,-0.013,0,-0.0455
"cox","Cox PH regression",1,8185,0.0666666666666667,2000,400,0.0065,0.4825,0.0025,0.2925,0.0025,0.2925,0.019,0.635,0.262,0.355,0.355,0.192,-0.093,0,-0.163
"cox","Cox PH regression",1,8185,0.108333333333333,2000,400,0.0065,0.9375,0.0025,0.855,0.0025,0.8575,0.0085,0.945,0.0345,0.07375,0.0725,0.03175,-0.03925,-0.00125000000000003,-0.042
"cox","Cox PH regression",1,8185,0.15,2000,400,0.0065,1,0.0025,1,0.0025,1,0.006,1,0.00324999999999998,0.00124999999999997,0.00124999999999997,0.003,0.002,0,0.00175000000000003
"cox","Cox PH regression",1,8185,0.191666666666667,2000,400,0.0065,1,0.0025,1,0.0025,1,0.004,1,0.00324999999999998,0.00124999999999997,0.00124999999999997,0.002,0.002,0,0.000750000000000028
"cox","Cox PH regression",1,8185,0.233333333333333,2000,400,0.0065,1,0.0025,1,0.0025,1,0.003,1,0.00324999999999998,0.00124999999999997,0.00124999999999997,0.00149999999999995,0.002,0,0.000249999999999972
"cox","Cox PH regression",1,8185,0.275,2000,400,0.0065,1,0.0025,1,0.0025,1,0.001,1,0.00324999999999998,0.00124999999999997,0.00124999999999997,0.000499999999999945,0.002,0,-0.000750000000000028
"cox","Cox PH regression",1,8185,0.316666666666667,2000,400,0.0065,1,0.0025,1,0.0025,1,0.001,1,0.00324999999999998,0.00124999999999997,0.00124999999999997,0.000499999999999945,0.002,0,-0.000750000000000028
"cox","Cox PH regression",1,8185,0.358333333333333,2000,400,0.0065,1,0.0025,1,0.0025,1,0.001,1,0.00324999999999998,0.00124999999999997,0.00124999999999997,0.000499999999999945,0.002,0,-0.000750000000000028
"cox","Cox PH regression",1,8185,0.4,2000,400,0.0065,1,0.0025,1,0.0025,1,0.001,1,0.00324999999999998,0.00124999999999997,0.00124999999999997,0.000499999999999945,0.002,0,-0.000750000000000028
"cox","Cox PH regression",1,8185,0.441666666666667,2000,400,0.0065,1,0.0025,1,0.0025,1,0.001,1,0.00324999999999998,0.00124999999999997,0.00124999999999997,0.000499999999999945,0.002,0,-0.000750000000000028
"cox","Cox PH regression",1,8185,0.483333333333333,2000,400,0.0065,1,0.0025,1,0.0025,1,0.001,1,0.00324999999999998,0.00124999999999997,0.00124999999999997,0.000499999999999945,0.002,0,-0.000750000000000028
"cox","Cox PH regression",1,8185,0.525,2000,400,0.0065,1,0.0025,1,0.0025,1,5e-04,1,0.00324999999999998,0.00124999999999997,0.00124999999999997,0.000249999999999972,0.002,0,-0.001
"cox","Cox PH regression",1,8185,0.566666666666667,2000,400,0.0065,1,0.0025,1,0.0025,1,5e-04,1,0.00324999999999998,0.00124999999999997,0.00124999999999997,0.000249999999999972,0.002,0,-0.001
"cox","Cox PH regression",1,8185,0.608333333333333,2000,400,0.0065,1,0.0025,1,0.0025,1,5e-04,1,0.00324999999999998,0.00124999999999997,0.00124999999999997,0.000249999999999972,0.002,0,-0.001
"cox","Cox PH regression",1,8185,0.65,2000,400,0.0065,1,0.0025,1,0.0025,1,5e-04,1,0.00324999999999998,0.00124999999999997,0.00124999999999997,0.000249999999999972,0.002,0,-0.001
"cox","Cox PH regression",1,8185,0.691666666666667,2000,400,0.0065,1,0.0025,1,0.0025,1,5e-04,1,0.00324999999999998,0.00124999999999997,0.00124999999999997,0.000249999999999972,0.002,0,-0.001
"cox","Cox PH regression",1,8185,0.733333333333333,2000,400,0.0065,1,0.0025,1,0.0025,1,5e-04,1,0.00324999999999998,0.00124999999999997,0.00124999999999997,0.000249999999999972,0.002,0,-0.001
"cox","Cox PH regression",1,8185,0.775,2000,400,0.0065,1,0.0025,1,0.0025,1,5e-04,1,0.00324999999999998,0.00124999999999997,0.00124999999999997,0.000249999999999972,0.002,0,-0.001
"cox","Cox PH regression",1,8185,0.816666666666667,2000,400,0.0065,1,0.0025,1,0.0025,1,5e-04,1,0.00324999999999998,0.00124999999999997,0.00124999999999997,0.000249999999999972,0.002,0,-0.001
"cox","Cox PH regression",1,8185,0.858333333333333,2000,400,0.0065,1,0.0025,1,0.0025,1,5e-04,1,0.00324999999999998,0.00124999999999997,0.00124999999999997,0.000249999999999972,0.002,0,-0.001
"cox","Cox PH regression",1,8185,0.9,2000,400,0.0065,1,0.0025,1,0.0025,1,5e-04,1,0.00324999999999998,0.00124999999999997,0.00124999999999997,0.000249999999999972,0.002,0,-0.001
"cox","Cox PH regression",1,10000,0.002,2000,400,0.0035,0.01,5e-04,0,5e-04,0,0,0,0.49675,0.50025,0.50025,0.5,-0.00349999999999995,0,-0.000249999999999972
"cox","Cox PH regression",1,10000,0.00258309933002977,2000,400,0.0035,0.0175,5e-04,0.0025,5e-04,0.0025,0,0,0.493,0.499,0.499,0.5,-0.00599999999999995,0,0.001
"cox","Cox PH regression",1,10000,0.00333620107440012,2000,400,0.0035,0.0025,5e-04,0,5e-04,0,0,0,0.5005,0.50025,0.50025,0.5,0.000250000000000083,0,-0.000249999999999972
"cox","Cox PH regression",1,10000,0.00430886938006377,2000,400,0.0035,0.0075,5e-04,0.0025,5e-04,0.0025,0,0,0.498,0.499,0.499,0.5,-0.000999999999999945,0,0.001
"cox","Cox PH regression",1,10000,0.00556511880441425,2000,400,0.0035,0.0025,5e-04,0,5e-04,0,5e-04,0,0.5005,0.50025,0.50025,0.50025,0.000250000000000083,0,0
"cox","Cox PH regression",1,10000,0.00718762732760925,2000,400,0.0035,0.0075,5e-04,0.0025,5e-04,0.0025,5e-04,0.0025,0.498,0.499,0.499,0.499,-0.000999999999999945,0,0
"cox","Cox PH regression",1,10000,0.00928317766722556,2000,400,0.0035,0.005,5e-04,0,5e-04,0,0.0035,0.005,0.49925,0.50025,0.50025,0.49925,-0.000999999999999945,0,-0.000999999999999945
"cox","Cox PH regression",1,10000,0.0119896850063788,2000,400,0.0035,0.0175,5e-04,0.005,5e-04,0.005,0.0165,0.0475,0.493,0.49775,0.49775,0.4845,-0.00474999999999992,0,-0.01325
"cox","Cox PH regression",1,10000,0.0154852736536225,2000,400,0.0035,0.025,5e-04,0.005,5e-04,0.005,0.032,0.07,0.48925,0.49775,0.49775,0.481,-0.00849999999999995,0,-0.01675
"cox","Cox PH regression",1,10000,0.02,2000,400,0.0035,0.035,5e-04,0.0125,5e-04,0.0125,0.039,0.13,0.48425,0.494,0.494,0.4545,-0.00974999999999998,0,-0.0395
"cox","Cox PH regression",1,10000,0.025,2000,400,0.0035,0.035,5e-04,0.01,5e-04,0.01,0.0425,0.2075,0.48425,0.49525,0.49525,0.4175,-0.011,0,-0.07775
"cox","Cox PH regression",1,10000,0.0666666666666667,2000,400,0.0035,0.55,5e-04,0.3475,5e-04,0.3475,0.014,0.6775,0.22675,0.3265,0.3265,0.16825,-0.09975,0,-0.15825
"cox","Cox PH regression",1,10000,0.108333333333333,2000,400,0.0035,0.99,5e-04,0.9475,5e-04,0.9475,0.0035,0.99,0.00675000000000003,0.0265,0.0265,0.00675000000000003,-0.0197499999999999,0,-0.0197499999999999
"cox","Cox PH regression",1,10000,0.15,2000,400,0.0035,1,5e-04,0.9975,5e-04,0.9975,0.0015,0.9975,0.00175000000000003,0.00149999999999995,0.00149999999999995,0.002,0.000250000000000083,0,0.000500000000000056
"cox","Cox PH regression",1,10000,0.191666666666667,2000,400,0.0035,1,5e-04,1,5e-04,1,5e-04,1,0.00175000000000003,0.000249999999999972,0.000249999999999972,0.000249999999999972,0.00150000000000006,0,0
"cox","Cox PH regression",1,10000,0.233333333333333,2000,400,0.0035,1,5e-04,1,5e-04,1,5e-04,1,0.00175000000000003,0.000249999999999972,0.000249999999999972,0.000249999999999972,0.00150000000000006,0,0
"cox","Cox PH regression",1,10000,0.275,2000,400,0.0035,1,5e-04,1,5e-04,1,5e-04,1,0.00175000000000003,0.000249999999999972,0.000249999999999972,0.000249999999999972,0.00150000000000006,0,0
"cox","Cox PH regression",1,10000,0.316666666666667,2000,400,0.0035,1,5e-04,1,5e-04,1,5e-04,1,0.00175000000000003,0.000249999999999972,0.000249999999999972,0.000249999999999972,0.00150000000000006,0,0
"cox","Cox PH regression",1,10000,0.358333333333333,2000,400,0.0035,1,5e-04,1,5e-04,1,5e-04,1,0.00175000000000003,0.000249999999999972,0.000249999999999972,0.000249999999999972,0.00150000000000006,0,0
"cox","Cox PH regression",1,10000,0.4,2000,400,0.0035,1,5e-04,1,5e-04,1,5e-04,1,0.00175000000000003,0.000249999999999972,0.000249999999999972,0.000249999999999972,0.00150000000000006,0,0
"cox","Cox PH regression",1,10000,0.441666666666667,2000,400,0.0035,1,5e-04,1,5e-04,1,5e-04,1,0.00175000000000003,0.000249999999999972,0.000249999999999972,0.000249999999999972,0.00150000000000006,0,0
"cox","Cox PH regression",1,10000,0.483333333333333,2000,400,0.0035,1,5e-04,1,5e-04,1,5e-04,1,0.00175000000000003,0.000249999999999972,0.000249999999999972,0.000249999999999972,0.00150000000000006,0,0
"cox","Cox PH regression",1,10000,0.525,2000,400,0.0035,1,5e-04,1,5e-04,1,5e-04,1,0.00175000000000003,0.000249999999999972,0.000249999999999972,0.000249999999999972,0.00150000000000006,0,0
"cox","Cox PH regression",1,10000,0.566666666666667,2000,400,0.0035,1,5e-04,1,5e-04,1,5e-04,1,0.00175000000000003,0.000249999999999972,0.000249999999999972,0.000249999999999972,0.00150000000000006,0,0
"cox","Cox PH regression",1,10000,0.608333333333333,2000,400,0.0035,1,5e-04,1,5e-04,1,5e-04,1,0.00175000000000003,0.000249999999999972,0.000249999999999972,0.000249999999999972,0.00150000000000006,0,0
"cox","Cox PH regression",1,10000,0.65,2000,400,0.0035,1,5e-04,1,5e-04,1,5e-04,1,0.00175000000000003,0.000249999999999972,0.000249999999999972,0.000249999999999972,0.00150000000000006,0,0
"cox","Cox PH regression",1,10000,0.691666666666667,2000,400,0.0035,1,5e-04,1,5e-04,1,5e-04,1,0.00175000000000003,0.000249999999999972,0.000249999999999972,0.000249999999999972,0.00150000000000006,0,0
"cox","Cox PH regression",1,10000,0.733333333333333,2000,400,0.0035,1,5e-04,1,5e-04,1,5e-04,1,0.00175000000000003,0.000249999999999972,0.000249999999999972,0.000249999999999972,0.00150000000000006,0,0
"cox","Cox PH regression",1,10000,0.775,2000,400,0.0035,1,5e-04,1,5e-04,1,5e-04,1,0.00175000000000003,0.000249999999999972,0.000249999999999972,0.000249999999999972,0.00150000000000006,0,0
"cox","Cox PH regression",1,10000,0.816666666666667,2000,400,0.0035,1,5e-04,1,5e-04,1,5e-04,1,0.00175000000000003,0.000249999999999972,0.000249999999999972,0.000249999999999972,0.00150000000000006,0,0
"cox","Cox PH regression",1,10000,0.858333333333333,2000,400,0.0035,1,5e-04,1,5e-04,1,5e-04,1,0.00175000000000003,0.000249999999999972,0.000249999999999972,0.000249999999999972,0.00150000000000006,0,0
"cox","Cox PH regression",1,10000,0.9,2000,400,0.0035,1,5e-04,1,5e-04,1,5e-04,1,0.00175000000000003,0.000249999999999972,0.000249999999999972,0.000249999999999972,0.00150000000000006,0,0
"lm","Linear regression",1,100,0.002,2000,400,0.006,0.01,0.0105,0.015,0.0125,0.02,0,0,0.498,0.49775,0.49625,0.5,0.000250000000000028,-0.0015,0.00225000000000003
"lm","Linear regression",1,100,0.00258309933002977,2000,400,0.006,0.0075,0.0105,0.015,0.0125,0.0175,0,0,0.49925,0.49775,0.4975,0.5,0.00150000000000006,-0.000249999999999972,0.00225000000000003
"lm","Linear regression",1,100,0.00333620107440012,2000,400,0.006,0,0.0105,0.01,0.0125,0.01,0,0,0.503,0.50025,0.50125,0.5,0.00275000000000003,0.001,-0.000249999999999972
"lm","Linear regression",1,100,0.00430886938006377,2000,400,0.006,0.0075,0.0105,0.01,0.0125,0.0125,0,0,0.49925,0.50025,0.5,0.5,-0.000999999999999945,-0.000249999999999972,-0.000249999999999972
"lm","Linear regression",1,100,0.00556511880441425,2000,400,0.006,0.0075,0.0105,0.0075,0.0125,0.01,0,0,0.49925,0.5015,0.50125,0.5,-0.00224999999999992,-0.000249999999999972,-0.00149999999999995
"lm","Linear regression",1,100,0.00718762732760925,2000,400,0.006,0.0075,0.0105,0.0075,0.0125,0.0075,0,0,0.49925,0.5015,0.5025,0.5,-0.00224999999999992,0.001,-0.00149999999999995
"lm","Linear regression",1,100,0.00928317766722556,2000,400,0.006,0.0025,0.0105,0.005,0.0125,0.0075,0,0,0.50175,0.50275,0.5025,0.5,-0.001,-0.000250000000000083,-0.00275000000000003
"lm","Linear regression",1,100,0.0119896850063788,2000,400,0.006,0,0.0105,0.0025,0.0125,0.0025,0,0,0.503,0.504,0.505,0.5,-0.001,0.001,-0.004
"lm","Linear regression",1,100,0.0154852736536225,2000,400,0.006,0.0025,0.0105,0.005,0.0125,0.005,0,0,0.50175,0.50275,0.50375,0.5,-0.001,0.001,-0.00275000000000003
"lm","Linear regression",1,100,0.02,2000,400,0.006,0.0075,0.0105,0.0125,0.0125,0.02,0,0,0.49925,0.499,0.49625,0.5,0.000250000000000028,-0.00275000000000003,0.001
"lm","Linear regression",1,100,0.025,2000,400,0.006,0.0075,0.0105,0.0225,0.0125,0.0225,0,0,0.49925,0.494,0.495,0.5,0.00525000000000003,0.001,0.006
"lm","Linear regression",1,100,0.0666666666666667,2000,400,0.006,0.0325,0.0105,0.0475,0.0125,0.05,0.011,0.0475,0.48675,0.4815,0.48125,0.48175,0.00525000000000003,-0.000250000000000028,0.000249999999999972
"lm","Linear regression",1,100,0.108333333333333,2000,400,0.006,0.0425,0.0105,0.06,0.0125,0.065,0.0345,0.155,0.48175,0.47525,0.47375,0.43975,0.00650000000000006,-0.00149999999999995,-0.0355
"lm","Linear regression",1,100,0.15,2000,400,0.006,0.105,0.0105,0.1325,0.0125,0.1425,0.0445,0.29,0.4505,0.439,0.435,0.37725,0.0115000000000001,-0.00399999999999995,-0.06175
"lm","Linear regression",1,100,0.191666666666667,2000,400,0.006,0.1625,0.0105,0.225,0.0125,0.2425,0.04,0.425,0.42175,0.39275,0.385,0.3075,0.029,-0.00774999999999998,-0.08525
"lm","Linear regression",1,100,0.233333333333333,2000,400,0.006,0.3075,0.0105,0.3725,0.0125,0.385,0.036,0.6,0.34925,0.319,0.31375,0.218,0.0302500000000001,-0.00524999999999998,-0.101
"lm","Linear regression",1,100,0.275,2000,400,0.006,0.475,0.0105,0.5375,0.0125,0.555,0.0305,0.7275,0.2655,0.2365,0.22875,0.1515,0.029,-0.00775000000000003,-0.085
"lm","Linear regression",1,100,0.316666666666667,2000,400,0.006,0.585,0.0105,0.6625,0.0125,0.675,0.026,0.7725,0.2105,0.174,0.16875,0.12675,0.0365,-0.00525000000000003,-0.04725
"lm","Linear regression",1,100,0.358333333333333,2000,400,0.006,0.75,0.0105,0.81,0.0125,0.8225,0.0205,0.88,0.128,0.10025,0.095,0.07025,0.0277500000000001,-0.00524999999999998,-0.03
"lm","Linear regression",1,100,0.4,2000,400,0.006,0.885,0.0105,0.9275,0.0125,0.9275,0.0185,0.955,0.0605,0.0415,0.0425,0.03175,0.019,0.001,-0.00974999999999998
"lm","Linear regression",1,100,0.441666666666667,2000,400,0.006,0.905,0.0105,0.9325,0.0125,0.945,0.016,0.9575,0.0505,0.039,0.03375,0.02925,0.0115,-0.00524999999999998,-0.00974999999999998
"lm","Linear regression",1,100,0.483333333333333,2000,400,0.006,0.9475,0.0105,0.96,0.0125,0.96,0.0145,0.965,0.02925,0.02525,0.02625,0.02475,0.004,0.001,-5e-04
"lm","Linear regression",1,100,0.525,2000,400,0.006,0.9975,0.0105,1,0.0125,1,0.0125,1,0.00424999999999998,0.00524999999999998,0.00624999999999998,0.00624999999999998,-0.001,0.001,0.001
"lm","Linear regression",1,100,0.566666666666667,2000,400,0.006,0.99,0.0105,0.9925,0.0125,0.9925,0.01,0.9925,0.00800000000000001,0.00899999999999995,0.00999999999999995,0.00874999999999998,-0.000999999999999945,0.001,-0.000249999999999972
"lm","Linear regression",1,100,0.608333333333333,2000,400,0.006,1,0.0105,1,0.0125,1,0.0085,1,0.003,0.00524999999999998,0.00624999999999998,0.00424999999999998,-0.00224999999999997,0.001,-0.001
"lm","Linear regression",1,100,0.65,2000,400,0.006,1,0.0105,1,0.0125,1,0.0075,1,0.003,0.00524999999999998,0.00624999999999998,0.00375000000000003,-0.00224999999999997,0.001,-0.00149999999999995
"lm","Linear regression",1,100,0.691666666666667,2000,400,0.006,1,0.0105,1,0.0125,1,0.0065,1,0.003,0.00524999999999998,0.00624999999999998,0.00324999999999998,-0.00224999999999997,0.001,-0.002
"lm","Linear regression",1,100,0.733333333333333,2000,400,0.006,1,0.0105,1,0.0125,1,0.006,1,0.003,0.00524999999999998,0.00624999999999998,0.003,-0.00224999999999997,0.001,-0.00224999999999997
"lm","Linear regression",1,100,0.775,2000,400,0.006,1,0.0105,1,0.0125,1,0.0055,1,0.003,0.00524999999999998,0.00624999999999998,0.00275000000000003,-0.00224999999999997,0.001,-0.00249999999999995
"lm","Linear regression",1,100,0.816666666666667,2000,400,0.006,1,0.0105,1,0.0125,1,0.005,1,0.003,0.00524999999999998,0.00624999999999998,0.00249999999999995,-0.00224999999999997,0.001,-0.00275000000000003
"lm","Linear regression",1,100,0.858333333333333,2000,400,0.006,1,0.0105,1,0.0125,1,0.004,1,0.003,0.00524999999999998,0.00624999999999998,0.002,-0.00224999999999997,0.001,-0.00324999999999998
"lm","Linear regression",1,100,0.9,2000,400,0.006,1,0.0105,1,0.0125,1,0.004,1,0.003,0.00524999999999998,0.00624999999999998,0.002,-0.00224999999999997,0.001,-0.00324999999999998
"lm","Linear regression",1,122,0.002,2000,400,0.0045,0.005,0.0085,0.0075,0.0085,0.01,0,0,0.49975,0.5005,0.49925,0.5,-0.000749999999999973,-0.00124999999999997,-0.000499999999999945
"lm","Linear regression",1,122,0.00258309933002977,2000,400,0.0045,0,0.0085,0.005,0.0085,0.005,0,0,0.50225,0.50175,0.50175,0.5,0.000499999999999945,0,-0.00175000000000003
"lm","Linear regression",1,122,0.00333620107440012,2000,400,0.0045,0.0025,0.0085,0.0075,0.0085,0.0075,0,0,0.501,0.5005,0.5005,0.5,0.000500000000000056,0,-0.000499999999999945
"lm","Linear regression",1,122,0.00430886938006377,2000,400,0.0045,0.0075,0.0085,0.01,0.0085,0.01,0,0,0.4985,0.49925,0.49925,0.5,-0.000749999999999973,0,0.000750000000000028
"lm","Linear regression",1,122,0.00556511880441425,2000,400,0.0045,0.005,0.0085,0.005,0.0085,0.0075,0,0,0.49975,0.50175,0.5005,0.5,-0.00200000000000006,-0.00125000000000008,-0.00175000000000003
"lm","Linear regression",1,122,0.00718762732760925,2000,400,0.0045,0.0025,0.0085,0.005,0.0085,0.005,0,0,0.501,0.50175,0.50175,0.5,-0.000750000000000028,0,-0.00175000000000003
"lm","Linear regression",1,122,0.00928317766722556,2000,400,0.0045,0.0025,0.0085,0.0025,0.0085,0.005,0,0,0.501,0.503,0.50175,0.5,-0.002,-0.00124999999999997,-0.003
"lm","Linear regression",1,122,0.0119896850063788,2000,400,0.0045,0.0075,0.0085,0.0125,0.0085,0.0125,0,0,0.4985,0.498,0.498,0.5,5e-04,0,0.002
"lm","Linear regression",1,122,0.0154852736536225,2000,400,0.0045,0.0025,0.0085,0.005,0.0085,0.005,0,0,0.501,0.50175,0.50175,0.5,-0.000750000000000028,0,-0.00175000000000003
"lm","Linear regression",1,122,0.02,2000,400,0.0045,0.0025,0.0085,0.0075,0.0085,0.01,0,0,0.501,0.5005,0.49925,0.5,0.000500000000000056,-0.00124999999999997,-0.000499999999999945
"lm","Linear regression",1,122,0.025,2000,400,0.0045,0.01,0.0085,0.0175,0.0085,0.0225,0,0,0.49725,0.4955,0.493,0.5,0.00174999999999997,-0.0025,0.0045
"lm","Linear regression",1,122,0.0666666666666667,2000,400,0.0045,0.0125,0.0085,0.0175,0.0085,0.02,0.0125,0.0275,0.496,0.4955,0.49425,0.4925,5e-04,-0.00125000000000003,-0.003
"lm","Linear regression",1,122,0.108333333333333,2000,400,0.0045,0.0625,0.0085,0.085,0.0085,0.095,0.039,0.185,0.471,0.46175,0.45675,0.427,0.00924999999999998,-0.005,-0.0347500000000001
"lm","Linear regression",1,122,0.15,2000,400,0.0045,0.135,0.0085,0.1575,0.0085,0.165,0.044,0.3525,0.43475,0.4255,0.42175,0.34575,0.00924999999999998,-0.00375000000000003,-0.07975
"lm","Linear regression",1,122,0.191666666666667,2000,400,0.0045,0.2225,0.0085,0.2525,0.0085,0.2575,0.039,0.435,0.391,0.378,0.3755,0.302,0.013,-0.00250000000000006,-0.0760000000000001
"lm","Linear regression",1,122,0.233333333333333,2000,400,0.0045,0.3975,0.0085,0.4575,0.0085,0.4675,0.033,0.625,0.3035,0.2755,0.2705,0.204,0.028,-0.005,-0.0715
"lm","Linear regression",1,122,0.275,2000,400,0.0045,0.58,0.0085,0.63,0.0085,0.6475,0.0265,0.755,0.21225,0.18925,0.1805,0.13575,0.023,-0.00874999999999998,-0.0535
"lm","Linear regression",1,122,0.316666666666667,2000,400,0.0045,0.725,0.0085,0.775,0.0085,0.7875,0.02,0.875,0.13975,0.11675,0.1105,0.0725,0.023,-0.00624999999999998,-0.04425
"lm","Linear regression",1,122,0.358333333333333,2000,400,0.0045,0.855,0.0085,0.8875,0.0085,0.8925,0.0145,0.94,0.07475,0.0605,0.058,0.03725,0.01425,-0.0025,-0.02325
"lm","Linear regression",1,122,0.4,2000,400,0.0045,0.9225,0.0085,0.94,0.0085,0.95,0.0125,0.97,0.041,0.03425,0.02925,0.02125,0.00674999999999998,-0.005,-0.013
"lm","Linear regression",1,122,0.441666666666667,2000,400,0.0045,0.9625,0.0085,0.9725,0.0085,0.9775,0.0105,0.98,0.021,0.018,0.0155,0.01525,0.003,-0.0025,-0.00274999999999997
"lm","Linear regression",1,122,0.483333333333333,2000,400,0.0045,0.9875,0.0085,0.9975,0.0085,0.9975,0.0085,0.9975,0.00849999999999995,0.00549999999999995,0.00549999999999995,0.00549999999999995,0.003,0,0
"lm","Linear regression",1,122,0.525,2000,400,0.0045,0.99,0.0085,0.9925,0.0085,0.9925,0.0085,0.9925,0.00724999999999998,0.00799999999999995,0.00799999999999995,0.00799999999999995,-0.000749999999999973,0,0
"lm","Linear regression",1,122,0.566666666666667,2000,400,0.0045,0.9975,0.0085,1,0.0085,1,0.007,0.9975,0.00349999999999995,0.00424999999999998,0.00424999999999998,0.00474999999999992,-0.000750000000000028,0,0.000499999999999945
"lm","Linear regression",1,122,0.608333333333333,2000,400,0.0045,0.9975,0.0085,0.9975,0.0085,0.9975,0.006,0.9975,0.00349999999999995,0.00549999999999995,0.00549999999999995,0.00424999999999998,-0.002,0,-0.00124999999999997
"lm","Linear regression",1,122,0.65,2000,400,0.0045,1,0.0085,1,0.0085,1,0.0045,1,0.00224999999999997,0.00424999999999998,0.00424999999999998,0.00224999999999997,-0.002,0,-0.002
"lm","Linear regression",1,122,0.691666666666667,2000,400,0.0045,1,0.0085,1,0.0085,1,0.0035,1,0.00224999999999997,0.00424999999999998,0.00424999999999998,0.00175000000000003,-0.002,0,-0.00249999999999995
"lm","Linear regression",1,122,0.733333333333333,2000,400,0.0045,1,0.0085,1,0.0085,1,0.0035,1,0.00224999999999997,0.00424999999999998,0.00424999999999998,0.00175000000000003,-0.002,0,-0.00249999999999995
"lm","Linear regression",1,122,0.775,2000,400,0.0045,1,0.0085,1,0.0085,1,0.0035,1,0.00224999999999997,0.00424999999999998,0.00424999999999998,0.00175000000000003,-0.002,0,-0.00249999999999995
"lm","Linear regression",1,122,0.816666666666667,2000,400,0.0045,1,0.0085,1,0.0085,1,0.003,1,0.00224999999999997,0.00424999999999998,0.00424999999999998,0.00149999999999995,-0.002,0,-0.00275000000000003
"lm","Linear regression",1,122,0.858333333333333,2000,400,0.0045,1,0.0085,1,0.0085,1,0.002,1,0.00224999999999997,0.00424999999999998,0.00424999999999998,0.001,-0.002,0,-0.00324999999999998
"lm","Linear regression",1,122,0.9,2000,400,0.0045,1,0.0085,1,0.0085,1,0.002,1,0.00224999999999997,0.00424999999999998,0.00424999999999998,0.001,-0.002,0,-0.00324999999999998
"lm","Linear regression",1,149,0.002,2000,400,0.008,0.005,0.011,0.005,0.011,0.005,0,0,0.5015,0.503,0.503,0.5,-0.00149999999999995,0,-0.003
"lm","Linear regression",1,149,0.00258309933002977,2000,400,0.008,0.0025,0.011,0.005,0.011,0.005,0,0,0.50275,0.503,0.503,0.5,-0.000249999999999972,0,-0.003
"lm","Linear regression",1,149,0.00333620107440012,2000,400,0.008,0.0025,0.011,0.0025,0.011,0.0025,0,0,0.50275,0.50425,0.50425,0.5,-0.00149999999999995,0,-0.00424999999999998
"lm","Linear regression",1,149,0.00430886938006377,2000,400,0.008,0.0075,0.011,0.01,0.011,0.01,0,0,0.50025,0.5005,0.5005,0.5,-0.000249999999999972,0,-0.000499999999999945
"lm","Linear regression",1,149,0.00556511880441425,2000,400,0.008,0.005,0.011,0.0075,0.011,0.0075,0,0,0.5015,0.50175,0.50175,0.5,-0.000249999999999861,0,-0.00174999999999992
"lm","Linear regression",1,149,0.00718762732760925,2000,400,0.008,0.0025,0.011,0.005,0.011,0.0075,0,0,0.50275,0.503,0.50175,0.5,-0.000249999999999972,-0.00125000000000008,-0.003
"lm","Linear regression",1,149,0.00928317766722556,2000,400,0.008,0.0075,0.011,0.01,0.011,0.01,0,0,0.50025,0.5005,0.5005,0.5,-0.000249999999999972,0,-0.000499999999999945
"lm","Linear regression",1,149,0.0119896850063788,2000,400,0.008,0.0025,0.011,0.0025,0.011,0.0025,0,0,0.50275,0.50425,0.50425,0.5,-0.00149999999999995,0,-0.00424999999999998
"lm","Linear regression",1,149,0.0154852736536225,2000,400,0.008,0.005,0.011,0.005,0.011,0.005,0,0,0.5015,0.503,0.503,0.5,-0.00149999999999995,0,-0.003
"lm","Linear regression",1,149,0.02,2000,400,0.008,0.01,0.011,0.01,0.011,0.015,0,0,0.499,0.5005,0.498,0.5,-0.00149999999999995,-0.0025,-0.000499999999999945
"lm","Linear regression",1,149,0.025,2000,400,0.008,0.005,0.011,0.0075,0.011,0.0075,0,0,0.5015,0.50175,0.50175,0.5,-0.000249999999999861,0,-0.00174999999999992
"lm","Linear regression",1,149,0.0666666666666667,2000,400,0.008,0.03,0.011,0.0375,0.011,0.0375,0.023,0.07,0.489,0.48675,0.48675,0.4765,0.00225000000000003,0,-0.01025
"lm","Linear regression",1,149,0.108333333333333,2000,400,0.008,0.075,0.011,0.09,0.011,0.0975,0.0455,0.25,0.4665,0.4605,0.45675,0.39775,0.00600000000000006,-0.00375000000000003,-0.0627499999999999
"lm","Linear regression",1,149,0.15,2000,400,0.008,0.155,0.011,0.18,0.011,0.1875,0.0455,0.4075,0.4265,0.4155,0.41175,0.319,0.011,-0.00375000000000003,-0.0964999999999999
"lm","Linear regression",1,149,0.191666666666667,2000,400,0.008,0.2775,0.011,0.3175,0.011,0.3325,0.038,0.6025,0.36525,0.34675,0.33925,0.21775,0.0185,-0.00750000000000001,-0.129
"lm","Linear regression",1,149,0.233333333333333,2000,400,0.008,0.495,0.011,0.5425,0.011,0.5525,0.032,0.72,0.2565,0.23425,0.22925,0.156,0.02225,-0.005,-0.0782499999999999
"lm","Linear regression",1,149,0.275,2000,400,0.008,0.7325,0.011,0.7725,0.011,0.785,0.0255,0.8825,0.13775,0.11925,0.113,0.0715000000000001,0.0185,-0.00625000000000003,-0.0477499999999999
"lm","Linear regression",1,149,0.316666666666667,2000,400,0.008,0.855,0.011,0.8825,0.011,0.8975,0.021,0.9425,0.0765,0.06425,0.05675,0.03925,0.01225,-0.00750000000000001,-0.025
"lm","Linear regression",1,149,0.358333333333333,2000,400,0.008,0.9275,0.011,0.94,0.011,0.9425,0.0165,0.96,0.04025,0.0355,0.03425,0.02825,0.00475000000000003,-0.00125000000000003,-0.00724999999999998
"lm","Linear regression",1,149,0.4,2000,400,0.008,0.9775,0.011,0.985,0.011,0.985,0.015,0.985,0.01525,0.013,0.013,0.015,0.00225000000000003,0,0.002
"lm","Linear regression",1,149,0.441666666666667,2000,400,0.008,0.9925,0.011,0.995,0.011,0.995,0.011,0.995,0.00774999999999998,0.00799999999999995,0.00799999999999995,0.00799999999999995,-0.000249999999999972,0,0
"lm","Linear regression",1,149,0.483333333333333,2000,400,0.008,1,0.011,1,0.011,1,0.011,1,0.004,0.00549999999999995,0.00549999999999995,0.00549999999999995,-0.00149999999999995,0,0
"lm","Linear regression",1,149,0.525,2000,400,0.008,1,0.011,1,0.011,1,0.01,1,0.004,0.00549999999999995,0.00549999999999995,0.005,-0.00149999999999995,0,-0.000499999999999945
"lm","Linear regression",1,149,0.566666666666667,2000,400,0.008,1,0.011,1,0.011,1,0.008,1,0.004,0.00549999999999995,0.00549999999999995,0.004,-0.00149999999999995,0,-0.00149999999999995
"lm","Linear regression",1,149,0.608333333333333,2000,400,0.008,1,0.011,1,0.011,1,0.008,1,0.004,0.00549999999999995,0.00549999999999995,0.004,-0.00149999999999995,0,-0.00149999999999995
"lm","Linear regression",1,149,0.65,2000,400,0.008,1,0.011,1,0.011,1,0.006,1,0.004,0.00549999999999995,0.00549999999999995,0.003,-0.00149999999999995,0,-0.00249999999999995
"lm","Linear regression",1,149,0.691666666666667,2000,400,0.008,1,0.011,1,0.011,1,0.005,1,0.004,0.00549999999999995,0.00549999999999995,0.00249999999999995,-0.00149999999999995,0,-0.003
"lm","Linear regression",1,149,0.733333333333333,2000,400,0.008,1,0.011,1,0.011,1,0.0045,1,0.004,0.00549999999999995,0.00549999999999995,0.00224999999999997,-0.00149999999999995,0,-0.00324999999999998
"lm","Linear regression",1,149,0.775,2000,400,0.008,1,0.011,1,0.011,1,0.0045,1,0.004,0.00549999999999995,0.00549999999999995,0.00224999999999997,-0.00149999999999995,0,-0.00324999999999998
"lm","Linear regression",1,149,0.816666666666667,2000,400,0.008,1,0.011,1,0.011,1,0.0045,1,0.004,0.00549999999999995,0.00549999999999995,0.00224999999999997,-0.00149999999999995,0,-0.00324999999999998
"lm","Linear regression",1,149,0.858333333333333,2000,400,0.008,1,0.011,1,0.011,1,0.0035,1,0.004,0.00549999999999995,0.00549999999999995,0.00175000000000003,-0.00149999999999995,0,-0.00374999999999992
"lm","Linear regression",1,149,0.9,2000,400,0.008,1,0.011,1,0.011,1,0.0025,1,0.004,0.00549999999999995,0.00549999999999995,0.00124999999999997,-0.00149999999999995,0,-0.00424999999999998
"lm","Linear regression",1,182,0.002,2000,400,0.004,0.0025,0.0055,0.0025,0.0055,0.0025,0,0,0.50075,0.5015,0.5015,0.5,-0.000750000000000028,0,-0.00150000000000006
"lm","Linear regression",1,182,0.00258309933002977,2000,400,0.004,0,0.0055,0,0.0055,0,0,0,0.502,0.50275,0.50275,0.5,-0.000750000000000028,0,-0.00275000000000003
"lm","Linear regression",1,182,0.00333620107440012,2000,400,0.004,0.0125,0.0055,0.0125,0.0055,0.0125,0,0,0.49575,0.4965,0.4965,0.5,-0.000750000000000028,0,0.00349999999999995
"lm","Linear regression",1,182,0.00430886938006377,2000,400,0.004,0.005,0.0055,0.005,0.0055,0.005,0,0,0.4995,0.50025,0.50025,0.5,-0.000750000000000084,0,-0.000250000000000083
"lm","Linear regression",1,182,0.00556511880441425,2000,400,0.004,0.0125,0.0055,0.015,0.0055,0.015,0,0,0.49575,0.49525,0.49525,0.5,5e-04,0,0.00474999999999998
"lm","Linear regression",1,182,0.00718762732760925,2000,400,0.004,0.005,0.0055,0.0075,0.0055,0.0075,0,0,0.4995,0.499,0.499,0.5,0.000499999999999945,0,0.000999999999999945
"lm","Linear regression",1,182,0.00928317766722556,2000,400,0.004,0.0125,0.0055,0.0125,0.0055,0.015,0,0,0.49575,0.4965,0.49525,0.5,-0.000750000000000028,-0.00125000000000003,0.00349999999999995
"lm","Linear regression",1,182,0.0119896850063788,2000,400,0.004,0.01,0.0055,0.01,0.0055,0.01,0,0,0.497,0.49775,0.49775,0.5,-0.000750000000000028,0,0.00224999999999997
"lm","Linear regression",1,182,0.0154852736536225,2000,400,0.004,0.0075,0.0055,0.0075,0.0055,0.0075,0,0,0.49825,0.499,0.499,0.5,-0.000750000000000028,0,0.000999999999999945
"lm","Linear regression",1,182,0.02,2000,400,0.004,0.005,0.0055,0.01,0.0055,0.01,0,0,0.4995,0.49775,0.49775,0.5,0.00174999999999997,0,0.00224999999999997
"lm","Linear regression",1,182,0.025,2000,400,0.004,0.0075,0.0055,0.0075,0.0055,0.0075,0,0,0.49825,0.499,0.499,0.5,-0.000750000000000028,0,0.000999999999999945
"lm","Linear regression",1,182,0.0666666666666667,2000,400,0.004,0.025,0.0055,0.0325,0.0055,0.0375,0.019,0.09,0.4895,0.4865,0.484,0.4645,0.00299999999999995,-0.0025,-0.0220000000000001
"lm","Linear regression",1,182,0.108333333333333,2000,400,0.004,0.1025,0.0055,0.13,0.0055,0.1325,0.0375,0.305,0.45075,0.43775,0.4365,0.36625,0.013,-0.00125000000000003,-0.0715
"lm","Linear regression",1,182,0.15,2000,400,0.004,0.215,0.0055,0.235,0.0055,0.2425,0.0345,0.5,0.3945,0.38525,0.3815,0.26725,0.00924999999999998,-0.00374999999999998,-0.118
"lm","Linear regression",1,182,0.191666666666667,2000,400,0.004,0.375,0.0055,0.41,0.0055,0.42,0.0255,0.665,0.3145,0.29775,0.29275,0.18025,0.0167499999999999,-0.005,-0.1175
"lm","Linear regression",1,182,0.233333333333333,2000,400,0.004,0.5725,0.0055,0.6,0.0055,0.6225,0.018,0.795,0.21575,0.20275,0.1915,0.1115,0.013,-0.01125,-0.09125
"lm","Linear regression",1,182,0.275,2000,400,0.004,0.7825,0.0055,0.79,0.0055,0.795,0.0155,0.875,0.11075,0.10775,0.10525,0.07025,0.003,-0.0025,-0.0375
"lm","Linear regression",1,182,0.316666666666667,2000,400,0.004,0.9275,0.0055,0.935,0.0055,0.935,0.0115,0.965,0.03825,0.03525,0.03525,0.02325,0.003,0,-0.012
"lm","Linear regression",1,182,0.358333333333333,2000,400,0.004,0.9775,0.0055,0.985,0.0055,0.985,0.0095,0.9925,0.01325,0.01025,0.01025,0.00850000000000001,0.00299999999999995,0,-0.00175000000000003
"lm","Linear regression",1,182,0.4,2000,400,0.004,0.995,0.0055,0.995,0.0055,0.9975,0.0085,0.9975,0.0045,0.00525000000000003,0.004,0.00549999999999995,-0.000750000000000028,-0.00125000000000003,0.000249999999999917
"lm","Linear regression",1,182,0.441666666666667,2000,400,0.004,0.9975,0.0055,0.9975,0.0055,0.9975,0.0055,0.9975,0.00324999999999998,0.004,0.004,0.004,-0.000750000000000028,0,0
"lm","Linear regression",1,182,0.483333333333333,2000,400,0.004,0.9975,0.0055,1,0.0055,1,0.0055,0.9975,0.00324999999999998,0.00275000000000003,0.00275000000000003,0.004,0.000499999999999945,0,0.00124999999999997
"lm","Linear regression",1,182,0.525,2000,400,0.004,1,0.0055,1,0.0055,1,0.004,1,0.002,0.00275000000000003,0.00275000000000003,0.002,-0.000750000000000028,0,-0.000750000000000028
"lm","Linear regression",1,182,0.566666666666667,2000,400,0.004,1,0.0055,1,0.0055,1,0.004,1,0.002,0.00275000000000003,0.00275000000000003,0.002,-0.000750000000000028,0,-0.000750000000000028
"lm","Linear regression",1,182,0.608333333333333,2000,400,0.004,1,0.0055,1,0.0055,1,0.0035,1,0.002,0.00275000000000003,0.00275000000000003,0.00175000000000003,-0.000750000000000028,0,-0.001
"lm","Linear regression",1,182,0.65,2000,400,0.004,1,0.0055,1,0.0055,1,0.0035,1,0.002,0.00275000000000003,0.00275000000000003,0.00175000000000003,-0.000750000000000028,0,-0.001
"lm","Linear regression",1,182,0.691666666666667,2000,400,0.004,1,0.0055,1,0.0055,1,0.0025,1,0.002,0.00275000000000003,0.00275000000000003,0.00124999999999997,-0.000750000000000028,0,-0.00150000000000006
"lm","Linear regression",1,182,0.733333333333333,2000,400,0.004,1,0.0055,1,0.0055,1,0.002,1,0.002,0.00275000000000003,0.00275000000000003,0.001,-0.000750000000000028,0,-0.00175000000000003
"lm","Linear regression",1,182,0.775,2000,400,0.004,1,0.0055,1,0.0055,1,0.0015,1,0.002,0.00275000000000003,0.00275000000000003,0.000750000000000028,-0.000750000000000028,0,-0.002
"lm","Linear regression",1,182,0.816666666666667,2000,400,0.004,1,0.0055,1,0.0055,1,0.0015,1,0.002,0.00275000000000003,0.00275000000000003,0.000750000000000028,-0.000750000000000028,0,-0.002
"lm","Linear regression",1,182,0.858333333333333,2000,400,0.004,1,0.0055,1,0.0055,1,0.0015,1,0.002,0.00275000000000003,0.00275000000000003,0.000750000000000028,-0.000750000000000028,0,-0.002
"lm","Linear regression",1,182,0.9,2000,400,0.004,1,0.0055,1,0.0055,1,0.0015,1,0.002,0.00275000000000003,0.00275000000000003,0.000750000000000028,-0.000750000000000028,0,-0.002
"lm","Linear regression",1,223,0.002,2000,400,0.004,0.005,0.004,0.0075,0.004,0.0075,0,0,0.4995,0.49825,0.49825,0.5,0.00124999999999997,0,0.00174999999999997
"lm","Linear regression",1,223,0.00258309933002977,2000,400,0.004,0.005,0.004,0.0075,0.004,0.0075,0,0,0.4995,0.49825,0.49825,0.5,0.00124999999999997,0,0.00174999999999997
"lm","Linear regression",1,223,0.00333620107440012,2000,400,0.004,0.0075,0.004,0.0075,0.004,0.0075,0,0,0.49825,0.49825,0.49825,0.5,0,0,0.00174999999999997
"lm","Linear regression",1,223,0.00430886938006377,2000,400,0.004,0.01,0.004,0.01,0.004,0.0125,0,0,0.497,0.497,0.49575,0.5,0,-0.00124999999999997,0.003
"lm","Linear regression",1,223,0.00556511880441425,2000,400,0.004,0.0025,0.004,0.0025,0.004,0.0025,0,0,0.50075,0.50075,0.50075,0.5,0,0,-0.000750000000000028
"lm","Linear regression",1,223,0.00718762732760925,2000,400,0.004,0.005,0.004,0.005,0.004,0.005,0,0,0.4995,0.4995,0.4995,0.5,0,0,5e-04
"lm","Linear regression",1,223,0.00928317766722556,2000,400,0.004,0.01,0.004,0.01,0.004,0.01,0,0,0.497,0.497,0.497,0.5,0,0,0.003
"lm","Linear regression",1,223,0.0119896850063788,2000,400,0.004,0.0025,0.004,0.0025,0.004,0.0025,0,0,0.50075,0.50075,0.50075,0.5,0,0,-0.000750000000000028
"lm","Linear regression",1,223,0.0154852736536225,2000,400,0.004,0.005,0.004,0.005,0.004,0.005,0,0,0.4995,0.4995,0.4995,0.5,0,0,5e-04
"lm","Linear regression",1,223,0.02,2000,400,0.004,0,0.004,0,0.004,0,0,0,0.502,0.502,0.502,0.5,0,0,-0.002
"lm","Linear regression",1,223,0.025,2000,400,0.004,0.005,0.004,0.0075,0.004,0.0075,0,0,0.4995,0.49825,0.49825,0.5,0.00124999999999997,0,0.00174999999999997
"lm","Linear regression",1,223,0.0666666666666667,2000,400,0.004,0.0275,0.004,0.03,0.004,0.0325,0.0335,0.105,0.48825,0.487,0.48575,0.46425,0.00125000000000003,-0.00124999999999997,-0.0227499999999999
"lm","Linear regression",1,223,0.108333333333333,2000,400,0.004,0.1275,0.004,0.1375,0.004,0.14,0.0475,0.385,0.43825,0.43325,0.432,0.33125,0.005,-0.00125000000000003,-0.102
"lm","Linear regression",1,223,0.15,2000,400,0.004,0.305,0.004,0.3125,0.004,0.315,0.04,0.56,0.3495,0.34575,0.3445,0.24,0.00375000000000003,-0.00124999999999997,-0.10575
"lm","Linear regression",1,223,0.191666666666667,2000,400,0.004,0.5275,0.004,0.5475,0.004,0.5525,0.0325,0.7425,0.23825,0.22825,0.22575,0.145,0.01,-0.0025,-0.08325
"lm","Linear regression",1,223,0.233333333333333,2000,400,0.004,0.74,0.004,0.7475,0.004,0.75,0.0245,0.87,0.132,0.12825,0.127,0.07725,0.00375000000000003,-0.00124999999999997,-0.051
"lm","Linear regression",1,223,0.275,2000,400,0.004,0.8525,0.004,0.87,0.004,0.875,0.017,0.925,0.07575,0.067,0.0645,0.0459999999999999,0.00874999999999998,-0.0025,-0.0210000000000001
"lm","Linear regression",1,223,0.316666666666667,2000,400,0.004,0.9725,0.004,0.9775,0.004,0.9825,0.013,0.9925,0.01575,0.01325,0.01075,0.0102499999999999,0.0025,-0.0025,-0.00300000000000006
"lm","Linear regression",1,223,0.358333333333333,2000,400,0.004,0.99,0.004,0.995,0.004,0.995,0.009,0.9975,0.00700000000000001,0.0045,0.0045,0.00574999999999992,0.0025,0,0.00124999999999992
"lm","Linear regression",1,223,0.4,2000,400,0.004,1,0.004,1,0.004,1,0.007,1,0.002,0.002,0.002,0.00349999999999995,0,0,0.00149999999999995
"lm","Linear regression",1,223,0.441666666666667,2000,400,0.004,1,0.004,1,0.004,1,0.004,1,0.002,0.002,0.002,0.002,0,0,0
"lm","Linear regression",1,223,0.483333333333333,2000,400,0.004,1,0.004,1,0.004,1,0.004,1,0.002,0.002,0.002,0.002,0,0,0
"lm","Linear regression",1,223,0.525,2000,400,0.004,1,0.004,1,0.004,1,0.004,1,0.002,0.002,0.002,0.002,0,0,0
"lm","Linear regression",1,223,0.566666666666667,2000,400,0.004,1,0.004,1,0.004,1,0.0035,1,0.002,0.002,0.002,0.00175000000000003,0,0,-0.000249999999999972
"lm","Linear regression",1,223,0.608333333333333,2000,400,0.004,1,0.004,1,0.004,1,0.0035,1,0.002,0.002,0.002,0.00175000000000003,0,0,-0.000249999999999972
"lm","Linear regression",1,223,0.65,2000,400,0.004,1,0.004,1,0.004,1,0.0035,1,0.002,0.002,0.002,0.00175000000000003,0,0,-0.000249999999999972
"lm","Linear regression",1,223,0.691666666666667,2000,400,0.004,1,0.004,1,0.004,1,0.003,1,0.002,0.002,0.002,0.00149999999999995,0,0,-0.000500000000000056
"lm","Linear regression",1,223,0.733333333333333,2000,400,0.004,1,0.004,1,0.004,1,0.0025,1,0.002,0.002,0.002,0.00124999999999997,0,0,-0.000750000000000028
"lm","Linear regression",1,223,0.775,2000,400,0.004,1,0.004,1,0.004,1,0.0025,1,0.002,0.002,0.002,0.00124999999999997,0,0,-0.000750000000000028
"lm","Linear regression",1,223,0.816666666666667,2000,400,0.004,1,0.004,1,0.004,1,0.0025,1,0.002,0.002,0.002,0.00124999999999997,0,0,-0.000750000000000028
"lm","Linear regression",1,223,0.858333333333333,2000,400,0.004,1,0.004,1,0.004,1,0.0025,1,0.002,0.002,0.002,0.00124999999999997,0,0,-0.000750000000000028
"lm","Linear regression",1,223,0.9,2000,400,0.004,1,0.004,1,0.004,1,0.0025,1,0.002,0.002,0.002,0.00124999999999997,0,0,-0.000750000000000028
"lm","Linear regression",1,272,0.002,2000,400,0.008,0.0075,0.008,0.0075,0.008,0.0075,0,0,0.50025,0.50025,0.50025,0.5,0,0,-0.000249999999999972
"lm","Linear regression",1,272,0.00258309933002977,2000,400,0.008,0,0.008,0,0.008,0,0,0,0.504,0.504,0.504,0.5,0,0,-0.004
"lm","Linear regression",1,272,0.00333620107440012,2000,400,0.008,0.0075,0.008,0.0075,0.008,0.0075,0,0,0.50025,0.50025,0.50025,0.5,0,0,-0.000249999999999972
"lm","Linear regression",1,272,0.00430886938006377,2000,400,0.008,0.0025,0.008,0.0025,0.008,0.0025,0,0,0.50275,0.50275,0.50275,0.5,0,0,-0.00275000000000003
"lm","Linear regression",1,272,0.00556511880441425,2000,400,0.008,0.0075,0.008,0.0075,0.008,0.0075,0,0,0.50025,0.50025,0.50025,0.5,0,0,-0.000249999999999972
"lm","Linear regression",1,272,0.00718762732760925,2000,400,0.008,0.0025,0.008,0.0025,0.008,0.0025,0,0,0.50275,0.50275,0.50275,0.5,0,0,-0.00275000000000003
"lm","Linear regression",1,272,0.00928317766722556,2000,400,0.008,0.0025,0.008,0.0025,0.008,0.0025,0,0,0.50275,0.50275,0.50275,0.5,0,0,-0.00275000000000003
"lm","Linear regression",1,272,0.0119896850063788,2000,400,0.008,0.0025,0.008,0.0025,0.008,0.0025,0,0,0.50275,0.50275,0.50275,0.5,0,0,-0.00275000000000003
"lm","Linear regression",1,272,0.0154852736536225,2000,400,0.008,0,0.008,0,0.008,0,0,0,0.504,0.504,0.504,0.5,0,0,-0.004
"lm","Linear regression",1,272,0.02,2000,400,0.008,0.01,0.008,0.01,0.008,0.0125,0,0,0.499,0.499,0.49775,0.5,0,-0.00124999999999997,0.001
"lm","Linear regression",1,272,0.025,2000,400,0.008,0.0125,0.008,0.0125,0.008,0.0125,5e-04,0,0.49775,0.49775,0.49775,0.50025,0,0,0.00249999999999995
"lm","Linear regression",1,272,0.0666666666666667,2000,400,0.008,0.0475,0.008,0.0475,0.008,0.05,0.037,0.1425,0.48025,0.48025,0.479,0.44725,0,-0.00125000000000003,-0.033
"lm","Linear regression",1,272,0.108333333333333,2000,400,0.008,0.1575,0.008,0.1575,0.008,0.1625,0.045,0.405,0.42525,0.42525,0.42275,0.32,0,-0.0025,-0.10525
"lm","Linear regression",1,272,0.15,2000,400,0.008,0.355,0.008,0.355,0.008,0.365,0.034,0.605,0.3265,0.3265,0.3215,0.2145,0,-0.005,-0.112
"lm","Linear regression",1,272,0.191666666666667,2000,400,0.008,0.6275,0.008,0.635,0.008,0.6425,0.0225,0.8175,0.19025,0.1865,0.18275,0.1025,0.00375000000000003,-0.00374999999999998,-0.084
"lm","Linear regression",1,272,0.233333333333333,2000,400,0.008,0.835,0.008,0.835,0.008,0.84,0.017,0.9075,0.0865,0.0865,0.084,0.05475,0,-0.0025,-0.0317500000000001
"lm","Linear regression",1,272,0.275,2000,400,0.008,0.955,0.008,0.955,0.008,0.955,0.013,0.9725,0.0265,0.0265,0.0265,0.0202499999999999,0,0,-0.00625000000000009
"lm","Linear regression",1,272,0.316666666666667,2000,400,0.008,0.9875,0.008,0.9875,0.008,0.9875,0.0105,0.9975,0.01025,0.01025,0.01025,0.00649999999999995,0,0,-0.00375000000000003
"lm","Linear regression",1,272,0.358333333333333,2000,400,0.008,0.9975,0.008,0.9975,0.008,0.9975,0.009,0.9975,0.00524999999999998,0.00524999999999998,0.00524999999999998,0.00574999999999992,0,0,0.000499999999999945
"lm","Linear regression",1,272,0.4,2000,400,0.008,0.9975,0.008,0.9975,0.008,0.9975,0.009,0.9975,0.00524999999999998,0.00524999999999998,0.00524999999999998,0.00574999999999992,0,0,0.000499999999999945
"lm","Linear regression",1,272,0.441666666666667,2000,400,0.008,1,0.008,1,0.008,1,0.007,1,0.004,0.004,0.004,0.00349999999999995,0,0,-0.000500000000000056
"lm","Linear regression",1,272,0.483333333333333,2000,400,0.008,1,0.008,1,0.008,1,0.0055,1,0.004,0.004,0.004,0.00275000000000003,0,0,-0.00124999999999997
"lm","Linear regression",1,272,0.525,2000,400,0.008,1,0.008,1,0.008,1,0.0045,1,0.004,0.004,0.004,0.00224999999999997,0,0,-0.00175000000000003
"lm","Linear regression",1,272,0.566666666666667,2000,400,0.008,1,0.008,1,0.008,1,0.0035,1,0.004,0.004,0.004,0.00175000000000003,0,0,-0.00224999999999997
"lm","Linear regression",1,272,0.608333333333333,2000,400,0.008,1,0.008,1,0.008,1,0.002,1,0.004,0.004,0.004,0.001,0,0,-0.003
"lm","Linear regression",1,272,0.65,2000,400,0.008,1,0.008,1,0.008,1,0.002,1,0.004,0.004,0.004,0.001,0,0,-0.003
"lm","Linear regression",1,272,0.691666666666667,2000,400,0.008,1,0.008,1,0.008,1,0.002,1,0.004,0.004,0.004,0.001,0,0,-0.003
"lm","Linear regression",1,272,0.733333333333333,2000,400,0.008,1,0.008,1,0.008,1,0.002,1,0.004,0.004,0.004,0.001,0,0,-0.003
"lm","Linear regression",1,272,0.775,2000,400,0.008,1,0.008,1,0.008,1,0.002,1,0.004,0.004,0.004,0.001,0,0,-0.003
"lm","Linear regression",1,272,0.816666666666667,2000,400,0.008,1,0.008,1,0.008,1,0.0015,1,0.004,0.004,0.004,0.000750000000000028,0,0,-0.00324999999999998
"lm","Linear regression",1,272,0.858333333333333,2000,400,0.008,1,0.008,1,0.008,1,0.0015,1,0.004,0.004,0.004,0.000750000000000028,0,0,-0.00324999999999998
"lm","Linear regression",1,272,0.9,2000,400,0.008,1,0.008,1,0.008,1,0.001,1,0.004,0.004,0.004,0.000499999999999945,0,0,-0.00350000000000006
"lm","Linear regression",1,332,0.002,2000,400,0.0055,0,0.005,0,0.005,0,0,0,0.50275,0.5025,0.5025,0.5,0.000250000000000083,0,-0.00249999999999995
"lm","Linear regression",1,332,0.00258309933002977,2000,400,0.0055,0.0075,0.005,0.0075,0.005,0.0075,0,0,0.499,0.49875,0.49875,0.5,0.000250000000000083,0,0.00125000000000003
"lm","Linear regression",1,332,0.00333620107440012,2000,400,0.0055,0.0075,0.005,0.0075,0.005,0.0075,0,0,0.499,0.49875,0.49875,0.5,0.000250000000000083,0,0.00125000000000003
"lm","Linear regression",1,332,0.00430886938006377,2000,400,0.0055,0.01,0.005,0.01,0.005,0.01,0,0,0.49775,0.4975,0.4975,0.5,0.000250000000000083,0,0.00250000000000006
"lm","Linear regression",1,332,0.00556511880441425,2000,400,0.0055,0.005,0.005,0.005,0.005,0.005,0,0,0.50025,0.5,0.5,0.5,0.000250000000000139,0,5.55111512312578e-17
"lm","Linear regression",1,332,0.00718762732760925,2000,400,0.0055,0.0075,0.005,0.0075,0.005,0.0075,0,0,0.499,0.49875,0.49875,0.5,0.000250000000000083,0,0.00125000000000003
"lm","Linear regression",1,332,0.00928317766722556,2000,400,0.0055,0.01,0.005,0.01,0.005,0.01,0,0,0.49775,0.4975,0.4975,0.5,0.000250000000000083,0,0.00250000000000006
"lm","Linear regression",1,332,0.0119896850063788,2000,400,0.0055,0,0.005,0,0.005,0,0,0,0.50275,0.5025,0.5025,0.5,0.000250000000000083,0,-0.00249999999999995
"lm","Linear regression",1,332,0.0154852736536225,2000,400,0.0055,0.005,0.005,0.005,0.005,0.005,0,0,0.50025,0.5,0.5,0.5,0.000250000000000139,0,5.55111512312578e-17
"lm","Linear regression",1,332,0.02,2000,400,0.0055,0.0025,0.005,0.0025,0.005,0.0025,0,0,0.5015,0.50125,0.50125,0.5,0.000250000000000083,0,-0.00124999999999997
"lm","Linear regression",1,332,0.025,2000,400,0.0055,0.0125,0.005,0.01,0.005,0.01,5e-04,0,0.4965,0.4975,0.4975,0.50025,-0.00099999999999989,0,0.00275000000000003
"lm","Linear regression",1,332,0.0666666666666667,2000,400,0.0055,0.055,0.005,0.0525,0.005,0.0525,0.0445,0.205,0.47525,0.47625,0.47625,0.41975,-0.000999999999999945,0,-0.0564999999999999
"lm","Linear regression",1,332,0.108333333333333,2000,400,0.0055,0.2,0.005,0.1925,0.005,0.1925,0.045,0.49,0.40275,0.40625,0.40625,0.2775,-0.00349999999999989,0,-0.12875
"lm","Linear regression",1,332,0.15,2000,400,0.0055,0.455,0.005,0.4425,0.005,0.45,0.0355,0.72,0.27525,0.28125,0.2775,0.15775,-0.00599999999999995,-0.00374999999999998,-0.1235
"lm","Linear regression",1,332,0.191666666666667,2000,400,0.0055,0.7475,0.005,0.7425,0.005,0.7475,0.0275,0.885,0.129,0.13125,0.12875,0.07125,-0.00224999999999992,-0.0025,-0.0599999999999999
"lm","Linear regression",1,332,0.233333333333333,2000,400,0.0055,0.9175,0.005,0.915,0.005,0.9175,0.0185,0.965,0.044,0.0449999999999999,0.04375,0.02675,-0.00099999999999989,-0.00124999999999997,-0.0182499999999999
"lm","Linear regression",1,332,0.275,2000,400,0.0055,0.9825,0.005,0.9775,0.005,0.98,0.013,0.9875,0.0115,0.0137499999999999,0.0125,0.0127499999999999,-0.00224999999999992,-0.00124999999999997,-0.001
"lm","Linear regression",1,332,0.316666666666667,2000,400,0.0055,0.995,0.005,0.995,0.005,0.995,0.008,0.9975,0.00525000000000003,0.00499999999999995,0.00499999999999995,0.00524999999999998,0.000250000000000083,0,0.000250000000000028
"lm","Linear regression",1,332,0.358333333333333,2000,400,0.0055,1,0.005,1,0.005,1,0.006,1,0.00275000000000003,0.00249999999999995,0.00249999999999995,0.003,0.000250000000000083,0,0.000500000000000056
"lm","Linear regression",1,332,0.4,2000,400,0.0055,1,0.005,1,0.005,1,0.005,1,0.00275000000000003,0.00249999999999995,0.00249999999999995,0.00249999999999995,0.000250000000000083,0,0
"lm","Linear regression",1,332,0.441666666666667,2000,400,0.0055,1,0.005,1,0.005,1,0.0025,1,0.00275000000000003,0.00249999999999995,0.00249999999999995,0.00124999999999997,0.000250000000000083,0,-0.00124999999999997
"lm","Linear regression",1,332,0.483333333333333,2000,400,0.0055,1,0.005,1,0.005,1,0.002,1,0.00275000000000003,0.00249999999999995,0.00249999999999995,0.001,0.000250000000000083,0,-0.00149999999999995
"lm","Linear regression",1,332,0.525,2000,400,0.0055,1,0.005,1,0.005,1,0.002,1,0.00275000000000003,0.00249999999999995,0.00249999999999995,0.001,0.000250000000000083,0,-0.00149999999999995
"lm","Linear regression",1,332,0.566666666666667,2000,400,0.0055,1,0.005,1,0.005,1,0.001,1,0.00275000000000003,0.00249999999999995,0.00249999999999995,0.000499999999999945,0.000250000000000083,0,-0.002
"lm","Linear regression",1,332,0.608333333333333,2000,400,0.0055,1,0.005,1,0.005,1,0.001,1,0.00275000000000003,0.00249999999999995,0.00249999999999995,0.000499999999999945,0.000250000000000083,0,-0.002
"lm","Linear regression",1,332,0.65,2000,400,0.0055,1,0.005,1,0.005,1,5e-04,1,0.00275000000000003,0.00249999999999995,0.00249999999999995,0.000249999999999972,0.000250000000000083,0,-0.00224999999999997
"lm","Linear regression",1,332,0.691666666666667,2000,400,0.0055,1,0.005,1,0.005,1,5e-04,1,0.00275000000000003,0.00249999999999995,0.00249999999999995,0.000249999999999972,0.000250000000000083,0,-0.00224999999999997
"lm","Linear regression",1,332,0.733333333333333,2000,400,0.0055,1,0.005,1,0.005,1,5e-04,1,0.00275000000000003,0.00249999999999995,0.00249999999999995,0.000249999999999972,0.000250000000000083,0,-0.00224999999999997
"lm","Linear regression",1,332,0.775,2000,400,0.0055,1,0.005,1,0.005,1,5e-04,1,0.00275000000000003,0.00249999999999995,0.00249999999999995,0.000249999999999972,0.000250000000000083,0,-0.00224999999999997
"lm","Linear regression",1,332,0.816666666666667,2000,400,0.0055,1,0.005,1,0.005,1,5e-04,1,0.00275000000000003,0.00249999999999995,0.00249999999999995,0.000249999999999972,0.000250000000000083,0,-0.00224999999999997
"lm","Linear regression",1,332,0.858333333333333,2000,400,0.0055,1,0.005,1,0.005,1,5e-04,1,0.00275000000000003,0.00249999999999995,0.00249999999999995,0.000249999999999972,0.000250000000000083,0,-0.00224999999999997
"lm","Linear regression",1,332,0.9,2000,400,0.0055,1,0.005,1,0.005,1,5e-04,1,0.00275000000000003,0.00249999999999995,0.00249999999999995,0.000249999999999972,0.000250000000000083,0,-0.00224999999999997
"lm","Linear regression",1,406,0.002,2000,400,0.008,0.0025,0.0065,0.0025,0.007,0.0025,0,0,0.50275,0.502,0.50225,0.5,0.000750000000000028,0.000249999999999972,-0.002
"lm","Linear regression",1,406,0.00258309933002977,2000,400,0.008,0.005,0.0065,0.0025,0.007,0.0025,0,0,0.5015,0.502,0.50225,0.5,-0.000499999999999945,0.000249999999999972,-0.002
"lm","Linear regression",1,406,0.00333620107440012,2000,400,0.008,0.005,0.0065,0.0025,0.007,0.0025,0,0,0.5015,0.502,0.50225,0.5,-0.000499999999999945,0.000249999999999972,-0.002
"lm","Linear regression",1,406,0.00430886938006377,2000,400,0.008,0.005,0.0065,0,0.007,0.0025,0,0,0.5015,0.50325,0.50225,0.5,-0.00174999999999992,-0.001,-0.00324999999999998
"lm","Linear regression",1,406,0.00556511880441425,2000,400,0.008,0.0075,0.0065,0.0025,0.007,0.0025,0,0,0.50025,0.502,0.50225,0.5,-0.00175000000000003,0.000249999999999972,-0.002
"lm","Linear regression",1,406,0.00718762732760925,2000,400,0.008,0.0025,0.0065,0.0025,0.007,0.0025,0,0,0.50275,0.502,0.50225,0.5,0.000750000000000028,0.000249999999999972,-0.002
"lm","Linear regression",1,406,0.00928317766722556,2000,400,0.008,0,0.0065,0,0.007,0,0,0,0.504,0.50325,0.5035,0.5,0.000750000000000028,0.000249999999999972,-0.00324999999999998
"lm","Linear regression",1,406,0.0119896850063788,2000,400,0.008,0.01,0.0065,0.0075,0.007,0.0075,0,0,0.499,0.4995,0.49975,0.5,-5e-04,0.000249999999999972,5e-04
"lm","Linear regression",1,406,0.0154852736536225,2000,400,0.008,0.005,0.0065,0.005,0.007,0.005,0,0,0.5015,0.50075,0.501,0.5,0.000750000000000028,0.000249999999999972,-0.000750000000000028
"lm","Linear regression",1,406,0.02,2000,400,0.008,0.0125,0.0065,0.01,0.007,0.01,5e-04,0,0.49775,0.49825,0.4985,0.50025,-0.000499999999999945,0.000249999999999972,0.002
"lm","Linear regression",1,406,0.025,2000,400,0.008,0.005,0.0065,0.005,0.007,0.005,0.003,0,0.5015,0.50075,0.501,0.5015,0.000750000000000028,0.000249999999999972,0.000749999999999917
"lm","Linear regression",1,406,0.0666666666666667,2000,400,0.008,0.0625,0.0065,0.0525,0.007,0.0575,0.0425,0.2575,0.47275,0.477,0.47475,0.3925,-0.00424999999999998,-0.00225000000000003,-0.0845
"lm","Linear regression",1,406,0.108333333333333,2000,400,0.008,0.2975,0.0065,0.28,0.007,0.285,0.0385,0.59,0.35525,0.36325,0.361,0.22425,-0.00799999999999995,-0.00224999999999997,-0.139
"lm","Linear regression",1,406,0.15,2000,400,0.008,0.615,0.0065,0.585,0.007,0.5975,0.0265,0.8125,0.1965,0.21075,0.20475,0.107,-0.01425,-0.00600000000000006,-0.10375
"lm","Linear regression",1,406,0.191666666666667,2000,400,0.008,0.85,0.0065,0.835,0.007,0.8375,0.0195,0.9425,0.079,0.08575,0.0847499999999999,0.0385,-0.00674999999999998,-0.00100000000000006,-0.04725
"lm","Linear regression",1,406,0.233333333333333,2000,400,0.008,0.9625,0.0065,0.96,0.007,0.96,0.0145,0.99,0.02275,0.02325,0.0235,0.01225,-5e-04,0.000249999999999972,-0.011
"lm","Linear regression",1,406,0.275,2000,400,0.008,1,0.0065,1,0.007,1,0.012,1,0.004,0.00324999999999998,0.00349999999999995,0.006,0.000750000000000028,0.000249999999999972,0.00275000000000003
"lm","Linear regression",1,406,0.316666666666667,2000,400,0.008,1,0.0065,1,0.007,1,0.01,1,0.004,0.00324999999999998,0.00349999999999995,0.005,0.000750000000000028,0.000249999999999972,0.00175000000000003
"lm","Linear regression",1,406,0.358333333333333,2000,400,0.008,1,0.0065,1,0.007,1,0.008,1,0.004,0.00324999999999998,0.00349999999999995,0.004,0.000750000000000028,0.000249999999999972,0.000750000000000028
"lm","Linear regression",1,406,0.4,2000,400,0.008,1,0.0065,1,0.007,1,0.006,1,0.004,0.00324999999999998,0.00349999999999995,0.003,0.000750000000000028,0.000249999999999972,-0.000249999999999972
"lm","Linear regression",1,406,0.441666666666667,2000,400,0.008,1,0.0065,1,0.007,1,0.0055,1,0.004,0.00324999999999998,0.00349999999999995,0.00275000000000003,0.000750000000000028,0.000249999999999972,-0.000499999999999945
"lm","Linear regression",1,406,0.483333333333333,2000,400,0.008,1,0.0065,1,0.007,1,0.0035,1,0.004,0.00324999999999998,0.00349999999999995,0.00175000000000003,0.000750000000000028,0.000249999999999972,-0.00149999999999995
"lm","Linear regression",1,406,0.525,2000,400,0.008,1,0.0065,1,0.007,1,0.003,1,0.004,0.00324999999999998,0.00349999999999995,0.00149999999999995,0.000750000000000028,0.000249999999999972,-0.00175000000000003
"lm","Linear regression",1,406,0.566666666666667,2000,400,0.008,1,0.0065,1,0.007,1,0.002,1,0.004,0.00324999999999998,0.00349999999999995,0.001,0.000750000000000028,0.000249999999999972,-0.00224999999999997
"lm","Linear regression",1,406,0.608333333333333,2000,400,0.008,1,0.0065,1,0.007,1,0.0015,1,0.004,0.00324999999999998,0.00349999999999995,0.000750000000000028,0.000750000000000028,0.000249999999999972,-0.00249999999999995
"lm","Linear regression",1,406,0.65,2000,400,0.008,1,0.0065,1,0.007,1,0.0015,1,0.004,0.00324999999999998,0.00349999999999995,0.000750000000000028,0.000750000000000028,0.000249999999999972,-0.00249999999999995
"lm","Linear regression",1,406,0.691666666666667,2000,400,0.008,1,0.0065,1,0.007,1,0.0015,1,0.004,0.00324999999999998,0.00349999999999995,0.000750000000000028,0.000750000000000028,0.000249999999999972,-0.00249999999999995
"lm","Linear regression",1,406,0.733333333333333,2000,400,0.008,1,0.0065,1,0.007,1,0.0015,1,0.004,0.00324999999999998,0.00349999999999995,0.000750000000000028,0.000750000000000028,0.000249999999999972,-0.00249999999999995
"lm","Linear regression",1,406,0.775,2000,400,0.008,1,0.0065,1,0.007,1,0.0015,1,0.004,0.00324999999999998,0.00349999999999995,0.000750000000000028,0.000750000000000028,0.000249999999999972,-0.00249999999999995
"lm","Linear regression",1,406,0.816666666666667,2000,400,0.008,1,0.0065,1,0.007,1,0.001,1,0.004,0.00324999999999998,0.00349999999999995,0.000499999999999945,0.000750000000000028,0.000249999999999972,-0.00275000000000003
"lm","Linear regression",1,406,0.858333333333333,2000,400,0.008,1,0.0065,1,0.007,1,0.001,1,0.004,0.00324999999999998,0.00349999999999995,0.000499999999999945,0.000750000000000028,0.000249999999999972,-0.00275000000000003
"lm","Linear regression",1,406,0.9,2000,400,0.008,1,0.0065,1,0.007,1,0.001,1,0.004,0.00324999999999998,0.00349999999999995,0.000499999999999945,0.000750000000000028,0.000249999999999972,-0.00275000000000003
"lm","Linear regression",1,496,0.002,2000,400,0.006,0.005,0.0035,0.005,0.0035,0.005,0,0,0.5005,0.49925,0.49925,0.5,0.00125000000000003,0,0.000749999999999973
"lm","Linear regression",1,496,0.00258309933002977,2000,400,0.006,0.0025,0.0035,0,0.0035,0,0,0,0.50175,0.50175,0.50175,0.5,0,0,-0.00175000000000003
"lm","Linear regression",1,496,0.00333620107440012,2000,400,0.006,0.005,0.0035,0.0025,0.0035,0.0025,0,0,0.5005,0.5005,0.5005,0.5,0,0,-0.000500000000000056
"lm","Linear regression",1,496,0.00430886938006377,2000,400,0.006,0.005,0.0035,0.005,0.0035,0.005,0,0,0.5005,0.49925,0.49925,0.5,0.00125000000000003,0,0.000749999999999973
"lm","Linear regression",1,496,0.00556511880441425,2000,400,0.006,0,0.0035,0,0.0035,0,0,0,0.503,0.50175,0.50175,0.5,0.00124999999999997,0,-0.00175000000000003
"lm","Linear regression",1,496,0.00718762732760925,2000,400,0.006,0.0125,0.0035,0.0075,0.0035,0.0075,0,0,0.49675,0.498,0.498,0.5,-0.00125000000000003,0,0.00199999999999995
"lm","Linear regression",1,496,0.00928317766722556,2000,400,0.006,0.01,0.0035,0.01,0.0035,0.01,0,0,0.498,0.49675,0.49675,0.5,0.00124999999999997,0,0.00324999999999998
"lm","Linear regression",1,496,0.0119896850063788,2000,400,0.006,0.0175,0.0035,0.015,0.0035,0.015,0,0,0.49425,0.49425,0.49425,0.5,0,0,0.00574999999999998
"lm","Linear regression",1,496,0.0154852736536225,2000,400,0.006,0.0275,0.0035,0.025,0.0035,0.025,0,0,0.48925,0.48925,0.48925,0.5,0,0,0.01075
"lm","Linear regression",1,496,0.02,2000,400,0.006,0.0075,0.0035,0.0075,0.0035,0.0075,0,0,0.49925,0.498,0.498,0.5,0.00124999999999997,0,0.00199999999999995
"lm","Linear regression",1,496,0.025,2000,400,0.006,0.0125,0.0035,0.0075,0.0035,0.01,0.0035,0.0075,0.49675,0.498,0.49675,0.498,-0.00125000000000003,-0.00125000000000003,0
"lm","Linear regression",1,496,0.0666666666666667,2000,400,0.006,0.1,0.0035,0.0725,0.0035,0.0775,0.052,0.31,0.453,0.4655,0.463,0.371,-0.0125,-0.0025,-0.0945
"lm","Linear regression",1,496,0.108333333333333,2000,400,0.006,0.3425,0.0035,0.3125,0.0035,0.315,0.0415,0.6525,0.33175,0.3455,0.34425,0.1945,-0.01375,-0.00124999999999997,-0.151
"lm","Linear regression",1,496,0.15,2000,400,0.006,0.7175,0.0035,0.6775,0.0035,0.6825,0.023,0.855,0.14425,0.163,0.1605,0.084,-0.01875,-0.0025,-0.0790000000000001
"lm","Linear regression",1,496,0.191666666666667,2000,400,0.006,0.94,0.0035,0.9225,0.0035,0.925,0.015,0.97,0.033,0.0405,0.03925,0.0225,-0.00750000000000001,-0.00125000000000003,-0.0180000000000001
"lm","Linear regression",1,496,0.233333333333333,2000,400,0.006,0.985,0.0035,0.9825,0.0035,0.9825,0.0105,0.9875,0.0105,0.0105,0.0105,0.0115,0,0,0.000999999999999945
"lm","Linear regression",1,496,0.275,2000,400,0.006,0.9975,0.0035,0.9975,0.0035,0.9975,0.0075,1,0.00424999999999998,0.003,0.003,0.00375000000000003,0.00124999999999997,0,0.000750000000000028
"lm","Linear regression",1,496,0.316666666666667,2000,400,0.006,1,0.0035,1,0.0035,1,0.0055,1,0.003,0.00175000000000003,0.00175000000000003,0.00275000000000003,0.00124999999999997,0,0.001
"lm","Linear regression",1,496,0.358333333333333,2000,400,0.006,1,0.0035,1,0.0035,1,0.0035,1,0.003,0.00175000000000003,0.00175000000000003,0.00175000000000003,0.00124999999999997,0,0
"lm","Linear regression",1,496,0.4,2000,400,0.006,1,0.0035,1,0.0035,1,0.0025,1,0.003,0.00175000000000003,0.00175000000000003,0.00124999999999997,0.00124999999999997,0,-0.000500000000000056
"lm","Linear regression",1,496,0.441666666666667,2000,400,0.006,1,0.0035,1,0.0035,1,0.0015,1,0.003,0.00175000000000003,0.00175000000000003,0.000750000000000028,0.00124999999999997,0,-0.001
"lm","Linear regression",1,496,0.483333333333333,2000,400,0.006,1,0.0035,1,0.0035,1,0.001,1,0.003,0.00175000000000003,0.00175000000000003,0.000499999999999945,0.00124999999999997,0,-0.00125000000000008
"lm","Linear regression",1,496,0.525,2000,400,0.006,1,0.0035,1,0.0035,1,0.001,1,0.003,0.00175000000000003,0.00175000000000003,0.000499999999999945,0.00124999999999997,0,-0.00125000000000008
"lm","Linear regression",1,496,0.566666666666667,2000,400,0.006,1,0.0035,1,0.0035,1,0.001,1,0.003,0.00175000000000003,0.00175000000000003,0.000499999999999945,0.00124999999999997,0,-0.00125000000000008
"lm","Linear regression",1,496,0.608333333333333,2000,400,0.006,1,0.0035,1,0.0035,1,0.001,1,0.003,0.00175000000000003,0.00175000000000003,0.000499999999999945,0.00124999999999997,0,-0.00125000000000008
"lm","Linear regression",1,496,0.65,2000,400,0.006,1,0.0035,1,0.0035,1,5e-04,1,0.003,0.00175000000000003,0.00175000000000003,0.000249999999999972,0.00124999999999997,0,-0.00150000000000006
"lm","Linear regression",1,496,0.691666666666667,2000,400,0.006,1,0.0035,1,0.0035,1,5e-04,1,0.003,0.00175000000000003,0.00175000000000003,0.000249999999999972,0.00124999999999997,0,-0.00150000000000006
"lm","Linear regression",1,496,0.733333333333333,2000,400,0.006,1,0.0035,1,0.0035,1,0,1,0.003,0.00175000000000003,0.00175000000000003,0,0.00124999999999997,0,-0.00175000000000003
"lm","Linear regression",1,496,0.775,2000,400,0.006,1,0.0035,1,0.0035,1,0,1,0.003,0.00175000000000003,0.00175000000000003,0,0.00124999999999997,0,-0.00175000000000003
"lm","Linear regression",1,496,0.816666666666667,2000,400,0.006,1,0.0035,1,0.0035,1,0,1,0.003,0.00175000000000003,0.00175000000000003,0,0.00124999999999997,0,-0.00175000000000003
"lm","Linear regression",1,496,0.858333333333333,2000,400,0.006,1,0.0035,1,0.0035,1,0,1,0.003,0.00175000000000003,0.00175000000000003,0,0.00124999999999997,0,-0.00175000000000003
"lm","Linear regression",1,496,0.9,2000,400,0.006,1,0.0035,1,0.0035,1,0,1,0.003,0.00175000000000003,0.00175000000000003,0,0.00124999999999997,0,-0.00175000000000003
"lm","Linear regression",1,606,0.002,2000,400,0.007,0.005,0.005,0.005,0.005,0.005,0,0,0.501,0.5,0.5,0.5,0.00100000000000006,0,5.55111512312578e-17
"lm","Linear regression",1,606,0.00258309933002977,2000,400,0.007,0.005,0.005,0,0.005,0,0,0,0.501,0.5025,0.5025,0.5,-0.00149999999999995,0,-0.00249999999999995
"lm","Linear regression",1,606,0.00333620107440012,2000,400,0.007,0.0175,0.005,0.015,0.005,0.015,0,0,0.49475,0.495,0.495,0.5,-0.000249999999999972,0,0.00500000000000006
"lm","Linear regression",1,606,0.00430886938006377,2000,400,0.007,0,0.005,0,0.005,0,0,0,0.5035,0.5025,0.5025,0.5,0.001,0,-0.00249999999999995
"lm","Linear regression",1,606,0.00556511880441425,2000,400,0.007,0.01,0.005,0.005,0.005,0.005,0,0,0.4985,0.5,0.5,0.5,-0.0015,0,5.55111512312578e-17
"lm","Linear regression",1,606,0.00718762732760925,2000,400,0.007,0.005,0.005,0.0025,0.005,0.0025,0,0,0.501,0.50125,0.50125,0.5,-0.000249999999999972,0,-0.00124999999999997
"lm","Linear regression",1,606,0.00928317766722556,2000,400,0.007,0,0.005,0,0.005,0,0,0,0.5035,0.5025,0.5025,0.5,0.001,0,-0.00249999999999995
"lm","Linear regression",1,606,0.0119896850063788,2000,400,0.007,0.0075,0.005,0.0025,0.005,0.0025,0,0,0.49975,0.50125,0.50125,0.5,-0.0015,0,-0.00124999999999997
"lm","Linear regression",1,606,0.0154852736536225,2000,400,0.007,0.005,0.005,0.0025,0.005,0.0025,0,0,0.501,0.50125,0.50125,0.5,-0.000249999999999972,0,-0.00124999999999997
"lm","Linear regression",1,606,0.02,2000,400,0.007,0.0175,0.005,0.0075,0.005,0.0075,0.001,0.0025,0.49475,0.49875,0.49875,0.49925,-0.004,0,5e-04
"lm","Linear regression",1,606,0.025,2000,400,0.007,0.0125,0.005,0.01,0.005,0.01,0.0085,0.015,0.49725,0.4975,0.4975,0.49675,-0.000249999999999972,0,-0.000749999999999973
"lm","Linear regression",1,606,0.0666666666666667,2000,400,0.007,0.105,0.005,0.0925,0.005,0.0975,0.0415,0.355,0.451,0.45625,0.45375,0.34325,-0.00524999999999998,-0.0025,-0.113
"lm","Linear regression",1,606,0.108333333333333,2000,400,0.007,0.445,0.005,0.3925,0.005,0.395,0.031,0.6975,0.281,0.30625,0.305,0.16675,-0.02525,-0.00124999999999997,-0.1395
"lm","Linear regression",1,606,0.15,2000,400,0.007,0.8325,0.005,0.795,0.005,0.7975,0.0195,0.9175,0.0872499999999999,0.105,0.10375,0.051,-0.01775,-0.00124999999999997,-0.0539999999999999
"lm","Linear regression",1,606,0.191666666666667,2000,400,0.007,0.9775,0.005,0.965,0.005,0.965,0.011,0.985,0.0147499999999999,0.02,0.02,0.013,-0.00525000000000003,0,-0.00700000000000001
"lm","Linear regression",1,606,0.233333333333333,2000,400,0.007,0.9975,0.005,0.9975,0.005,0.9975,0.009,0.9975,0.00474999999999992,0.00374999999999992,0.00374999999999992,0.00574999999999992,0.001,0,0.002
"lm","Linear regression",1,606,0.275,2000,400,0.007,1,0.005,1,0.005,1,0.0085,1,0.00349999999999995,0.00249999999999995,0.00249999999999995,0.00424999999999998,0.001,0,0.00175000000000003
"lm","Linear regression",1,606,0.316666666666667,2000,400,0.007,1,0.005,1,0.005,1,0.005,1,0.00349999999999995,0.00249999999999995,0.00249999999999995,0.00249999999999995,0.001,0,0
"lm","Linear regression",1,606,0.358333333333333,2000,400,0.007,1,0.005,1,0.005,1,0.003,1,0.00349999999999995,0.00249999999999995,0.00249999999999995,0.00149999999999995,0.001,0,-0.001
"lm","Linear regression",1,606,0.4,2000,400,0.007,1,0.005,1,0.005,1,0.0025,1,0.00349999999999995,0.00249999999999995,0.00249999999999995,0.00124999999999997,0.001,0,-0.00124999999999997
"lm","Linear regression",1,606,0.441666666666667,2000,400,0.007,1,0.005,1,0.005,1,0.0015,1,0.00349999999999995,0.00249999999999995,0.00249999999999995,0.000750000000000028,0.001,0,-0.00174999999999992
"lm","Linear regression",1,606,0.483333333333333,2000,400,0.007,1,0.005,1,0.005,1,0.001,1,0.00349999999999995,0.00249999999999995,0.00249999999999995,0.000499999999999945,0.001,0,-0.002
"lm","Linear regression",1,606,0.525,2000,400,0.007,1,0.005,1,0.005,1,0.001,1,0.00349999999999995,0.00249999999999995,0.00249999999999995,0.000499999999999945,0.001,0,-0.002
"lm","Linear regression",1,606,0.566666666666667,2000,400,0.007,1,0.005,1,0.005,1,0.001,1,0.00349999999999995,0.00249999999999995,0.00249999999999995,0.000499999999999945,0.001,0,-0.002
"lm","Linear regression",1,606,0.608333333333333,2000,400,0.007,1,0.005,1,0.005,1,0.001,1,0.00349999999999995,0.00249999999999995,0.00249999999999995,0.000499999999999945,0.001,0,-0.002
"lm","Linear regression",1,606,0.65,2000,400,0.007,1,0.005,1,0.005,1,5e-04,1,0.00349999999999995,0.00249999999999995,0.00249999999999995,0.000249999999999972,0.001,0,-0.00224999999999997
"lm","Linear regression",1,606,0.691666666666667,2000,400,0.007,1,0.005,1,0.005,1,5e-04,1,0.00349999999999995,0.00249999999999995,0.00249999999999995,0.000249999999999972,0.001,0,-0.00224999999999997
"lm","Linear regression",1,606,0.733333333333333,2000,400,0.007,1,0.005,1,0.005,1,5e-04,1,0.00349999999999995,0.00249999999999995,0.00249999999999995,0.000249999999999972,0.001,0,-0.00224999999999997
"lm","Linear regression",1,606,0.775,2000,400,0.007,1,0.005,1,0.005,1,5e-04,1,0.00349999999999995,0.00249999999999995,0.00249999999999995,0.000249999999999972,0.001,0,-0.00224999999999997
"lm","Linear regression",1,606,0.816666666666667,2000,400,0.007,1,0.005,1,0.005,1,5e-04,1,0.00349999999999995,0.00249999999999995,0.00249999999999995,0.000249999999999972,0.001,0,-0.00224999999999997
"lm","Linear regression",1,606,0.858333333333333,2000,400,0.007,1,0.005,1,0.005,1,5e-04,1,0.00349999999999995,0.00249999999999995,0.00249999999999995,0.000249999999999972,0.001,0,-0.00224999999999997
"lm","Linear regression",1,606,0.9,2000,400,0.007,1,0.005,1,0.005,1,5e-04,1,0.00349999999999995,0.00249999999999995,0.00249999999999995,0.000249999999999972,0.001,0,-0.00224999999999997
"lm","Linear regression",1,741,0.002,2000,400,0.008,0,0.0055,0,0.006,0,0,0,0.504,0.50275,0.503,0.5,0.00124999999999997,0.000249999999999972,-0.00275000000000003
"lm","Linear regression",1,741,0.00258309933002977,2000,400,0.008,0.005,0.0055,0.005,0.006,0.005,0,0,0.5015,0.50025,0.5005,0.5,0.00124999999999997,0.000249999999999972,-0.000250000000000083
"lm","Linear regression",1,741,0.00333620107440012,2000,400,0.008,0.0075,0.0055,0.005,0.006,0.005,0,0,0.50025,0.50025,0.5005,0.5,-1.11022302462516e-16,0.000249999999999972,-0.000250000000000083
"lm","Linear regression",1,741,0.00430886938006377,2000,400,0.008,0,0.0055,0,0.006,0,0,0,0.504,0.50275,0.503,0.5,0.00124999999999997,0.000249999999999972,-0.00275000000000003
"lm","Linear regression",1,741,0.00556511880441425,2000,400,0.008,0.0125,0.0055,0.0075,0.006,0.0075,0,0,0.49775,0.499,0.49925,0.5,-0.00125000000000003,0.000249999999999972,0.000999999999999945
"lm","Linear regression",1,741,0.00718762732760925,2000,400,0.008,0,0.0055,0,0.006,0,0,0,0.504,0.50275,0.503,0.5,0.00124999999999997,0.000249999999999972,-0.00275000000000003
"lm","Linear regression",1,741,0.00928317766722556,2000,400,0.008,0.015,0.0055,0.01,0.006,0.01,0,0,0.4965,0.49775,0.498,0.5,-0.00125000000000003,0.000249999999999972,0.00224999999999997
"lm","Linear regression",1,741,0.0119896850063788,2000,400,0.008,0.0025,0.0055,0,0.006,0,5e-04,0,0.50275,0.50275,0.503,0.50025,0,0.000249999999999972,-0.00250000000000006
"lm","Linear regression",1,741,0.0154852736536225,2000,400,0.008,0.015,0.0055,0.01,0.006,0.01,0.001,0.0025,0.4965,0.49775,0.498,0.49925,-0.00125000000000003,0.000249999999999972,0.00149999999999995
"lm","Linear regression",1,741,0.02,2000,400,0.008,0.0125,0.0055,0.01,0.006,0.01,0.006,0.01,0.49775,0.49775,0.498,0.498,0,0.000249999999999972,0.000249999999999972
"lm","Linear regression",1,741,0.025,2000,400,0.008,0.025,0.0055,0.02,0.006,0.02,0.0125,0.0375,0.4915,0.49275,0.493,0.4875,-0.00125000000000003,0.000249999999999972,-0.00525000000000003
"lm","Linear regression",1,741,0.0666666666666667,2000,400,0.008,0.1775,0.0055,0.145,0.006,0.1475,0.045,0.42,0.41525,0.43025,0.42925,0.3125,-0.015,-0.001,-0.11775
"lm","Linear regression",1,741,0.108333333333333,2000,400,0.008,0.4975,0.0055,0.45,0.006,0.45,0.0305,0.74,0.25525,0.27775,0.278,0.14525,-0.0225000000000001,0.000249999999999972,-0.1325
"lm","Linear regression",1,741,0.15,2000,400,0.008,0.8875,0.0055,0.8575,0.006,0.8575,0.019,0.945,0.06025,0.074,0.07425,0.037,-0.01375,0.000249999999999972,-0.037
"lm","Linear regression",1,741,0.191666666666667,2000,400,0.008,0.995,0.0055,0.99,0.006,0.99,0.0115,0.995,0.00650000000000001,0.00775000000000003,0.00800000000000001,0.00825000000000004,-0.00125000000000003,0.000249999999999972,5e-04
"lm","Linear regression",1,741,0.233333333333333,2000,400,0.008,1,0.0055,0.9975,0.006,0.9975,0.009,1,0.004,0.004,0.00424999999999998,0.00449999999999995,0,0.000249999999999972,0.000499999999999945
"lm","Linear regression",1,741,0.275,2000,400,0.008,1,0.0055,1,0.006,1,0.0065,1,0.004,0.00275000000000003,0.003,0.00324999999999998,0.00124999999999997,0.000249999999999972,0.000499999999999945
"lm","Linear regression",1,741,0.316666666666667,2000,400,0.008,1,0.0055,1,0.006,1,0.0055,1,0.004,0.00275000000000003,0.003,0.00275000000000003,0.00124999999999997,0.000249999999999972,0
"lm","Linear regression",1,741,0.358333333333333,2000,400,0.008,1,0.0055,1,0.006,1,0.0035,1,0.004,0.00275000000000003,0.003,0.00175000000000003,0.00124999999999997,0.000249999999999972,-0.001
"lm","Linear regression",1,741,0.4,2000,400,0.008,1,0.0055,1,0.006,1,0.002,1,0.004,0.00275000000000003,0.003,0.001,0.00124999999999997,0.000249999999999972,-0.00175000000000003
"lm","Linear regression",1,741,0.441666666666667,2000,400,0.008,1,0.0055,1,0.006,1,0.0015,1,0.004,0.00275000000000003,0.003,0.000750000000000028,0.00124999999999997,0.000249999999999972,-0.002
"lm","Linear regression",1,741,0.483333333333333,2000,400,0.008,1,0.0055,1,0.006,1,0.0015,1,0.004,0.00275000000000003,0.003,0.000750000000000028,0.00124999999999997,0.000249999999999972,-0.002
"lm","Linear regression",1,741,0.525,2000,400,0.008,1,0.0055,1,0.006,1,0.0015,1,0.004,0.00275000000000003,0.003,0.000750000000000028,0.00124999999999997,0.000249999999999972,-0.002
"lm","Linear regression",1,741,0.566666666666667,2000,400,0.008,1,0.0055,1,0.006,1,0.0015,1,0.004,0.00275000000000003,0.003,0.000750000000000028,0.00124999999999997,0.000249999999999972,-0.002
"lm","Linear regression",1,741,0.608333333333333,2000,400,0.008,1,0.0055,1,0.006,1,0.0015,1,0.004,0.00275000000000003,0.003,0.000750000000000028,0.00124999999999997,0.000249999999999972,-0.002
"lm","Linear regression",1,741,0.65,2000,400,0.008,1,0.0055,1,0.006,1,0.0015,1,0.004,0.00275000000000003,0.003,0.000750000000000028,0.00124999999999997,0.000249999999999972,-0.002
"lm","Linear regression",1,741,0.691666666666667,2000,400,0.008,1,0.0055,1,0.006,1,0.001,1,0.004,0.00275000000000003,0.003,0.000499999999999945,0.00124999999999997,0.000249999999999972,-0.00225000000000009
"lm","Linear regression",1,741,0.733333333333333,2000,400,0.008,1,0.0055,1,0.006,1,0.001,1,0.004,0.00275000000000003,0.003,0.000499999999999945,0.00124999999999997,0.000249999999999972,-0.00225000000000009
"lm","Linear regression",1,741,0.775,2000,400,0.008,1,0.0055,1,0.006,1,0.001,1,0.004,0.00275000000000003,0.003,0.000499999999999945,0.00124999999999997,0.000249999999999972,-0.00225000000000009
"lm","Linear regression",1,741,0.816666666666667,2000,400,0.008,1,0.0055,1,0.006,1,0.001,1,0.004,0.00275000000000003,0.003,0.000499999999999945,0.00124999999999997,0.000249999999999972,-0.00225000000000009
"lm","Linear regression",1,741,0.858333333333333,2000,400,0.008,1,0.0055,1,0.006,1,0.001,1,0.004,0.00275000000000003,0.003,0.000499999999999945,0.00124999999999997,0.000249999999999972,-0.00225000000000009
"lm","Linear regression",1,741,0.9,2000,400,0.008,1,0.0055,1,0.006,1,0.001,1,0.004,0.00275000000000003,0.003,0.000499999999999945,0.00124999999999997,0.000249999999999972,-0.00225000000000009
"lm","Linear regression",1,905,0.002,2000,400,0.003,0.0075,0.0015,0.005,0.0015,0.005,0,0,0.49775,0.49825,0.49825,0.5,-0.000500000000000056,0,0.00174999999999997
"lm","Linear regression",1,905,0.00258309933002977,2000,400,0.003,0.0025,0.0015,0,0.0015,0,0,0,0.50025,0.50075,0.50075,0.5,-0.000500000000000056,0,-0.000750000000000028
"lm","Linear regression",1,905,0.00333620107440012,2000,400,0.003,0.0025,0.0015,0,0.0015,0,0,0,0.50025,0.50075,0.50075,0.5,-0.000500000000000056,0,-0.000750000000000028
"lm","Linear regression",1,905,0.00430886938006377,2000,400,0.003,0.01,0.0015,0.005,0.0015,0.0075,0,0,0.4965,0.49825,0.497,0.5,-0.00175000000000008,-0.00124999999999997,0.00174999999999997
"lm","Linear regression",1,905,0.00556511880441425,2000,400,0.003,0.005,0.0015,0,0.0015,0,0,0,0.499,0.50075,0.50075,0.5,-0.00175000000000008,0,-0.000750000000000028
"lm","Linear regression",1,905,0.00718762732760925,2000,400,0.003,0,0.0015,0,0.0015,0,0,0,0.5015,0.50075,0.50075,0.5,0.000749999999999917,0,-0.000750000000000028
"lm","Linear regression",1,905,0.00928317766722556,2000,400,0.003,0.0075,0.0015,0.005,0.0015,0.005,0,0,0.49775,0.49825,0.49825,0.5,-0.000500000000000056,0,0.00174999999999997
"lm","Linear regression",1,905,0.0119896850063788,2000,400,0.003,0.0025,0.0015,0,0.0015,0,0,0,0.50025,0.50075,0.50075,0.5,-0.000500000000000056,0,-0.000750000000000028
"lm","Linear regression",1,905,0.0154852736536225,2000,400,0.003,0.0075,0.0015,0.0025,0.0015,0.0025,0.001,0,0.49775,0.4995,0.4995,0.5005,-0.00175000000000008,0,0.00099999999999989
"lm","Linear regression",1,905,0.02,2000,400,0.003,0.0125,0.0015,0.0075,0.0015,0.0075,0.005,0.0175,0.49525,0.497,0.497,0.49375,-0.00175000000000008,0,-0.00325000000000009
"lm","Linear regression",1,905,0.025,2000,400,0.003,0.0075,0.0015,0.0025,0.0015,0.0025,0.0195,0.06,0.49775,0.4995,0.4995,0.47975,-0.00175000000000008,0,-0.01975
"lm","Linear regression",1,905,0.0666666666666667,2000,400,0.003,0.2225,0.0015,0.1775,0.0015,0.1775,0.0445,0.4925,0.39025,0.412,0.412,0.276,-0.0217500000000001,0,-0.136
"lm","Linear regression",1,905,0.108333333333333,2000,400,0.003,0.6375,0.0015,0.5725,0.0015,0.5725,0.026,0.815,0.18275,0.2145,0.2145,0.1055,-0.0317500000000001,0,-0.109
"lm","Linear regression",1,905,0.15,2000,400,0.003,0.955,0.0015,0.9225,0.0015,0.925,0.016,0.9875,0.024,0.0395,0.03825,0.01425,-0.0155000000000001,-0.00125000000000003,-0.02525
"lm","Linear regression",1,905,0.191666666666667,2000,400,0.003,1,0.0015,0.9925,0.0015,0.9925,0.007,1,0.00149999999999995,0.0045,0.0045,0.00349999999999995,-0.00300000000000006,0,-0.00100000000000006
"lm","Linear regression",1,905,0.233333333333333,2000,400,0.003,1,0.0015,1,0.0015,1,0.003,1,0.00149999999999995,0.000750000000000028,0.000750000000000028,0.00149999999999995,0.000749999999999917,0,0.000749999999999917
"lm","Linear regression",1,905,0.275,2000,400,0.003,1,0.0015,1,0.0015,1,0.0015,1,0.00149999999999995,0.000750000000000028,0.000750000000000028,0.000750000000000028,0.000749999999999917,0,0
"lm","Linear regression",1,905,0.316666666666667,2000,400,0.003,1,0.0015,1,0.0015,1,0.0015,1,0.00149999999999995,0.000750000000000028,0.000750000000000028,0.000750000000000028,0.000749999999999917,0,0
"lm","Linear regression",1,905,0.358333333333333,2000,400,0.003,1,0.0015,1,0.0015,1,0.001,1,0.00149999999999995,0.000750000000000028,0.000750000000000028,0.000499999999999945,0.000749999999999917,0,-0.000250000000000083
"lm","Linear regression",1,905,0.4,2000,400,0.003,1,0.0015,1,0.0015,1,0.001,1,0.00149999999999995,0.000750000000000028,0.000750000000000028,0.000499999999999945,0.000749999999999917,0,-0.000250000000000083
"lm","Linear regression",1,905,0.441666666666667,2000,400,0.003,1,0.0015,1,0.0015,1,0.001,1,0.00149999999999995,0.000750000000000028,0.000750000000000028,0.000499999999999945,0.000749999999999917,0,-0.000250000000000083
"lm","Linear regression",1,905,0.483333333333333,2000,400,0.003,1,0.0015,1,0.0015,1,0,1,0.00149999999999995,0.000750000000000028,0.000750000000000028,0,0.000749999999999917,0,-0.000750000000000028
"lm","Linear regression",1,905,0.525,2000,400,0.003,1,0.0015,1,0.0015,1,0,1,0.00149999999999995,0.000750000000000028,0.000750000000000028,0,0.000749999999999917,0,-0.000750000000000028
"lm","Linear regression",1,905,0.566666666666667,2000,400,0.003,1,0.0015,1,0.0015,1,0,1,0.00149999999999995,0.000750000000000028,0.000750000000000028,0,0.000749999999999917,0,-0.000750000000000028
"lm","Linear regression",1,905,0.608333333333333,2000,400,0.003,1,0.0015,1,0.0015,1,0,1,0.00149999999999995,0.000750000000000028,0.000750000000000028,0,0.000749999999999917,0,-0.000750000000000028
"lm","Linear regression",1,905,0.65,2000,400,0.003,1,0.0015,1,0.0015,1,0,1,0.00149999999999995,0.000750000000000028,0.000750000000000028,0,0.000749999999999917,0,-0.000750000000000028
"lm","Linear regression",1,905,0.691666666666667,2000,400,0.003,1,0.0015,1,0.0015,1,0,1,0.00149999999999995,0.000750000000000028,0.000750000000000028,0,0.000749999999999917,0,-0.000750000000000028
"lm","Linear regression",1,905,0.733333333333333,2000,400,0.003,1,0.0015,1,0.0015,1,0,1,0.00149999999999995,0.000750000000000028,0.000750000000000028,0,0.000749999999999917,0,-0.000750000000000028
"lm","Linear regression",1,905,0.775,2000,400,0.003,1,0.0015,1,0.0015,1,0,1,0.00149999999999995,0.000750000000000028,0.000750000000000028,0,0.000749999999999917,0,-0.000750000000000028
"lm","Linear regression",1,905,0.816666666666667,2000,400,0.003,1,0.0015,1,0.0015,1,0,1,0.00149999999999995,0.000750000000000028,0.000750000000000028,0,0.000749999999999917,0,-0.000750000000000028
"lm","Linear regression",1,905,0.858333333333333,2000,400,0.003,1,0.0015,1,0.0015,1,0,1,0.00149999999999995,0.000750000000000028,0.000750000000000028,0,0.000749999999999917,0,-0.000750000000000028
"lm","Linear regression",1,905,0.9,2000,400,0.003,1,0.0015,1,0.0015,1,0,1,0.00149999999999995,0.000750000000000028,0.000750000000000028,0,0.000749999999999917,0,-0.000750000000000028
"lm","Linear regression",1,1105,0.002,2000,400,0.007,0.0025,0.004,0,0.004,0,0,0,0.50225,0.502,0.502,0.5,0.000249999999999972,0,-0.002
"lm","Linear regression",1,1105,0.00258309933002977,2000,400,0.007,0.005,0.004,0.0025,0.004,0.0025,0,0,0.501,0.50075,0.50075,0.5,0.000249999999999972,0,-0.000750000000000028
"lm","Linear regression",1,1105,0.00333620107440012,2000,400,0.007,0,0.004,0,0.004,0,0,0,0.5035,0.502,0.502,0.5,0.00149999999999995,0,-0.002
"lm","Linear regression",1,1105,0.00430886938006377,2000,400,0.007,0.005,0.004,0,0.004,0,0,0,0.501,0.502,0.502,0.5,-0.001,0,-0.002
"lm","Linear regression",1,1105,0.00556511880441425,2000,400,0.007,0.0025,0.004,0.0025,0.004,0.0025,0,0,0.50225,0.50075,0.50075,0.5,0.00149999999999995,0,-0.000750000000000028
"lm","Linear regression",1,1105,0.00718762732760925,2000,400,0.007,0.0025,0.004,0.0025,0.004,0.0025,0,0,0.50225,0.50075,0.50075,0.5,0.00149999999999995,0,-0.000750000000000028
"lm","Linear regression",1,1105,0.00928317766722556,2000,400,0.007,0.005,0.004,0.005,0.004,0.005,0,0,0.501,0.4995,0.4995,0.5,0.0015,0,5e-04
"lm","Linear regression",1,1105,0.0119896850063788,2000,400,0.007,0.0175,0.004,0.0125,0.004,0.0125,0,0,0.49475,0.49575,0.49575,0.5,-0.00100000000000006,0,0.00424999999999998
"lm","Linear regression",1,1105,0.0154852736536225,2000,400,0.007,0.0225,0.004,0.01,0.004,0.01,0.004,0.01,0.49225,0.497,0.497,0.497,-0.00475000000000003,0,0
"lm","Linear regression",1,1105,0.02,2000,400,0.007,0.0175,0.004,0.01,0.004,0.01,0.012,0.0325,0.49475,0.497,0.497,0.48975,-0.00225000000000003,0,-0.00724999999999998
"lm","Linear regression",1,1105,0.025,2000,400,0.007,0.0175,0.004,0.0125,0.004,0.0125,0.0225,0.065,0.49475,0.49575,0.49575,0.47875,-0.00100000000000006,0,-0.017
"lm","Linear regression",1,1105,0.0666666666666667,2000,400,0.007,0.2725,0.004,0.2275,0.004,0.23,0.0395,0.565,0.36725,0.38825,0.387,0.23725,-0.021,-0.00124999999999997,-0.151
"lm","Linear regression",1,1105,0.108333333333333,2000,400,0.007,0.7325,0.004,0.64,0.004,0.645,0.021,0.875,0.13725,0.182,0.1795,0.073,-0.0447500000000001,-0.0025,-0.109
"lm","Linear regression",1,1105,0.15,2000,400,0.007,0.995,0.004,0.9775,0.004,0.9775,0.012,0.995,0.00599999999999995,0.01325,0.01325,0.00850000000000001,-0.00725000000000003,0,-0.00474999999999998
"lm","Linear regression",1,1105,0.191666666666667,2000,400,0.007,1,0.004,1,0.004,1,0.0075,1,0.00349999999999995,0.002,0.002,0.00375000000000003,0.00149999999999995,0,0.00175000000000003
"lm","Linear regression",1,1105,0.233333333333333,2000,400,0.007,1,0.004,1,0.004,1,0.0055,1,0.00349999999999995,0.002,0.002,0.00275000000000003,0.00149999999999995,0,0.000750000000000028
"lm","Linear regression",1,1105,0.275,2000,400,0.007,1,0.004,1,0.004,1,0.004,1,0.00349999999999995,0.002,0.002,0.002,0.00149999999999995,0,0
"lm","Linear regression",1,1105,0.316666666666667,2000,400,0.007,1,0.004,1,0.004,1,0.004,1,0.00349999999999995,0.002,0.002,0.002,0.00149999999999995,0,0
"lm","Linear regression",1,1105,0.358333333333333,2000,400,0.007,1,0.004,1,0.004,1,0.003,1,0.00349999999999995,0.002,0.002,0.00149999999999995,0.00149999999999995,0,-0.000500000000000056
"lm","Linear regression",1,1105,0.4,2000,400,0.007,1,0.004,1,0.004,1,0.0025,1,0.00349999999999995,0.002,0.002,0.00124999999999997,0.00149999999999995,0,-0.000750000000000028
"lm","Linear regression",1,1105,0.441666666666667,2000,400,0.007,1,0.004,1,0.004,1,0.002,1,0.00349999999999995,0.002,0.002,0.001,0.00149999999999995,0,-0.001
"lm","Linear regression",1,1105,0.483333333333333,2000,400,0.007,1,0.004,1,0.004,1,0.001,1,0.00349999999999995,0.002,0.002,0.000499999999999945,0.00149999999999995,0,-0.00150000000000006
"lm","Linear regression",1,1105,0.525,2000,400,0.007,1,0.004,1,0.004,1,5e-04,1,0.00349999999999995,0.002,0.002,0.000249999999999972,0.00149999999999995,0,-0.00175000000000003
"lm","Linear regression",1,1105,0.566666666666667,2000,400,0.007,1,0.004,1,0.004,1,5e-04,1,0.00349999999999995,0.002,0.002,0.000249999999999972,0.00149999999999995,0,-0.00175000000000003
"lm","Linear regression",1,1105,0.608333333333333,2000,400,0.007,1,0.004,1,0.004,1,5e-04,1,0.00349999999999995,0.002,0.002,0.000249999999999972,0.00149999999999995,0,-0.00175000000000003
"lm","Linear regression",1,1105,0.65,2000,400,0.007,1,0.004,1,0.004,1,5e-04,1,0.00349999999999995,0.002,0.002,0.000249999999999972,0.00149999999999995,0,-0.00175000000000003
"lm","Linear regression",1,1105,0.691666666666667,2000,400,0.007,1,0.004,1,0.004,1,5e-04,1,0.00349999999999995,0.002,0.002,0.000249999999999972,0.00149999999999995,0,-0.00175000000000003
"lm","Linear regression",1,1105,0.733333333333333,2000,400,0.007,1,0.004,1,0.004,1,0,1,0.00349999999999995,0.002,0.002,0,0.00149999999999995,0,-0.002
"lm","Linear regression",1,1105,0.775,2000,400,0.007,1,0.004,1,0.004,1,0,1,0.00349999999999995,0.002,0.002,0,0.00149999999999995,0,-0.002
"lm","Linear regression",1,1105,0.816666666666667,2000,400,0.007,1,0.004,1,0.004,1,0,1,0.00349999999999995,0.002,0.002,0,0.00149999999999995,0,-0.002
"lm","Linear regression",1,1105,0.858333333333333,2000,400,0.007,1,0.004,1,0.004,1,0,1,0.00349999999999995,0.002,0.002,0,0.00149999999999995,0,-0.002
"lm","Linear regression",1,1105,0.9,2000,400,0.007,1,0.004,1,0.004,1,0,1,0.00349999999999995,0.002,0.002,0,0.00149999999999995,0,-0.002
"lm","Linear regression",1,1350,0.002,2000,400,0.0035,0.0025,0.0015,0.0025,0.0015,0.0025,0,0,0.5005,0.4995,0.4995,0.5,0.001,0,0.000499999999999945
"lm","Linear regression",1,1350,0.00258309933002977,2000,400,0.0035,0.0125,0.0015,0.0025,0.0015,0.0025,0,0,0.4955,0.4995,0.4995,0.5,-0.004,0,0.000499999999999945
"lm","Linear regression",1,1350,0.00333620107440012,2000,400,0.0035,0.005,0.0015,0.0025,0.0015,0.0025,0,0,0.49925,0.4995,0.4995,0.5,-0.000250000000000028,0,0.000499999999999945
"lm","Linear regression",1,1350,0.00430886938006377,2000,400,0.0035,0.0025,0.0015,0.0025,0.0015,0.0025,0,0,0.5005,0.4995,0.4995,0.5,0.001,0,0.000499999999999945
"lm","Linear regression",1,1350,0.00556511880441425,2000,400,0.0035,0.0025,0.0015,0.0025,0.0015,0.0025,0,0,0.5005,0.4995,0.4995,0.5,0.001,0,0.000499999999999945
"lm","Linear regression",1,1350,0.00718762732760925,2000,400,0.0035,0.0075,0.0015,0.0025,0.0015,0.0025,0,0,0.498,0.4995,0.4995,0.5,-0.0015,0,0.000499999999999945
"lm","Linear regression",1,1350,0.00928317766722556,2000,400,0.0035,0.005,0.0015,0.0025,0.0015,0.0025,0,0,0.49925,0.4995,0.4995,0.5,-0.000250000000000028,0,0.000499999999999945
"lm","Linear regression",1,1350,0.0119896850063788,2000,400,0.0035,0,0.0015,0,0.0015,0,5e-04,0,0.50175,0.50075,0.50075,0.50025,0.001,0,-0.000500000000000056
"lm","Linear regression",1,1350,0.0154852736536225,2000,400,0.0035,0.0125,0.0015,0.0075,0.0015,0.0075,0.003,0.01,0.4955,0.497,0.497,0.4965,-0.0015,0,-0.000500000000000111
"lm","Linear regression",1,1350,0.02,2000,400,0.0035,0.0275,0.0015,0.015,0.0015,0.0175,0.01,0.065,0.488,0.49325,0.492,0.4725,-0.00524999999999998,-0.00124999999999997,-0.02075
"lm","Linear regression",1,1350,0.025,2000,400,0.0035,0.04,0.0015,0.0275,0.0015,0.0275,0.019,0.1075,0.48175,0.487,0.487,0.45575,-0.00525000000000003,0,-0.0312500000000001
"lm","Linear regression",1,1350,0.0666666666666667,2000,400,0.0035,0.33,0.0015,0.24,0.0015,0.245,0.023,0.615,0.33675,0.38075,0.37825,0.204,-0.044,-0.0025,-0.17675
"lm","Linear regression",1,1350,0.108333333333333,2000,400,0.0035,0.8925,0.0015,0.825,0.0015,0.825,0.01,0.9525,0.0555,0.08825,0.08825,0.02875,-0.03275,0,-0.0595
"lm","Linear regression",1,1350,0.15,2000,400,0.0035,0.995,0.0015,0.99,0.0015,0.99,0.0055,0.995,0.00425000000000003,0.00575000000000003,0.00575000000000003,0.00525000000000003,-0.0015,0,-5e-04
"lm","Linear regression",1,1350,0.191666666666667,2000,400,0.0035,1,0.0015,1,0.0015,1,0.0035,1,0.00175000000000003,0.000750000000000028,0.000750000000000028,0.00175000000000003,0.001,0,0.001
"lm","Linear regression",1,1350,0.233333333333333,2000,400,0.0035,1,0.0015,1,0.0015,1,0.0015,1,0.00175000000000003,0.000750000000000028,0.000750000000000028,0.000750000000000028,0.001,0,0
"lm","Linear regression",1,1350,0.275,2000,400,0.0035,1,0.0015,1,0.0015,1,0.0015,1,0.00175000000000003,0.000750000000000028,0.000750000000000028,0.000750000000000028,0.001,0,0
"lm","Linear regression",1,1350,0.316666666666667,2000,400,0.0035,1,0.0015,1,0.0015,1,5e-04,1,0.00175000000000003,0.000750000000000028,0.000750000000000028,0.000249999999999972,0.001,0,-0.000500000000000056
"lm","Linear regression",1,1350,0.358333333333333,2000,400,0.0035,1,0.0015,1,0.0015,1,5e-04,1,0.00175000000000003,0.000750000000000028,0.000750000000000028,0.000249999999999972,0.001,0,-0.000500000000000056
"lm","Linear regression",1,1350,0.4,2000,400,0.0035,1,0.0015,1,0.0015,1,5e-04,1,0.00175000000000003,0.000750000000000028,0.000750000000000028,0.000249999999999972,0.001,0,-0.000500000000000056
"lm","Linear regression",1,1350,0.441666666666667,2000,400,0.0035,1,0.0015,1,0.0015,1,5e-04,1,0.00175000000000003,0.000750000000000028,0.000750000000000028,0.000249999999999972,0.001,0,-0.000500000000000056
"lm","Linear regression",1,1350,0.483333333333333,2000,400,0.0035,1,0.0015,1,0.0015,1,5e-04,1,0.00175000000000003,0.000750000000000028,0.000750000000000028,0.000249999999999972,0.001,0,-0.000500000000000056
"lm","Linear regression",1,1350,0.525,2000,400,0.0035,1,0.0015,1,0.0015,1,5e-04,1,0.00175000000000003,0.000750000000000028,0.000750000000000028,0.000249999999999972,0.001,0,-0.000500000000000056
"lm","Linear regression",1,1350,0.566666666666667,2000,400,0.0035,1,0.0015,1,0.0015,1,5e-04,1,0.00175000000000003,0.000750000000000028,0.000750000000000028,0.000249999999999972,0.001,0,-0.000500000000000056
"lm","Linear regression",1,1350,0.608333333333333,2000,400,0.0035,1,0.0015,1,0.0015,1,5e-04,1,0.00175000000000003,0.000750000000000028,0.000750000000000028,0.000249999999999972,0.001,0,-0.000500000000000056
"lm","Linear regression",1,1350,0.65,2000,400,0.0035,1,0.0015,1,0.0015,1,5e-04,1,0.00175000000000003,0.000750000000000028,0.000750000000000028,0.000249999999999972,0.001,0,-0.000500000000000056
"lm","Linear regression",1,1350,0.691666666666667,2000,400,0.0035,1,0.0015,1,0.0015,1,5e-04,1,0.00175000000000003,0.000750000000000028,0.000750000000000028,0.000249999999999972,0.001,0,-0.000500000000000056
"lm","Linear regression",1,1350,0.733333333333333,2000,400,0.0035,1,0.0015,1,0.0015,1,5e-04,1,0.00175000000000003,0.000750000000000028,0.000750000000000028,0.000249999999999972,0.001,0,-0.000500000000000056
"lm","Linear regression",1,1350,0.775,2000,400,0.0035,1,0.0015,1,0.0015,1,5e-04,1,0.00175000000000003,0.000750000000000028,0.000750000000000028,0.000249999999999972,0.001,0,-0.000500000000000056
"lm","Linear regression",1,1350,0.816666666666667,2000,400,0.0035,1,0.0015,1,0.0015,1,5e-04,1,0.00175000000000003,0.000750000000000028,0.000750000000000028,0.000249999999999972,0.001,0,-0.000500000000000056
"lm","Linear regression",1,1350,0.858333333333333,2000,400,0.0035,1,0.0015,1,0.0015,1,5e-04,1,0.00175000000000003,0.000750000000000028,0.000750000000000028,0.000249999999999972,0.001,0,-0.000500000000000056
"lm","Linear regression",1,1350,0.9,2000,400,0.0035,1,0.0015,1,0.0015,1,5e-04,1,0.00175000000000003,0.000750000000000028,0.000750000000000028,0.000249999999999972,0.001,0,-0.000500000000000056
"lm","Linear regression",1,1650,0.002,2000,400,0.0015,0.0025,5e-04,0,5e-04,0,0,0,0.4995,0.50025,0.50025,0.5,-0.000749999999999917,0,-0.000249999999999972
"lm","Linear regression",1,1650,0.00258309933002977,2000,400,0.0015,0,5e-04,0,5e-04,0,0,0,0.50075,0.50025,0.50025,0.5,0.000500000000000056,0,-0.000249999999999972
"lm","Linear regression",1,1650,0.00333620107440012,2000,400,0.0015,0.0075,5e-04,0.0025,5e-04,0.0025,0,0,0.497,0.499,0.499,0.5,-0.00199999999999995,0,0.001
"lm","Linear regression",1,1650,0.00430886938006377,2000,400,0.0015,0.01,5e-04,0.0075,5e-04,0.0075,0,0,0.49575,0.4965,0.4965,0.5,-0.000749999999999973,0,0.0035
"lm","Linear regression",1,1650,0.00556511880441425,2000,400,0.0015,0.0075,5e-04,0,5e-04,0,0,0,0.497,0.50025,0.50025,0.5,-0.00324999999999992,0,-0.000249999999999972
"lm","Linear regression",1,1650,0.00718762732760925,2000,400,0.0015,0.005,5e-04,0,5e-04,0,0,0,0.49825,0.50025,0.50025,0.5,-0.00199999999999995,0,-0.000249999999999972
"lm","Linear regression",1,1650,0.00928317766722556,2000,400,0.0015,0.015,5e-04,0.01,5e-04,0.01,0,0,0.49325,0.49525,0.49525,0.5,-0.00199999999999995,0,0.00475000000000003
"lm","Linear regression",1,1650,0.0119896850063788,2000,400,0.0015,0.0125,5e-04,0.005,5e-04,0.005,5e-04,0.005,0.4945,0.49775,0.49775,0.49775,-0.00324999999999992,0,0
"lm","Linear regression",1,1650,0.0154852736536225,2000,400,0.0015,0.0175,5e-04,0.0125,5e-04,0.0125,0.004,0.02,0.492,0.494,0.494,0.492,-0.00199999999999995,0,-0.002
"lm","Linear regression",1,1650,0.02,2000,400,0.0015,0.035,5e-04,0.0175,5e-04,0.0175,0.017,0.0825,0.48325,0.4915,0.4915,0.46725,-0.00824999999999998,0,-0.02425
"lm","Linear regression",1,1650,0.025,2000,400,0.0015,0.0175,5e-04,0.005,5e-04,0.005,0.0275,0.0925,0.492,0.49775,0.49775,0.4675,-0.00574999999999992,0,-0.0302499999999999
"lm","Linear regression",1,1650,0.0666666666666667,2000,400,0.0015,0.4875,5e-04,0.3925,5e-04,0.395,0.0255,0.76,0.257,0.304,0.30275,0.13275,-0.0469999999999999,-0.00124999999999997,-0.17125
"lm","Linear regression",1,1650,0.108333333333333,2000,400,0.0015,0.95,5e-04,0.925,5e-04,0.925,0.0115,0.975,0.02575,0.03775,0.03775,0.01825,-0.0119999999999999,0,-0.0194999999999999
"lm","Linear regression",1,1650,0.15,2000,400,0.0015,0.9975,5e-04,0.995,5e-04,0.995,0.004,1,0.002,0.00274999999999997,0.00274999999999997,0.002,-0.000749999999999973,0,-0.000749999999999973
"lm","Linear regression",1,1650,0.191666666666667,2000,400,0.0015,1,5e-04,1,5e-04,1,0.0015,1,0.000750000000000028,0.000249999999999972,0.000249999999999972,0.000750000000000028,0.000500000000000056,0,0.000500000000000056
"lm","Linear regression",1,1650,0.233333333333333,2000,400,0.0015,1,5e-04,1,5e-04,1,0.001,1,0.000750000000000028,0.000249999999999972,0.000249999999999972,0.000499999999999945,0.000500000000000056,0,0.000249999999999972
"lm","Linear regression",1,1650,0.275,2000,400,0.0015,1,5e-04,1,5e-04,1,5e-04,1,0.000750000000000028,0.000249999999999972,0.000249999999999972,0.000249999999999972,0.000500000000000056,0,0
"lm","Linear regression",1,1650,0.316666666666667,2000,400,0.0015,1,5e-04,1,5e-04,1,5e-04,1,0.000750000000000028,0.000249999999999972,0.000249999999999972,0.000249999999999972,0.000500000000000056,0,0
"lm","Linear regression",1,1650,0.358333333333333,2000,400,0.0015,1,5e-04,1,5e-04,1,5e-04,1,0.000750000000000028,0.000249999999999972,0.000249999999999972,0.000249999999999972,0.000500000000000056,0,0
"lm","Linear regression",1,1650,0.4,2000,400,0.0015,1,5e-04,1,5e-04,1,5e-04,1,0.000750000000000028,0.000249999999999972,0.000249999999999972,0.000249999999999972,0.000500000000000056,0,0
"lm","Linear regression",1,1650,0.441666666666667,2000,400,0.0015,1,5e-04,1,5e-04,1,0,1,0.000750000000000028,0.000249999999999972,0.000249999999999972,0,0.000500000000000056,0,-0.000249999999999972
"lm","Linear regression",1,1650,0.483333333333333,2000,400,0.0015,1,5e-04,1,5e-04,1,0,1,0.000750000000000028,0.000249999999999972,0.000249999999999972,0,0.000500000000000056,0,-0.000249999999999972
"lm","Linear regression",1,1650,0.525,2000,400,0.0015,1,5e-04,1,5e-04,1,0,1,0.000750000000000028,0.000249999999999972,0.000249999999999972,0,0.000500000000000056,0,-0.000249999999999972
"lm","Linear regression",1,1650,0.566666666666667,2000,400,0.0015,1,5e-04,1,5e-04,1,0,1,0.000750000000000028,0.000249999999999972,0.000249999999999972,0,0.000500000000000056,0,-0.000249999999999972
"lm","Linear regression",1,1650,0.608333333333333,2000,400,0.0015,1,5e-04,1,5e-04,1,0,1,0.000750000000000028,0.000249999999999972,0.000249999999999972,0,0.000500000000000056,0,-0.000249999999999972
"lm","Linear regression",1,1650,0.65,2000,400,0.0015,1,5e-04,1,5e-04,1,0,1,0.000750000000000028,0.000249999999999972,0.000249999999999972,0,0.000500000000000056,0,-0.000249999999999972
"lm","Linear regression",1,1650,0.691666666666667,2000,400,0.0015,1,5e-04,1,5e-04,1,0,1,0.000750000000000028,0.000249999999999972,0.000249999999999972,0,0.000500000000000056,0,-0.000249999999999972
"lm","Linear regression",1,1650,0.733333333333333,2000,400,0.0015,1,5e-04,1,5e-04,1,0,1,0.000750000000000028,0.000249999999999972,0.000249999999999972,0,0.000500000000000056,0,-0.000249999999999972
"lm","Linear regression",1,1650,0.775,2000,400,0.0015,1,5e-04,1,5e-04,1,0,1,0.000750000000000028,0.000249999999999972,0.000249999999999972,0,0.000500000000000056,0,-0.000249999999999972
"lm","Linear regression",1,1650,0.816666666666667,2000,400,0.0015,1,5e-04,1,5e-04,1,0,1,0.000750000000000028,0.000249999999999972,0.000249999999999972,0,0.000500000000000056,0,-0.000249999999999972
"lm","Linear regression",1,1650,0.858333333333333,2000,400,0.0015,1,5e-04,1,5e-04,1,0,1,0.000750000000000028,0.000249999999999972,0.000249999999999972,0,0.000500000000000056,0,-0.000249999999999972
"lm","Linear regression",1,1650,0.9,2000,400,0.0015,1,5e-04,1,5e-04,1,0,1,0.000750000000000028,0.000249999999999972,0.000249999999999972,0,0.000500000000000056,0,-0.000249999999999972
"lm","Linear regression",1,2015,0.002,2000,400,0.0045,0,0.001,0,0.001,0,0,0,0.50225,0.5005,0.5005,0.5,0.00175000000000003,0,-0.000499999999999945
"lm","Linear regression",1,2015,0.00258309933002977,2000,400,0.0045,0.0025,0.001,0,0.001,0,0,0,0.501,0.5005,0.5005,0.5,0.000500000000000056,0,-0.000499999999999945
"lm","Linear regression",1,2015,0.00333620107440012,2000,400,0.0045,0.01,0.001,0,0.001,0,0,0,0.49725,0.5005,0.5005,0.5,-0.00324999999999998,0,-0.000499999999999945
"lm","Linear regression",1,2015,0.00430886938006377,2000,400,0.0045,0.0075,0.001,0,0.001,0,0,0,0.4985,0.5005,0.5005,0.5,-0.00199999999999995,0,-0.000499999999999945
"lm","Linear regression",1,2015,0.00556511880441425,2000,400,0.0045,0.01,0.001,0.005,0.001,0.005,0,0,0.49725,0.498,0.498,0.5,-0.000749999999999973,0,0.00200000000000006
"lm","Linear regression",1,2015,0.00718762732760925,2000,400,0.0045,0.005,0.001,0.005,0.001,0.005,0,0,0.49975,0.498,0.498,0.5,0.00175000000000003,0,0.00200000000000006
"lm","Linear regression",1,2015,0.00928317766722556,2000,400,0.0045,0.005,0.001,0,0.001,0,0,0,0.49975,0.5005,0.5005,0.5,-0.000749999999999973,0,-0.000499999999999945
"lm","Linear regression",1,2015,0.0119896850063788,2000,400,0.0045,0.0125,0.001,0,0.001,0,0.003,0.005,0.496,0.5005,0.5005,0.499,-0.00449999999999995,0,-0.0015
"lm","Linear regression",1,2015,0.0154852736536225,2000,400,0.0045,0.02,0.001,0.0125,0.001,0.0125,0.0145,0.05,0.49225,0.49425,0.49425,0.48225,-0.002,0,-0.012
"lm","Linear regression",1,2015,0.02,2000,400,0.0045,0.0325,0.001,0.0125,0.001,0.0125,0.026,0.1025,0.486,0.49425,0.49425,0.46175,-0.00824999999999998,0,-0.0325
"lm","Linear regression",1,2015,0.025,2000,400,0.0045,0.0425,0.001,0.025,0.001,0.0275,0.041,0.18,0.481,0.488,0.48675,0.4305,-0.00699999999999995,-0.00124999999999997,-0.0574999999999999
"lm","Linear regression",1,2015,0.0666666666666667,2000,400,0.0045,0.5725,0.001,0.48,0.001,0.4875,0.026,0.7675,0.216,0.2605,0.25675,0.12925,-0.0445,-0.00375000000000003,-0.13125
"lm","Linear regression",1,2015,0.108333333333333,2000,400,0.0045,0.985,0.001,0.9575,0.001,0.9575,0.014,0.99,0.00974999999999998,0.0217499999999999,0.0217499999999999,0.012,-0.012,0,-0.00974999999999993
"lm","Linear regression",1,2015,0.15,2000,400,0.0045,1,0.001,1,0.001,1,0.0055,1,0.00224999999999997,0.000499999999999945,0.000499999999999945,0.00275000000000003,0.00175000000000003,0,0.00225000000000009
"lm","Linear regression",1,2015,0.191666666666667,2000,400,0.0045,1,0.001,1,0.001,1,0.0025,1,0.00224999999999997,0.000499999999999945,0.000499999999999945,0.00124999999999997,0.00175000000000003,0,0.000750000000000028
"lm","Linear regression",1,2015,0.233333333333333,2000,400,0.0045,1,0.001,1,0.001,1,0.0015,1,0.00224999999999997,0.000499999999999945,0.000499999999999945,0.000750000000000028,0.00175000000000003,0,0.000250000000000083
"lm","Linear regression",1,2015,0.275,2000,400,0.0045,1,0.001,1,0.001,1,0.001,1,0.00224999999999997,0.000499999999999945,0.000499999999999945,0.000499999999999945,0.00175000000000003,0,0
"lm","Linear regression",1,2015,0.316666666666667,2000,400,0.0045,1,0.001,1,0.001,1,5e-04,1,0.00224999999999997,0.000499999999999945,0.000499999999999945,0.000249999999999972,0.00175000000000003,0,-0.000249999999999972
"lm","Linear regression",1,2015,0.358333333333333,2000,400,0.0045,1,0.001,1,0.001,1,5e-04,1,0.00224999999999997,0.000499999999999945,0.000499999999999945,0.000249999999999972,0.00175000000000003,0,-0.000249999999999972
"lm","Linear regression",1,2015,0.4,2000,400,0.0045,1,0.001,1,0.001,1,0,1,0.00224999999999997,0.000499999999999945,0.000499999999999945,0,0.00175000000000003,0,-0.000499999999999945
"lm","Linear regression",1,2015,0.441666666666667,2000,400,0.0045,1,0.001,1,0.001,1,0,1,0.00224999999999997,0.000499999999999945,0.000499999999999945,0,0.00175000000000003,0,-0.000499999999999945
"lm","Linear regression",1,2015,0.483333333333333,2000,400,0.0045,1,0.001,1,0.001,1,0,1,0.00224999999999997,0.000499999999999945,0.000499999999999945,0,0.00175000000000003,0,-0.000499999999999945
"lm","Linear regression",1,2015,0.525,2000,400,0.0045,1,0.001,1,0.001,1,0,1,0.00224999999999997,0.000499999999999945,0.000499999999999945,0,0.00175000000000003,0,-0.000499999999999945
"lm","Linear regression",1,2015,0.566666666666667,2000,400,0.0045,1,0.001,1,0.001,1,0,1,0.00224999999999997,0.000499999999999945,0.000499999999999945,0,0.00175000000000003,0,-0.000499999999999945
"lm","Linear regression",1,2015,0.608333333333333,2000,400,0.0045,1,0.001,1,0.001,1,0,1,0.00224999999999997,0.000499999999999945,0.000499999999999945,0,0.00175000000000003,0,-0.000499999999999945
"lm","Linear regression",1,2015,0.65,2000,400,0.0045,1,0.001,1,0.001,1,0,1,0.00224999999999997,0.000499999999999945,0.000499999999999945,0,0.00175000000000003,0,-0.000499999999999945
"lm","Linear regression",1,2015,0.691666666666667,2000,400,0.0045,1,0.001,1,0.001,1,0,1,0.00224999999999997,0.000499999999999945,0.000499999999999945,0,0.00175000000000003,0,-0.000499999999999945
"lm","Linear regression",1,2015,0.733333333333333,2000,400,0.0045,1,0.001,1,0.001,1,0,1,0.00224999999999997,0.000499999999999945,0.000499999999999945,0,0.00175000000000003,0,-0.000499999999999945
"lm","Linear regression",1,2015,0.775,2000,400,0.0045,1,0.001,1,0.001,1,0,1,0.00224999999999997,0.000499999999999945,0.000499999999999945,0,0.00175000000000003,0,-0.000499999999999945
"lm","Linear regression",1,2015,0.816666666666667,2000,400,0.0045,1,0.001,1,0.001,1,0,1,0.00224999999999997,0.000499999999999945,0.000499999999999945,0,0.00175000000000003,0,-0.000499999999999945
"lm","Linear regression",1,2015,0.858333333333333,2000,400,0.0045,1,0.001,1,0.001,1,0,1,0.00224999999999997,0.000499999999999945,0.000499999999999945,0,0.00175000000000003,0,-0.000499999999999945
"lm","Linear regression",1,2015,0.9,2000,400,0.0045,1,0.001,1,0.001,1,0,1,0.00224999999999997,0.000499999999999945,0.000499999999999945,0,0.00175000000000003,0,-0.000499999999999945
"lm","Linear regression",1,2462,0.002,2000,400,0.0045,0.005,0.0015,0.0025,0.0015,0.0025,0,0,0.49975,0.4995,0.4995,0.5,0.000249999999999917,0,0.000499999999999945
"lm","Linear regression",1,2462,0.00258309933002977,2000,400,0.0045,0.0075,0.0015,0,0.0015,0,0,0,0.4985,0.50075,0.50075,0.5,-0.00225000000000003,0,-0.000750000000000028
"lm","Linear regression",1,2462,0.00333620107440012,2000,400,0.0045,0.005,0.0015,0.0025,0.0015,0.0025,0,0,0.49975,0.4995,0.4995,0.5,0.000249999999999917,0,0.000499999999999945
"lm","Linear regression",1,2462,0.00430886938006377,2000,400,0.0045,0.005,0.0015,0,0.0015,0,0,0,0.49975,0.50075,0.50075,0.5,-0.00100000000000006,0,-0.000750000000000028
"lm","Linear regression",1,2462,0.00556511880441425,2000,400,0.0045,0.0025,0.0015,0,0.0015,0,0,0,0.501,0.50075,0.50075,0.5,0.000249999999999972,0,-0.000750000000000028
"lm","Linear regression",1,2462,0.00718762732760925,2000,400,0.0045,0.01,0.0015,0.005,0.0015,0.005,0,0,0.49725,0.49825,0.49825,0.5,-0.00100000000000006,0,0.00174999999999997
"lm","Linear regression",1,2462,0.00928317766722556,2000,400,0.0045,0.0125,0.0015,0,0.0015,0,0.001,0,0.496,0.50075,0.50075,0.5005,-0.00475000000000003,0,-0.000250000000000083
"lm","Linear regression",1,2462,0.0119896850063788,2000,400,0.0045,0.0075,0.0015,0.0025,0.0015,0.0025,0.006,0.01,0.4985,0.4995,0.4995,0.498,-0.00100000000000006,0,-0.00150000000000006
"lm","Linear regression",1,2462,0.0154852736536225,2000,400,0.0045,0.03,0.0015,0.015,0.0015,0.015,0.02,0.0675,0.48725,0.49325,0.49325,0.47625,-0.00600000000000006,0,-0.017
"lm","Linear regression",1,2462,0.02,2000,400,0.0045,0.0325,0.0015,0.0075,0.0015,0.0075,0.0315,0.1275,0.486,0.497,0.497,0.452,-0.0110000000000001,0,-0.045
"lm","Linear regression",1,2462,0.025,2000,400,0.0045,0.0575,0.0015,0.02,0.0015,0.02,0.04,0.2025,0.4735,0.49075,0.49075,0.41875,-0.01725,0,-0.072
"lm","Linear regression",1,2462,0.0666666666666667,2000,400,0.0045,0.7225,0.0015,0.5875,0.0015,0.5875,0.0245,0.8775,0.141,0.207,0.207,0.0735,-0.0660000000000001,0,-0.1335
"lm","Linear regression",1,2462,0.108333333333333,2000,400,0.0045,1,0.0015,0.9975,0.0015,0.9975,0.01,1,0.00224999999999997,0.002,0.002,0.005,0.000249999999999972,0,0.003
"lm","Linear regression",1,2462,0.15,2000,400,0.0045,1,0.0015,1,0.0015,1,0.0035,1,0.00224999999999997,0.000750000000000028,0.000750000000000028,0.00175000000000003,0.00149999999999995,0,0.001
"lm","Linear regression",1,2462,0.191666666666667,2000,400,0.0045,1,0.0015,1,0.0015,1,0.002,1,0.00224999999999997,0.000750000000000028,0.000750000000000028,0.001,0.00149999999999995,0,0.000249999999999972
"lm","Linear regression",1,2462,0.233333333333333,2000,400,0.0045,1,0.0015,1,0.0015,1,0.0015,1,0.00224999999999997,0.000750000000000028,0.000750000000000028,0.000750000000000028,0.00149999999999995,0,0
"lm","Linear regression",1,2462,0.275,2000,400,0.0045,1,0.0015,1,0.0015,1,0.001,1,0.00224999999999997,0.000750000000000028,0.000750000000000028,0.000499999999999945,0.00149999999999995,0,-0.000250000000000083
"lm","Linear regression",1,2462,0.316666666666667,2000,400,0.0045,1,0.0015,1,0.0015,1,0.001,1,0.00224999999999997,0.000750000000000028,0.000750000000000028,0.000499999999999945,0.00149999999999995,0,-0.000250000000000083
"lm","Linear regression",1,2462,0.358333333333333,2000,400,0.0045,1,0.0015,1,0.0015,1,5e-04,1,0.00224999999999997,0.000750000000000028,0.000750000000000028,0.000249999999999972,0.00149999999999995,0,-0.000500000000000056
"lm","Linear regression",1,2462,0.4,2000,400,0.0045,1,0.0015,1,0.0015,1,0,1,0.00224999999999997,0.000750000000000028,0.000750000000000028,0,0.00149999999999995,0,-0.000750000000000028
"lm","Linear regression",1,2462,0.441666666666667,2000,400,0.0045,1,0.0015,1,0.0015,1,0,1,0.00224999999999997,0.000750000000000028,0.000750000000000028,0,0.00149999999999995,0,-0.000750000000000028
"lm","Linear regression",1,2462,0.483333333333333,2000,400,0.0045,1,0.0015,1,0.0015,1,0,1,0.00224999999999997,0.000750000000000028,0.000750000000000028,0,0.00149999999999995,0,-0.000750000000000028
"lm","Linear regression",1,2462,0.525,2000,400,0.0045,1,0.0015,1,0.0015,1,0,1,0.00224999999999997,0.000750000000000028,0.000750000000000028,0,0.00149999999999995,0,-0.000750000000000028
"lm","Linear regression",1,2462,0.566666666666667,2000,400,0.0045,1,0.0015,1,0.0015,1,0,1,0.00224999999999997,0.000750000000000028,0.000750000000000028,0,0.00149999999999995,0,-0.000750000000000028
"lm","Linear regression",1,2462,0.608333333333333,2000,400,0.0045,1,0.0015,1,0.0015,1,0,1,0.00224999999999997,0.000750000000000028,0.000750000000000028,0,0.00149999999999995,0,-0.000750000000000028
"lm","Linear regression",1,2462,0.65,2000,400,0.0045,1,0.0015,1,0.0015,1,0,1,0.00224999999999997,0.000750000000000028,0.000750000000000028,0,0.00149999999999995,0,-0.000750000000000028
"lm","Linear regression",1,2462,0.691666666666667,2000,400,0.0045,1,0.0015,1,0.0015,1,0,1,0.00224999999999997,0.000750000000000028,0.000750000000000028,0,0.00149999999999995,0,-0.000750000000000028
"lm","Linear regression",1,2462,0.733333333333333,2000,400,0.0045,1,0.0015,1,0.0015,1,0,1,0.00224999999999997,0.000750000000000028,0.000750000000000028,0,0.00149999999999995,0,-0.000750000000000028
"lm","Linear regression",1,2462,0.775,2000,400,0.0045,1,0.0015,1,0.0015,1,0,1,0.00224999999999997,0.000750000000000028,0.000750000000000028,0,0.00149999999999995,0,-0.000750000000000028
"lm","Linear regression",1,2462,0.816666666666667,2000,400,0.0045,1,0.0015,1,0.0015,1,0,1,0.00224999999999997,0.000750000000000028,0.000750000000000028,0,0.00149999999999995,0,-0.000750000000000028
"lm","Linear regression",1,2462,0.858333333333333,2000,400,0.0045,1,0.0015,1,0.0015,1,0,1,0.00224999999999997,0.000750000000000028,0.000750000000000028,0,0.00149999999999995,0,-0.000750000000000028
"lm","Linear regression",1,2462,0.9,2000,400,0.0045,1,0.0015,1,0.0015,1,0,1,0.00224999999999997,0.000750000000000028,0.000750000000000028,0,0.00149999999999995,0,-0.000750000000000028
"lm","Linear regression",1,3008,0.002,2000,400,0.0065,0.005,0.0025,0.0025,0.0025,0.0025,0,0,0.50075,0.5,0.5,0.5,0.000750000000000028,0,0
"lm","Linear regression",1,3008,0.00258309933002977,2000,400,0.0065,0,0.0025,0,0.0025,0,0,0,0.50325,0.50125,0.50125,0.5,0.002,0,-0.00124999999999997
"lm","Linear regression",1,3008,0.00333620107440012,2000,400,0.0065,0.0025,0.0025,0,0.0025,0,0,0,0.502,0.50125,0.50125,0.5,0.000750000000000028,0,-0.00124999999999997
"lm","Linear regression",1,3008,0.00430886938006377,2000,400,0.0065,0.0025,0.0025,0.0025,0.0025,0.0025,0,0,0.502,0.5,0.5,0.5,0.002,0,0
"lm","Linear regression",1,3008,0.00556511880441425,2000,400,0.0065,0.005,0.0025,0,0.0025,0,0,0,0.50075,0.50125,0.50125,0.5,-0.000499999999999945,0,-0.00124999999999997
"lm","Linear regression",1,3008,0.00718762732760925,2000,400,0.0065,0,0.0025,0,0.0025,0,5e-04,0,0.50325,0.50125,0.50125,0.50025,0.002,0,-0.001
"lm","Linear regression",1,3008,0.00928317766722556,2000,400,0.0065,0.0025,0.0025,0.0025,0.0025,0.0025,0.0035,0.0025,0.502,0.5,0.5,0.5005,0.002,0,0.000500000000000056
"lm","Linear regression",1,3008,0.0119896850063788,2000,400,0.0065,0.0075,0.0025,0,0.0025,0,0.0085,0.0225,0.4995,0.50125,0.50125,0.493,-0.00174999999999997,0,-0.00824999999999998
"lm","Linear regression",1,3008,0.0154852736536225,2000,400,0.0065,0.0275,0.0025,0.0125,0.0025,0.0125,0.021,0.085,0.4895,0.495,0.495,0.468,-0.0055,0,-0.027
"lm","Linear regression",1,3008,0.02,2000,400,0.0065,0.055,0.0025,0.02,0.0025,0.02,0.033,0.2025,0.47575,0.49125,0.49125,0.41525,-0.0155,0,-0.076
"lm","Linear regression",1,3008,0.025,2000,400,0.0065,0.075,0.0025,0.0425,0.0025,0.0425,0.0405,0.2525,0.46575,0.48,0.48,0.394,-0.01425,0,-0.086
"lm","Linear regression",1,3008,0.0666666666666667,2000,400,0.0065,0.7675,0.0025,0.6425,0.0025,0.6425,0.018,0.8875,0.1195,0.18,0.18,0.06525,-0.0605,0,-0.11475
"lm","Linear regression",1,3008,0.108333333333333,2000,400,0.0065,1,0.0025,1,0.0025,1,0.0075,1,0.00324999999999998,0.00124999999999997,0.00124999999999997,0.00375000000000003,0.002,0,0.00250000000000006
"lm","Linear regression",1,3008,0.15,2000,400,0.0065,1,0.0025,1,0.0025,1,0.005,1,0.00324999999999998,0.00124999999999997,0.00124999999999997,0.00249999999999995,0.002,0,0.00124999999999997
"lm","Linear regression",1,3008,0.191666666666667,2000,400,0.0065,1,0.0025,1,0.0025,1,0.0025,1,0.00324999999999998,0.00124999999999997,0.00124999999999997,0.00124999999999997,0.002,0,0
"lm","Linear regression",1,3008,0.233333333333333,2000,400,0.0065,1,0.0025,1,0.0025,1,0.002,1,0.00324999999999998,0.00124999999999997,0.00124999999999997,0.001,0.002,0,-0.000249999999999972
"lm","Linear regression",1,3008,0.275,2000,400,0.0065,1,0.0025,1,0.0025,1,0.0015,1,0.00324999999999998,0.00124999999999997,0.00124999999999997,0.000750000000000028,0.002,0,-0.000499999999999945
"lm","Linear regression",1,3008,0.316666666666667,2000,400,0.0065,1,0.0025,1,0.0025,1,0.001,1,0.00324999999999998,0.00124999999999997,0.00124999999999997,0.000499999999999945,0.002,0,-0.000750000000000028
"lm","Linear regression",1,3008,0.358333333333333,2000,400,0.0065,1,0.0025,1,0.0025,1,0.001,1,0.00324999999999998,0.00124999999999997,0.00124999999999997,0.000499999999999945,0.002,0,-0.000750000000000028
"lm","Linear regression",1,3008,0.4,2000,400,0.0065,1,0.0025,1,0.0025,1,0.001,1,0.00324999999999998,0.00124999999999997,0.00124999999999997,0.000499999999999945,0.002,0,-0.000750000000000028
"lm","Linear regression",1,3008,0.441666666666667,2000,400,0.0065,1,0.0025,1,0.0025,1,0.001,1,0.00324999999999998,0.00124999999999997,0.00124999999999997,0.000499999999999945,0.002,0,-0.000750000000000028
"lm","Linear regression",1,3008,0.483333333333333,2000,400,0.0065,1,0.0025,1,0.0025,1,5e-04,1,0.00324999999999998,0.00124999999999997,0.00124999999999997,0.000249999999999972,0.002,0,-0.001
"lm","Linear regression",1,3008,0.525,2000,400,0.0065,1,0.0025,1,0.0025,1,0,1,0.00324999999999998,0.00124999999999997,0.00124999999999997,0,0.002,0,-0.00124999999999997
"lm","Linear regression",1,3008,0.566666666666667,2000,400,0.0065,1,0.0025,1,0.0025,1,0,1,0.00324999999999998,0.00124999999999997,0.00124999999999997,0,0.002,0,-0.00124999999999997
"lm","Linear regression",1,3008,0.608333333333333,2000,400,0.0065,1,0.0025,1,0.0025,1,0,1,0.00324999999999998,0.00124999999999997,0.00124999999999997,0,0.002,0,-0.00124999999999997
"lm","Linear regression",1,3008,0.65,2000,400,0.0065,1,0.0025,1,0.0025,1,0,1,0.00324999999999998,0.00124999999999997,0.00124999999999997,0,0.002,0,-0.00124999999999997
"lm","Linear regression",1,3008,0.691666666666667,2000,400,0.0065,1,0.0025,1,0.0025,1,0,1,0.00324999999999998,0.00124999999999997,0.00124999999999997,0,0.002,0,-0.00124999999999997
"lm","Linear regression",1,3008,0.733333333333333,2000,400,0.0065,1,0.0025,1,0.0025,1,0,1,0.00324999999999998,0.00124999999999997,0.00124999999999997,0,0.002,0,-0.00124999999999997
"lm","Linear regression",1,3008,0.775,2000,400,0.0065,1,0.0025,1,0.0025,1,0,1,0.00324999999999998,0.00124999999999997,0.00124999999999997,0,0.002,0,-0.00124999999999997
"lm","Linear regression",1,3008,0.816666666666667,2000,400,0.0065,1,0.0025,1,0.0025,1,0,1,0.00324999999999998,0.00124999999999997,0.00124999999999997,0,0.002,0,-0.00124999999999997
"lm","Linear regression",1,3008,0.858333333333333,2000,400,0.0065,1,0.0025,1,0.0025,1,0,1,0.00324999999999998,0.00124999999999997,0.00124999999999997,0,0.002,0,-0.00124999999999997
"lm","Linear regression",1,3008,0.9,2000,400,0.0065,1,0.0025,1,0.0025,1,0,1,0.00324999999999998,0.00124999999999997,0.00124999999999997,0,0.002,0,-0.00124999999999997
"lm","Linear regression",1,3675,0.002,2000,400,0.0055,0.0025,0.002,0.0025,0.002,0.0025,0,0,0.5015,0.49975,0.49975,0.5,0.00175000000000003,0,0.000249999999999972
"lm","Linear regression",1,3675,0.00258309933002977,2000,400,0.0055,0,0.002,0,0.002,0,0,0,0.50275,0.501,0.501,0.5,0.00175000000000003,0,-0.001
"lm","Linear regression",1,3675,0.00333620107440012,2000,400,0.0055,0.0075,0.002,0.0025,0.002,0.0025,0,0,0.499,0.49975,0.49975,0.5,-0.000749999999999973,0,0.000249999999999972
"lm","Linear regression",1,3675,0.00430886938006377,2000,400,0.0055,0.0025,0.002,0,0.002,0,0,0,0.5015,0.501,0.501,0.5,0.000500000000000056,0,-0.001
"lm","Linear regression",1,3675,0.00556511880441425,2000,400,0.0055,0.0075,0.002,0.0025,0.002,0.0025,0,0,0.499,0.49975,0.49975,0.5,-0.000749999999999973,0,0.000249999999999972
"lm","Linear regression",1,3675,0.00718762732760925,2000,400,0.0055,0.0125,0.002,0.0025,0.002,0.0025,5e-04,0,0.4965,0.49975,0.49975,0.50025,-0.00324999999999998,0,0.000499999999999945
"lm","Linear regression",1,3675,0.00928317766722556,2000,400,0.0055,0.0025,0.002,0.0025,0.002,0.0025,0.003,0.0025,0.5015,0.49975,0.49975,0.50025,0.00175000000000003,0,0.000499999999999945
"lm","Linear regression",1,3675,0.0119896850063788,2000,400,0.0055,0.01,0.002,0.005,0.002,0.005,0.013,0.03,0.49775,0.4985,0.4985,0.4915,-0.000749999999999973,0,-0.00700000000000006
"lm","Linear regression",1,3675,0.0154852736536225,2000,400,0.0055,0.0175,0.002,0.0025,0.002,0.0025,0.0295,0.0975,0.494,0.49975,0.49975,0.466,-0.00574999999999998,0,-0.03375
"lm","Linear regression",1,3675,0.02,2000,400,0.0055,0.055,0.002,0.025,0.002,0.025,0.0425,0.1975,0.47525,0.4885,0.4885,0.4225,-0.01325,0,-0.066
"lm","Linear regression",1,3675,0.025,2000,400,0.0055,0.1,0.002,0.04,0.002,0.04,0.043,0.2925,0.45275,0.481,0.481,0.37525,-0.0282499999999999,0,-0.10575
"lm","Linear regression",1,3675,0.0666666666666667,2000,400,0.0055,0.8525,0.002,0.77,0.002,0.77,0.015,0.91,0.0765,0.116,0.116,0.0524999999999999,-0.0395,0,-0.0635000000000001
"lm","Linear regression",1,3675,0.108333333333333,2000,400,0.0055,1,0.002,1,0.002,1,0.006,1,0.00275000000000003,0.001,0.001,0.003,0.00175000000000003,0,0.002
"lm","Linear regression",1,3675,0.15,2000,400,0.0055,1,0.002,1,0.002,1,0.0025,1,0.00275000000000003,0.001,0.001,0.00124999999999997,0.00175000000000003,0,0.000249999999999972
"lm","Linear regression",1,3675,0.191666666666667,2000,400,0.0055,1,0.002,1,0.002,1,0.002,1,0.00275000000000003,0.001,0.001,0.001,0.00175000000000003,0,0
"lm","Linear regression",1,3675,0.233333333333333,2000,400,0.0055,1,0.002,1,0.002,1,0.0015,1,0.00275000000000003,0.001,0.001,0.000750000000000028,0.00175000000000003,0,-0.000249999999999972
"lm","Linear regression",1,3675,0.275,2000,400,0.0055,1,0.002,1,0.002,1,5e-04,1,0.00275000000000003,0.001,0.001,0.000249999999999972,0.00175000000000003,0,-0.000750000000000028
"lm","Linear regression",1,3675,0.316666666666667,2000,400,0.0055,1,0.002,1,0.002,1,0,1,0.00275000000000003,0.001,0.001,0,0.00175000000000003,0,-0.001
"lm","Linear regression",1,3675,0.358333333333333,2000,400,0.0055,1,0.002,1,0.002,1,0,1,0.00275000000000003,0.001,0.001,0,0.00175000000000003,0,-0.001
"lm","Linear regression",1,3675,0.4,2000,400,0.0055,1,0.002,1,0.002,1,0,1,0.00275000000000003,0.001,0.001,0,0.00175000000000003,0,-0.001
"lm","Linear regression",1,3675,0.441666666666667,2000,400,0.0055,1,0.002,1,0.002,1,0,1,0.00275000000000003,0.001,0.001,0,0.00175000000000003,0,-0.001
"lm","Linear regression",1,3675,0.483333333333333,2000,400,0.0055,1,0.002,1,0.002,1,0,1,0.00275000000000003,0.001,0.001,0,0.00175000000000003,0,-0.001
"lm","Linear regression",1,3675,0.525,2000,400,0.0055,1,0.002,1,0.002,1,0,1,0.00275000000000003,0.001,0.001,0,0.00175000000000003,0,-0.001
"lm","Linear regression",1,3675,0.566666666666667,2000,400,0.0055,1,0.002,1,0.002,1,0,1,0.00275000000000003,0.001,0.001,0,0.00175000000000003,0,-0.001
"lm","Linear regression",1,3675,0.608333333333333,2000,400,0.0055,1,0.002,1,0.002,1,0,1,0.00275000000000003,0.001,0.001,0,0.00175000000000003,0,-0.001
"lm","Linear regression",1,3675,0.65,2000,400,0.0055,1,0.002,1,0.002,1,0,1,0.00275000000000003,0.001,0.001,0,0.00175000000000003,0,-0.001
"lm","Linear regression",1,3675,0.691666666666667,2000,400,0.0055,1,0.002,1,0.002,1,0,1,0.00275000000000003,0.001,0.001,0,0.00175000000000003,0,-0.001
"lm","Linear regression",1,3675,0.733333333333333,2000,400,0.0055,1,0.002,1,0.002,1,0,1,0.00275000000000003,0.001,0.001,0,0.00175000000000003,0,-0.001
"lm","Linear regression",1,3675,0.775,2000,400,0.0055,1,0.002,1,0.002,1,0,1,0.00275000000000003,0.001,0.001,0,0.00175000000000003,0,-0.001
"lm","Linear regression",1,3675,0.816666666666667,2000,400,0.0055,1,0.002,1,0.002,1,0,1,0.00275000000000003,0.001,0.001,0,0.00175000000000003,0,-0.001
"lm","Linear regression",1,3675,0.858333333333333,2000,400,0.0055,1,0.002,1,0.002,1,0,1,0.00275000000000003,0.001,0.001,0,0.00175000000000003,0,-0.001
"lm","Linear regression",1,3675,0.9,2000,400,0.0055,1,0.002,1,0.002,1,0,1,0.00275000000000003,0.001,0.001,0,0.00175000000000003,0,-0.001
"lm","Linear regression",1,4489,0.002,2000,400,0.003,0.0075,0.0015,0,0.0015,0,0,0,0.49775,0.50075,0.50075,0.5,-0.00300000000000006,0,-0.000750000000000028
"lm","Linear regression",1,4489,0.00258309933002977,2000,400,0.003,0.0025,0.0015,0,0.0015,0,0,0,0.50025,0.50075,0.50075,0.5,-0.000500000000000056,0,-0.000750000000000028
"lm","Linear regression",1,4489,0.00333620107440012,2000,400,0.003,0.01,0.0015,0.005,0.0015,0.005,0,0,0.4965,0.49825,0.49825,0.5,-0.00175000000000008,0,0.00174999999999997
"lm","Linear regression",1,4489,0.00430886938006377,2000,400,0.003,0.01,0.0015,0,0.0015,0,0,0,0.4965,0.50075,0.50075,0.5,-0.00425000000000009,0,-0.000750000000000028
"lm","Linear regression",1,4489,0.00556511880441425,2000,400,0.003,0,0.0015,0,0.0015,0,0,0,0.5015,0.50075,0.50075,0.5,0.000749999999999917,0,-0.000750000000000028
"lm","Linear regression",1,4489,0.00718762732760925,2000,400,0.003,0.0125,0.0015,0.005,0.0015,0.005,0.0015,0.005,0.49525,0.49825,0.49825,0.49825,-0.00300000000000006,0,0
"lm","Linear regression",1,4489,0.00928317766722556,2000,400,0.003,0.0175,0.0015,0,0.0015,0,0.004,0.02,0.49275,0.50075,0.50075,0.492,-0.00800000000000006,0,-0.00875000000000004
"lm","Linear regression",1,4489,0.0119896850063788,2000,400,0.003,0.01,0.0015,0.0025,0.0015,0.0025,0.019,0.0575,0.4965,0.4995,0.4995,0.48075,-0.00300000000000011,0,-0.0187500000000001
"lm","Linear regression",1,4489,0.0154852736536225,2000,400,0.003,0.035,0.0015,0.0125,0.0015,0.0125,0.0315,0.105,0.484,0.4945,0.4945,0.46325,-0.0105000000000001,0,-0.03125
"lm","Linear regression",1,4489,0.02,2000,400,0.003,0.0675,0.0015,0.03,0.0015,0.03,0.0425,0.2275,0.46775,0.48575,0.48575,0.4075,-0.0180000000000001,0,-0.07825
"lm","Linear regression",1,4489,0.025,2000,400,0.003,0.1425,0.0015,0.065,0.0015,0.065,0.044,0.385,0.43025,0.46825,0.46825,0.3295,-0.0380000000000001,0,-0.13875
"lm","Linear regression",1,4489,0.0666666666666667,2000,400,0.003,0.9425,0.0015,0.8875,0.0015,0.8875,0.01,0.9725,0.0302499999999999,0.057,0.057,0.01875,-0.0267500000000001,0,-0.0382500000000001
"lm","Linear regression",1,4489,0.108333333333333,2000,400,0.003,1,0.0015,1,0.0015,1,0.0025,1,0.00149999999999995,0.000750000000000028,0.000750000000000028,0.00124999999999997,0.000749999999999917,0,0.000499999999999945
"lm","Linear regression",1,4489,0.15,2000,400,0.003,1,0.0015,1,0.0015,1,0.0015,1,0.00149999999999995,0.000750000000000028,0.000750000000000028,0.000750000000000028,0.000749999999999917,0,0
"lm","Linear regression",1,4489,0.191666666666667,2000,400,0.003,1,0.0015,1,0.0015,1,0.0015,1,0.00149999999999995,0.000750000000000028,0.000750000000000028,0.000750000000000028,0.000749999999999917,0,0
"lm","Linear regression",1,4489,0.233333333333333,2000,400,0.003,1,0.0015,1,0.0015,1,0,1,0.00149999999999995,0.000750000000000028,0.000750000000000028,0,0.000749999999999917,0,-0.000750000000000028
"lm","Linear regression",1,4489,0.275,2000,400,0.003,1,0.0015,1,0.0015,1,0,1,0.00149999999999995,0.000750000000000028,0.000750000000000028,0,0.000749999999999917,0,-0.000750000000000028
"lm","Linear regression",1,4489,0.316666666666667,2000,400,0.003,1,0.0015,1,0.0015,1,0,1,0.00149999999999995,0.000750000000000028,0.000750000000000028,0,0.000749999999999917,0,-0.000750000000000028
"lm","Linear regression",1,4489,0.358333333333333,2000,400,0.003,1,0.0015,1,0.0015,1,0,1,0.00149999999999995,0.000750000000000028,0.000750000000000028,0,0.000749999999999917,0,-0.000750000000000028
"lm","Linear regression",1,4489,0.4,2000,400,0.003,1,0.0015,1,0.0015,1,0,1,0.00149999999999995,0.000750000000000028,0.000750000000000028,0,0.000749999999999917,0,-0.000750000000000028
"lm","Linear regression",1,4489,0.441666666666667,2000,400,0.003,1,0.0015,1,0.0015,1,0,1,0.00149999999999995,0.000750000000000028,0.000750000000000028,0,0.000749999999999917,0,-0.000750000000000028
"lm","Linear regression",1,4489,0.483333333333333,2000,400,0.003,1,0.0015,1,0.0015,1,0,1,0.00149999999999995,0.000750000000000028,0.000750000000000028,0,0.000749999999999917,0,-0.000750000000000028
"lm","Linear regression",1,4489,0.525,2000,400,0.003,1,0.0015,1,0.0015,1,0,1,0.00149999999999995,0.000750000000000028,0.000750000000000028,0,0.000749999999999917,0,-0.000750000000000028
"lm","Linear regression",1,4489,0.566666666666667,2000,400,0.003,1,0.0015,1,0.0015,1,0,1,0.00149999999999995,0.000750000000000028,0.000750000000000028,0,0.000749999999999917,0,-0.000750000000000028
"lm","Linear regression",1,4489,0.608333333333333,2000,400,0.003,1,0.0015,1,0.0015,1,0,1,0.00149999999999995,0.000750000000000028,0.000750000000000028,0,0.000749999999999917,0,-0.000750000000000028
"lm","Linear regression",1,4489,0.65,2000,400,0.003,1,0.0015,1,0.0015,1,0,1,0.00149999999999995,0.000750000000000028,0.000750000000000028,0,0.000749999999999917,0,-0.000750000000000028
"lm","Linear regression",1,4489,0.691666666666667,2000,400,0.003,1,0.0015,1,0.0015,1,0,1,0.00149999999999995,0.000750000000000028,0.000750000000000028,0,0.000749999999999917,0,-0.000750000000000028
"lm","Linear regression",1,4489,0.733333333333333,2000,400,0.003,1,0.0015,1,0.0015,1,0,1,0.00149999999999995,0.000750000000000028,0.000750000000000028,0,0.000749999999999917,0,-0.000750000000000028
"lm","Linear regression",1,4489,0.775,2000,400,0.003,1,0.0015,1,0.0015,1,0,1,0.00149999999999995,0.000750000000000028,0.000750000000000028,0,0.000749999999999917,0,-0.000750000000000028
"lm","Linear regression",1,4489,0.816666666666667,2000,400,0.003,1,0.0015,1,0.0015,1,0,1,0.00149999999999995,0.000750000000000028,0.000750000000000028,0,0.000749999999999917,0,-0.000750000000000028
"lm","Linear regression",1,4489,0.858333333333333,2000,400,0.003,1,0.0015,1,0.0015,1,0,1,0.00149999999999995,0.000750000000000028,0.000750000000000028,0,0.000749999999999917,0,-0.000750000000000028
"lm","Linear regression",1,4489,0.9,2000,400,0.003,1,0.0015,1,0.0015,1,0,1,0.00149999999999995,0.000750000000000028,0.000750000000000028,0,0.000749999999999917,0,-0.000750000000000028
"lm","Linear regression",1,5484,0.002,2000,400,0.004,0.005,0.0015,0,0.0015,0,0,0,0.4995,0.50075,0.50075,0.5,-0.00125000000000003,0,-0.000750000000000028
"lm","Linear regression",1,5484,0.00258309933002977,2000,400,0.004,0.005,0.0015,0,0.0015,0,0,0,0.4995,0.50075,0.50075,0.5,-0.00125000000000003,0,-0.000750000000000028
"lm","Linear regression",1,5484,0.00333620107440012,2000,400,0.004,0,0.0015,0,0.0015,0,0,0,0.502,0.50075,0.50075,0.5,0.00124999999999997,0,-0.000750000000000028
"lm","Linear regression",1,5484,0.00430886938006377,2000,400,0.004,0.0075,0.0015,0,0.0015,0,0,0,0.49825,0.50075,0.50075,0.5,-0.0025,0,-0.000750000000000028
"lm","Linear regression",1,5484,0.00556511880441425,2000,400,0.004,0.0025,0.0015,0,0.0015,0,0,0,0.50075,0.50075,0.50075,0.5,0,0,-0.000750000000000028
"lm","Linear regression",1,5484,0.00718762732760925,2000,400,0.004,0.0125,0.0015,0.0025,0.0015,0.0025,0.0025,0.005,0.49575,0.4995,0.4995,0.49875,-0.00375000000000003,0,-0.000750000000000084
"lm","Linear regression",1,5484,0.00928317766722556,2000,400,0.004,0.0175,0.0015,0.01,0.0015,0.01,0.0135,0.0325,0.49325,0.49575,0.49575,0.4905,-0.0025,0,-0.00524999999999998
"lm","Linear regression",1,5484,0.0119896850063788,2000,400,0.004,0.04,0.0015,0.0075,0.0015,0.0075,0.026,0.09,0.482,0.497,0.497,0.468,-0.0150000000000001,0,-0.029
"lm","Linear regression",1,5484,0.0154852736536225,2000,400,0.004,0.0425,0.0015,0.0125,0.0015,0.0125,0.039,0.1825,0.48075,0.4945,0.4945,0.42825,-0.01375,0,-0.0662500000000001
"lm","Linear regression",1,5484,0.02,2000,400,0.004,0.075,0.0015,0.0275,0.0015,0.0275,0.044,0.2675,0.4645,0.487,0.487,0.38825,-0.0225,0,-0.0987500000000001
"lm","Linear regression",1,5484,0.025,2000,400,0.004,0.1675,0.0015,0.06,0.0015,0.06,0.042,0.41,0.41825,0.47075,0.47075,0.316,-0.0525,0,-0.15475
"lm","Linear regression",1,5484,0.0666666666666667,2000,400,0.004,0.985,0.0015,0.935,0.0015,0.935,0.0125,0.9875,0.00950000000000001,0.03325,0.03325,0.0125,-0.02375,0,-0.02075
"lm","Linear regression",1,5484,0.108333333333333,2000,400,0.004,1,0.0015,1,0.0015,1,0.0035,1,0.002,0.000750000000000028,0.000750000000000028,0.00175000000000003,0.00124999999999997,0,0.001
"lm","Linear regression",1,5484,0.15,2000,400,0.004,1,0.0015,1,0.0015,1,0.0015,1,0.002,0.000750000000000028,0.000750000000000028,0.000750000000000028,0.00124999999999997,0,0
"lm","Linear regression",1,5484,0.191666666666667,2000,400,0.004,1,0.0015,1,0.0015,1,0.001,1,0.002,0.000750000000000028,0.000750000000000028,0.000499999999999945,0.00124999999999997,0,-0.000250000000000083
"lm","Linear regression",1,5484,0.233333333333333,2000,400,0.004,1,0.0015,1,0.0015,1,0,1,0.002,0.000750000000000028,0.000750000000000028,0,0.00124999999999997,0,-0.000750000000000028
"lm","Linear regression",1,5484,0.275,2000,400,0.004,1,0.0015,1,0.0015,1,0,1,0.002,0.000750000000000028,0.000750000000000028,0,0.00124999999999997,0,-0.000750000000000028
"lm","Linear regression",1,5484,0.316666666666667,2000,400,0.004,1,0.0015,1,0.0015,1,0,1,0.002,0.000750000000000028,0.000750000000000028,0,0.00124999999999997,0,-0.000750000000000028
"lm","Linear regression",1,5484,0.358333333333333,2000,400,0.004,1,0.0015,1,0.0015,1,0,1,0.002,0.000750000000000028,0.000750000000000028,0,0.00124999999999997,0,-0.000750000000000028
"lm","Linear regression",1,5484,0.4,2000,400,0.004,1,0.0015,1,0.0015,1,0,1,0.002,0.000750000000000028,0.000750000000000028,0,0.00124999999999997,0,-0.000750000000000028
"lm","Linear regression",1,5484,0.441666666666667,2000,400,0.004,1,0.0015,1,0.0015,1,0,1,0.002,0.000750000000000028,0.000750000000000028,0,0.00124999999999997,0,-0.000750000000000028
"lm","Linear regression",1,5484,0.483333333333333,2000,400,0.004,1,0.0015,1,0.0015,1,0,1,0.002,0.000750000000000028,0.000750000000000028,0,0.00124999999999997,0,-0.000750000000000028
"lm","Linear regression",1,5484,0.525,2000,400,0.004,1,0.0015,1,0.0015,1,0,1,0.002,0.000750000000000028,0.000750000000000028,0,0.00124999999999997,0,-0.000750000000000028
"lm","Linear regression",1,5484,0.566666666666667,2000,400,0.004,1,0.0015,1,0.0015,1,0,1,0.002,0.000750000000000028,0.000750000000000028,0,0.00124999999999997,0,-0.000750000000000028
"lm","Linear regression",1,5484,0.608333333333333,2000,400,0.004,1,0.0015,1,0.0015,1,0,1,0.002,0.000750000000000028,0.000750000000000028,0,0.00124999999999997,0,-0.000750000000000028
"lm","Linear regression",1,5484,0.65,2000,400,0.004,1,0.0015,1,0.0015,1,0,1,0.002,0.000750000000000028,0.000750000000000028,0,0.00124999999999997,0,-0.000750000000000028
"lm","Linear regression",1,5484,0.691666666666667,2000,400,0.004,1,0.0015,1,0.0015,1,0,1,0.002,0.000750000000000028,0.000750000000000028,0,0.00124999999999997,0,-0.000750000000000028
"lm","Linear regression",1,5484,0.733333333333333,2000,400,0.004,1,0.0015,1,0.0015,1,0,1,0.002,0.000750000000000028,0.000750000000000028,0,0.00124999999999997,0,-0.000750000000000028
"lm","Linear regression",1,5484,0.775,2000,400,0.004,1,0.0015,1,0.0015,1,0,1,0.002,0.000750000000000028,0.000750000000000028,0,0.00124999999999997,0,-0.000750000000000028
"lm","Linear regression",1,5484,0.816666666666667,2000,400,0.004,1,0.0015,1,0.0015,1,0,1,0.002,0.000750000000000028,0.000750000000000028,0,0.00124999999999997,0,-0.000750000000000028
"lm","Linear regression",1,5484,0.858333333333333,2000,400,0.004,1,0.0015,1,0.0015,1,0,1,0.002,0.000750000000000028,0.000750000000000028,0,0.00124999999999997,0,-0.000750000000000028
"lm","Linear regression",1,5484,0.9,2000,400,0.004,1,0.0015,1,0.0015,1,0,1,0.002,0.000750000000000028,0.000750000000000028,0,0.00124999999999997,0,-0.000750000000000028
"lm","Linear regression",1,6700,0.002,2000,400,0.008,0.0025,0.002,0,0.002,0,0,0,0.50275,0.501,0.501,0.5,0.00175000000000003,0,-0.001
"lm","Linear regression",1,6700,0.00258309933002977,2000,400,0.008,0.015,0.002,0.0025,0.002,0.0025,0,0,0.4965,0.49975,0.49975,0.5,-0.00325000000000003,0,0.000249999999999972
"lm","Linear regression",1,6700,0.00333620107440012,2000,400,0.008,0.0025,0.002,0.0025,0.002,0.0025,0,0,0.50275,0.49975,0.49975,0.5,0.003,0,0.000249999999999972
"lm","Linear regression",1,6700,0.00430886938006377,2000,400,0.008,0.015,0.002,0.005,0.002,0.005,0,0,0.4965,0.4985,0.4985,0.5,-0.002,0,0.0015
"lm","Linear regression",1,6700,0.00556511880441425,2000,400,0.008,0.005,0.002,0,0.002,0,0.002,0,0.5015,0.501,0.501,0.501,0.000500000000000056,0,0
"lm","Linear regression",1,6700,0.00718762732760925,2000,400,0.008,0.015,0.002,0.0025,0.002,0.0025,0.0085,0.015,0.4965,0.49975,0.49975,0.49675,-0.00325000000000003,0,-0.00300000000000006
"lm","Linear regression",1,6700,0.00928317766722556,2000,400,0.008,0.015,0.002,0.005,0.002,0.005,0.0185,0.0475,0.4965,0.4985,0.4985,0.4855,-0.002,0,-0.013
"lm","Linear regression",1,6700,0.0119896850063788,2000,400,0.008,0.025,0.002,0.015,0.002,0.015,0.0355,0.105,0.4915,0.4935,0.4935,0.46525,-0.002,0,-0.0282499999999999
"lm","Linear regression",1,6700,0.0154852736536225,2000,400,0.008,0.06,0.002,0.0175,0.002,0.0175,0.047,0.1925,0.474,0.49225,0.49225,0.42725,-0.01825,0,-0.0650000000000001
"lm","Linear regression",1,6700,0.02,2000,400,0.008,0.1225,0.002,0.035,0.002,0.035,0.0495,0.305,0.44275,0.4835,0.4835,0.37225,-0.04075,0,-0.11125
"lm","Linear regression",1,6700,0.025,2000,400,0.008,0.2625,0.002,0.1425,0.002,0.1425,0.045,0.54,0.37275,0.42975,0.42975,0.2525,-0.057,0,-0.17725
"lm","Linear regression",1,6700,0.0666666666666667,2000,400,0.008,0.9925,0.002,0.975,0.002,0.975,0.0125,0.9975,0.00774999999999998,0.0135,0.0135,0.00749999999999995,-0.00575000000000003,0,-0.00600000000000006
"lm","Linear regression",1,6700,0.108333333333333,2000,400,0.008,1,0.002,1,0.002,1,0.004,1,0.004,0.001,0.001,0.002,0.003,0,0.001
"lm","Linear regression",1,6700,0.15,2000,400,0.008,1,0.002,1,0.002,1,0.002,1,0.004,0.001,0.001,0.001,0.003,0,0
"lm","Linear regression",1,6700,0.191666666666667,2000,400,0.008,1,0.002,1,0.002,1,0.002,1,0.004,0.001,0.001,0.001,0.003,0,0
"lm","Linear regression",1,6700,0.233333333333333,2000,400,0.008,1,0.002,1,0.002,1,0.0015,1,0.004,0.001,0.001,0.000750000000000028,0.003,0,-0.000249999999999972
"lm","Linear regression",1,6700,0.275,2000,400,0.008,1,0.002,1,0.002,1,0.0015,1,0.004,0.001,0.001,0.000750000000000028,0.003,0,-0.000249999999999972
"lm","Linear regression",1,6700,0.316666666666667,2000,400,0.008,1,0.002,1,0.002,1,0.001,1,0.004,0.001,0.001,0.000499999999999945,0.003,0,-0.000500000000000056
"lm","Linear regression",1,6700,0.358333333333333,2000,400,0.008,1,0.002,1,0.002,1,0.001,1,0.004,0.001,0.001,0.000499999999999945,0.003,0,-0.000500000000000056
"lm","Linear regression",1,6700,0.4,2000,400,0.008,1,0.002,1,0.002,1,0.001,1,0.004,0.001,0.001,0.000499999999999945,0.003,0,-0.000500000000000056
"lm","Linear regression",1,6700,0.441666666666667,2000,400,0.008,1,0.002,1,0.002,1,5e-04,1,0.004,0.001,0.001,0.000249999999999972,0.003,0,-0.000750000000000028
"lm","Linear regression",1,6700,0.483333333333333,2000,400,0.008,1,0.002,1,0.002,1,5e-04,1,0.004,0.001,0.001,0.000249999999999972,0.003,0,-0.000750000000000028
"lm","Linear regression",1,6700,0.525,2000,400,0.008,1,0.002,1,0.002,1,0,1,0.004,0.001,0.001,0,0.003,0,-0.001
"lm","Linear regression",1,6700,0.566666666666667,2000,400,0.008,1,0.002,1,0.002,1,0,1,0.004,0.001,0.001,0,0.003,0,-0.001
"lm","Linear regression",1,6700,0.608333333333333,2000,400,0.008,1,0.002,1,0.002,1,0,1,0.004,0.001,0.001,0,0.003,0,-0.001
"lm","Linear regression",1,6700,0.65,2000,400,0.008,1,0.002,1,0.002,1,0,1,0.004,0.001,0.001,0,0.003,0,-0.001
"lm","Linear regression",1,6700,0.691666666666667,2000,400,0.008,1,0.002,1,0.002,1,0,1,0.004,0.001,0.001,0,0.003,0,-0.001
"lm","Linear regression",1,6700,0.733333333333333,2000,400,0.008,1,0.002,1,0.002,1,0,1,0.004,0.001,0.001,0,0.003,0,-0.001
"lm","Linear regression",1,6700,0.775,2000,400,0.008,1,0.002,1,0.002,1,0,1,0.004,0.001,0.001,0,0.003,0,-0.001
"lm","Linear regression",1,6700,0.816666666666667,2000,400,0.008,1,0.002,1,0.002,1,0,1,0.004,0.001,0.001,0,0.003,0,-0.001
"lm","Linear regression",1,6700,0.858333333333333,2000,400,0.008,1,0.002,1,0.002,1,0,1,0.004,0.001,0.001,0,0.003,0,-0.001
"lm","Linear regression",1,6700,0.9,2000,400,0.008,1,0.002,1,0.002,1,0,1,0.004,0.001,0.001,0,0.003,0,-0.001
"lm","Linear regression",1,8185,0.002,2000,400,0.0035,0.0075,0.002,0,0.002,0,0,0,0.498,0.501,0.501,0.5,-0.00299999999999995,0,-0.001
"lm","Linear regression",1,8185,0.00258309933002977,2000,400,0.0035,0.0025,0.002,0,0.002,0,0,0,0.5005,0.501,0.501,0.5,-0.000499999999999945,0,-0.001
"lm","Linear regression",1,8185,0.00333620107440012,2000,400,0.0035,0.0025,0.002,0,0.002,0,0,0,0.5005,0.501,0.501,0.5,-0.000499999999999945,0,-0.001
"lm","Linear regression",1,8185,0.00430886938006377,2000,400,0.0035,0.005,0.002,0,0.002,0,0,0,0.49925,0.501,0.501,0.5,-0.00174999999999997,0,-0.001
"lm","Linear regression",1,8185,0.00556511880441425,2000,400,0.0035,0.0175,0.002,0,0.002,0,0.002,0.005,0.493,0.501,0.501,0.4985,-0.00799999999999995,0,-0.0025
"lm","Linear regression",1,8185,0.00718762732760925,2000,400,0.0035,0.0225,0.002,0.005,0.002,0.005,0.006,0.03,0.4905,0.4985,0.4985,0.488,-0.00799999999999995,0,-0.0105
"lm","Linear regression",1,8185,0.00928317766722556,2000,400,0.0035,0.0425,0.002,0.01,0.002,0.01,0.0235,0.0775,0.4805,0.496,0.496,0.473,-0.0155,0,-0.023
"lm","Linear regression",1,8185,0.0119896850063788,2000,400,0.0035,0.0525,0.002,0.0125,0.002,0.0125,0.034,0.1625,0.4755,0.49475,0.49475,0.43575,-0.01925,0,-0.059
"lm","Linear regression",1,8185,0.0154852736536225,2000,400,0.0035,0.0925,0.002,0.03,0.002,0.03,0.04,0.26,0.4555,0.486,0.486,0.39,-0.0305,0,-0.096
"lm","Linear regression",1,8185,0.02,2000,400,0.0035,0.15,0.002,0.0675,0.002,0.0675,0.039,0.43,0.42675,0.46725,0.46725,0.3045,-0.0405,0,-0.16275
"lm","Linear regression",1,8185,0.025,2000,400,0.0035,0.3025,0.002,0.16,0.002,0.1625,0.0345,0.5675,0.3505,0.421,0.41975,0.2335,-0.0705,-0.00124999999999997,-0.1875
"lm","Linear regression",1,8185,0.0666666666666667,2000,400,0.0035,0.9975,0.002,0.995,0.002,0.995,0.005,0.9975,0.003,0.0035,0.0035,0.00374999999999992,-5e-04,0,0.000249999999999917
"lm","Linear regression",1,8185,0.108333333333333,2000,400,0.0035,1,0.002,1,0.002,1,0.002,1,0.00175000000000003,0.001,0.001,0.001,0.000750000000000028,0,0
"lm","Linear regression",1,8185,0.15,2000,400,0.0035,1,0.002,1,0.002,1,0.002,1,0.00175000000000003,0.001,0.001,0.001,0.000750000000000028,0,0
"lm","Linear regression",1,8185,0.191666666666667,2000,400,0.0035,1,0.002,1,0.002,1,0.0015,1,0.00175000000000003,0.001,0.001,0.000750000000000028,0.000750000000000028,0,-0.000249999999999972
"lm","Linear regression",1,8185,0.233333333333333,2000,400,0.0035,1,0.002,1,0.002,1,0.001,1,0.00175000000000003,0.001,0.001,0.000499999999999945,0.000750000000000028,0,-0.000500000000000056
"lm","Linear regression",1,8185,0.275,2000,400,0.0035,1,0.002,1,0.002,1,0,1,0.00175000000000003,0.001,0.001,0,0.000750000000000028,0,-0.001
"lm","Linear regression",1,8185,0.316666666666667,2000,400,0.0035,1,0.002,1,0.002,1,0,1,0.00175000000000003,0.001,0.001,0,0.000750000000000028,0,-0.001
"lm","Linear regression",1,8185,0.358333333333333,2000,400,0.0035,1,0.002,1,0.002,1,0,1,0.00175000000000003,0.001,0.001,0,0.000750000000000028,0,-0.001
"lm","Linear regression",1,8185,0.4,2000,400,0.0035,1,0.002,1,0.002,1,0,1,0.00175000000000003,0.001,0.001,0,0.000750000000000028,0,-0.001
"lm","Linear regression",1,8185,0.441666666666667,2000,400,0.0035,1,0.002,1,0.002,1,0,1,0.00175000000000003,0.001,0.001,0,0.000750000000000028,0,-0.001
"lm","Linear regression",1,8185,0.483333333333333,2000,400,0.0035,1,0.002,1,0.002,1,0,1,0.00175000000000003,0.001,0.001,0,0.000750000000000028,0,-0.001
"lm","Linear regression",1,8185,0.525,2000,400,0.0035,1,0.002,1,0.002,1,0,1,0.00175000000000003,0.001,0.001,0,0.000750000000000028,0,-0.001
"lm","Linear regression",1,8185,0.566666666666667,2000,400,0.0035,1,0.002,1,0.002,1,0,1,0.00175000000000003,0.001,0.001,0,0.000750000000000028,0,-0.001
"lm","Linear regression",1,8185,0.608333333333333,2000,400,0.0035,1,0.002,1,0.002,1,0,1,0.00175000000000003,0.001,0.001,0,0.000750000000000028,0,-0.001
"lm","Linear regression",1,8185,0.65,2000,400,0.0035,1,0.002,1,0.002,1,0,1,0.00175000000000003,0.001,0.001,0,0.000750000000000028,0,-0.001
"lm","Linear regression",1,8185,0.691666666666667,2000,400,0.0035,1,0.002,1,0.002,1,0,1,0.00175000000000003,0.001,0.001,0,0.000750000000000028,0,-0.001
"lm","Linear regression",1,8185,0.733333333333333,2000,400,0.0035,1,0.002,1,0.002,1,0,1,0.00175000000000003,0.001,0.001,0,0.000750000000000028,0,-0.001
"lm","Linear regression",1,8185,0.775,2000,400,0.0035,1,0.002,1,0.002,1,0,1,0.00175000000000003,0.001,0.001,0,0.000750000000000028,0,-0.001
"lm","Linear regression",1,8185,0.816666666666667,2000,400,0.0035,1,0.002,1,0.002,1,0,1,0.00175000000000003,0.001,0.001,0,0.000750000000000028,0,-0.001
"lm","Linear regression",1,8185,0.858333333333333,2000,400,0.0035,1,0.002,1,0.002,1,0,1,0.00175000000000003,0.001,0.001,0,0.000750000000000028,0,-0.001
"lm","Linear regression",1,8185,0.9,2000,400,0.0035,1,0.002,1,0.002,1,0,1,0.00175000000000003,0.001,0.001,0,0.000750000000000028,0,-0.001
"lm","Linear regression",1,10000,0.002,2000,400,0.0075,0.0025,0.001,0,0.001,0,0,0,0.5025,0.5005,0.5005,0.5,0.00200000000000011,0,-0.000499999999999945
"lm","Linear regression",1,10000,0.00258309933002977,2000,400,0.0075,0.01,0.001,0.0025,0.001,0.0025,0,0,0.49875,0.49925,0.49925,0.5,-0.000499999999999945,0,0.000750000000000028
"lm","Linear regression",1,10000,0.00333620107440012,2000,400,0.0075,0.0025,0.001,0,0.001,0,0,0,0.5025,0.5005,0.5005,0.5,0.00200000000000011,0,-0.000499999999999945
"lm","Linear regression",1,10000,0.00430886938006377,2000,400,0.0075,0.0125,0.001,0.005,0.001,0.005,0.001,0.005,0.4975,0.498,0.498,0.498,-0.000499999999999889,0,0
"lm","Linear regression",1,10000,0.00556511880441425,2000,400,0.0075,0.005,0.001,0,0.001,0,0.0065,0.0025,0.50125,0.5005,0.5005,0.502,0.00075000000000014,0,0.00150000000000006
"lm","Linear regression",1,10000,0.00718762732760925,2000,400,0.0075,0.0175,0.001,0.005,0.001,0.005,0.013,0.035,0.495,0.498,0.498,0.489,-0.00299999999999989,0,-0.00900000000000001
"lm","Linear regression",1,10000,0.00928317766722556,2000,400,0.0075,0.035,0.001,0.0025,0.001,0.0025,0.0235,0.1,0.48625,0.49925,0.49925,0.46175,-0.013,0,-0.0374999999999999
"lm","Linear regression",1,10000,0.0119896850063788,2000,400,0.0075,0.07,0.001,0.02,0.001,0.02,0.0345,0.2275,0.46875,0.4905,0.4905,0.4035,-0.0217499999999999,0,-0.087
"lm","Linear regression",1,10000,0.0154852736536225,2000,400,0.0075,0.095,0.001,0.035,0.001,0.035,0.0395,0.3175,0.45625,0.483,0.483,0.361,-0.0267499999999999,0,-0.122
"lm","Linear regression",1,10000,0.02,2000,400,0.0075,0.2225,0.001,0.1,0.001,0.1025,0.0345,0.485,0.3925,0.4505,0.44925,0.27475,-0.0579999999999999,-0.00125000000000003,-0.17575
"lm","Linear regression",1,10000,0.025,2000,400,0.0075,0.4125,0.001,0.2275,0.001,0.2275,0.0285,0.685,0.2975,0.38675,0.38675,0.17175,-0.0892499999999999,0,-0.215
"lm","Linear regression",1,10000,0.0666666666666667,2000,400,0.0075,1,0.001,1,0.001,1,0.0075,1,0.00375000000000003,0.000499999999999945,0.000499999999999945,0.00375000000000003,0.00325000000000009,0,0.00325000000000009
"lm","Linear regression",1,10000,0.108333333333333,2000,400,0.0075,1,0.001,1,0.001,1,0.0015,1,0.00375000000000003,0.000499999999999945,0.000499999999999945,0.000750000000000028,0.00325000000000009,0,0.000250000000000083
"lm","Linear regression",1,10000,0.15,2000,400,0.0075,1,0.001,1,0.001,1,0.001,1,0.00375000000000003,0.000499999999999945,0.000499999999999945,0.000499999999999945,0.00325000000000009,0,0
"lm","Linear regression",1,10000,0.191666666666667,2000,400,0.0075,1,0.001,1,0.001,1,0.001,1,0.00375000000000003,0.000499999999999945,0.000499999999999945,0.000499999999999945,0.00325000000000009,0,0
"lm","Linear regression",1,10000,0.233333333333333,2000,400,0.0075,1,0.001,1,0.001,1,0.001,1,0.00375000000000003,0.000499999999999945,0.000499999999999945,0.000499999999999945,0.00325000000000009,0,0
"lm","Linear regression",1,10000,0.275,2000,400,0.0075,1,0.001,1,0.001,1,5e-04,1,0.00375000000000003,0.000499999999999945,0.000499999999999945,0.000249999999999972,0.00325000000000009,0,-0.000249999999999972
"lm","Linear regression",1,10000,0.316666666666667,2000,400,0.0075,1,0.001,1,0.001,1,0,1,0.00375000000000003,0.000499999999999945,0.000499999999999945,0,0.00325000000000009,0,-0.000499999999999945
"lm","Linear regression",1,10000,0.358333333333333,2000,400,0.0075,1,0.001,1,0.001,1,0,1,0.00375000000000003,0.000499999999999945,0.000499999999999945,0,0.00325000000000009,0,-0.000499999999999945
"lm","Linear regression",1,10000,0.4,2000,400,0.0075,1,0.001,1,0.001,1,0,1,0.00375000000000003,0.000499999999999945,0.000499999999999945,0,0.00325000000000009,0,-0.000499999999999945
"lm","Linear regression",1,10000,0.441666666666667,2000,400,0.0075,1,0.001,1,0.001,1,0,1,0.00375000000000003,0.000499999999999945,0.000499999999999945,0,0.00325000000000009,0,-0.000499999999999945
"lm","Linear regression",1,10000,0.483333333333333,2000,400,0.0075,1,0.001,1,0.001,1,0,1,0.00375000000000003,0.000499999999999945,0.000499999999999945,0,0.00325000000000009,0,-0.000499999999999945
"lm","Linear regression",1,10000,0.525,2000,400,0.0075,1,0.001,1,0.001,1,0,1,0.00375000000000003,0.000499999999999945,0.000499999999999945,0,0.00325000000000009,0,-0.000499999999999945
"lm","Linear regression",1,10000,0.566666666666667,2000,400,0.0075,1,0.001,1,0.001,1,0,1,0.00375000000000003,0.000499999999999945,0.000499999999999945,0,0.00325000000000009,0,-0.000499999999999945
"lm","Linear regression",1,10000,0.608333333333333,2000,400,0.0075,1,0.001,1,0.001,1,0,1,0.00375000000000003,0.000499999999999945,0.000499999999999945,0,0.00325000000000009,0,-0.000499999999999945
"lm","Linear regression",1,10000,0.65,2000,400,0.0075,1,0.001,1,0.001,1,0,1,0.00375000000000003,0.000499999999999945,0.000499999999999945,0,0.00325000000000009,0,-0.000499999999999945
"lm","Linear regression",1,10000,0.691666666666667,2000,400,0.0075,1,0.001,1,0.001,1,0,1,0.00375000000000003,0.000499999999999945,0.000499999999999945,0,0.00325000000000009,0,-0.000499999999999945
"lm","Linear regression",1,10000,0.733333333333333,2000,400,0.0075,1,0.001,1,0.001,1,0,1,0.00375000000000003,0.000499999999999945,0.000499999999999945,0,0.00325000000000009,0,-0.000499999999999945
"lm","Linear regression",1,10000,0.775,2000,400,0.0075,1,0.001,1,0.001,1,0,1,0.00375000000000003,0.000499999999999945,0.000499999999999945,0,0.00325000000000009,0,-0.000499999999999945
"lm","Linear regression",1,10000,0.816666666666667,2000,400,0.0075,1,0.001,1,0.001,1,0,1,0.00375000000000003,0.000499999999999945,0.000499999999999945,0,0.00325000000000009,0,-0.000499999999999945
"lm","Linear regression",1,10000,0.858333333333333,2000,400,0.0075,1,0.001,1,0.001,1,0,1,0.00375000000000003,0.000499999999999945,0.000499999999999945,0,0.00325000000000009,0,-0.000499999999999945
"lm","Linear regression",1,10000,0.9,2000,400,0.0075,1,0.001,1,0.001,1,0,1,0.00375000000000003,0.000499999999999945,0.000499999999999945,0,0.00325000000000009,0,-0.000499999999999945
"logistic","Logistic regression",1,100,0.002,2000,400,0.0045,0.0025,0.007,0.0025,0.0095,0.01,0,0,0.501,0.50225,0.49975,0.5,-0.00124999999999997,-0.00249999999999995,-0.00224999999999997
"logistic","Logistic regression",1,100,0.00258309933002977,2000,400,0.0045,0.005,0.007,0.0075,0.0095,0.01,0,0,0.49975,0.49975,0.49975,0.5,0,5.55111512312578e-17,0.000250000000000028
"logistic","Logistic regression",1,100,0.00333620107440012,2000,400,0.0045,0.005,0.007,0.0075,0.0095,0.0125,0,0,0.49975,0.49975,0.4985,0.5,0,-0.00124999999999992,0.000250000000000028
"logistic","Logistic regression",1,100,0.00430886938006377,2000,400,0.0045,0.0025,0.007,0.005,0.0095,0.01,0,0,0.501,0.501,0.49975,0.5,0,-0.00124999999999997,-0.001
"logistic","Logistic regression",1,100,0.00556511880441425,2000,400,0.0045,0.005,0.007,0.0075,0.0095,0.01,0,0,0.49975,0.49975,0.49975,0.5,0,5.55111512312578e-17,0.000250000000000028
"logistic","Logistic regression",1,100,0.00718762732760925,2000,400,0.0045,0,0.007,0.005,0.0095,0.0075,0,0,0.50225,0.501,0.501,0.5,0.00124999999999997,0,-0.001
"logistic","Logistic regression",1,100,0.00928317766722556,2000,400,0.0045,0.0025,0.007,0.005,0.0095,0.0075,0,0,0.501,0.501,0.501,0.5,0,0,-0.001
"logistic","Logistic regression",1,100,0.0119896850063788,2000,400,0.0045,0.005,0.007,0.01,0.0095,0.0125,0,0,0.49975,0.4985,0.4985,0.5,0.00125000000000003,1.11022302462516e-16,0.00150000000000006
"logistic","Logistic regression",1,100,0.0154852736536225,2000,400,0.0045,0.005,0.007,0.0075,0.0095,0.015,0,0,0.49975,0.49975,0.49725,0.5,0,-0.00249999999999995,0.000250000000000028
"logistic","Logistic regression",1,100,0.02,2000,400,0.0045,0.0025,0.007,0.0025,0.0095,0.0025,0,0,0.501,0.50225,0.5035,0.5,-0.00124999999999997,0.00125000000000008,-0.00224999999999997
"logistic","Logistic regression",1,100,0.025,2000,400,0.0045,0,0.007,0.005,0.0095,0.01,0,0,0.50225,0.501,0.49975,0.5,0.00124999999999997,-0.00124999999999997,-0.001
"logistic","Logistic regression",1,100,0.0666666666666667,2000,400,0.0045,0.005,0.007,0.01,0.0095,0.0175,0,0,0.49975,0.4985,0.496,0.5,0.00125000000000003,-0.00249999999999989,0.00150000000000006
"logistic","Logistic regression",1,100,0.108333333333333,2000,400,0.0045,0.01,0.007,0.0225,0.0095,0.0275,0.002,0.005,0.49725,0.49225,0.491,0.4985,0.005,-0.00124999999999992,0.00625000000000003
"logistic","Logistic regression",1,100,0.15,2000,400,0.0045,0.0075,0.007,0.015,0.0095,0.0275,0.0115,0.0325,0.4985,0.496,0.491,0.4895,0.00250000000000006,-0.00499999999999989,-0.0064999999999999
"logistic","Logistic regression",1,100,0.191666666666667,2000,400,0.0045,0.0225,0.007,0.055,0.0095,0.07,0.0225,0.1175,0.491,0.476,0.46975,0.4525,0.0150000000000001,-0.00624999999999992,-0.0234999999999999
"logistic","Logistic regression",1,100,0.233333333333333,2000,400,0.0045,0.03,0.007,0.04,0.0095,0.0575,0.0315,0.1425,0.48725,0.4835,0.476,0.4445,0.00375000000000003,-0.0074999999999999,-0.0389999999999999
"logistic","Logistic regression",1,100,0.275,2000,400,0.0045,0.0525,0.007,0.07,0.0095,0.09,0.0365,0.1875,0.476,0.4685,0.45975,0.4245,0.00750000000000006,-0.00874999999999987,-0.0439999999999999
"logistic","Logistic regression",1,100,0.316666666666667,2000,400,0.0045,0.0525,0.007,0.095,0.0095,0.1325,0.0375,0.3275,0.476,0.456,0.4385,0.355,0.02,-0.0175,-0.101
"logistic","Logistic regression",1,100,0.358333333333333,2000,400,0.0045,0.115,0.007,0.15,0.0095,0.19,0.0365,0.355,0.44475,0.4285,0.40975,0.34075,0.01625,-0.0187499999999999,-0.0877499999999999
"logistic","Logistic regression",1,100,0.4,2000,400,0.0045,0.145,0.007,0.185,0.0095,0.2425,0.0335,0.435,0.42975,0.411,0.3835,0.29925,0.01875,-0.0274999999999999,-0.11175
"logistic","Logistic regression",1,100,0.441666666666667,2000,400,0.0045,0.2075,0.007,0.2875,0.0095,0.3375,0.0295,0.5275,0.3985,0.35975,0.336,0.251,0.03875,-0.0237499999999999,-0.10875
"logistic","Logistic regression",1,100,0.483333333333333,2000,400,0.0045,0.225,0.007,0.2925,0.0095,0.33,0.025,0.515,0.38975,0.35725,0.33975,0.255,0.0325,-0.0175,-0.10225
"logistic","Logistic regression",1,100,0.525,2000,400,0.0045,0.29,0.007,0.4,0.0095,0.45,0.0235,0.58,0.35725,0.3035,0.27975,0.22175,0.05375,-0.0237499999999999,-0.0817499999999999
"logistic","Logistic regression",1,100,0.566666666666667,2000,400,0.0045,0.3725,0.007,0.4575,0.0095,0.53,0.0215,0.6875,0.316,0.27475,0.23975,0.167,0.04125,-0.0349999999999999,-0.10775
"logistic","Logistic regression",1,100,0.608333333333333,2000,400,0.0045,0.4525,0.007,0.55,0.0095,0.6075,0.019,0.7075,0.276,0.2285,0.201,0.15575,0.0475,-0.0274999999999999,-0.07275
"logistic","Logistic regression",1,100,0.65,2000,400,0.0045,0.4975,0.007,0.5875,0.0095,0.6575,0.0175,0.755,0.2535,0.20975,0.176,0.13125,0.04375,-0.0337499999999999,-0.0784999999999999
"logistic","Logistic regression",1,100,0.691666666666667,2000,400,0.0045,0.5525,0.007,0.6575,0.0095,0.7125,0.0145,0.7625,0.226,0.17475,0.1485,0.126,0.05125,-0.0262499999999999,-0.04875
"logistic","Logistic regression",1,100,0.733333333333333,2000,400,0.0045,0.66,0.007,0.7075,0.0095,0.7525,0.0135,0.815,0.17225,0.14975,0.1285,0.0992500000000001,0.0225,-0.0212499999999999,-0.0504999999999999
"logistic","Logistic regression",1,100,0.775,2000,400,0.0045,0.7275,0.007,0.78,0.0095,0.825,0.0125,0.86,0.1385,0.1135,0.09225,0.07625,0.025,-0.0212499999999999,-0.03725
"logistic","Logistic regression",1,100,0.816666666666667,2000,400,0.0045,0.765,0.007,0.8325,0.0095,0.8675,0.0115,0.8875,0.11975,0.0872499999999999,0.071,0.062,0.0325,-0.0162499999999999,-0.0252499999999999
"logistic","Logistic regression",1,100,0.858333333333333,2000,400,0.0045,0.7875,0.007,0.8475,0.0095,0.89,0.011,0.8975,0.1085,0.0797499999999999,0.05975,0.05675,0.0287500000000001,-0.0199999999999999,-0.023
"logistic","Logistic regression",1,100,0.9,2000,400,0.0045,0.8625,0.007,0.9,0.0095,0.93,0.0105,0.9275,0.071,0.0534999999999999,0.03975,0.0415,0.0175,-0.0137499999999999,-0.012
"logistic","Logistic regression",1,122,0.002,2000,400,0.002,0.005,0.0035,0.0125,0.0065,0.015,0,0,0.4985,0.4955,0.49575,0.5,0.00299999999999995,0.000249999999999917,0.00449999999999995
"logistic","Logistic regression",1,122,0.00258309933002977,2000,400,0.002,0.0125,0.0035,0.015,0.0065,0.02,0,0,0.49475,0.49425,0.49325,0.5,5e-04,-0.00100000000000006,0.00574999999999998
"logistic","Logistic regression",1,122,0.00333620107440012,2000,400,0.002,0.005,0.0035,0.005,0.0065,0.0075,0,0,0.4985,0.49925,0.4995,0.5,-0.000750000000000028,0.000249999999999972,0.000749999999999973
"logistic","Logistic regression",1,122,0.00430886938006377,2000,400,0.002,0.0025,0.0035,0.005,0.0065,0.005,0,0,0.49975,0.49925,0.50075,0.5,5e-04,0.0015,0.000749999999999973
"logistic","Logistic regression",1,122,0.00556511880441425,2000,400,0.002,0,0.0035,0.0025,0.0065,0.0025,0,0,0.501,0.5005,0.502,0.5,0.000499999999999945,0.00149999999999995,-0.000500000000000056
"logistic","Logistic regression",1,122,0.00718762732760925,2000,400,0.002,0.01,0.0035,0.0125,0.0065,0.0175,0,0,0.496,0.4955,0.4945,0.5,0.000499999999999945,-0.00100000000000006,0.00449999999999995
"logistic","Logistic regression",1,122,0.00928317766722556,2000,400,0.002,0.005,0.0035,0.0075,0.0065,0.0175,0,0,0.4985,0.498,0.4945,0.5,0.000499999999999945,-0.00350000000000006,0.00199999999999995
"logistic","Logistic regression",1,122,0.0119896850063788,2000,400,0.002,0,0.0035,0,0.0065,0,0,0,0.501,0.50175,0.50325,0.5,-0.000750000000000028,0.00149999999999995,-0.00175000000000003
"logistic","Logistic regression",1,122,0.0154852736536225,2000,400,0.002,0.0025,0.0035,0.005,0.0065,0.01,0,0,0.49975,0.49925,0.49825,0.5,5e-04,-0.00100000000000006,0.000749999999999973
"logistic","Logistic regression",1,122,0.02,2000,400,0.002,0.0075,0.0035,0.01,0.0065,0.0125,0,0,0.49725,0.49675,0.497,0.5,5e-04,0.000249999999999972,0.00324999999999998
"logistic","Logistic regression",1,122,0.025,2000,400,0.002,0.005,0.0035,0.0075,0.0065,0.0125,0,0,0.4985,0.498,0.497,0.5,0.000499999999999945,-0.00100000000000006,0.00199999999999995
"logistic","Logistic regression",1,122,0.0666666666666667,2000,400,0.002,0.0075,0.0035,0.0175,0.0065,0.0225,0,0,0.49725,0.493,0.492,0.5,0.00424999999999998,-0.00100000000000006,0.00699999999999995
"logistic","Logistic regression",1,122,0.108333333333333,2000,400,0.002,0.01,0.0035,0.02,0.0065,0.0275,0.002,0.01,0.496,0.49175,0.4895,0.496,0.00424999999999998,-0.00225000000000003,0.00424999999999998
"logistic","Logistic regression",1,122,0.15,2000,400,0.002,0.02,0.0035,0.0275,0.0065,0.0375,0.018,0.075,0.491,0.488,0.4845,0.4715,0.00299999999999995,-0.00350000000000006,-0.0165
"logistic","Logistic regression",1,122,0.191666666666667,2000,400,0.002,0.035,0.0035,0.0525,0.0065,0.07,0.0275,0.1625,0.4835,0.4755,0.46825,0.4325,0.00799999999999995,-0.00725000000000009,-0.043
"logistic","Logistic regression",1,122,0.233333333333333,2000,400,0.002,0.035,0.0035,0.0525,0.0065,0.075,0.035,0.2,0.4835,0.4755,0.46575,0.4175,0.00799999999999995,-0.00975000000000004,-0.058
"logistic","Logistic regression",1,122,0.275,2000,400,0.002,0.0575,0.0035,0.0875,0.0065,0.1225,0.0395,0.3025,0.47225,0.458,0.442,0.3685,0.01425,-0.0160000000000001,-0.0895
"logistic","Logistic regression",1,122,0.316666666666667,2000,400,0.002,0.11,0.0035,0.1325,0.0065,0.17,0.0375,0.3775,0.446,0.4355,0.41825,0.33,0.0105,-0.01725,-0.1055
"logistic","Logistic regression",1,122,0.358333333333333,2000,400,0.002,0.175,0.0035,0.2075,0.0065,0.255,0.0335,0.4825,0.4135,0.398,0.37575,0.2755,0.0155,-0.02225,-0.1225
"logistic","Logistic regression",1,122,0.4,2000,400,0.002,0.2175,0.0035,0.2625,0.0065,0.3,0.03,0.455,0.39225,0.3705,0.35325,0.2875,0.0217499999999999,-0.0172500000000001,-0.0830000000000001
"logistic","Logistic regression",1,122,0.441666666666667,2000,400,0.002,0.2875,0.0035,0.35,0.0065,0.415,0.0275,0.6025,0.35725,0.32675,0.29575,0.2125,0.0305,-0.0310000000000001,-0.11425
"logistic","Logistic regression",1,122,0.483333333333333,2000,400,0.002,0.39,0.0035,0.4525,0.0065,0.5075,0.0255,0.65,0.306,0.2755,0.2495,0.18775,0.0305,-0.026,-0.08775
"logistic","Logistic regression",1,122,0.525,2000,400,0.002,0.4325,0.0035,0.505,0.0065,0.58,0.0215,0.73,0.28475,0.24925,0.21325,0.14575,0.0355,-0.036,-0.1035
"logistic","Logistic regression",1,122,0.566666666666667,2000,400,0.002,0.52,0.0035,0.5875,0.0065,0.6275,0.02,0.7475,0.241,0.208,0.1895,0.13625,0.033,-0.0185,-0.07175
"logistic","Logistic regression",1,122,0.608333333333333,2000,400,0.002,0.565,0.0035,0.655,0.0065,0.72,0.0195,0.82,0.2185,0.17425,0.14325,0.0997500000000001,0.04425,-0.031,-0.0745
"logistic","Logistic regression",1,122,0.65,2000,400,0.002,0.66,0.0035,0.725,0.0065,0.755,0.017,0.8175,0.171,0.13925,0.12575,0.09975,0.0317499999999999,-0.0135000000000001,-0.0395000000000001
"logistic","Logistic regression",1,122,0.691666666666667,2000,400,0.002,0.735,0.0035,0.8,0.0065,0.8525,0.016,0.9,0.1335,0.10175,0.077,0.058,0.03175,-0.02475,-0.04375
"logistic","Logistic regression",1,122,0.733333333333333,2000,400,0.002,0.7975,0.0035,0.84,0.0065,0.8675,0.012,0.89,0.10225,0.08175,0.0695,0.061,0.0205,-0.0122500000000001,-0.02075
"logistic","Logistic regression",1,122,0.775,2000,400,0.002,0.8375,0.0035,0.8775,0.0065,0.91,0.0105,0.9325,0.08225,0.063,0.04825,0.039,0.0192499999999999,-0.0147500000000001,-0.0240000000000001
"logistic","Logistic regression",1,122,0.816666666666667,2000,400,0.002,0.8925,0.0035,0.9225,0.0065,0.94,0.0095,0.945,0.05475,0.0405,0.03325,0.0322500000000001,0.01425,-0.00725000000000003,-0.00824999999999998
"logistic","Logistic regression",1,122,0.858333333333333,2000,400,0.002,0.9425,0.0035,0.9575,0.0065,0.9675,0.0075,0.9675,0.02975,0.023,0.0195,0.02,0.00674999999999998,-0.00350000000000006,-0.003
"logistic","Logistic regression",1,122,0.9,2000,400,0.002,0.95,0.0035,0.97,0.0065,0.9825,0.0065,0.9825,0.026,0.01675,0.012,0.012,0.00924999999999998,-0.00475000000000009,-0.00475000000000009
"logistic","Logistic regression",1,149,0.002,2000,400,0.0015,0.0025,0.0035,0.0075,0.0055,0.0075,0,0,0.4995,0.498,0.499,0.5,0.0015,0.001,0.00199999999999995
"logistic","Logistic regression",1,149,0.00258309933002977,2000,400,0.0015,0.005,0.0035,0.005,0.0055,0.0075,0,0,0.49825,0.49925,0.499,0.5,-0.001,-0.000249999999999972,0.000749999999999973
"logistic","Logistic regression",1,149,0.00333620107440012,2000,400,0.0015,0,0.0035,0.0025,0.0055,0.0025,0,0,0.50075,0.5005,0.5015,0.5,0.000249999999999972,0.001,-0.000500000000000056
"logistic","Logistic regression",1,149,0.00430886938006377,2000,400,0.0015,0.0025,0.0035,0.0025,0.0055,0.0025,0,0,0.4995,0.5005,0.5015,0.5,-0.001,0.001,-0.000500000000000056
"logistic","Logistic regression",1,149,0.00556511880441425,2000,400,0.0015,0.005,0.0035,0.005,0.0055,0.0125,0,0,0.49825,0.49925,0.4965,0.5,-0.001,-0.00274999999999997,0.000749999999999973
"logistic","Logistic regression",1,149,0.00718762732760925,2000,400,0.0015,0.005,0.0035,0.005,0.0055,0.005,0,0,0.49825,0.49925,0.50025,0.5,-0.001,0.00100000000000006,0.000749999999999973
"logistic","Logistic regression",1,149,0.00928317766722556,2000,400,0.0015,0.0075,0.0035,0.0075,0.0055,0.0075,0,0,0.497,0.498,0.499,0.5,-0.001,0.001,0.00199999999999995
"logistic","Logistic regression",1,149,0.0119896850063788,2000,400,0.0015,0,0.0035,0,0.0055,0.0075,0,0,0.50075,0.50175,0.499,0.5,-0.001,-0.00274999999999997,-0.00175000000000003
"logistic","Logistic regression",1,149,0.0154852736536225,2000,400,0.0015,0.0025,0.0035,0.005,0.0055,0.005,0,0,0.4995,0.49925,0.50025,0.5,0.000250000000000028,0.00100000000000006,0.000749999999999973
"logistic","Logistic regression",1,149,0.02,2000,400,0.0015,0.0025,0.0035,0.005,0.0055,0.005,0,0,0.4995,0.49925,0.50025,0.5,0.000250000000000028,0.00100000000000006,0.000749999999999973
"logistic","Logistic regression",1,149,0.025,2000,400,0.0015,0.005,0.0035,0.005,0.0055,0.01,0,0,0.49825,0.49925,0.49775,0.5,-0.001,-0.0015,0.000749999999999973
"logistic","Logistic regression",1,149,0.0666666666666667,2000,400,0.0015,0.0125,0.0035,0.0125,0.0055,0.015,0,0,0.4945,0.4955,0.49525,0.5,-0.001,-0.000250000000000028,0.00449999999999995
"logistic","Logistic regression",1,149,0.108333333333333,2000,400,0.0015,0.0175,0.0035,0.0175,0.0055,0.02,0.005,0.02,0.492,0.493,0.49275,0.4925,-0.001,-0.000250000000000028,-0.000500000000000111
"logistic","Logistic regression",1,149,0.15,2000,400,0.0015,0.0275,0.0035,0.035,0.0055,0.0475,0.02,0.0925,0.487,0.48425,0.479,0.46375,0.00275000000000003,-0.00524999999999998,-0.0205
"logistic","Logistic regression",1,149,0.191666666666667,2000,400,0.0015,0.07,0.0035,0.0875,0.0055,0.1,0.03,0.18,0.46575,0.458,0.45275,0.425,0.00774999999999998,-0.00524999999999998,-0.033
"logistic","Logistic regression",1,149,0.233333333333333,2000,400,0.0015,0.0775,0.0035,0.0925,0.0055,0.1175,0.035,0.2575,0.462,0.4555,0.444,0.38875,0.00650000000000001,-0.0115,-0.0667500000000001
"logistic","Logistic regression",1,149,0.275,2000,400,0.0015,0.085,0.0035,0.115,0.0055,0.13,0.035,0.335,0.45825,0.44425,0.43775,0.35,0.014,-0.00650000000000001,-0.09425
"logistic","Logistic regression",1,149,0.316666666666667,2000,400,0.0015,0.155,0.0035,0.185,0.0055,0.225,0.0335,0.415,0.42325,0.40925,0.39025,0.30925,0.014,-0.019,-0.1
"logistic","Logistic regression",1,149,0.358333333333333,2000,400,0.0015,0.205,0.0035,0.2375,0.0055,0.265,0.028,0.4725,0.39825,0.383,0.37025,0.27775,0.01525,-0.01275,-0.10525
"logistic","Logistic regression",1,149,0.4,2000,400,0.0015,0.27,0.0035,0.3175,0.0055,0.37,0.0235,0.5775,0.36575,0.343,0.31775,0.223,0.02275,-0.02525,-0.12
"logistic","Logistic regression",1,149,0.441666666666667,2000,400,0.0015,0.37,0.0035,0.435,0.0055,0.495,0.0215,0.6325,0.31575,0.28425,0.25525,0.1945,0.0315,-0.029,-0.0897499999999999
"logistic","Logistic regression",1,149,0.483333333333333,2000,400,0.0015,0.5275,0.0035,0.57,0.0055,0.61,0.02,0.735,0.237,0.21675,0.19775,0.1425,0.02025,-0.019,-0.07425
"logistic","Logistic regression",1,149,0.525,2000,400,0.0015,0.57,0.0035,0.625,0.0055,0.655,0.018,0.7675,0.21575,0.18925,0.17525,0.12525,0.0265,-0.014,-0.064
"logistic","Logistic regression",1,149,0.566666666666667,2000,400,0.0015,0.62,0.0035,0.6625,0.0055,0.7075,0.017,0.81,0.19075,0.1705,0.149,0.1035,0.02025,-0.0215,-0.0670000000000001
"logistic","Logistic regression",1,149,0.608333333333333,2000,400,0.0015,0.73,0.0035,0.775,0.0055,0.81,0.015,0.865,0.13575,0.11425,0.09775,0.075,0.0215,-0.0165,-0.0392500000000001
"logistic","Logistic regression",1,149,0.65,2000,400,0.0015,0.7575,0.0035,0.8075,0.0055,0.85,0.013,0.8875,0.122,0.098,0.07775,0.06275,0.024,-0.02025,-0.0352500000000001
"logistic","Logistic regression",1,149,0.691666666666667,2000,400,0.0015,0.8675,0.0035,0.8825,0.0055,0.905,0.0115,0.9275,0.067,0.0605,0.05025,0.042,0.00649999999999995,-0.01025,-0.0185
"logistic","Logistic regression",1,149,0.733333333333333,2000,400,0.0015,0.885,0.0035,0.905,0.0055,0.92,0.01,0.9275,0.05825,0.04925,0.04275,0.04125,0.00900000000000001,-0.00650000000000001,-0.00800000000000001
"logistic","Logistic regression",1,149,0.775,2000,400,0.0015,0.9325,0.0035,0.9525,0.0055,0.9675,0.008,0.97,0.0345,0.0255,0.019,0.019,0.00900000000000001,-0.00650000000000001,-0.00650000000000001
"logistic","Logistic regression",1,149,0.816666666666667,2000,400,0.0015,0.955,0.0035,0.9675,0.0055,0.97,0.006,0.97,0.02325,0.018,0.01775,0.018,0.00525000000000003,-0.000249999999999972,0
"logistic","Logistic regression",1,149,0.858333333333333,2000,400,0.0015,0.975,0.0035,0.98,0.0055,0.9825,0.005,0.9825,0.01325,0.01175,0.0115,0.0112499999999999,0.0015,-0.000250000000000028,-0.000500000000000111
"logistic","Logistic regression",1,149,0.9,2000,400,0.0015,0.9825,0.0035,0.99,0.0055,0.9925,0.004,0.99,0.00950000000000001,0.00675000000000003,0.00650000000000001,0.00700000000000001,0.00274999999999997,-0.000250000000000028,0.000249999999999972
"logistic","Logistic regression",1,182,0.002,2000,400,0.0055,0.0025,0.0065,0.0025,0.007,0.0025,0,0,0.5015,0.502,0.50225,0.5,-0.000499999999999945,0.000249999999999972,-0.002
"logistic","Logistic regression",1,182,0.00258309933002977,2000,400,0.0055,0,0.0065,0,0.007,0,0,0,0.50275,0.50325,0.5035,0.5,-0.000499999999999945,0.000249999999999972,-0.00324999999999998
"logistic","Logistic regression",1,182,0.00333620107440012,2000,400,0.0055,0.01,0.0065,0.0125,0.007,0.0175,0,0,0.49775,0.497,0.49475,0.5,0.000750000000000028,-0.00225000000000003,0.003
"logistic","Logistic regression",1,182,0.00430886938006377,2000,400,0.0055,0.015,0.0065,0.015,0.007,0.015,0,0,0.49525,0.49575,0.496,0.5,-0.000499999999999945,0.000249999999999972,0.00425000000000003
"logistic","Logistic regression",1,182,0.00556511880441425,2000,400,0.0055,0.005,0.0065,0.005,0.007,0.0075,0,0,0.50025,0.50075,0.49975,0.5,-0.000499999999999945,-0.00100000000000006,-0.000750000000000028
"logistic","Logistic regression",1,182,0.00718762732760925,2000,400,0.0055,0.0075,0.0065,0.0075,0.007,0.0075,0,0,0.499,0.4995,0.49975,0.5,-0.000499999999999945,0.000249999999999972,5e-04
"logistic","Logistic regression",1,182,0.00928317766722556,2000,400,0.0055,0.005,0.0065,0.0075,0.007,0.01,0,0,0.50025,0.4995,0.4985,0.5,0.000750000000000084,-0.00100000000000006,5e-04
"logistic","Logistic regression",1,182,0.0119896850063788,2000,400,0.0055,0,0.0065,0,0.007,0,0,0,0.50275,0.50325,0.5035,0.5,-0.000499999999999945,0.000249999999999972,-0.00324999999999998
"logistic","Logistic regression",1,182,0.0154852736536225,2000,400,0.0055,0.0025,0.0065,0.0025,0.007,0.0025,0,0,0.5015,0.502,0.50225,0.5,-0.000499999999999945,0.000249999999999972,-0.002
"logistic","Logistic regression",1,182,0.02,2000,400,0.0055,0.0075,0.0065,0.0075,0.007,0.01,0,0,0.499,0.4995,0.4985,0.5,-0.000499999999999945,-0.00100000000000006,5e-04
"logistic","Logistic regression",1,182,0.025,2000,400,0.0055,0,0.0065,0,0.007,0.0025,0,0,0.50275,0.50325,0.50225,0.5,-0.000499999999999945,-0.001,-0.00324999999999998
"logistic","Logistic regression",1,182,0.0666666666666667,2000,400,0.0055,0.0075,0.0065,0.0075,0.007,0.0075,5e-04,0.0025,0.499,0.4995,0.49975,0.499,-0.000499999999999945,0.000249999999999972,-5e-04
"logistic","Logistic regression",1,182,0.108333333333333,2000,400,0.0055,0.015,0.0065,0.02,0.007,0.03,0.011,0.04,0.49525,0.49325,0.4885,0.4855,0.00200000000000006,-0.00475000000000003,-0.00775000000000003
"logistic","Logistic regression",1,182,0.15,2000,400,0.0055,0.025,0.0065,0.0275,0.007,0.0375,0.03,0.115,0.49025,0.4895,0.48475,0.4575,0.000750000000000028,-0.00475000000000003,-0.032
"logistic","Logistic regression",1,182,0.191666666666667,2000,400,0.0055,0.0575,0.0065,0.065,0.007,0.08,0.0385,0.2,0.474,0.47075,0.4635,0.41925,0.00325000000000003,-0.00725000000000003,-0.0515
"logistic","Logistic regression",1,182,0.233333333333333,2000,400,0.0055,0.11,0.0065,0.1275,0.007,0.1375,0.039,0.3225,0.44775,0.4395,0.43475,0.35825,0.00825000000000004,-0.00475000000000003,-0.08125
"logistic","Logistic regression",1,182,0.275,2000,400,0.0055,0.1175,0.0065,0.125,0.007,0.1525,0.0385,0.365,0.444,0.44075,0.42725,0.33675,0.00325000000000009,-0.0135,-0.104
"logistic","Logistic regression",1,182,0.316666666666667,2000,400,0.0055,0.2325,0.0065,0.2525,0.007,0.305,0.035,0.49,0.3865,0.377,0.351,0.2725,0.00950000000000001,-0.026,-0.1045
"logistic","Logistic regression",1,182,0.358333333333333,2000,400,0.0055,0.2725,0.0065,0.3075,0.007,0.3475,0.033,0.6075,0.3665,0.3495,0.32975,0.21275,0.0170000000000001,-0.01975,-0.13675
"logistic","Logistic regression",1,182,0.4,2000,400,0.0055,0.3875,0.0065,0.42,0.007,0.4525,0.0265,0.665,0.309,0.29325,0.27725,0.18075,0.01575,-0.0160000000000001,-0.1125
"logistic","Logistic regression",1,182,0.441666666666667,2000,400,0.0055,0.5275,0.0065,0.5525,0.007,0.5875,0.023,0.7275,0.239,0.227,0.20975,0.14775,0.0120000000000001,-0.01725,-0.07925
"logistic","Logistic regression",1,182,0.483333333333333,2000,400,0.0055,0.6175,0.0065,0.6575,0.007,0.6825,0.0185,0.7975,0.194,0.1745,0.16225,0.1105,0.0195,-0.01225,-0.064
"logistic","Logistic regression",1,182,0.525,2000,400,0.0055,0.7,0.0065,0.7325,0.007,0.7575,0.017,0.86,0.15275,0.137,0.12475,0.0785,0.0157500000000001,-0.01225,-0.0585
"logistic","Logistic regression",1,182,0.566666666666667,2000,400,0.0055,0.795,0.0065,0.83,0.007,0.8475,0.0155,0.8875,0.10525,0.08825,0.0797499999999999,0.0640000000000001,0.017,-0.00850000000000006,-0.0242499999999999
"logistic","Logistic regression",1,182,0.608333333333333,2000,400,0.0055,0.8325,0.0065,0.8425,0.007,0.88,0.0125,0.91,0.0865,0.082,0.0635,0.05125,0.00450000000000006,-0.0185,-0.03075
"logistic","Logistic regression",1,182,0.65,2000,400,0.0055,0.865,0.0065,0.89,0.007,0.9075,0.0105,0.945,0.07025,0.05825,0.04975,0.03275,0.0120000000000001,-0.00850000000000001,-0.0255
"logistic","Logistic regression",1,182,0.691666666666667,2000,400,0.0055,0.9275,0.0065,0.94,0.007,0.9475,0.009,0.96,0.039,0.03325,0.0297499999999999,0.0245,0.00575000000000003,-0.00350000000000006,-0.00875000000000004
"logistic","Logistic regression",1,182,0.733333333333333,2000,400,0.0055,0.945,0.0065,0.9575,0.007,0.9625,0.009,0.9675,0.0302500000000001,0.0245,0.0222499999999999,0.0207499999999999,0.00575000000000009,-0.00225000000000003,-0.00375000000000003
"logistic","Logistic regression",1,182,0.775,2000,400,0.0055,0.9775,0.0065,0.98,0.007,0.985,0.0085,0.9875,0.014,0.01325,0.011,0.0105,0.000750000000000028,-0.00225000000000003,-0.00275000000000003
"logistic","Logistic regression",1,182,0.816666666666667,2000,400,0.0055,0.9825,0.0065,0.9875,0.007,0.995,0.007,0.995,0.0115,0.00949999999999995,0.00599999999999995,0.00599999999999995,0.00200000000000006,-0.0035,-0.0035
"logistic","Logistic regression",1,182,0.858333333333333,2000,400,0.0055,0.985,0.0065,0.9875,0.007,0.99,0.007,0.99,0.01025,0.00949999999999995,0.00849999999999995,0.00849999999999995,0.000750000000000084,-0.001,-0.001
"logistic","Logistic regression",1,182,0.9,2000,400,0.0055,1,0.0065,1,0.007,1,0.0065,1,0.00275000000000003,0.00324999999999998,0.00349999999999995,0.00324999999999998,-0.000499999999999945,0.000249999999999972,0
"logistic","Logistic regression",1,223,0.002,2000,400,0.004,0.0025,0.005,0.0025,0.006,0.0025,0,0,0.50075,0.50125,0.50175,0.5,-0.000499999999999945,0.000500000000000056,-0.00124999999999997
"logistic","Logistic regression",1,223,0.00258309933002977,2000,400,0.004,0,0.005,0,0.006,0.0025,0,0,0.502,0.5025,0.50175,0.5,-0.000499999999999945,-0.000749999999999917,-0.00249999999999995
"logistic","Logistic regression",1,223,0.00333620107440012,2000,400,0.004,0.005,0.005,0.005,0.006,0.0075,0,0,0.4995,0.5,0.49925,0.5,-0.000499999999999945,-0.000749999999999917,5.55111512312578e-17
"logistic","Logistic regression",1,223,0.00430886938006377,2000,400,0.004,0.0075,0.005,0.0075,0.006,0.0075,0,0,0.49825,0.49875,0.49925,0.5,-0.000499999999999945,0.000500000000000056,0.00125000000000003
"logistic","Logistic regression",1,223,0.00556511880441425,2000,400,0.004,0.0025,0.005,0.0025,0.006,0.005,0,0,0.50075,0.50125,0.5005,0.5,-0.000499999999999945,-0.000749999999999917,-0.00124999999999997
"logistic","Logistic regression",1,223,0.00718762732760925,2000,400,0.004,0.0075,0.005,0.0075,0.006,0.01,0,0,0.49825,0.49875,0.498,0.5,-0.000499999999999945,-0.000749999999999973,0.00125000000000003
"logistic","Logistic regression",1,223,0.00928317766722556,2000,400,0.004,0.0025,0.005,0.0025,0.006,0.005,0,0,0.50075,0.50125,0.5005,0.5,-0.000499999999999945,-0.000749999999999917,-0.00124999999999997
"logistic","Logistic regression",1,223,0.0119896850063788,2000,400,0.004,0,0.005,0,0.006,0.0025,0,0,0.502,0.5025,0.50175,0.5,-0.000499999999999945,-0.000749999999999917,-0.00249999999999995
"logistic","Logistic regression",1,223,0.0154852736536225,2000,400,0.004,0.0075,0.005,0.01,0.006,0.01,0,0,0.49825,0.4975,0.498,0.5,0.000750000000000084,0.000500000000000056,0.00250000000000006
"logistic","Logistic regression",1,223,0.02,2000,400,0.004,0,0.005,0,0.006,0,0,0,0.502,0.5025,0.503,0.5,-0.000499999999999945,0.000500000000000056,-0.00249999999999995
"logistic","Logistic regression",1,223,0.025,2000,400,0.004,0.005,0.005,0.005,0.006,0.01,0,0,0.4995,0.5,0.498,0.5,-0.000499999999999945,-0.00199999999999995,5.55111512312578e-17
"logistic","Logistic regression",1,223,0.0666666666666667,2000,400,0.004,0.01,0.005,0.01,0.006,0.01,0,0.0075,0.497,0.4975,0.498,0.49625,-0.000499999999999945,0.000500000000000056,-0.00124999999999992
"logistic","Logistic regression",1,223,0.108333333333333,2000,400,0.004,0.0125,0.005,0.0125,0.006,0.0225,0.015,0.04,0.49575,0.49625,0.49175,0.4875,-0.000499999999999945,-0.00449999999999995,-0.00875000000000004
"logistic","Logistic regression",1,223,0.15,2000,400,0.004,0.045,0.005,0.0525,0.006,0.06,0.0355,0.21,0.4795,0.47625,0.473,0.41275,0.00325000000000003,-0.00324999999999998,-0.0634999999999999
"logistic","Logistic regression",1,223,0.191666666666667,2000,400,0.004,0.08,0.005,0.0875,0.006,0.09,0.04,0.2225,0.462,0.45875,0.458,0.40875,0.00325000000000009,-0.000749999999999917,-0.0499999999999999
"logistic","Logistic regression",1,223,0.233333333333333,2000,400,0.004,0.1325,0.005,0.145,0.006,0.1575,0.0395,0.4,0.43575,0.43,0.42425,0.31975,0.00575000000000003,-0.00574999999999992,-0.11025
"logistic","Logistic regression",1,223,0.275,2000,400,0.004,0.195,0.005,0.205,0.006,0.22,0.037,0.4575,0.4045,0.4,0.393,0.28975,0.0045,-0.00699999999999995,-0.11025
"logistic","Logistic regression",1,223,0.316666666666667,2000,400,0.004,0.295,0.005,0.305,0.006,0.325,0.0335,0.5225,0.3545,0.35,0.3405,0.2555,0.00450000000000006,-0.00949999999999995,-0.0944999999999999
"logistic","Logistic regression",1,223,0.358333333333333,2000,400,0.004,0.35,0.005,0.3575,0.006,0.4025,0.027,0.67,0.327,0.32375,0.30175,0.1785,0.00325000000000003,-0.022,-0.14525
"logistic","Logistic regression",1,223,0.4,2000,400,0.004,0.525,0.005,0.535,0.006,0.565,0.023,0.73,0.2395,0.235,0.2205,0.1465,0.00450000000000006,-0.0144999999999999,-0.0885
"logistic","Logistic regression",1,223,0.441666666666667,2000,400,0.004,0.6475,0.005,0.6575,0.006,0.7025,0.0185,0.82,0.17825,0.17375,0.15175,0.09925,0.00450000000000006,-0.022,-0.0745
"logistic","Logistic regression",1,223,0.483333333333333,2000,400,0.004,0.7675,0.005,0.775,0.006,0.8075,0.015,0.8825,0.11825,0.115,0.09925,0.06625,0.00325000000000009,-0.0157499999999999,-0.04875
"logistic","Logistic regression",1,223,0.525,2000,400,0.004,0.8225,0.005,0.835,0.006,0.865,0.0125,0.91,0.09075,0.085,0.0705,0.05125,0.00575000000000003,-0.0145,-0.03375
"logistic","Logistic regression",1,223,0.566666666666667,2000,400,0.004,0.8775,0.005,0.8925,0.006,0.9125,0.0125,0.9425,0.06325,0.05625,0.04675,0.035,0.00700000000000006,-0.00949999999999995,-0.02125
"logistic","Logistic regression",1,223,0.608333333333333,2000,400,0.004,0.9075,0.005,0.9075,0.006,0.9175,0.0115,0.9475,0.04825,0.04875,0.04425,0.032,-0.000499999999999945,-0.00449999999999995,-0.0167499999999999
"logistic","Logistic regression",1,223,0.65,2000,400,0.004,0.9525,0.005,0.955,0.006,0.955,0.011,0.965,0.02575,0.025,0.0255,0.023,0.000750000000000028,0.000500000000000056,-0.002
"logistic","Logistic regression",1,223,0.691666666666667,2000,400,0.004,0.9675,0.005,0.97,0.006,0.9725,0.0085,0.975,0.01825,0.0175,0.01675,0.01675,0.000750000000000028,-0.000749999999999973,-0.000749999999999973
"logistic","Logistic regression",1,223,0.733333333333333,2000,400,0.004,0.9825,0.005,0.9825,0.006,0.9875,0.008,0.99,0.01075,0.0112499999999999,0.00924999999999998,0.00900000000000001,-0.000499999999999945,-0.00199999999999995,-0.00224999999999992
"logistic","Logistic regression",1,223,0.775,2000,400,0.004,0.99,0.005,0.9925,0.006,0.9925,0.006,0.9925,0.00700000000000001,0.00624999999999992,0.00674999999999998,0.00674999999999998,0.000750000000000084,0.000500000000000056,0.000500000000000056
"logistic","Logistic regression",1,223,0.816666666666667,2000,400,0.004,0.9975,0.005,0.9975,0.006,0.9975,0.005,0.9975,0.00324999999999998,0.00374999999999992,0.00424999999999998,0.00374999999999992,-0.000499999999999945,0.000500000000000056,0
"logistic","Logistic regression",1,223,0.858333333333333,2000,400,0.004,0.9975,0.005,1,0.006,1,0.005,1,0.00324999999999998,0.00249999999999995,0.003,0.00249999999999995,0.000750000000000028,0.000500000000000056,0
"logistic","Logistic regression",1,223,0.9,2000,400,0.004,1,0.005,1,0.006,1,0.0045,1,0.002,0.00249999999999995,0.003,0.00224999999999997,-0.000499999999999945,0.000500000000000056,-0.000249999999999972
"logistic","Logistic regression",1,272,0.002,2000,400,0.002,0.005,0.002,0.005,0.003,0.005,0,0,0.4985,0.4985,0.499,0.5,0,0.000499999999999945,0.0015
"logistic","Logistic regression",1,272,0.00258309933002977,2000,400,0.002,0,0.002,0,0.003,0.0025,0,0,0.501,0.501,0.50025,0.5,0,-0.000750000000000028,-0.001
"logistic","Logistic regression",1,272,0.00333620107440012,2000,400,0.002,0.0025,0.002,0.0025,0.003,0.0025,0,0,0.49975,0.49975,0.50025,0.5,0,0.000499999999999945,0.000249999999999972
"logistic","Logistic regression",1,272,0.00430886938006377,2000,400,0.002,0.005,0.002,0.005,0.003,0.005,0,0,0.4985,0.4985,0.499,0.5,0,0.000499999999999945,0.0015
"logistic","Logistic regression",1,272,0.00556511880441425,2000,400,0.002,0.01,0.002,0.01,0.003,0.01,0,0,0.496,0.496,0.4965,0.5,0,0.000499999999999945,0.004
"logistic","Logistic regression",1,272,0.00718762732760925,2000,400,0.002,0.0075,0.002,0.0075,0.003,0.0075,0,0,0.49725,0.49725,0.49775,0.5,0,0.000499999999999945,0.00274999999999997
"logistic","Logistic regression",1,272,0.00928317766722556,2000,400,0.002,0.005,0.002,0.005,0.003,0.005,0,0,0.4985,0.4985,0.499,0.5,0,0.000499999999999945,0.0015
"logistic","Logistic regression",1,272,0.0119896850063788,2000,400,0.002,0.0025,0.002,0.0025,0.003,0.0025,0,0,0.49975,0.49975,0.50025,0.5,0,0.000499999999999945,0.000249999999999972
"logistic","Logistic regression",1,272,0.0154852736536225,2000,400,0.002,0.005,0.002,0.005,0.003,0.005,0,0,0.4985,0.4985,0.499,0.5,0,0.000499999999999945,0.0015
"logistic","Logistic regression",1,272,0.02,2000,400,0.002,0,0.002,0,0.003,0.0025,0,0,0.501,0.501,0.50025,0.5,0,-0.000750000000000028,-0.001
"logistic","Logistic regression",1,272,0.025,2000,400,0.002,0.0025,0.002,0.0025,0.003,0.0025,0,0,0.49975,0.49975,0.50025,0.5,0,0.000499999999999945,0.000249999999999972
"logistic","Logistic regression",1,272,0.0666666666666667,2000,400,0.002,0.015,0.002,0.015,0.003,0.015,0.001,0.0125,0.4935,0.4935,0.494,0.49425,0,0.000499999999999945,0.000749999999999973
"logistic","Logistic regression",1,272,0.108333333333333,2000,400,0.002,0.0225,0.002,0.0275,0.003,0.0275,0.02,0.1025,0.48975,0.48725,0.48775,0.45875,0.0025,0.000499999999999945,-0.0285
"logistic","Logistic regression",1,272,0.15,2000,400,0.002,0.0425,0.002,0.0475,0.003,0.05,0.038,0.2025,0.47975,0.47725,0.4765,0.41775,0.0025,-0.000750000000000084,-0.0595
"logistic","Logistic regression",1,272,0.191666666666667,2000,400,0.002,0.1025,0.002,0.105,0.003,0.115,0.0425,0.295,0.44975,0.4485,0.444,0.37375,0.00124999999999997,-0.00450000000000006,-0.07475
"logistic","Logistic regression",1,272,0.233333333333333,2000,400,0.002,0.17,0.002,0.17,0.003,0.1875,0.038,0.43,0.416,0.416,0.40775,0.304,0,-0.00825000000000004,-0.112
"logistic","Logistic regression",1,272,0.275,2000,400,0.002,0.28,0.002,0.2825,0.003,0.31,0.0345,0.545,0.361,0.35975,0.3465,0.24475,0.00124999999999997,-0.0132500000000001,-0.115
"logistic","Logistic regression",1,272,0.316666666666667,2000,400,0.002,0.38,0.002,0.3825,0.003,0.4,0.0275,0.6275,0.311,0.30975,0.3015,0.2,0.00125000000000003,-0.00825000000000004,-0.10975
"logistic","Logistic regression",1,272,0.358333333333333,2000,400,0.002,0.525,0.002,0.5325,0.003,0.555,0.0215,0.7425,0.2385,0.23475,0.224,0.1395,0.00374999999999998,-0.0107500000000001,-0.09525
"logistic","Logistic regression",1,272,0.4,2000,400,0.002,0.685,0.002,0.695,0.003,0.7125,0.0175,0.8425,0.1585,0.1535,0.14525,0.0875,0.00499999999999995,-0.00825000000000009,-0.066
"logistic","Logistic regression",1,272,0.441666666666667,2000,400,0.002,0.79,0.002,0.8,0.003,0.815,0.0135,0.8975,0.106,0.101,0.094,0.058,0.005,-0.00700000000000001,-0.0429999999999999
"logistic","Logistic regression",1,272,0.483333333333333,2000,400,0.002,0.8475,0.002,0.85,0.003,0.8625,0.011,0.9275,0.07725,0.076,0.0702499999999999,0.04175,0.00124999999999997,-0.00575000000000009,-0.0342500000000001
"logistic","Logistic regression",1,272,0.525,2000,400,0.002,0.91,0.002,0.91,0.003,0.9175,0.01,0.9575,0.046,0.046,0.04275,0.02625,0,-0.00325000000000003,-0.01975
"logistic","Logistic regression",1,272,0.566666666666667,2000,400,0.002,0.9475,0.002,0.9475,0.003,0.9575,0.009,0.9725,0.02725,0.02725,0.0227499999999999,0.0182499999999999,0,-0.00450000000000006,-0.00900000000000006
"logistic","Logistic regression",1,272,0.608333333333333,2000,400,0.002,0.985,0.002,0.985,0.003,0.985,0.0065,0.985,0.00850000000000001,0.00850000000000001,0.00899999999999995,0.01075,0,0.000499999999999945,0.00224999999999997
"logistic","Logistic regression",1,272,0.65,2000,400,0.002,0.9925,0.002,0.995,0.003,0.995,0.0055,0.9975,0.00474999999999998,0.0035,0.00399999999999995,0.004,0.00124999999999997,0.000499999999999945,5e-04
"logistic","Logistic regression",1,272,0.691666666666667,2000,400,0.002,0.9925,0.002,0.9925,0.003,0.9925,0.005,0.9925,0.00474999999999998,0.00474999999999998,0.00524999999999992,0.00624999999999992,0,0.000499999999999945,0.00149999999999995
"logistic","Logistic regression",1,272,0.733333333333333,2000,400,0.002,0.9975,0.002,0.9975,0.003,0.9975,0.004,1,0.00224999999999997,0.00224999999999997,0.00274999999999992,0.002,0,0.000499999999999945,-0.000249999999999972
"logistic","Logistic regression",1,272,0.775,2000,400,0.002,0.9975,0.002,0.9975,0.003,0.9975,0.003,0.9975,0.00224999999999997,0.00224999999999997,0.00274999999999992,0.00274999999999992,0,0.000499999999999945,0.000499999999999945
"logistic","Logistic regression",1,272,0.816666666666667,2000,400,0.002,0.9975,0.002,0.9975,0.003,0.9975,0.002,0.9975,0.00224999999999997,0.00224999999999997,0.00274999999999992,0.00224999999999997,0,0.000499999999999945,0
"logistic","Logistic regression",1,272,0.858333333333333,2000,400,0.002,1,0.002,1,0.003,1,0.002,1,0.001,0.001,0.00149999999999995,0.001,0,0.000499999999999945,0
"logistic","Logistic regression",1,272,0.9,2000,400,0.002,1,0.002,1,0.003,1,0.001,1,0.001,0.001,0.00149999999999995,0.000499999999999945,0,0.000499999999999945,-0.000500000000000056
"logistic","Logistic regression",1,332,0.002,2000,400,0.0025,0,0.002,0,0.0025,0,0,0,0.50125,0.501,0.50125,0.5,0.000249999999999972,0.000249999999999972,-0.001
"logistic","Logistic regression",1,332,0.00258309933002977,2000,400,0.0025,0.0025,0.002,0.0025,0.0025,0.0025,0,0,0.5,0.49975,0.5,0.5,0.000249999999999972,0.000249999999999972,0.000249999999999972
"logistic","Logistic regression",1,332,0.00333620107440012,2000,400,0.0025,0.005,0.002,0.005,0.0025,0.005,0,0,0.49875,0.4985,0.49875,0.5,0.000249999999999972,0.000249999999999972,0.0015
"logistic","Logistic regression",1,332,0.00430886938006377,2000,400,0.0025,0,0.002,0,0.0025,0,0,0,0.50125,0.501,0.50125,0.5,0.000249999999999972,0.000249999999999972,-0.001
"logistic","Logistic regression",1,332,0.00556511880441425,2000,400,0.0025,0,0.002,0,0.0025,0,0,0,0.50125,0.501,0.50125,0.5,0.000249999999999972,0.000249999999999972,-0.001
"logistic","Logistic regression",1,332,0.00718762732760925,2000,400,0.0025,0.01,0.002,0.01,0.0025,0.0125,0,0,0.49625,0.496,0.495,0.5,0.000249999999999972,-0.001,0.004
"logistic","Logistic regression",1,332,0.00928317766722556,2000,400,0.0025,0.0075,0.002,0.0075,0.0025,0.0075,0,0,0.4975,0.49725,0.4975,0.5,0.000249999999999972,0.000249999999999972,0.00274999999999997
"logistic","Logistic regression",1,332,0.0119896850063788,2000,400,0.0025,0.0075,0.002,0.0075,0.0025,0.01,0,0,0.4975,0.49725,0.49625,0.5,0.000249999999999972,-0.00100000000000006,0.00274999999999997
"logistic","Logistic regression",1,332,0.0154852736536225,2000,400,0.0025,0.005,0.002,0.0025,0.0025,0.005,0,0,0.49875,0.49975,0.49875,0.5,-0.00100000000000006,-0.00100000000000006,0.000249999999999972
"logistic","Logistic regression",1,332,0.02,2000,400,0.0025,0.0025,0.002,0,0.0025,0.0025,0,0,0.5,0.501,0.5,0.5,-0.001,-0.001,-0.001
"logistic","Logistic regression",1,332,0.025,2000,400,0.0025,0.005,0.002,0.005,0.0025,0.005,0,0,0.49875,0.4985,0.49875,0.5,0.000249999999999972,0.000249999999999972,0.0015
"logistic","Logistic regression",1,332,0.0666666666666667,2000,400,0.0025,0.015,0.002,0.015,0.0025,0.0175,0.0025,0.02,0.49375,0.4935,0.4925,0.49125,0.000249999999999972,-0.001,-0.00225000000000003
"logistic","Logistic regression",1,332,0.108333333333333,2000,400,0.0025,0.0275,0.002,0.0275,0.0025,0.03,0.022,0.1,0.4875,0.48725,0.48625,0.461,0.000249999999999972,-0.00100000000000006,-0.02625
"logistic","Logistic regression",1,332,0.15,2000,400,0.0025,0.0425,0.002,0.04,0.0025,0.045,0.035,0.245,0.48,0.481,0.47875,0.395,-0.001,-0.00225000000000003,-0.086
"logistic","Logistic regression",1,332,0.191666666666667,2000,400,0.0025,0.105,0.002,0.095,0.0025,0.1125,0.035,0.3725,0.44875,0.4535,0.445,0.33125,-0.00475000000000003,-0.00850000000000006,-0.12225
"logistic","Logistic regression",1,332,0.233333333333333,2000,400,0.0025,0.235,0.002,0.23,0.0025,0.245,0.0295,0.4775,0.38375,0.386,0.37875,0.276,-0.00225000000000003,-0.00725000000000003,-0.11
"logistic","Logistic regression",1,332,0.275,2000,400,0.0025,0.3425,0.002,0.3325,0.0025,0.3475,0.0235,0.6025,0.33,0.33475,0.3275,0.2105,-0.00475000000000003,-0.00724999999999998,-0.12425
"logistic","Logistic regression",1,332,0.316666666666667,2000,400,0.0025,0.465,0.002,0.4625,0.0025,0.48,0.02,0.7225,0.26875,0.26975,0.26125,0.14875,-0.00100000000000006,-0.00850000000000001,-0.121
"logistic","Logistic regression",1,332,0.358333333333333,2000,400,0.0025,0.61,0.002,0.595,0.0025,0.6225,0.0175,0.81,0.19625,0.2035,0.19,0.10375,-0.00725000000000003,-0.0135000000000001,-0.09975
"logistic","Logistic regression",1,332,0.4,2000,400,0.0025,0.7875,0.002,0.775,0.0025,0.7975,0.013,0.915,0.1075,0.1135,0.1025,0.0489999999999999,-0.006,-0.011,-0.0645000000000001
"logistic","Logistic regression",1,332,0.441666666666667,2000,400,0.0025,0.8625,0.002,0.8575,0.0025,0.8725,0.011,0.935,0.07,0.07225,0.065,0.0379999999999999,-0.00225000000000003,-0.00725000000000003,-0.0342500000000001
"logistic","Logistic regression",1,332,0.483333333333333,2000,400,0.0025,0.8925,0.002,0.8875,0.0025,0.8975,0.0085,0.95,0.055,0.05725,0.0525,0.02925,-0.00225000000000003,-0.00475000000000003,-0.028
"logistic","Logistic regression",1,332,0.525,2000,400,0.0025,0.9675,0.002,0.965,0.0025,0.9675,0.007,0.9825,0.0175,0.0185,0.0175,0.0122499999999999,-0.00100000000000006,-0.00100000000000006,-0.00625000000000009
"logistic","Logistic regression",1,332,0.566666666666667,2000,400,0.0025,0.9875,0.002,0.9875,0.0025,0.9875,0.0055,0.9875,0.00749999999999995,0.00724999999999998,0.00749999999999995,0.00900000000000001,0.000249999999999972,0.000249999999999972,0.00175000000000003
"logistic","Logistic regression",1,332,0.608333333333333,2000,400,0.0025,0.9925,0.002,0.9925,0.0025,0.9925,0.0055,0.995,0.00499999999999995,0.00474999999999998,0.00499999999999995,0.00525000000000003,0.000249999999999972,0.000249999999999972,0.000500000000000056
"logistic","Logistic regression",1,332,0.65,2000,400,0.0025,0.9975,0.002,0.9975,0.0025,0.9975,0.0035,0.9975,0.00249999999999995,0.00224999999999997,0.00249999999999995,0.003,0.000249999999999972,0.000249999999999972,0.000750000000000028
"logistic","Logistic regression",1,332,0.691666666666667,2000,400,0.0025,1,0.002,1,0.0025,1,0.0025,1,0.00124999999999997,0.001,0.00124999999999997,0.00124999999999997,0.000249999999999972,0.000249999999999972,0.000249999999999972
"logistic","Logistic regression",1,332,0.733333333333333,2000,400,0.0025,1,0.002,1,0.0025,1,0.0025,1,0.00124999999999997,0.001,0.00124999999999997,0.00124999999999997,0.000249999999999972,0.000249999999999972,0.000249999999999972
"logistic","Logistic regression",1,332,0.775,2000,400,0.0025,1,0.002,1,0.0025,1,0.002,1,0.00124999999999997,0.001,0.00124999999999997,0.001,0.000249999999999972,0.000249999999999972,0
"logistic","Logistic regression",1,332,0.816666666666667,2000,400,0.0025,1,0.002,1,0.0025,1,0.002,1,0.00124999999999997,0.001,0.00124999999999997,0.001,0.000249999999999972,0.000249999999999972,0
"logistic","Logistic regression",1,332,0.858333333333333,2000,400,0.0025,1,0.002,1,0.0025,1,0.0015,1,0.00124999999999997,0.001,0.00124999999999997,0.000750000000000028,0.000249999999999972,0.000249999999999972,-0.000249999999999972
"logistic","Logistic regression",1,332,0.9,2000,400,0.0025,1,0.002,1,0.0025,1,0.001,1,0.00124999999999997,0.001,0.00124999999999997,0.000499999999999945,0.000249999999999972,0.000249999999999972,-0.000500000000000056
"logistic","Logistic regression",1,406,0.002,2000,400,0.003,0,0.0025,0,0.003,0,0,0,0.5015,0.50125,0.5015,0.5,0.000249999999999972,0.000249999999999972,-0.00124999999999997
"logistic","Logistic regression",1,406,0.00258309933002977,2000,400,0.003,0.005,0.0025,0.005,0.003,0.005,0,0,0.499,0.49875,0.499,0.5,0.000249999999999972,0.000249999999999972,0.00125000000000003
"logistic","Logistic regression",1,406,0.00333620107440012,2000,400,0.003,0.0025,0.0025,0.0025,0.003,0.0025,0,0,0.50025,0.5,0.50025,0.5,0.000249999999999972,0.000249999999999972,0
"logistic","Logistic regression",1,406,0.00430886938006377,2000,400,0.003,0.005,0.0025,0.005,0.003,0.005,0,0,0.499,0.49875,0.499,0.5,0.000249999999999972,0.000249999999999972,0.00125000000000003
"logistic","Logistic regression",1,406,0.00556511880441425,2000,400,0.003,0.0025,0.0025,0.0025,0.003,0.0025,0,0,0.50025,0.5,0.50025,0.5,0.000249999999999972,0.000249999999999972,0
"logistic","Logistic regression",1,406,0.00718762732760925,2000,400,0.003,0.005,0.0025,0.005,0.003,0.005,0,0,0.499,0.49875,0.499,0.5,0.000249999999999972,0.000249999999999972,0.00125000000000003
"logistic","Logistic regression",1,406,0.00928317766722556,2000,400,0.003,0.0075,0.0025,0.0075,0.003,0.0075,0,0,0.49775,0.4975,0.49775,0.5,0.000249999999999972,0.000249999999999972,0.0025
"logistic","Logistic regression",1,406,0.0119896850063788,2000,400,0.003,0.005,0.0025,0.0025,0.003,0.005,0,0,0.499,0.5,0.499,0.5,-0.00100000000000006,-0.00100000000000006,0
"logistic","Logistic regression",1,406,0.0154852736536225,2000,400,0.003,0,0.0025,0,0.003,0,0,0,0.5015,0.50125,0.5015,0.5,0.000249999999999972,0.000249999999999972,-0.00124999999999997
"logistic","Logistic regression",1,406,0.02,2000,400,0.003,0.0025,0.0025,0.0025,0.003,0.0025,0,0,0.50025,0.5,0.50025,0.5,0.000249999999999972,0.000249999999999972,0
"logistic","Logistic regression",1,406,0.025,2000,400,0.003,0.0025,0.0025,0.0025,0.003,0.0025,0,0,0.50025,0.5,0.50025,0.5,0.000249999999999972,0.000249999999999972,0
"logistic","Logistic regression",1,406,0.0666666666666667,2000,400,0.003,0.01,0.0025,0.01,0.003,0.01,0.0085,0.025,0.4965,0.49625,0.4965,0.49175,0.000249999999999972,0.000249999999999972,-0.0045
"logistic","Logistic regression",1,406,0.108333333333333,2000,400,0.003,0.0425,0.0025,0.04,0.003,0.0425,0.031,0.1425,0.48025,0.48125,0.48025,0.44425,-0.001,-0.001,-0.037
"logistic","Logistic regression",1,406,0.15,2000,400,0.003,0.0925,0.0025,0.0825,0.003,0.0925,0.042,0.3,0.45525,0.46,0.45525,0.371,-0.00475000000000003,-0.00475000000000003,-0.089
"logistic","Logistic regression",1,406,0.191666666666667,2000,400,0.003,0.1925,0.0025,0.1825,0.003,0.19,0.0375,0.455,0.40525,0.41,0.4065,0.29125,-0.00475000000000003,-0.0035,-0.11875
"logistic","Logistic regression",1,406,0.233333333333333,2000,400,0.003,0.3075,0.0025,0.2875,0.003,0.305,0.0295,0.545,0.34775,0.3575,0.349,0.24225,-0.00975000000000004,-0.00850000000000001,-0.11525
"logistic","Logistic regression",1,406,0.275,2000,400,0.003,0.49,0.0025,0.465,0.003,0.4875,0.026,0.7225,0.2565,0.26875,0.25775,0.15175,-0.01225,-0.011,-0.117
"logistic","Logistic regression",1,406,0.316666666666667,2000,400,0.003,0.6025,0.0025,0.5825,0.003,0.595,0.02,0.8025,0.20025,0.21,0.204,0.10875,-0.00975000000000004,-0.006,-0.10125
"logistic","Logistic regression",1,406,0.358333333333333,2000,400,0.003,0.785,0.0025,0.78,0.003,0.785,0.0175,0.9075,0.109,0.11125,0.109,0.055,-0.00225000000000003,-0.00225000000000003,-0.0562499999999999
"logistic","Logistic regression",1,406,0.4,2000,400,0.003,0.8575,0.0025,0.8425,0.003,0.8525,0.0135,0.95,0.0727499999999999,0.08,0.0752499999999999,0.0317500000000001,-0.00725000000000003,-0.00475000000000003,-0.0482499999999999
"logistic","Logistic regression",1,406,0.441666666666667,2000,400,0.003,0.9375,0.0025,0.93,0.003,0.935,0.011,0.97,0.0327499999999999,0.03625,0.0339999999999999,0.0205,-0.0035,-0.00225000000000003,-0.01575
"logistic","Logistic regression",1,406,0.483333333333333,2000,400,0.003,0.9675,0.0025,0.9625,0.003,0.9675,0.009,0.9825,0.0177499999999999,0.02,0.0177499999999999,0.0132499999999999,-0.00225000000000003,-0.00225000000000003,-0.00675000000000003
"logistic","Logistic regression",1,406,0.525,2000,400,0.003,0.985,0.0025,0.985,0.003,0.985,0.007,0.99,0.00899999999999995,0.00874999999999998,0.00899999999999995,0.00849999999999995,0.000249999999999972,0.000249999999999972,-0.000250000000000028
"logistic","Logistic regression",1,406,0.566666666666667,2000,400,0.003,0.9975,0.0025,0.9975,0.003,0.9975,0.006,0.9975,0.00274999999999992,0.00249999999999995,0.00274999999999992,0.00424999999999998,0.000249999999999972,0.000249999999999972,0.00175000000000003
"logistic","Logistic regression",1,406,0.608333333333333,2000,400,0.003,1,0.0025,1,0.003,1,0.005,1,0.00149999999999995,0.00124999999999997,0.00149999999999995,0.00249999999999995,0.000249999999999972,0.000249999999999972,0.00124999999999997
"logistic","Logistic regression",1,406,0.65,2000,400,0.003,1,0.0025,1,0.003,1,0.004,1,0.00149999999999995,0.00124999999999997,0.00149999999999995,0.002,0.000249999999999972,0.000249999999999972,0.000750000000000028
"logistic","Logistic regression",1,406,0.691666666666667,2000,400,0.003,1,0.0025,1,0.003,1,0.003,1,0.00149999999999995,0.00124999999999997,0.00149999999999995,0.00149999999999995,0.000249999999999972,0.000249999999999972,0.000249999999999972
"logistic","Logistic regression",1,406,0.733333333333333,2000,400,0.003,1,0.0025,1,0.003,1,0.0025,1,0.00149999999999995,0.00124999999999997,0.00149999999999995,0.00124999999999997,0.000249999999999972,0.000249999999999972,0
"logistic","Logistic regression",1,406,0.775,2000,400,0.003,1,0.0025,1,0.003,1,0.0025,1,0.00149999999999995,0.00124999999999997,0.00149999999999995,0.00124999999999997,0.000249999999999972,0.000249999999999972,0
"logistic","Logistic regression",1,406,0.816666666666667,2000,400,0.003,1,0.0025,1,0.003,1,0.002,1,0.00149999999999995,0.00124999999999997,0.00149999999999995,0.001,0.000249999999999972,0.000249999999999972,-0.000249999999999972
"logistic","Logistic regression",1,406,0.858333333333333,2000,400,0.003,1,0.0025,1,0.003,1,0.002,1,0.00149999999999995,0.00124999999999997,0.00149999999999995,0.001,0.000249999999999972,0.000249999999999972,-0.000249999999999972
"logistic","Logistic regression",1,406,0.9,2000,400,0.003,1,0.0025,1,0.003,1,0.001,1,0.00149999999999995,0.00124999999999997,0.00149999999999995,0.000499999999999945,0.000249999999999972,0.000249999999999972,-0.000750000000000028
"logistic","Logistic regression",1,496,0.002,2000,400,0.006,0.0075,0.0035,0.0075,0.005,0.0075,0,0,0.49925,0.498,0.49875,0.5,0.00124999999999997,0.000749999999999917,0.00199999999999995
"logistic","Logistic regression",1,496,0.00258309933002977,2000,400,0.006,0,0.0035,0,0.005,0,0,0,0.503,0.50175,0.5025,0.5,0.00124999999999997,0.000749999999999917,-0.00175000000000003
"logistic","Logistic regression",1,496,0.00333620107440012,2000,400,0.006,0.005,0.0035,0.005,0.005,0.005,0,0,0.5005,0.49925,0.5,0.5,0.00125000000000003,0.000749999999999917,0.000749999999999973
"logistic","Logistic regression",1,496,0.00430886938006377,2000,400,0.006,0.0125,0.0035,0.01,0.005,0.01,0,0,0.49675,0.49675,0.4975,0.5,0,0.000749999999999917,0.00324999999999998
"logistic","Logistic regression",1,496,0.00556511880441425,2000,400,0.006,0.0025,0.0035,0,0.005,0,0,0,0.50175,0.50175,0.5025,0.5,0,0.000749999999999917,-0.00175000000000003
"logistic","Logistic regression",1,496,0.00718762732760925,2000,400,0.006,0.01,0.0035,0.005,0.005,0.005,0,0,0.498,0.49925,0.5,0.5,-0.00125000000000003,0.000749999999999917,0.000749999999999973
"logistic","Logistic regression",1,496,0.00928317766722556,2000,400,0.006,0.005,0.0035,0.005,0.005,0.005,0,0,0.5005,0.49925,0.5,0.5,0.00125000000000003,0.000749999999999917,0.000749999999999973
"logistic","Logistic regression",1,496,0.0119896850063788,2000,400,0.006,0,0.0035,0,0.005,0,0,0,0.503,0.50175,0.5025,0.5,0.00124999999999997,0.000749999999999917,-0.00175000000000003
"logistic","Logistic regression",1,496,0.0154852736536225,2000,400,0.006,0,0.0035,0,0.005,0,0,0,0.503,0.50175,0.5025,0.5,0.00124999999999997,0.000749999999999917,-0.00175000000000003
"logistic","Logistic regression",1,496,0.02,2000,400,0.006,0.0025,0.0035,0.0025,0.005,0.0025,0,0,0.50175,0.5005,0.50125,0.5,0.00124999999999997,0.000749999999999917,-0.000500000000000056
"logistic","Logistic regression",1,496,0.025,2000,400,0.006,0.005,0.0035,0.005,0.005,0.005,0,0,0.5005,0.49925,0.5,0.5,0.00125000000000003,0.000749999999999917,0.000749999999999973
"logistic","Logistic regression",1,496,0.0666666666666667,2000,400,0.006,0.0125,0.0035,0.0125,0.005,0.0125,0.0155,0.0425,0.49675,0.4955,0.49625,0.4865,0.00124999999999997,0.000749999999999917,-0.00900000000000001
"logistic","Logistic regression",1,496,0.108333333333333,2000,400,0.006,0.05,0.0035,0.0325,0.005,0.04,0.044,0.2125,0.478,0.4855,0.4825,0.41575,-0.00750000000000006,-0.00300000000000011,-0.06975
"logistic","Logistic regression",1,496,0.15,2000,400,0.006,0.1,0.0035,0.0825,0.005,0.0925,0.0475,0.3325,0.453,0.4605,0.45625,0.3575,-0.00750000000000001,-0.00425000000000009,-0.103
"logistic","Logistic regression",1,496,0.191666666666667,2000,400,0.006,0.2325,0.0035,0.2175,0.005,0.2225,0.042,0.52,0.38675,0.393,0.39125,0.261,-0.00625000000000003,-0.00175000000000008,-0.132
"logistic","Logistic regression",1,496,0.233333333333333,2000,400,0.006,0.38,0.0035,0.345,0.005,0.3525,0.0325,0.67,0.313,0.32925,0.32625,0.18125,-0.01625,-0.00300000000000011,-0.148
"logistic","Logistic regression",1,496,0.275,2000,400,0.006,0.5475,0.0035,0.5025,0.005,0.5225,0.028,0.7825,0.22925,0.2505,0.24125,0.12275,-0.02125,-0.00925000000000009,-0.12775
"logistic","Logistic regression",1,496,0.316666666666667,2000,400,0.006,0.675,0.0035,0.6525,0.005,0.6625,0.0215,0.8275,0.1655,0.1755,0.17125,0.097,-0.0100000000000001,-0.00425000000000009,-0.0785
"logistic","Logistic regression",1,496,0.358333333333333,2000,400,0.006,0.8425,0.0035,0.8075,0.005,0.8275,0.018,0.9075,0.08175,0.098,0.0887499999999999,0.05525,-0.01625,-0.00925000000000009,-0.04275
"logistic","Logistic regression",1,496,0.4,2000,400,0.006,0.95,0.0035,0.9375,0.005,0.94,0.014,0.9725,0.028,0.033,0.0325,0.02075,-0.005,-0.000500000000000056,-0.01225
"logistic","Logistic regression",1,496,0.441666666666667,2000,400,0.006,0.97,0.0035,0.9625,0.005,0.965,0.01,0.9875,0.018,0.0205,0.02,0.01125,-0.0025,-0.000500000000000056,-0.00925000000000004
"logistic","Logistic regression",1,496,0.483333333333333,2000,400,0.006,0.9925,0.0035,0.99,0.005,0.99,0.0095,0.9975,0.00674999999999998,0.00675000000000003,0.00749999999999995,0.006,-5.55111512312578e-17,0.000749999999999917,-0.000750000000000028
"logistic","Logistic regression",1,496,0.525,2000,400,0.006,1,0.0035,1,0.005,1,0.007,1,0.003,0.00175000000000003,0.00249999999999995,0.00349999999999995,0.00124999999999997,0.000749999999999917,0.00174999999999992
"logistic","Logistic regression",1,496,0.566666666666667,2000,400,0.006,1,0.0035,1,0.005,1,0.0065,1,0.003,0.00175000000000003,0.00249999999999995,0.00324999999999998,0.00124999999999997,0.000749999999999917,0.00149999999999995
"logistic","Logistic regression",1,496,0.608333333333333,2000,400,0.006,1,0.0035,1,0.005,1,0.0065,1,0.003,0.00175000000000003,0.00249999999999995,0.00324999999999998,0.00124999999999997,0.000749999999999917,0.00149999999999995
"logistic","Logistic regression",1,496,0.65,2000,400,0.006,1,0.0035,1,0.005,1,0.006,1,0.003,0.00175000000000003,0.00249999999999995,0.003,0.00124999999999997,0.000749999999999917,0.00124999999999997
"logistic","Logistic regression",1,496,0.691666666666667,2000,400,0.006,1,0.0035,1,0.005,1,0.0045,1,0.003,0.00175000000000003,0.00249999999999995,0.00224999999999997,0.00124999999999997,0.000749999999999917,0.000499999999999945
"logistic","Logistic regression",1,496,0.733333333333333,2000,400,0.006,1,0.0035,1,0.005,1,0.003,1,0.003,0.00175000000000003,0.00249999999999995,0.00149999999999995,0.00124999999999997,0.000749999999999917,-0.000250000000000083
"logistic","Logistic regression",1,496,0.775,2000,400,0.006,1,0.0035,1,0.005,1,0.0025,1,0.003,0.00175000000000003,0.00249999999999995,0.00124999999999997,0.00124999999999997,0.000749999999999917,-0.000500000000000056
"logistic","Logistic regression",1,496,0.816666666666667,2000,400,0.006,1,0.0035,1,0.005,1,0.002,1,0.003,0.00175000000000003,0.00249999999999995,0.001,0.00124999999999997,0.000749999999999917,-0.000750000000000028
"logistic","Logistic regression",1,496,0.858333333333333,2000,400,0.006,1,0.0035,1,0.005,1,0.002,1,0.003,0.00175000000000003,0.00249999999999995,0.001,0.00124999999999997,0.000749999999999917,-0.000750000000000028
"logistic","Logistic regression",1,496,0.9,2000,400,0.006,1,0.0035,1,0.005,1,0.002,1,0.003,0.00175000000000003,0.00249999999999995,0.001,0.00124999999999997,0.000749999999999917,-0.000750000000000028
"logistic","Logistic regression",1,606,0.002,2000,400,0.0055,0.0025,0.004,0.0025,0.005,0.0025,0,0,0.5015,0.50075,0.50125,0.5,0.000750000000000028,0.000499999999999945,-0.000750000000000028
"logistic","Logistic regression",1,606,0.00258309933002977,2000,400,0.0055,0.0075,0.004,0.0075,0.005,0.0075,0,0,0.499,0.49825,0.49875,0.5,0.000750000000000028,0.000499999999999945,0.00174999999999997
"logistic","Logistic regression",1,606,0.00333620107440012,2000,400,0.0055,0.005,0.004,0.005,0.005,0.005,0,0,0.50025,0.4995,0.5,0.5,0.000750000000000084,0.000499999999999945,5e-04
"logistic","Logistic regression",1,606,0.00430886938006377,2000,400,0.0055,0.0025,0.004,0.0025,0.005,0.0025,0,0,0.5015,0.50075,0.50125,0.5,0.000750000000000028,0.000499999999999945,-0.000750000000000028
"logistic","Logistic regression",1,606,0.00556511880441425,2000,400,0.0055,0.0025,0.004,0,0.005,0,0,0,0.5015,0.502,0.5025,0.5,-0.000499999999999945,0.000499999999999945,-0.002
"logistic","Logistic regression",1,606,0.00718762732760925,2000,400,0.0055,0.0075,0.004,0.0075,0.005,0.0075,0,0,0.499,0.49825,0.49875,0.5,0.000750000000000028,0.000499999999999945,0.00174999999999997
"logistic","Logistic regression",1,606,0.00928317766722556,2000,400,0.0055,0,0.004,0,0.005,0,0,0,0.50275,0.502,0.5025,0.5,0.000750000000000028,0.000499999999999945,-0.002
"logistic","Logistic regression",1,606,0.0119896850063788,2000,400,0.0055,0.0075,0.004,0.005,0.005,0.005,0,0,0.499,0.4995,0.5,0.5,-0.000499999999999945,0.000499999999999945,5e-04
"logistic","Logistic regression",1,606,0.0154852736536225,2000,400,0.0055,0.0125,0.004,0.01,0.005,0.01,0,0,0.4965,0.497,0.4975,0.5,-0.000499999999999945,0.000499999999999945,0.003
"logistic","Logistic regression",1,606,0.02,2000,400,0.0055,0,0.004,0,0.005,0,0,0,0.50275,0.502,0.5025,0.5,0.000750000000000028,0.000499999999999945,-0.002
"logistic","Logistic regression",1,606,0.025,2000,400,0.0055,0.0075,0.004,0.0025,0.005,0.005,0,0,0.499,0.50075,0.5,0.5,-0.00174999999999997,-0.000750000000000084,-0.000750000000000028
"logistic","Logistic regression",1,606,0.0666666666666667,2000,400,0.0055,0.0075,0.004,0.0025,0.005,0.0025,0.0185,0.06,0.499,0.50075,0.50125,0.47925,-0.00174999999999997,0.000499999999999945,-0.0215000000000001
"logistic","Logistic regression",1,606,0.108333333333333,2000,400,0.0055,0.06,0.004,0.0475,0.005,0.05,0.0425,0.225,0.47275,0.47825,0.4775,0.40875,-0.0055,-0.000750000000000084,-0.0695
"logistic","Logistic regression",1,606,0.15,2000,400,0.0055,0.1375,0.004,0.1175,0.005,0.1225,0.0425,0.365,0.434,0.44325,0.44125,0.33875,-0.00924999999999998,-0.00200000000000011,-0.1045
"logistic","Logistic regression",1,606,0.191666666666667,2000,400,0.0055,0.32,0.004,0.27,0.005,0.28,0.036,0.62,0.34275,0.367,0.3625,0.208,-0.02425,-0.00450000000000006,-0.159
"logistic","Logistic regression",1,606,0.233333333333333,2000,400,0.0055,0.495,0.004,0.4475,0.005,0.47,0.025,0.75,0.25525,0.27825,0.2675,0.1375,-0.023,-0.01075,-0.14075
"logistic","Logistic regression",1,606,0.275,2000,400,0.0055,0.6775,0.004,0.6175,0.005,0.635,0.0205,0.8475,0.164,0.19325,0.185,0.0865,-0.0292499999999999,-0.00825000000000004,-0.10675
"logistic","Logistic regression",1,606,0.316666666666667,2000,400,0.0055,0.825,0.004,0.79,0.005,0.8025,0.015,0.9075,0.09025,0.107,0.10125,0.05375,-0.0167499999999999,-0.00575000000000003,-0.05325
"logistic","Logistic regression",1,606,0.358333333333333,2000,400,0.0055,0.925,0.004,0.92,0.005,0.9225,0.0115,0.9675,0.04025,0.042,0.04125,0.022,-0.00174999999999997,-0.000750000000000028,-0.02
"logistic","Logistic regression",1,606,0.4,2000,400,0.0055,0.98,0.004,0.975,0.005,0.975,0.011,0.99,0.01275,0.0145,0.015,0.0105,-0.00174999999999997,0.000499999999999945,-0.00400000000000006
"logistic","Logistic regression",1,606,0.441666666666667,2000,400,0.0055,0.9925,0.004,0.9925,0.005,0.9925,0.009,0.9975,0.00650000000000001,0.00574999999999998,0.00624999999999992,0.00574999999999992,0.000750000000000028,0.000499999999999945,-5.55111512312578e-17
"logistic","Logistic regression",1,606,0.483333333333333,2000,400,0.0055,0.9975,0.004,0.9975,0.005,0.9975,0.007,0.9975,0.004,0.00324999999999998,0.00374999999999992,0.00474999999999992,0.000750000000000028,0.000499999999999945,0.00149999999999995
"logistic","Logistic regression",1,606,0.525,2000,400,0.0055,1,0.004,1,0.005,1,0.0065,1,0.00275000000000003,0.002,0.00249999999999995,0.00324999999999998,0.000750000000000028,0.000499999999999945,0.00124999999999997
"logistic","Logistic regression",1,606,0.566666666666667,2000,400,0.0055,1,0.004,1,0.005,1,0.0055,1,0.00275000000000003,0.002,0.00249999999999995,0.00275000000000003,0.000750000000000028,0.000499999999999945,0.000750000000000028
"logistic","Logistic regression",1,606,0.608333333333333,2000,400,0.0055,1,0.004,1,0.005,1,0.0055,1,0.00275000000000003,0.002,0.00249999999999995,0.00275000000000003,0.000750000000000028,0.000499999999999945,0.000750000000000028
"logistic","Logistic regression",1,606,0.65,2000,400,0.0055,1,0.004,1,0.005,1,0.004,1,0.00275000000000003,0.002,0.00249999999999995,0.002,0.000750000000000028,0.000499999999999945,0
"logistic","Logistic regression",1,606,0.691666666666667,2000,400,0.0055,1,0.004,1,0.005,1,0.0035,1,0.00275000000000003,0.002,0.00249999999999995,0.00175000000000003,0.000750000000000028,0.000499999999999945,-0.000249999999999972
"logistic","Logistic regression",1,606,0.733333333333333,2000,400,0.0055,1,0.004,1,0.005,1,0.0025,1,0.00275000000000003,0.002,0.00249999999999995,0.00124999999999997,0.000750000000000028,0.000499999999999945,-0.000750000000000028
"logistic","Logistic regression",1,606,0.775,2000,400,0.0055,1,0.004,1,0.005,1,0.0025,1,0.00275000000000003,0.002,0.00249999999999995,0.00124999999999997,0.000750000000000028,0.000499999999999945,-0.000750000000000028
"logistic","Logistic regression",1,606,0.816666666666667,2000,400,0.0055,1,0.004,1,0.005,1,0.0025,1,0.00275000000000003,0.002,0.00249999999999995,0.00124999999999997,0.000750000000000028,0.000499999999999945,-0.000750000000000028
"logistic","Logistic regression",1,606,0.858333333333333,2000,400,0.0055,1,0.004,1,0.005,1,0.002,1,0.00275000000000003,0.002,0.00249999999999995,0.001,0.000750000000000028,0.000499999999999945,-0.001
"logistic","Logistic regression",1,606,0.9,2000,400,0.0055,1,0.004,1,0.005,1,0.0015,1,0.00275000000000003,0.002,0.00249999999999995,0.000750000000000028,0.000750000000000028,0.000499999999999945,-0.00124999999999997
"logistic","Logistic regression",1,741,0.002,2000,400,0.0035,0.005,0.003,0.0025,0.0035,0.005,0,0,0.49925,0.50025,0.49925,0.5,-0.000999999999999945,-0.000999999999999945,-0.000249999999999972
"logistic","Logistic regression",1,741,0.00258309933002977,2000,400,0.0035,0.0025,0.003,0,0.0035,0,0,0,0.5005,0.5015,0.50175,0.5,-0.00099999999999989,0.000250000000000083,-0.00149999999999995
"logistic","Logistic regression",1,741,0.00333620107440012,2000,400,0.0035,0.0025,0.003,0.0025,0.0035,0.0025,0,0,0.5005,0.50025,0.5005,0.5,0.000250000000000083,0.000250000000000083,-0.000249999999999972
"logistic","Logistic regression",1,741,0.00430886938006377,2000,400,0.0035,0.005,0.003,0.0025,0.0035,0.0025,0,0,0.49925,0.50025,0.5005,0.5,-0.000999999999999945,0.000250000000000083,-0.000249999999999972
"logistic","Logistic regression",1,741,0.00556511880441425,2000,400,0.0035,0.0075,0.003,0.005,0.0035,0.005,0,0,0.498,0.499,0.49925,0.5,-0.00099999999999989,0.000250000000000083,0.00100000000000006
"logistic","Logistic regression",1,741,0.00718762732760925,2000,400,0.0035,0.0125,0.003,0.005,0.0035,0.005,0,0,0.4955,0.499,0.49925,0.5,-0.00349999999999989,0.000250000000000083,0.00100000000000006
"logistic","Logistic regression",1,741,0.00928317766722556,2000,400,0.0035,0.0075,0.003,0.0025,0.0035,0.0025,0,0,0.498,0.50025,0.5005,0.5,-0.00224999999999992,0.000250000000000083,-0.000249999999999972
"logistic","Logistic regression",1,741,0.0119896850063788,2000,400,0.0035,0,0.003,0,0.0035,0,0,0,0.50175,0.5015,0.50175,0.5,0.000250000000000083,0.000250000000000083,-0.00149999999999995
"logistic","Logistic regression",1,741,0.0154852736536225,2000,400,0.0035,0.0025,0.003,0,0.0035,0,0,0,0.5005,0.5015,0.50175,0.5,-0.00099999999999989,0.000250000000000083,-0.00149999999999995
"logistic","Logistic regression",1,741,0.02,2000,400,0.0035,0.0125,0.003,0.0075,0.0035,0.0125,0,0,0.4955,0.49775,0.4955,0.5,-0.00224999999999992,-0.00224999999999992,0.00225000000000003
"logistic","Logistic regression",1,741,0.025,2000,400,0.0035,0.015,0.003,0.01,0.0035,0.01,0,0,0.49425,0.4965,0.49675,0.5,-0.00224999999999992,0.000250000000000083,0.00350000000000006
"logistic","Logistic regression",1,741,0.0666666666666667,2000,400,0.0035,0.0275,0.003,0.02,0.0035,0.02,0.0225,0.09,0.488,0.4915,0.49175,0.46625,-0.00349999999999989,0.000250000000000083,-0.0252499999999999
"logistic","Logistic regression",1,741,0.108333333333333,2000,400,0.0035,0.0925,0.003,0.06,0.0035,0.06,0.036,0.2875,0.4555,0.4715,0.47175,0.37425,-0.0159999999999999,0.000250000000000083,-0.0972499999999999
"logistic","Logistic regression",1,741,0.15,2000,400,0.0035,0.2425,0.003,0.1775,0.0035,0.195,0.034,0.5175,0.3805,0.41275,0.40425,0.25825,-0.0322499999999999,-0.00849999999999995,-0.1545
"logistic","Logistic regression",1,741,0.191666666666667,2000,400,0.0035,0.4125,0.003,0.345,0.0035,0.35,0.0265,0.6575,0.2955,0.329,0.32675,0.1845,-0.0334999999999999,-0.00224999999999992,-0.1445
"logistic","Logistic regression",1,741,0.233333333333333,2000,400,0.0035,0.6,0.003,0.5325,0.0035,0.54,0.0195,0.78,0.20175,0.23525,0.23175,0.11975,-0.0334999999999999,-0.00349999999999995,-0.1155
"logistic","Logistic regression",1,741,0.275,2000,400,0.0035,0.8075,0.003,0.76,0.0035,0.7675,0.0155,0.9125,0.098,0.1215,0.118,0.0515,-0.0234999999999999,-0.00349999999999989,-0.0699999999999999
"logistic","Logistic regression",1,741,0.316666666666667,2000,400,0.0035,0.925,0.003,0.8925,0.0035,0.895,0.012,0.965,0.03925,0.05525,0.05425,0.0235,-0.016,-0.000999999999999945,-0.0317499999999999
"logistic","Logistic regression",1,741,0.358333333333333,2000,400,0.0035,0.975,0.003,0.9675,0.0035,0.9675,0.009,0.99,0.01425,0.0177499999999999,0.018,0.00949999999999995,-0.00349999999999989,0.000250000000000083,-0.00824999999999998
"logistic","Logistic regression",1,741,0.4,2000,400,0.0035,0.995,0.003,0.995,0.0035,0.995,0.0065,0.9975,0.00425000000000003,0.00399999999999995,0.00425000000000003,0.00449999999999995,0.000250000000000083,0.000250000000000083,5e-04
"logistic","Logistic regression",1,741,0.441666666666667,2000,400,0.0035,0.9975,0.003,0.9975,0.0035,0.9975,0.0045,1,0.003,0.00274999999999992,0.003,0.00224999999999997,0.000250000000000083,0.000250000000000083,-0.000499999999999945
"logistic","Logistic regression",1,741,0.483333333333333,2000,400,0.0035,1,0.003,1,0.0035,1,0.004,1,0.00175000000000003,0.00149999999999995,0.00175000000000003,0.002,0.000250000000000083,0.000250000000000083,0.000500000000000056
"logistic","Logistic regression",1,741,0.525,2000,400,0.0035,1,0.003,1,0.0035,1,0.0035,1,0.00175000000000003,0.00149999999999995,0.00175000000000003,0.00175000000000003,0.000250000000000083,0.000250000000000083,0.000250000000000083
"logistic","Logistic regression",1,741,0.566666666666667,2000,400,0.0035,1,0.003,1,0.0035,1,0.0035,1,0.00175000000000003,0.00149999999999995,0.00175000000000003,0.00175000000000003,0.000250000000000083,0.000250000000000083,0.000250000000000083
"logistic","Logistic regression",1,741,0.608333333333333,2000,400,0.0035,1,0.003,1,0.0035,1,0.0035,1,0.00175000000000003,0.00149999999999995,0.00175000000000003,0.00175000000000003,0.000250000000000083,0.000250000000000083,0.000250000000000083
"logistic","Logistic regression",1,741,0.65,2000,400,0.0035,1,0.003,1,0.0035,1,0.003,1,0.00175000000000003,0.00149999999999995,0.00175000000000003,0.00149999999999995,0.000250000000000083,0.000250000000000083,0
"logistic","Logistic regression",1,741,0.691666666666667,2000,400,0.0035,1,0.003,1,0.0035,1,0.002,1,0.00175000000000003,0.00149999999999995,0.00175000000000003,0.001,0.000250000000000083,0.000250000000000083,-0.000499999999999945
"logistic","Logistic regression",1,741,0.733333333333333,2000,400,0.0035,1,0.003,1,0.0035,1,0.002,1,0.00175000000000003,0.00149999999999995,0.00175000000000003,0.001,0.000250000000000083,0.000250000000000083,-0.000499999999999945
"logistic","Logistic regression",1,741,0.775,2000,400,0.0035,1,0.003,1,0.0035,1,0.002,1,0.00175000000000003,0.00149999999999995,0.00175000000000003,0.001,0.000250000000000083,0.000250000000000083,-0.000499999999999945
"logistic","Logistic regression",1,741,0.816666666666667,2000,400,0.0035,1,0.003,1,0.0035,1,0.002,1,0.00175000000000003,0.00149999999999995,0.00175000000000003,0.001,0.000250000000000083,0.000250000000000083,-0.000499999999999945
"logistic","Logistic regression",1,741,0.858333333333333,2000,400,0.0035,1,0.003,1,0.0035,1,0.0015,1,0.00175000000000003,0.00149999999999995,0.00175000000000003,0.000750000000000028,0.000250000000000083,0.000250000000000083,-0.000749999999999917
"logistic","Logistic regression",1,741,0.9,2000,400,0.0035,1,0.003,1,0.0035,1,0.0015,1,0.00175000000000003,0.00149999999999995,0.00175000000000003,0.000750000000000028,0.000250000000000083,0.000250000000000083,-0.000749999999999917
"logistic","Logistic regression",1,905,0.002,2000,400,0.003,0.0075,0.0015,0.0025,0.0015,0.005,0,0,0.49775,0.4995,0.49825,0.5,-0.00175000000000008,-0.00125000000000003,0.000499999999999945
"logistic","Logistic regression",1,905,0.00258309933002977,2000,400,0.003,0.005,0.0015,0.005,0.0015,0.005,0,0,0.499,0.49825,0.49825,0.5,0.000749999999999917,0,0.00174999999999997
"logistic","Logistic regression",1,905,0.00333620107440012,2000,400,0.003,0.0025,0.0015,0,0.0015,0,0,0,0.50025,0.50075,0.50075,0.5,-0.000500000000000056,0,-0.000750000000000028
"logistic","Logistic regression",1,905,0.00430886938006377,2000,400,0.003,0.0075,0.0015,0.0075,0.0015,0.0075,0,0,0.49775,0.497,0.497,0.5,0.000749999999999917,0,0.00299999999999995
"logistic","Logistic regression",1,905,0.00556511880441425,2000,400,0.003,0.005,0.0015,0.0025,0.0015,0.0025,0,0,0.499,0.4995,0.4995,0.5,-0.000500000000000111,0,0.000499999999999945
"logistic","Logistic regression",1,905,0.00718762732760925,2000,400,0.003,0.01,0.0015,0.0075,0.0015,0.0075,0,0,0.4965,0.497,0.497,0.5,-0.000500000000000111,0,0.00299999999999995
"logistic","Logistic regression",1,905,0.00928317766722556,2000,400,0.003,0.0075,0.0015,0.005,0.0015,0.005,0,0,0.49775,0.49825,0.49825,0.5,-0.000500000000000056,0,0.00174999999999997
"logistic","Logistic regression",1,905,0.0119896850063788,2000,400,0.003,0.005,0.0015,0.0025,0.0015,0.0025,0,0,0.499,0.4995,0.4995,0.5,-0.000500000000000111,0,0.000499999999999945
"logistic","Logistic regression",1,905,0.0154852736536225,2000,400,0.003,0.0025,0.0015,0.0025,0.0015,0.0025,0,0,0.50025,0.4995,0.4995,0.5,0.000749999999999917,0,0.000499999999999945
"logistic","Logistic regression",1,905,0.02,2000,400,0.003,0.0075,0.0015,0,0.0015,0.0025,0,0,0.49775,0.50075,0.4995,0.5,-0.00300000000000006,-0.00124999999999997,-0.000750000000000028
"logistic","Logistic regression",1,905,0.025,2000,400,0.003,0.005,0.0015,0.005,0.0015,0.005,0,0,0.499,0.49825,0.49825,0.5,0.000749999999999917,0,0.00174999999999997
"logistic","Logistic regression",1,905,0.0666666666666667,2000,400,0.003,0.0425,0.0015,0.0275,0.0015,0.0275,0.028,0.1225,0.48025,0.487,0.487,0.45275,-0.00675000000000009,0,-0.0342500000000001
"logistic","Logistic regression",1,905,0.108333333333333,2000,400,0.003,0.1375,0.0015,0.08,0.0015,0.0825,0.039,0.3575,0.43275,0.46075,0.4595,0.34075,-0.0280000000000001,-0.00125000000000003,-0.12
"logistic","Logistic regression",1,905,0.15,2000,400,0.003,0.275,0.0015,0.22,0.0015,0.2275,0.0315,0.5625,0.364,0.39075,0.387,0.2345,-0.0267500000000001,-0.00375000000000003,-0.15625
"logistic","Logistic regression",1,905,0.191666666666667,2000,400,0.003,0.4825,0.0015,0.4025,0.0015,0.41,0.0245,0.71,0.26025,0.2995,0.29575,0.15725,-0.03925,-0.00374999999999992,-0.14225
"logistic","Logistic regression",1,905,0.233333333333333,2000,400,0.003,0.7425,0.0015,0.67,0.0015,0.68,0.018,0.8625,0.13025,0.16575,0.16075,0.07775,-0.0355000000000001,-0.005,-0.088
"logistic","Logistic regression",1,905,0.275,2000,400,0.003,0.875,0.0015,0.8075,0.0015,0.8225,0.012,0.9225,0.064,0.097,0.0895,0.04475,-0.0330000000000001,-0.00750000000000001,-0.05225
"logistic","Logistic regression",1,905,0.316666666666667,2000,400,0.003,0.96,0.0015,0.935,0.0015,0.94,0.0095,0.9775,0.0215,0.03325,0.0307500000000001,0.016,-0.01175,-0.00249999999999995,-0.01725
"logistic","Logistic regression",1,905,0.358333333333333,2000,400,0.003,0.995,0.0015,0.9875,0.0015,0.99,0.008,0.995,0.00399999999999995,0.00700000000000001,0.00575000000000003,0.00650000000000001,-0.00300000000000006,-0.00124999999999997,-5e-04
"logistic","Logistic regression",1,905,0.4,2000,400,0.003,1,0.0015,1,0.0015,1,0.0055,1,0.00149999999999995,0.000750000000000028,0.000750000000000028,0.00275000000000003,0.000749999999999917,0,0.002
"logistic","Logistic regression",1,905,0.441666666666667,2000,400,0.003,0.9975,0.0015,0.9975,0.0015,0.9975,0.004,0.9975,0.00274999999999992,0.002,0.002,0.00324999999999998,0.000749999999999917,0,0.00124999999999997
"logistic","Logistic regression",1,905,0.483333333333333,2000,400,0.003,1,0.0015,1,0.0015,1,0.002,1,0.00149999999999995,0.000750000000000028,0.000750000000000028,0.001,0.000749999999999917,0,0.000249999999999972
"logistic","Logistic regression",1,905,0.525,2000,400,0.003,1,0.0015,1,0.0015,1,0.0015,1,0.00149999999999995,0.000750000000000028,0.000750000000000028,0.000750000000000028,0.000749999999999917,0,0
"logistic","Logistic regression",1,905,0.566666666666667,2000,400,0.003,1,0.0015,1,0.0015,1,0.0015,1,0.00149999999999995,0.000750000000000028,0.000750000000000028,0.000750000000000028,0.000749999999999917,0,0
"logistic","Logistic regression",1,905,0.608333333333333,2000,400,0.003,1,0.0015,1,0.0015,1,0.001,1,0.00149999999999995,0.000750000000000028,0.000750000000000028,0.000499999999999945,0.000749999999999917,0,-0.000250000000000083
"logistic","Logistic regression",1,905,0.65,2000,400,0.003,1,0.0015,1,0.0015,1,0.001,1,0.00149999999999995,0.000750000000000028,0.000750000000000028,0.000499999999999945,0.000749999999999917,0,-0.000250000000000083
"logistic","Logistic regression",1,905,0.691666666666667,2000,400,0.003,1,0.0015,1,0.0015,1,0.001,1,0.00149999999999995,0.000750000000000028,0.000750000000000028,0.000499999999999945,0.000749999999999917,0,-0.000250000000000083
"logistic","Logistic regression",1,905,0.733333333333333,2000,400,0.003,1,0.0015,1,0.0015,1,0.001,1,0.00149999999999995,0.000750000000000028,0.000750000000000028,0.000499999999999945,0.000749999999999917,0,-0.000250000000000083
"logistic","Logistic regression",1,905,0.775,2000,400,0.003,1,0.0015,1,0.0015,1,0.001,1,0.00149999999999995,0.000750000000000028,0.000750000000000028,0.000499999999999945,0.000749999999999917,0,-0.000250000000000083
"logistic","Logistic regression",1,905,0.816666666666667,2000,400,0.003,1,0.0015,1,0.0015,1,0.001,1,0.00149999999999995,0.000750000000000028,0.000750000000000028,0.000499999999999945,0.000749999999999917,0,-0.000250000000000083
"logistic","Logistic regression",1,905,0.858333333333333,2000,400,0.003,1,0.0015,1,0.0015,1,5e-04,1,0.00149999999999995,0.000750000000000028,0.000750000000000028,0.000249999999999972,0.000749999999999917,0,-0.000500000000000056
"logistic","Logistic regression",1,905,0.9,2000,400,0.003,1,0.0015,1,0.0015,1,5e-04,1,0.00149999999999995,0.000750000000000028,0.000750000000000028,0.000249999999999972,0.000749999999999917,0,-0.000500000000000056
"logistic","Logistic regression",1,1105,0.002,2000,400,0.0045,0.015,0.002,0.01,0.003,0.01,0,0,0.49475,0.496,0.4965,0.5,-0.00125000000000003,0.000499999999999945,0.004
"logistic","Logistic regression",1,1105,0.00258309933002977,2000,400,0.0045,0.005,0.002,0.0025,0.003,0.0025,0,0,0.49975,0.49975,0.50025,0.5,-5.55111512312578e-17,0.000499999999999945,0.000249999999999972
"logistic","Logistic regression",1,1105,0.00333620107440012,2000,400,0.0045,0.0075,0.002,0.005,0.003,0.005,0,0,0.4985,0.4985,0.499,0.5,0,0.000499999999999945,0.0015
"logistic","Logistic regression",1,1105,0.00430886938006377,2000,400,0.0045,0.0075,0.002,0.005,0.003,0.005,0,0,0.4985,0.4985,0.499,0.5,0,0.000499999999999945,0.0015
"logistic","Logistic regression",1,1105,0.00556511880441425,2000,400,0.0045,0.0025,0.002,0.0025,0.003,0.0025,0,0,0.501,0.49975,0.50025,0.5,0.00124999999999997,0.000499999999999945,0.000249999999999972
"logistic","Logistic regression",1,1105,0.00718762732760925,2000,400,0.0045,0.0075,0.002,0.0025,0.003,0.0025,0,0,0.4985,0.49975,0.50025,0.5,-0.00125000000000003,0.000499999999999945,0.000249999999999972
"logistic","Logistic regression",1,1105,0.00928317766722556,2000,400,0.0045,0.01,0.002,0.005,0.003,0.005,0,0,0.49725,0.4985,0.499,0.5,-0.00125000000000003,0.000499999999999945,0.0015
"logistic","Logistic regression",1,1105,0.0119896850063788,2000,400,0.0045,0.005,0.002,0.0025,0.003,0.0025,0,0,0.49975,0.49975,0.50025,0.5,-5.55111512312578e-17,0.000499999999999945,0.000249999999999972
"logistic","Logistic regression",1,1105,0.0154852736536225,2000,400,0.0045,0.005,0.002,0.0025,0.003,0.0025,0,0,0.49975,0.49975,0.50025,0.5,-5.55111512312578e-17,0.000499999999999945,0.000249999999999972
"logistic","Logistic regression",1,1105,0.02,2000,400,0.0045,0.0075,0.002,0,0.003,0,0,0,0.4985,0.501,0.5015,0.5,-0.0025,0.000499999999999945,-0.001
"logistic","Logistic regression",1,1105,0.025,2000,400,0.0045,0.005,0.002,0.0025,0.003,0.0025,0,0,0.49975,0.49975,0.50025,0.5,-5.55111512312578e-17,0.000499999999999945,0.000249999999999972
"logistic","Logistic regression",1,1105,0.0666666666666667,2000,400,0.0045,0.0425,0.002,0.035,0.003,0.035,0.0285,0.145,0.481,0.4835,0.484,0.44175,-0.0025,0.000499999999999945,-0.04175
"logistic","Logistic regression",1,1105,0.108333333333333,2000,400,0.0045,0.14,0.002,0.1025,0.003,0.1025,0.0355,0.415,0.43225,0.44975,0.45025,0.31025,-0.0175,0.000499999999999945,-0.1395
"logistic","Logistic regression",1,1105,0.15,2000,400,0.0045,0.3075,0.002,0.225,0.003,0.2325,0.026,0.61,0.3485,0.3885,0.38525,0.208,-0.04,-0.00325000000000009,-0.1805
"logistic","Logistic regression",1,1105,0.191666666666667,2000,400,0.0045,0.6675,0.002,0.575,0.003,0.585,0.02,0.815,0.1685,0.2135,0.209,0.1025,-0.045,-0.00450000000000006,-0.111
"logistic","Logistic regression",1,1105,0.233333333333333,2000,400,0.0045,0.8575,0.002,0.805,0.003,0.8075,0.014,0.93,0.0735,0.0985,0.09775,0.042,-0.025,-0.000750000000000028,-0.0565
"logistic","Logistic regression",1,1105,0.275,2000,400,0.0045,0.9525,0.002,0.93,0.003,0.9325,0.0105,0.9875,0.026,0.036,0.03525,0.0115,-0.01,-0.000750000000000028,-0.0245
"logistic","Logistic regression",1,1105,0.316666666666667,2000,400,0.0045,0.985,0.002,0.9825,0.003,0.9825,0.009,0.9875,0.00974999999999998,0.00974999999999998,0.0102499999999999,0.0107499999999999,0,0.000499999999999945,0.000999999999999945
"logistic","Logistic regression",1,1105,0.358333333333333,2000,400,0.0045,1,0.002,0.9975,0.003,0.9975,0.0065,1,0.00224999999999997,0.00224999999999997,0.00274999999999992,0.00324999999999998,0,0.000499999999999945,0.001
"logistic","Logistic regression",1,1105,0.4,2000,400,0.0045,1,0.002,1,0.003,1,0.005,1,0.00224999999999997,0.001,0.00149999999999995,0.00249999999999995,0.00124999999999997,0.000499999999999945,0.00149999999999995
"logistic","Logistic regression",1,1105,0.441666666666667,2000,400,0.0045,1,0.002,1,0.003,1,0.0045,1,0.00224999999999997,0.001,0.00149999999999995,0.00224999999999997,0.00124999999999997,0.000499999999999945,0.00124999999999997
"logistic","Logistic regression",1,1105,0.483333333333333,2000,400,0.0045,1,0.002,1,0.003,1,0.004,1,0.00224999999999997,0.001,0.00149999999999995,0.002,0.00124999999999997,0.000499999999999945,0.001
"logistic","Logistic regression",1,1105,0.525,2000,400,0.0045,1,0.002,1,0.003,1,0.003,1,0.00224999999999997,0.001,0.00149999999999995,0.00149999999999995,0.00124999999999997,0.000499999999999945,0.000499999999999945
"logistic","Logistic regression",1,1105,0.566666666666667,2000,400,0.0045,1,0.002,1,0.003,1,0.002,1,0.00224999999999997,0.001,0.00149999999999995,0.001,0.00124999999999997,0.000499999999999945,0
"logistic","Logistic regression",1,1105,0.608333333333333,2000,400,0.0045,1,0.002,1,0.003,1,0.001,1,0.00224999999999997,0.001,0.00149999999999995,0.000499999999999945,0.00124999999999997,0.000499999999999945,-0.000500000000000056
"logistic","Logistic regression",1,1105,0.65,2000,400,0.0045,1,0.002,1,0.003,1,0.001,1,0.00224999999999997,0.001,0.00149999999999995,0.000499999999999945,0.00124999999999997,0.000499999999999945,-0.000500000000000056
"logistic","Logistic regression",1,1105,0.691666666666667,2000,400,0.0045,1,0.002,1,0.003,1,0.001,1,0.00224999999999997,0.001,0.00149999999999995,0.000499999999999945,0.00124999999999997,0.000499999999999945,-0.000500000000000056
"logistic","Logistic regression",1,1105,0.733333333333333,2000,400,0.0045,1,0.002,1,0.003,1,5e-04,1,0.00224999999999997,0.001,0.00149999999999995,0.000249999999999972,0.00124999999999997,0.000499999999999945,-0.000750000000000028
"logistic","Logistic regression",1,1105,0.775,2000,400,0.0045,1,0.002,1,0.003,1,5e-04,1,0.00224999999999997,0.001,0.00149999999999995,0.000249999999999972,0.00124999999999997,0.000499999999999945,-0.000750000000000028
"logistic","Logistic regression",1,1105,0.816666666666667,2000,400,0.0045,1,0.002,1,0.003,1,5e-04,1,0.00224999999999997,0.001,0.00149999999999995,0.000249999999999972,0.00124999999999997,0.000499999999999945,-0.000750000000000028
"logistic","Logistic regression",1,1105,0.858333333333333,2000,400,0.0045,1,0.002,1,0.003,1,0,1,0.00224999999999997,0.001,0.00149999999999995,0,0.00124999999999997,0.000499999999999945,-0.001
"logistic","Logistic regression",1,1105,0.9,2000,400,0.0045,1,0.002,1,0.003,1,0,1,0.00224999999999997,0.001,0.00149999999999995,0,0.00124999999999997,0.000499999999999945,-0.001
"logistic","Logistic regression",1,1350,0.002,2000,400,0.0055,0.0075,0.002,0.0025,0.0035,0.0025,0,0,0.499,0.49975,0.5005,0.5,-0.000749999999999973,0.000750000000000028,0.000249999999999972
"logistic","Logistic regression",1,1350,0.00258309933002977,2000,400,0.0055,0,0.002,0,0.0035,0,0,0,0.50275,0.501,0.50175,0.5,0.00175000000000003,0.000750000000000028,-0.001
"logistic","Logistic regression",1,1350,0.00333620107440012,2000,400,0.0055,0.0125,0.002,0.005,0.0035,0.005,0,0,0.4965,0.4985,0.49925,0.5,-0.00199999999999995,0.000750000000000028,0.0015
"logistic","Logistic regression",1,1350,0.00430886938006377,2000,400,0.0055,0.005,0.002,0.0025,0.0035,0.0025,0,0,0.50025,0.49975,0.5005,0.5,0.000500000000000056,0.000750000000000028,0.000249999999999972
"logistic","Logistic regression",1,1350,0.00556511880441425,2000,400,0.0055,0.0025,0.002,0,0.0035,0,0,0,0.5015,0.501,0.50175,0.5,0.000500000000000056,0.000750000000000028,-0.001
"logistic","Logistic regression",1,1350,0.00718762732760925,2000,400,0.0055,0,0.002,0,0.0035,0,0,0,0.50275,0.501,0.50175,0.5,0.00175000000000003,0.000750000000000028,-0.001
"logistic","Logistic regression",1,1350,0.00928317766722556,2000,400,0.0055,0.005,0.002,0.005,0.0035,0.005,0,0,0.50025,0.4985,0.49925,0.5,0.00175000000000008,0.000750000000000028,0.0015
"logistic","Logistic regression",1,1350,0.0119896850063788,2000,400,0.0055,0.0075,0.002,0.0025,0.0035,0.005,0,0,0.499,0.49975,0.49925,0.5,-0.000749999999999973,-5e-04,0.000249999999999972
"logistic","Logistic regression",1,1350,0.0154852736536225,2000,400,0.0055,0.0225,0.002,0.015,0.0035,0.015,0,0,0.4915,0.4935,0.49425,0.5,-0.00199999999999995,0.000750000000000028,0.00650000000000001
"logistic","Logistic regression",1,1350,0.02,2000,400,0.0055,0.0025,0.002,0,0.0035,0,0,0,0.5015,0.501,0.50175,0.5,0.000500000000000056,0.000750000000000028,-0.001
"logistic","Logistic regression",1,1350,0.025,2000,400,0.0055,0.0025,0.002,0.0025,0.0035,0.0025,0.0015,0.0025,0.5015,0.49975,0.5005,0.4995,0.00175000000000003,0.000750000000000028,-0.000249999999999972
"logistic","Logistic regression",1,1350,0.0666666666666667,2000,400,0.0055,0.0375,0.002,0.0225,0.0035,0.0225,0.0375,0.1775,0.484,0.48975,0.4905,0.43,-0.00574999999999998,0.000750000000000028,-0.05975
"logistic","Logistic regression",1,1350,0.108333333333333,2000,400,0.0055,0.245,0.002,0.1675,0.0035,0.1725,0.0375,0.5375,0.38025,0.41725,0.4155,0.25,-0.037,-0.00174999999999997,-0.16725
"logistic","Logistic regression",1,1350,0.15,2000,400,0.0055,0.4625,0.002,0.3525,0.0035,0.365,0.025,0.7,0.2715,0.32475,0.31925,0.1625,-0.05325,-0.00549999999999995,-0.16225
"logistic","Logistic regression",1,1350,0.191666666666667,2000,400,0.0055,0.7625,0.002,0.6825,0.0035,0.6875,0.02,0.875,0.1215,0.15975,0.158,0.0725,-0.03825,-0.00174999999999997,-0.08725
"logistic","Logistic regression",1,1350,0.233333333333333,2000,400,0.0055,0.9425,0.002,0.9,0.0035,0.9075,0.0155,0.9675,0.0315,0.051,0.048,0.024,-0.0195,-0.00299999999999995,-0.027
"logistic","Logistic regression",1,1350,0.275,2000,400,0.0055,0.9875,0.002,0.98,0.0035,0.98,0.012,0.9925,0.00900000000000001,0.011,0.01175,0.00974999999999998,-0.002,0.000750000000000028,-0.00125000000000003
"logistic","Logistic regression",1,1350,0.316666666666667,2000,400,0.0055,1,0.002,1,0.0035,1,0.0075,1,0.00275000000000003,0.001,0.00175000000000003,0.00375000000000003,0.00175000000000003,0.000750000000000028,0.00275000000000003
"logistic","Logistic regression",1,1350,0.358333333333333,2000,400,0.0055,1,0.002,1,0.0035,1,0.0055,1,0.00275000000000003,0.001,0.00175000000000003,0.00275000000000003,0.00175000000000003,0.000750000000000028,0.00175000000000003
"logistic","Logistic regression",1,1350,0.4,2000,400,0.0055,1,0.002,1,0.0035,1,0.0045,1,0.00275000000000003,0.001,0.00175000000000003,0.00224999999999997,0.00175000000000003,0.000750000000000028,0.00124999999999997
"logistic","Logistic regression",1,1350,0.441666666666667,2000,400,0.0055,1,0.002,1,0.0035,1,0.004,1,0.00275000000000003,0.001,0.00175000000000003,0.002,0.00175000000000003,0.000750000000000028,0.001
"logistic","Logistic regression",1,1350,0.483333333333333,2000,400,0.0055,1,0.002,1,0.0035,1,0.004,1,0.00275000000000003,0.001,0.00175000000000003,0.002,0.00175000000000003,0.000750000000000028,0.001
"logistic","Logistic regression",1,1350,0.525,2000,400,0.0055,1,0.002,1,0.0035,1,0.003,1,0.00275000000000003,0.001,0.00175000000000003,0.00149999999999995,0.00175000000000003,0.000750000000000028,0.000499999999999945
"logistic","Logistic regression",1,1350,0.566666666666667,2000,400,0.0055,1,0.002,1,0.0035,1,0.002,1,0.00275000000000003,0.001,0.00175000000000003,0.001,0.00175000000000003,0.000750000000000028,0
"logistic","Logistic regression",1,1350,0.608333333333333,2000,400,0.0055,1,0.002,1,0.0035,1,0.0015,1,0.00275000000000003,0.001,0.00175000000000003,0.000750000000000028,0.00175000000000003,0.000750000000000028,-0.000249999999999972
"logistic","Logistic regression",1,1350,0.65,2000,400,0.0055,1,0.002,1,0.0035,1,0.0015,1,0.00275000000000003,0.001,0.00175000000000003,0.000750000000000028,0.00175000000000003,0.000750000000000028,-0.000249999999999972
"logistic","Logistic regression",1,1350,0.691666666666667,2000,400,0.0055,1,0.002,1,0.0035,1,0.0015,1,0.00275000000000003,0.001,0.00175000000000003,0.000750000000000028,0.00175000000000003,0.000750000000000028,-0.000249999999999972
"logistic","Logistic regression",1,1350,0.733333333333333,2000,400,0.0055,1,0.002,1,0.0035,1,0.0015,1,0.00275000000000003,0.001,0.00175000000000003,0.000750000000000028,0.00175000000000003,0.000750000000000028,-0.000249999999999972
"logistic","Logistic regression",1,1350,0.775,2000,400,0.0055,1,0.002,1,0.0035,1,0.0015,1,0.00275000000000003,0.001,0.00175000000000003,0.000750000000000028,0.00175000000000003,0.000750000000000028,-0.000249999999999972
"logistic","Logistic regression",1,1350,0.816666666666667,2000,400,0.0055,1,0.002,1,0.0035,1,0.001,1,0.00275000000000003,0.001,0.00175000000000003,0.000499999999999945,0.00175000000000003,0.000750000000000028,-0.000500000000000056
"logistic","Logistic regression",1,1350,0.858333333333333,2000,400,0.0055,1,0.002,1,0.0035,1,5e-04,1,0.00275000000000003,0.001,0.00175000000000003,0.000249999999999972,0.00175000000000003,0.000750000000000028,-0.000750000000000028
"logistic","Logistic regression",1,1350,0.9,2000,400,0.0055,1,0.002,1,0.0035,1,5e-04,1,0.00275000000000003,0.001,0.00175000000000003,0.000249999999999972,0.00175000000000003,0.000750000000000028,-0.000750000000000028
"logistic","Logistic regression",1,1650,0.002,2000,400,0.0055,0.005,0.0025,0.0025,0.0025,0.0025,0,0,0.50025,0.5,0.5,0.5,0.000250000000000083,0,0
"logistic","Logistic regression",1,1650,0.00258309933002977,2000,400,0.0055,0.01,0.0025,0.005,0.0025,0.005,0,0,0.49775,0.49875,0.49875,0.5,-0.000999999999999945,0,0.00125000000000003
"logistic","Logistic regression",1,1650,0.00333620107440012,2000,400,0.0055,0.005,0.0025,0,0.0025,0,0,0,0.50025,0.50125,0.50125,0.5,-0.00099999999999989,0,-0.00124999999999997
"logistic","Logistic regression",1,1650,0.00430886938006377,2000,400,0.0055,0.0025,0.0025,0,0.0025,0,0,0,0.5015,0.50125,0.50125,0.5,0.000250000000000083,0,-0.00124999999999997
"logistic","Logistic regression",1,1650,0.00556511880441425,2000,400,0.0055,0,0.0025,0,0.0025,0,0,0,0.50275,0.50125,0.50125,0.5,0.00150000000000006,0,-0.00124999999999997
"logistic","Logistic regression",1,1650,0.00718762732760925,2000,400,0.0055,0.0025,0.0025,0,0.0025,0,0,0,0.5015,0.50125,0.50125,0.5,0.000250000000000083,0,-0.00124999999999997
"logistic","Logistic regression",1,1650,0.00928317766722556,2000,400,0.0055,0.0175,0.0025,0.0125,0.0025,0.0125,0,0,0.494,0.495,0.495,0.5,-0.000999999999999945,0,0.005
"logistic","Logistic regression",1,1650,0.0119896850063788,2000,400,0.0055,0,0.0025,0,0.0025,0,0,0,0.50275,0.50125,0.50125,0.5,0.00150000000000006,0,-0.00124999999999997
"logistic","Logistic regression",1,1650,0.0154852736536225,2000,400,0.0055,0.0025,0.0025,0,0.0025,0,0,0,0.5015,0.50125,0.50125,0.5,0.000250000000000083,0,-0.00124999999999997
"logistic","Logistic regression",1,1650,0.02,2000,400,0.0055,0.005,0.0025,0.0025,0.0025,0.0025,0.001,0.0025,0.50025,0.5,0.5,0.49925,0.000250000000000083,0,-0.000750000000000028
"logistic","Logistic regression",1,1650,0.025,2000,400,0.0055,0.02,0.0025,0.01,0.0025,0.0125,0.0025,0.0125,0.49275,0.49625,0.495,0.495,-0.00349999999999995,-0.00124999999999997,-0.00124999999999997
"logistic","Logistic regression",1,1650,0.0666666666666667,2000,400,0.0055,0.08,0.0025,0.0175,0.0025,0.02,0.04,0.26,0.46275,0.4925,0.49125,0.39,-0.0297499999999999,-0.00125000000000003,-0.1025
"logistic","Logistic regression",1,1650,0.108333333333333,2000,400,0.0055,0.265,0.0025,0.155,0.0025,0.165,0.0325,0.5275,0.37025,0.42375,0.41875,0.2525,-0.0534999999999999,-0.005,-0.17125
"logistic","Logistic regression",1,1650,0.15,2000,400,0.0055,0.62,0.0025,0.505,0.0025,0.5125,0.0205,0.8225,0.19275,0.24875,0.245,0.099,-0.0559999999999999,-0.00374999999999998,-0.14975
"logistic","Logistic regression",1,1650,0.191666666666667,2000,400,0.0055,0.8725,0.0025,0.7975,0.0025,0.8025,0.015,0.9375,0.0665,0.1025,0.1,0.03875,-0.036,-0.0025,-0.06375
"logistic","Logistic regression",1,1650,0.233333333333333,2000,400,0.0055,0.965,0.0025,0.93,0.0025,0.935,0.0115,0.9875,0.02025,0.03625,0.0337499999999999,0.012,-0.0159999999999999,-0.0025,-0.0242499999999999
"logistic","Logistic regression",1,1650,0.275,2000,400,0.0055,1,0.0025,0.995,0.0025,0.995,0.0075,1,0.00275000000000003,0.00374999999999998,0.00374999999999998,0.00375000000000003,-0.000999999999999945,0,5.55111512312578e-17
"logistic","Logistic regression",1,1650,0.316666666666667,2000,400,0.0055,1,0.0025,1,0.0025,1,0.0065,1,0.00275000000000003,0.00124999999999997,0.00124999999999997,0.00324999999999998,0.00150000000000006,0,0.002
"logistic","Logistic regression",1,1650,0.358333333333333,2000,400,0.0055,1,0.0025,1,0.0025,1,0.0055,1,0.00275000000000003,0.00124999999999997,0.00124999999999997,0.00275000000000003,0.00150000000000006,0,0.00150000000000006
"logistic","Logistic regression",1,1650,0.4,2000,400,0.0055,1,0.0025,1,0.0025,1,0.0055,1,0.00275000000000003,0.00124999999999997,0.00124999999999997,0.00275000000000003,0.00150000000000006,0,0.00150000000000006
"logistic","Logistic regression",1,1650,0.441666666666667,2000,400,0.0055,1,0.0025,1,0.0025,1,0.0055,1,0.00275000000000003,0.00124999999999997,0.00124999999999997,0.00275000000000003,0.00150000000000006,0,0.00150000000000006
"logistic","Logistic regression",1,1650,0.483333333333333,2000,400,0.0055,1,0.0025,1,0.0025,1,0.0035,1,0.00275000000000003,0.00124999999999997,0.00124999999999997,0.00175000000000003,0.00150000000000006,0,0.000500000000000056
"logistic","Logistic regression",1,1650,0.525,2000,400,0.0055,1,0.0025,1,0.0025,1,0.0025,1,0.00275000000000003,0.00124999999999997,0.00124999999999997,0.00124999999999997,0.00150000000000006,0,0
"logistic","Logistic regression",1,1650,0.566666666666667,2000,400,0.0055,1,0.0025,1,0.0025,1,0.0025,1,0.00275000000000003,0.00124999999999997,0.00124999999999997,0.00124999999999997,0.00150000000000006,0,0
"logistic","Logistic regression",1,1650,0.608333333333333,2000,400,0.0055,1,0.0025,1,0.0025,1,0.0025,1,0.00275000000000003,0.00124999999999997,0.00124999999999997,0.00124999999999997,0.00150000000000006,0,0
"logistic","Logistic regression",1,1650,0.65,2000,400,0.0055,1,0.0025,1,0.0025,1,0.0025,1,0.00275000000000003,0.00124999999999997,0.00124999999999997,0.00124999999999997,0.00150000000000006,0,0
"logistic","Logistic regression",1,1650,0.691666666666667,2000,400,0.0055,1,0.0025,1,0.0025,1,0.002,1,0.00275000000000003,0.00124999999999997,0.00124999999999997,0.001,0.00150000000000006,0,-0.000249999999999972
"logistic","Logistic regression",1,1650,0.733333333333333,2000,400,0.0055,1,0.0025,1,0.0025,1,0.002,1,0.00275000000000003,0.00124999999999997,0.00124999999999997,0.001,0.00150000000000006,0,-0.000249999999999972
"logistic","Logistic regression",1,1650,0.775,2000,400,0.0055,1,0.0025,1,0.0025,1,0.002,1,0.00275000000000003,0.00124999999999997,0.00124999999999997,0.001,0.00150000000000006,0,-0.000249999999999972
"logistic","Logistic regression",1,1650,0.816666666666667,2000,400,0.0055,1,0.0025,1,0.0025,1,0.002,1,0.00275000000000003,0.00124999999999997,0.00124999999999997,0.001,0.00150000000000006,0,-0.000249999999999972
"logistic","Logistic regression",1,1650,0.858333333333333,2000,400,0.0055,1,0.0025,1,0.0025,1,0.002,1,0.00275000000000003,0.00124999999999997,0.00124999999999997,0.001,0.00150000000000006,0,-0.000249999999999972
"logistic","Logistic regression",1,1650,0.9,2000,400,0.0055,1,0.0025,1,0.0025,1,0.002,1,0.00275000000000003,0.00124999999999997,0.00124999999999997,0.001,0.00150000000000006,0,-0.000249999999999972
"logistic","Logistic regression",1,2015,0.002,2000,400,0.005,0.0025,0.0015,0.0025,0.0025,0.0025,0,0,0.50125,0.4995,0.5,0.5,0.00174999999999992,0.000499999999999945,0.000499999999999945
"logistic","Logistic regression",1,2015,0.00258309933002977,2000,400,0.005,0,0.0015,0,0.0025,0,0,0,0.5025,0.50075,0.50125,0.5,0.00174999999999992,0.000499999999999945,-0.000750000000000028
"logistic","Logistic regression",1,2015,0.00333620107440012,2000,400,0.005,0.0075,0.0015,0.0025,0.0025,0.0025,0,0,0.49875,0.4995,0.5,0.5,-0.000750000000000084,0.000499999999999945,0.000499999999999945
"logistic","Logistic regression",1,2015,0.00430886938006377,2000,400,0.005,0,0.0015,0,0.0025,0,0,0,0.5025,0.50075,0.50125,0.5,0.00174999999999992,0.000499999999999945,-0.000750000000000028
"logistic","Logistic regression",1,2015,0.00556511880441425,2000,400,0.005,0,0.0015,0,0.0025,0,0,0,0.5025,0.50075,0.50125,0.5,0.00174999999999992,0.000499999999999945,-0.000750000000000028
"logistic","Logistic regression",1,2015,0.00718762732760925,2000,400,0.005,0.015,0.0015,0.0025,0.0025,0.0025,0,0,0.495,0.4995,0.5,0.5,-0.00450000000000012,0.000499999999999945,0.000499999999999945
"logistic","Logistic regression",1,2015,0.00928317766722556,2000,400,0.005,0,0.0015,0,0.0025,0,0,0,0.5025,0.50075,0.50125,0.5,0.00174999999999992,0.000499999999999945,-0.000750000000000028
"logistic","Logistic regression",1,2015,0.0119896850063788,2000,400,0.005,0.0025,0.0015,0,0.0025,0,0,0,0.50125,0.50075,0.50125,0.5,0.000499999999999945,0.000499999999999945,-0.000750000000000028
"logistic","Logistic regression",1,2015,0.0154852736536225,2000,400,0.005,0.015,0.0015,0.005,0.0025,0.0075,0,0,0.495,0.49825,0.4975,0.5,-0.00325000000000009,-0.000750000000000028,0.00174999999999997
"logistic","Logistic regression",1,2015,0.02,2000,400,0.005,0.005,0.0015,0.005,0.0025,0.005,0,0.005,0.5,0.49825,0.49875,0.4975,0.00174999999999992,0.000499999999999945,-0.000750000000000028
"logistic","Logistic regression",1,2015,0.025,2000,400,0.005,0.025,0.0015,0.01,0.0025,0.0125,0.0035,0.02,0.49,0.49575,0.495,0.49175,-0.00575000000000009,-0.000750000000000028,-0.004
"logistic","Logistic regression",1,2015,0.0666666666666667,2000,400,0.005,0.0675,0.0015,0.0375,0.0025,0.0375,0.048,0.335,0.46875,0.482,0.4825,0.3565,-0.0132500000000001,0.000499999999999945,-0.1255
"logistic","Logistic regression",1,2015,0.108333333333333,2000,400,0.005,0.3325,0.0015,0.2275,0.0025,0.2275,0.0395,0.6275,0.33625,0.387,0.3875,0.206,-0.0507500000000001,0.000499999999999945,-0.181
"logistic","Logistic regression",1,2015,0.15,2000,400,0.005,0.6925,0.0015,0.5725,0.0025,0.58,0.0255,0.855,0.15625,0.2145,0.21125,0.08525,-0.0582500000000001,-0.00325000000000003,-0.12925
"logistic","Logistic regression",1,2015,0.191666666666667,2000,400,0.005,0.8975,0.0015,0.87,0.0025,0.8725,0.0145,0.95,0.05375,0.06575,0.065,0.03225,-0.0120000000000001,-0.000750000000000084,-0.0335
"logistic","Logistic regression",1,2015,0.233333333333333,2000,400,0.005,0.9975,0.0015,0.9875,0.0025,0.99,0.012,0.9975,0.00374999999999992,0.00700000000000001,0.00624999999999998,0.00724999999999998,-0.00325000000000009,-0.000750000000000028,0.000249999999999972
"logistic","Logistic regression",1,2015,0.275,2000,400,0.005,1,0.0015,0.9975,0.0025,0.9975,0.006,1,0.00249999999999995,0.002,0.00249999999999995,0.003,0.000499999999999945,0.000499999999999945,0.001
"logistic","Logistic regression",1,2015,0.316666666666667,2000,400,0.005,1,0.0015,1,0.0025,1,0.0045,1,0.00249999999999995,0.000750000000000028,0.00124999999999997,0.00224999999999997,0.00174999999999992,0.000499999999999945,0.00149999999999995
"logistic","Logistic regression",1,2015,0.358333333333333,2000,400,0.005,1,0.0015,1,0.0025,1,0.0035,1,0.00249999999999995,0.000750000000000028,0.00124999999999997,0.00175000000000003,0.00174999999999992,0.000499999999999945,0.001
"logistic","Logistic regression",1,2015,0.4,2000,400,0.005,1,0.0015,1,0.0025,1,0.003,1,0.00249999999999995,0.000750000000000028,0.00124999999999997,0.00149999999999995,0.00174999999999992,0.000499999999999945,0.000749999999999917
"logistic","Logistic regression",1,2015,0.441666666666667,2000,400,0.005,1,0.0015,1,0.0025,1,0.0025,1,0.00249999999999995,0.000750000000000028,0.00124999999999997,0.00124999999999997,0.00174999999999992,0.000499999999999945,0.000499999999999945
"logistic","Logistic regression",1,2015,0.483333333333333,2000,400,0.005,1,0.0015,1,0.0025,1,0.0015,1,0.00249999999999995,0.000750000000000028,0.00124999999999997,0.000750000000000028,0.00174999999999992,0.000499999999999945,0
"logistic","Logistic regression",1,2015,0.525,2000,400,0.005,1,0.0015,1,0.0025,1,5e-04,1,0.00249999999999995,0.000750000000000028,0.00124999999999997,0.000249999999999972,0.00174999999999992,0.000499999999999945,-0.000500000000000056
"logistic","Logistic regression",1,2015,0.566666666666667,2000,400,0.005,1,0.0015,1,0.0025,1,5e-04,1,0.00249999999999995,0.000750000000000028,0.00124999999999997,0.000249999999999972,0.00174999999999992,0.000499999999999945,-0.000500000000000056
"logistic","Logistic regression",1,2015,0.608333333333333,2000,400,0.005,1,0.0015,1,0.0025,1,5e-04,1,0.00249999999999995,0.000750000000000028,0.00124999999999997,0.000249999999999972,0.00174999999999992,0.000499999999999945,-0.000500000000000056
"logistic","Logistic regression",1,2015,0.65,2000,400,0.005,1,0.0015,1,0.0025,1,5e-04,1,0.00249999999999995,0.000750000000000028,0.00124999999999997,0.000249999999999972,0.00174999999999992,0.000499999999999945,-0.000500000000000056
"logistic","Logistic regression",1,2015,0.691666666666667,2000,400,0.005,1,0.0015,1,0.0025,1,0,1,0.00249999999999995,0.000750000000000028,0.00124999999999997,0,0.00174999999999992,0.000499999999999945,-0.000750000000000028
"logistic","Logistic regression",1,2015,0.733333333333333,2000,400,0.005,1,0.0015,1,0.0025,1,0,1,0.00249999999999995,0.000750000000000028,0.00124999999999997,0,0.00174999999999992,0.000499999999999945,-0.000750000000000028
"logistic","Logistic regression",1,2015,0.775,2000,400,0.005,1,0.0015,1,0.0025,1,0,1,0.00249999999999995,0.000750000000000028,0.00124999999999997,0,0.00174999999999992,0.000499999999999945,-0.000750000000000028
"logistic","Logistic regression",1,2015,0.816666666666667,2000,400,0.005,1,0.0015,1,0.0025,1,0,1,0.00249999999999995,0.000750000000000028,0.00124999999999997,0,0.00174999999999992,0.000499999999999945,-0.000750000000000028
"logistic","Logistic regression",1,2015,0.858333333333333,2000,400,0.005,1,0.0015,1,0.0025,1,0,1,0.00249999999999995,0.000750000000000028,0.00124999999999997,0,0.00174999999999992,0.000499999999999945,-0.000750000000000028
"logistic","Logistic regression",1,2015,0.9,2000,400,0.005,1,0.0015,1,0.0025,1,0,1,0.00249999999999995,0.000750000000000028,0.00124999999999997,0,0.00174999999999992,0.000499999999999945,-0.000750000000000028
"logistic","Logistic regression",1,2462,0.002,2000,400,0.006,0.0025,0.002,0.0025,0.002,0.0025,0,0,0.50175,0.49975,0.49975,0.5,0.002,0,0.000249999999999972
"logistic","Logistic regression",1,2462,0.00258309933002977,2000,400,0.006,0.0025,0.002,0,0.002,0,0,0,0.50175,0.501,0.501,0.5,0.000750000000000028,0,-0.001
"logistic","Logistic regression",1,2462,0.00333620107440012,2000,400,0.006,0.005,0.002,0.0025,0.002,0.0025,0,0,0.5005,0.49975,0.49975,0.5,0.000750000000000028,0,0.000249999999999972
"logistic","Logistic regression",1,2462,0.00430886938006377,2000,400,0.006,0.005,0.002,0,0.002,0,0,0,0.5005,0.501,0.501,0.5,-0.000499999999999945,0,-0.001
"logistic","Logistic regression",1,2462,0.00556511880441425,2000,400,0.006,0.005,0.002,0.0025,0.002,0.0025,0,0,0.5005,0.49975,0.49975,0.5,0.000750000000000028,0,0.000249999999999972
"logistic","Logistic regression",1,2462,0.00718762732760925,2000,400,0.006,0.0025,0.002,0.0025,0.002,0.0025,0,0,0.50175,0.49975,0.49975,0.5,0.002,0,0.000249999999999972
"logistic","Logistic regression",1,2462,0.00928317766722556,2000,400,0.006,0.005,0.002,0,0.002,0,0,0,0.5005,0.501,0.501,0.5,-0.000499999999999945,0,-0.001
"logistic","Logistic regression",1,2462,0.0119896850063788,2000,400,0.006,0.0025,0.002,0,0.002,0,0,0,0.50175,0.501,0.501,0.5,0.000750000000000028,0,-0.001
"logistic","Logistic regression",1,2462,0.0154852736536225,2000,400,0.006,0.01,0.002,0.0025,0.002,0.0025,0,0,0.498,0.49975,0.49975,0.5,-0.00175000000000003,0,0.000249999999999972
"logistic","Logistic regression",1,2462,0.02,2000,400,0.006,0.0125,0.002,0.005,0.002,0.005,0.002,0.005,0.49675,0.4985,0.4985,0.4985,-0.00174999999999997,0,0
"logistic","Logistic regression",1,2462,0.025,2000,400,0.006,0.01,0.002,0.0025,0.002,0.0025,0.008,0.0125,0.498,0.49975,0.49975,0.49775,-0.00175000000000003,0,-0.002
"logistic","Logistic regression",1,2462,0.0666666666666667,2000,400,0.006,0.135,0.002,0.0825,0.002,0.085,0.05,0.395,0.4355,0.45975,0.4585,0.3275,-0.02425,-0.00124999999999997,-0.13225
"logistic","Logistic regression",1,2462,0.108333333333333,2000,400,0.006,0.4825,0.002,0.315,0.002,0.3175,0.032,0.71,0.26175,0.3435,0.34225,0.161,-0.08175,-0.00125000000000003,-0.1825
"logistic","Logistic regression",1,2462,0.15,2000,400,0.006,0.81,0.002,0.7325,0.002,0.7325,0.0205,0.9075,0.098,0.13475,0.13475,0.0565,-0.03675,0,-0.07825
"logistic","Logistic regression",1,2462,0.191666666666667,2000,400,0.006,0.9775,0.002,0.9425,0.002,0.9425,0.012,0.99,0.01425,0.02975,0.02975,0.011,-0.0155,0,-0.01875
"logistic","Logistic regression",1,2462,0.233333333333333,2000,400,0.006,0.9975,0.002,0.995,0.002,0.995,0.008,0.9975,0.00424999999999998,0.0035,0.0035,0.00524999999999998,0.000749999999999973,0,0.00174999999999997
"logistic","Logistic regression",1,2462,0.275,2000,400,0.006,1,0.002,1,0.002,1,0.006,1,0.003,0.001,0.001,0.003,0.002,0,0.002
"logistic","Logistic regression",1,2462,0.316666666666667,2000,400,0.006,1,0.002,1,0.002,1,0.005,1,0.003,0.001,0.001,0.00249999999999995,0.002,0,0.00149999999999995
"logistic","Logistic regression",1,2462,0.358333333333333,2000,400,0.006,1,0.002,1,0.002,1,0.0035,1,0.003,0.001,0.001,0.00175000000000003,0.002,0,0.000750000000000028
"logistic","Logistic regression",1,2462,0.4,2000,400,0.006,1,0.002,1,0.002,1,0.003,1,0.003,0.001,0.001,0.00149999999999995,0.002,0,0.000499999999999945
"logistic","Logistic regression",1,2462,0.441666666666667,2000,400,0.006,1,0.002,1,0.002,1,0.002,1,0.003,0.001,0.001,0.001,0.002,0,0
"logistic","Logistic regression",1,2462,0.483333333333333,2000,400,0.006,1,0.002,1,0.002,1,0.001,1,0.003,0.001,0.001,0.000499999999999945,0.002,0,-0.000500000000000056
"logistic","Logistic regression",1,2462,0.525,2000,400,0.006,1,0.002,1,0.002,1,5e-04,1,0.003,0.001,0.001,0.000249999999999972,0.002,0,-0.000750000000000028
"logistic","Logistic regression",1,2462,0.566666666666667,2000,400,0.006,1,0.002,1,0.002,1,0,1,0.003,0.001,0.001,0,0.002,0,-0.001
"logistic","Logistic regression",1,2462,0.608333333333333,2000,400,0.006,1,0.002,1,0.002,1,0,1,0.003,0.001,0.001,0,0.002,0,-0.001
"logistic","Logistic regression",1,2462,0.65,2000,400,0.006,1,0.002,1,0.002,1,0,1,0.003,0.001,0.001,0,0.002,0,-0.001
"logistic","Logistic regression",1,2462,0.691666666666667,2000,400,0.006,1,0.002,1,0.002,1,0,1,0.003,0.001,0.001,0,0.002,0,-0.001
"logistic","Logistic regression",1,2462,0.733333333333333,2000,400,0.006,1,0.002,1,0.002,1,0,1,0.003,0.001,0.001,0,0.002,0,-0.001
"logistic","Logistic regression",1,2462,0.775,2000,400,0.006,1,0.002,1,0.002,1,0,1,0.003,0.001,0.001,0,0.002,0,-0.001
"logistic","Logistic regression",1,2462,0.816666666666667,2000,400,0.006,1,0.002,1,0.002,1,0,1,0.003,0.001,0.001,0,0.002,0,-0.001
"logistic","Logistic regression",1,2462,0.858333333333333,2000,400,0.006,1,0.002,1,0.002,1,0,1,0.003,0.001,0.001,0,0.002,0,-0.001
"logistic","Logistic regression",1,2462,0.9,2000,400,0.006,1,0.002,1,0.002,1,0,1,0.003,0.001,0.001,0,0.002,0,-0.001
"logistic","Logistic regression",1,3008,0.002,2000,400,0.0035,0.0025,0.0015,0,0.0015,0,0,0,0.5005,0.50075,0.50075,0.5,-0.000249999999999972,0,-0.000750000000000028
"logistic","Logistic regression",1,3008,0.00258309933002977,2000,400,0.0035,0.005,0.0015,0.0025,0.0015,0.0025,0,0,0.49925,0.4995,0.4995,0.5,-0.000250000000000028,0,0.000499999999999945
"logistic","Logistic regression",1,3008,0.00333620107440012,2000,400,0.0035,0.005,0.0015,0.0025,0.0015,0.0025,0,0,0.49925,0.4995,0.4995,0.5,-0.000250000000000028,0,0.000499999999999945
"logistic","Logistic regression",1,3008,0.00430886938006377,2000,400,0.0035,0,0.0015,0,0.0015,0,0,0,0.50175,0.50075,0.50075,0.5,0.001,0,-0.000750000000000028
"logistic","Logistic regression",1,3008,0.00556511880441425,2000,400,0.0035,0.0075,0.0015,0.005,0.0015,0.005,0,0,0.498,0.49825,0.49825,0.5,-0.000249999999999972,0,0.00174999999999997
"logistic","Logistic regression",1,3008,0.00718762732760925,2000,400,0.0035,0.0075,0.0015,0,0.0015,0,0,0,0.498,0.50075,0.50075,0.5,-0.00274999999999997,0,-0.000750000000000028
"logistic","Logistic regression",1,3008,0.00928317766722556,2000,400,0.0035,0.0025,0.0015,0,0.0015,0,0,0,0.5005,0.50075,0.50075,0.5,-0.000249999999999972,0,-0.000750000000000028
"logistic","Logistic regression",1,3008,0.0119896850063788,2000,400,0.0035,0.0075,0.0015,0,0.0015,0,0,0,0.498,0.50075,0.50075,0.5,-0.00274999999999997,0,-0.000750000000000028
"logistic","Logistic regression",1,3008,0.0154852736536225,2000,400,0.0035,0.0075,0.0015,0,0.0015,0,5e-04,0,0.498,0.50075,0.50075,0.50025,-0.00274999999999997,0,-0.000500000000000056
"logistic","Logistic regression",1,3008,0.02,2000,400,0.0035,0.0075,0.0015,0.0025,0.0015,0.0025,0.0025,0.0075,0.498,0.4995,0.4995,0.4975,-0.0015,0,-0.00200000000000006
"logistic","Logistic regression",1,3008,0.025,2000,400,0.0035,0.0125,0.0015,0,0.0015,0.0025,0.0075,0.0225,0.4955,0.50075,0.4995,0.4925,-0.00524999999999998,-0.00124999999999997,-0.00824999999999998
"logistic","Logistic regression",1,3008,0.0666666666666667,2000,400,0.0035,0.17,0.0015,0.1075,0.0015,0.11,0.0365,0.44,0.41675,0.447,0.44575,0.29825,-0.03025,-0.00124999999999997,-0.14875
"logistic","Logistic regression",1,3008,0.108333333333333,2000,400,0.0035,0.57,0.0015,0.405,0.0015,0.41,0.0215,0.785,0.21675,0.29825,0.29575,0.11825,-0.0815,-0.00249999999999995,-0.18
"logistic","Logistic regression",1,3008,0.15,2000,400,0.0035,0.87,0.0015,0.77,0.0015,0.77,0.0135,0.94,0.06675,0.11575,0.11575,0.0367500000000001,-0.049,0,-0.079
"logistic","Logistic regression",1,3008,0.191666666666667,2000,400,0.0035,0.99,0.0015,0.98,0.0015,0.9825,0.007,0.995,0.00675000000000003,0.01075,0.00950000000000001,0.00599999999999995,-0.004,-0.00125000000000003,-0.00475000000000009
"logistic","Logistic regression",1,3008,0.233333333333333,2000,400,0.0035,1,0.0015,1,0.0015,1,0.0055,1,0.00175000000000003,0.000750000000000028,0.000750000000000028,0.00275000000000003,0.001,0,0.002
"logistic","Logistic regression",1,3008,0.275,2000,400,0.0035,1,0.0015,1,0.0015,1,0.0035,1,0.00175000000000003,0.000750000000000028,0.000750000000000028,0.00175000000000003,0.001,0,0.001
"logistic","Logistic regression",1,3008,0.316666666666667,2000,400,0.0035,1,0.0015,1,0.0015,1,0.002,1,0.00175000000000003,0.000750000000000028,0.000750000000000028,0.001,0.001,0,0.000249999999999972
"logistic","Logistic regression",1,3008,0.358333333333333,2000,400,0.0035,1,0.0015,1,0.0015,1,0.0015,1,0.00175000000000003,0.000750000000000028,0.000750000000000028,0.000750000000000028,0.001,0,0
"logistic","Logistic regression",1,3008,0.4,2000,400,0.0035,1,0.0015,1,0.0015,1,0.0015,1,0.00175000000000003,0.000750000000000028,0.000750000000000028,0.000750000000000028,0.001,0,0
"logistic","Logistic regression",1,3008,0.441666666666667,2000,400,0.0035,1,0.0015,1,0.0015,1,0.0015,1,0.00175000000000003,0.000750000000000028,0.000750000000000028,0.000750000000000028,0.001,0,0
"logistic","Logistic regression",1,3008,0.483333333333333,2000,400,0.0035,1,0.0015,1,0.0015,1,0.0015,1,0.00175000000000003,0.000750000000000028,0.000750000000000028,0.000750000000000028,0.001,0,0
"logistic","Logistic regression",1,3008,0.525,2000,400,0.0035,1,0.0015,1,0.0015,1,0.001,1,0.00175000000000003,0.000750000000000028,0.000750000000000028,0.000499999999999945,0.001,0,-0.000250000000000083
"logistic","Logistic regression",1,3008,0.566666666666667,2000,400,0.0035,1,0.0015,1,0.0015,1,0.001,1,0.00175000000000003,0.000750000000000028,0.000750000000000028,0.000499999999999945,0.001,0,-0.000250000000000083
"logistic","Logistic regression",1,3008,0.608333333333333,2000,400,0.0035,1,0.0015,1,0.0015,1,0.001,1,0.00175000000000003,0.000750000000000028,0.000750000000000028,0.000499999999999945,0.001,0,-0.000250000000000083
"logistic","Logistic regression",1,3008,0.65,2000,400,0.0035,1,0.0015,1,0.0015,1,5e-04,1,0.00175000000000003,0.000750000000000028,0.000750000000000028,0.000249999999999972,0.001,0,-0.000500000000000056
"logistic","Logistic regression",1,3008,0.691666666666667,2000,400,0.0035,1,0.0015,1,0.0015,1,5e-04,1,0.00175000000000003,0.000750000000000028,0.000750000000000028,0.000249999999999972,0.001,0,-0.000500000000000056
"logistic","Logistic regression",1,3008,0.733333333333333,2000,400,0.0035,1,0.0015,1,0.0015,1,5e-04,1,0.00175000000000003,0.000750000000000028,0.000750000000000028,0.000249999999999972,0.001,0,-0.000500000000000056
"logistic","Logistic regression",1,3008,0.775,2000,400,0.0035,1,0.0015,1,0.0015,1,0,1,0.00175000000000003,0.000750000000000028,0.000750000000000028,0,0.001,0,-0.000750000000000028
"logistic","Logistic regression",1,3008,0.816666666666667,2000,400,0.0035,1,0.0015,1,0.0015,1,0,1,0.00175000000000003,0.000750000000000028,0.000750000000000028,0,0.001,0,-0.000750000000000028
"logistic","Logistic regression",1,3008,0.858333333333333,2000,400,0.0035,1,0.0015,1,0.0015,1,0,1,0.00175000000000003,0.000750000000000028,0.000750000000000028,0,0.001,0,-0.000750000000000028
"logistic","Logistic regression",1,3008,0.9,2000,400,0.0035,1,0.0015,1,0.0015,1,0,1,0.00175000000000003,0.000750000000000028,0.000750000000000028,0,0.001,0,-0.000750000000000028
"logistic","Logistic regression",1,3675,0.002,2000,400,0.007,0,5e-04,0,5e-04,0,0,0,0.5035,0.50025,0.50025,0.5,0.00324999999999998,0,-0.000249999999999972
"logistic","Logistic regression",1,3675,0.00258309933002977,2000,400,0.007,0.01,5e-04,0.0025,5e-04,0.0025,0,0,0.4985,0.499,0.499,0.5,-0.000500000000000056,0,0.001
"logistic","Logistic regression",1,3675,0.00333620107440012,2000,400,0.007,0.0025,5e-04,0,5e-04,0,0,0,0.50225,0.50025,0.50025,0.5,0.002,0,-0.000249999999999972
"logistic","Logistic regression",1,3675,0.00430886938006377,2000,400,0.007,0.0025,5e-04,0.0025,5e-04,0.0025,0,0,0.50225,0.499,0.499,0.5,0.00324999999999998,0,0.001
"logistic","Logistic regression",1,3675,0.00556511880441425,2000,400,0.007,0.0075,5e-04,0,5e-04,0,0,0,0.49975,0.50025,0.50025,0.5,-5e-04,0,-0.000249999999999972
"logistic","Logistic regression",1,3675,0.00718762732760925,2000,400,0.007,0.005,5e-04,0,5e-04,0,0,0,0.501,0.50025,0.50025,0.5,0.000750000000000028,0,-0.000249999999999972
"logistic","Logistic regression",1,3675,0.00928317766722556,2000,400,0.007,0.005,5e-04,0,5e-04,0,0,0,0.501,0.50025,0.50025,0.5,0.000750000000000028,0,-0.000249999999999972
"logistic","Logistic regression",1,3675,0.0119896850063788,2000,400,0.007,0.0025,5e-04,0,5e-04,0,0,0,0.50225,0.50025,0.50025,0.5,0.002,0,-0.000249999999999972
"logistic","Logistic regression",1,3675,0.0154852736536225,2000,400,0.007,0.0175,5e-04,0.0075,5e-04,0.0075,5e-04,0.005,0.49475,0.4965,0.4965,0.49775,-0.00175000000000003,0,0.00124999999999997
"logistic","Logistic regression",1,3675,0.02,2000,400,0.007,0.025,5e-04,0.0075,5e-04,0.0075,0.008,0.0275,0.491,0.4965,0.4965,0.49025,-0.00550000000000006,0,-0.00624999999999998
"logistic","Logistic regression",1,3675,0.025,2000,400,0.007,0.01,5e-04,0.005,5e-04,0.005,0.018,0.0425,0.4985,0.49775,0.49775,0.48775,0.000749999999999973,0,-0.00999999999999995
"logistic","Logistic regression",1,3675,0.0666666666666667,2000,400,0.007,0.21,5e-04,0.1275,5e-04,0.1275,0.0455,0.455,0.3985,0.4365,0.4365,0.29525,-0.038,0,-0.14125
"logistic","Logistic regression",1,3675,0.108333333333333,2000,400,0.007,0.67,5e-04,0.5325,5e-04,0.535,0.0265,0.8225,0.1685,0.234,0.23275,0.102,-0.0655000000000001,-0.00125000000000003,-0.132
"logistic","Logistic regression",1,3675,0.15,2000,400,0.007,0.9675,5e-04,0.9175,5e-04,0.92,0.0135,0.9825,0.0197499999999999,0.0415,0.04025,0.0155,-0.02175,-0.00125000000000003,-0.026
"logistic","Logistic regression",1,3675,0.191666666666667,2000,400,0.007,1,5e-04,0.9925,5e-04,0.9925,0.0085,1,0.00349999999999995,0.00399999999999995,0.00399999999999995,0.00424999999999998,-5e-04,0,0.000250000000000028
"logistic","Logistic regression",1,3675,0.233333333333333,2000,400,0.007,1,5e-04,1,5e-04,1,0.006,1,0.00349999999999995,0.000249999999999972,0.000249999999999972,0.003,0.00324999999999998,0,0.00275000000000003
"logistic","Logistic regression",1,3675,0.275,2000,400,0.007,1,5e-04,1,5e-04,1,0.0035,1,0.00349999999999995,0.000249999999999972,0.000249999999999972,0.00175000000000003,0.00324999999999998,0,0.00150000000000006
"logistic","Logistic regression",1,3675,0.316666666666667,2000,400,0.007,1,5e-04,1,5e-04,1,0.0025,1,0.00349999999999995,0.000249999999999972,0.000249999999999972,0.00124999999999997,0.00324999999999998,0,0.001
"logistic","Logistic regression",1,3675,0.358333333333333,2000,400,0.007,1,5e-04,1,5e-04,1,5e-04,1,0.00349999999999995,0.000249999999999972,0.000249999999999972,0.000249999999999972,0.00324999999999998,0,0
"logistic","Logistic regression",1,3675,0.4,2000,400,0.007,1,5e-04,1,5e-04,1,5e-04,1,0.00349999999999995,0.000249999999999972,0.000249999999999972,0.000249999999999972,0.00324999999999998,0,0
"logistic","Logistic regression",1,3675,0.441666666666667,2000,400,0.007,1,5e-04,1,5e-04,1,0,1,0.00349999999999995,0.000249999999999972,0.000249999999999972,0,0.00324999999999998,0,-0.000249999999999972
"logistic","Logistic regression",1,3675,0.483333333333333,2000,400,0.007,1,5e-04,1,5e-04,1,0,1,0.00349999999999995,0.000249999999999972,0.000249999999999972,0,0.00324999999999998,0,-0.000249999999999972
"logistic","Logistic regression",1,3675,0.525,2000,400,0.007,1,5e-04,1,5e-04,1,0,1,0.00349999999999995,0.000249999999999972,0.000249999999999972,0,0.00324999999999998,0,-0.000249999999999972
"logistic","Logistic regression",1,3675,0.566666666666667,2000,400,0.007,1,5e-04,1,5e-04,1,0,1,0.00349999999999995,0.000249999999999972,0.000249999999999972,0,0.00324999999999998,0,-0.000249999999999972
"logistic","Logistic regression",1,3675,0.608333333333333,2000,400,0.007,1,5e-04,1,5e-04,1,0,1,0.00349999999999995,0.000249999999999972,0.000249999999999972,0,0.00324999999999998,0,-0.000249999999999972
"logistic","Logistic regression",1,3675,0.65,2000,400,0.007,1,5e-04,1,5e-04,1,0,1,0.00349999999999995,0.000249999999999972,0.000249999999999972,0,0.00324999999999998,0,-0.000249999999999972
"logistic","Logistic regression",1,3675,0.691666666666667,2000,400,0.007,1,5e-04,1,5e-04,1,0,1,0.00349999999999995,0.000249999999999972,0.000249999999999972,0,0.00324999999999998,0,-0.000249999999999972
"logistic","Logistic regression",1,3675,0.733333333333333,2000,400,0.007,1,5e-04,1,5e-04,1,0,1,0.00349999999999995,0.000249999999999972,0.000249999999999972,0,0.00324999999999998,0,-0.000249999999999972
"logistic","Logistic regression",1,3675,0.775,2000,400,0.007,1,5e-04,1,5e-04,1,0,1,0.00349999999999995,0.000249999999999972,0.000249999999999972,0,0.00324999999999998,0,-0.000249999999999972
"logistic","Logistic regression",1,3675,0.816666666666667,2000,400,0.007,1,5e-04,1,5e-04,1,0,1,0.00349999999999995,0.000249999999999972,0.000249999999999972,0,0.00324999999999998,0,-0.000249999999999972
"logistic","Logistic regression",1,3675,0.858333333333333,2000,400,0.007,1,5e-04,1,5e-04,1,0,1,0.00349999999999995,0.000249999999999972,0.000249999999999972,0,0.00324999999999998,0,-0.000249999999999972
"logistic","Logistic regression",1,3675,0.9,2000,400,0.007,1,5e-04,1,5e-04,1,0,1,0.00349999999999995,0.000249999999999972,0.000249999999999972,0,0.00324999999999998,0,-0.000249999999999972
"logistic","Logistic regression",1,4489,0.002,2000,400,0.0055,0.0125,0.001,0.0025,0.0015,0.0025,0,0,0.4965,0.49925,0.4995,0.5,-0.00274999999999992,0.000250000000000083,0.000750000000000028
"logistic","Logistic regression",1,4489,0.00258309933002977,2000,400,0.0055,0.015,0.001,0,0.0015,0,0,0,0.49525,0.5005,0.50075,0.5,-0.00524999999999992,0.000250000000000083,-0.000499999999999945
"logistic","Logistic regression",1,4489,0.00333620107440012,2000,400,0.0055,0.005,0.001,0,0.0015,0,0,0,0.50025,0.5005,0.50075,0.5,-0.000249999999999861,0.000250000000000083,-0.000499999999999945
"logistic","Logistic regression",1,4489,0.00430886938006377,2000,400,0.0055,0.005,0.001,0,0.0015,0,0,0,0.50025,0.5005,0.50075,0.5,-0.000249999999999861,0.000250000000000083,-0.000499999999999945
"logistic","Logistic regression",1,4489,0.00556511880441425,2000,400,0.0055,0.0025,0.001,0.0025,0.0015,0.0025,0,0,0.5015,0.49925,0.4995,0.5,0.00225000000000009,0.000250000000000083,0.000750000000000028
"logistic","Logistic regression",1,4489,0.00718762732760925,2000,400,0.0055,0.005,0.001,0.0025,0.0015,0.0025,0,0,0.50025,0.49925,0.4995,0.5,0.00100000000000011,0.000250000000000083,0.000750000000000028
"logistic","Logistic regression",1,4489,0.00928317766722556,2000,400,0.0055,0.005,0.001,0,0.0015,0,0,0,0.50025,0.5005,0.50075,0.5,-0.000249999999999861,0.000250000000000083,-0.000499999999999945
"logistic","Logistic regression",1,4489,0.0119896850063788,2000,400,0.0055,0.0125,0.001,0.005,0.0015,0.005,0,0,0.4965,0.498,0.49825,0.5,-0.00149999999999989,0.000250000000000083,0.00200000000000006
"logistic","Logistic regression",1,4489,0.0154852736536225,2000,400,0.0055,0.0075,0.001,0.005,0.0015,0.005,0.003,0.0075,0.499,0.498,0.49825,0.49775,0.00100000000000011,0.000250000000000083,-0.000249999999999972
"logistic","Logistic regression",1,4489,0.02,2000,400,0.0055,0.0125,0.001,0.005,0.0015,0.005,0.0095,0.015,0.4965,0.498,0.49825,0.49725,-0.00149999999999989,0.000250000000000083,-0.000749999999999917
"logistic","Logistic regression",1,4489,0.025,2000,400,0.0055,0.0225,0.001,0.0125,0.0015,0.0125,0.0165,0.0575,0.4915,0.49425,0.4945,0.4795,-0.00274999999999992,0.000250000000000083,-0.01475
"logistic","Logistic regression",1,4489,0.0666666666666667,2000,400,0.0055,0.29,0.001,0.1675,0.0015,0.1675,0.032,0.53,0.35775,0.41675,0.417,0.251,-0.0589999999999999,0.000250000000000083,-0.16575
"logistic","Logistic regression",1,4489,0.108333333333333,2000,400,0.0055,0.78,0.001,0.6125,0.0015,0.615,0.0155,0.8975,0.11275,0.19425,0.19325,0.059,-0.0814999999999999,-0.00099999999999989,-0.13525
"logistic","Logistic regression",1,4489,0.15,2000,400,0.0055,0.98,0.001,0.955,0.0015,0.955,0.0095,0.9975,0.01275,0.023,0.02325,0.006,-0.0102499999999999,0.000250000000000083,-0.017
"logistic","Logistic regression",1,4489,0.191666666666667,2000,400,0.0055,1,0.001,1,0.0015,1,0.006,1,0.00275000000000003,0.000499999999999945,0.000750000000000028,0.003,0.00225000000000009,0.000250000000000083,0.00250000000000006
"logistic","Logistic regression",1,4489,0.233333333333333,2000,400,0.0055,1,0.001,1,0.0015,1,0.004,1,0.00275000000000003,0.000499999999999945,0.000750000000000028,0.002,0.00225000000000009,0.000250000000000083,0.00150000000000006
"logistic","Logistic regression",1,4489,0.275,2000,400,0.0055,1,0.001,1,0.0015,1,0.003,1,0.00275000000000003,0.000499999999999945,0.000750000000000028,0.00149999999999995,0.00225000000000009,0.000250000000000083,0.001
"logistic","Logistic regression",1,4489,0.316666666666667,2000,400,0.0055,1,0.001,1,0.0015,1,0.0025,1,0.00275000000000003,0.000499999999999945,0.000750000000000028,0.00124999999999997,0.00225000000000009,0.000250000000000083,0.000750000000000028
"logistic","Logistic regression",1,4489,0.358333333333333,2000,400,0.0055,1,0.001,1,0.0015,1,0.0015,1,0.00275000000000003,0.000499999999999945,0.000750000000000028,0.000750000000000028,0.00225000000000009,0.000250000000000083,0.000250000000000083
"logistic","Logistic regression",1,4489,0.4,2000,400,0.0055,1,0.001,1,0.0015,1,0.001,1,0.00275000000000003,0.000499999999999945,0.000750000000000028,0.000499999999999945,0.00225000000000009,0.000250000000000083,0
"logistic","Logistic regression",1,4489,0.441666666666667,2000,400,0.0055,1,0.001,1,0.0015,1,5e-04,1,0.00275000000000003,0.000499999999999945,0.000750000000000028,0.000249999999999972,0.00225000000000009,0.000250000000000083,-0.000249999999999972
"logistic","Logistic regression",1,4489,0.483333333333333,2000,400,0.0055,1,0.001,1,0.0015,1,0,1,0.00275000000000003,0.000499999999999945,0.000750000000000028,0,0.00225000000000009,0.000250000000000083,-0.000499999999999945
"logistic","Logistic regression",1,4489,0.525,2000,400,0.0055,1,0.001,1,0.0015,1,0,1,0.00275000000000003,0.000499999999999945,0.000750000000000028,0,0.00225000000000009,0.000250000000000083,-0.000499999999999945
"logistic","Logistic regression",1,4489,0.566666666666667,2000,400,0.0055,1,0.001,1,0.0015,1,0,1,0.00275000000000003,0.000499999999999945,0.000750000000000028,0,0.00225000000000009,0.000250000000000083,-0.000499999999999945
"logistic","Logistic regression",1,4489,0.608333333333333,2000,400,0.0055,1,0.001,1,0.0015,1,0,1,0.00275000000000003,0.000499999999999945,0.000750000000000028,0,0.00225000000000009,0.000250000000000083,-0.000499999999999945
"logistic","Logistic regression",1,4489,0.65,2000,400,0.0055,1,0.001,1,0.0015,1,0,1,0.00275000000000003,0.000499999999999945,0.000750000000000028,0,0.00225000000000009,0.000250000000000083,-0.000499999999999945
"logistic","Logistic regression",1,4489,0.691666666666667,2000,400,0.0055,1,0.001,1,0.0015,1,0,1,0.00275000000000003,0.000499999999999945,0.000750000000000028,0,0.00225000000000009,0.000250000000000083,-0.000499999999999945
"logistic","Logistic regression",1,4489,0.733333333333333,2000,400,0.0055,1,0.001,1,0.0015,1,0,1,0.00275000000000003,0.000499999999999945,0.000750000000000028,0,0.00225000000000009,0.000250000000000083,-0.000499999999999945
"logistic","Logistic regression",1,4489,0.775,2000,400,0.0055,1,0.001,1,0.0015,1,0,1,0.00275000000000003,0.000499999999999945,0.000750000000000028,0,0.00225000000000009,0.000250000000000083,-0.000499999999999945
"logistic","Logistic regression",1,4489,0.816666666666667,2000,400,0.0055,1,0.001,1,0.0015,1,0,1,0.00275000000000003,0.000499999999999945,0.000750000000000028,0,0.00225000000000009,0.000250000000000083,-0.000499999999999945
"logistic","Logistic regression",1,4489,0.858333333333333,2000,400,0.0055,1,0.001,1,0.0015,1,0,1,0.00275000000000003,0.000499999999999945,0.000750000000000028,0,0.00225000000000009,0.000250000000000083,-0.000499999999999945
"logistic","Logistic regression",1,4489,0.9,2000,400,0.0055,1,0.001,1,0.0015,1,0,1,0.00275000000000003,0.000499999999999945,0.000750000000000028,0,0.00225000000000009,0.000250000000000083,-0.000499999999999945
"logistic","Logistic regression",1,5484,0.002,2000,400,0.007,0,0.001,0,0.001,0,0,0,0.5035,0.5005,0.5005,0.5,0.003,0,-0.000499999999999945
"logistic","Logistic regression",1,5484,0.00258309933002977,2000,400,0.007,0.0075,0.001,0,0.001,0,0,0,0.49975,0.5005,0.5005,0.5,-0.000749999999999973,0,-0.000499999999999945
"logistic","Logistic regression",1,5484,0.00333620107440012,2000,400,0.007,0.005,0.001,0,0.001,0,0,0,0.501,0.5005,0.5005,0.5,0.000500000000000056,0,-0.000499999999999945
"logistic","Logistic regression",1,5484,0.00430886938006377,2000,400,0.007,0.0025,0.001,0,0.001,0,0,0,0.50225,0.5005,0.5005,0.5,0.00175000000000003,0,-0.000499999999999945
"logistic","Logistic regression",1,5484,0.00556511880441425,2000,400,0.007,0.005,0.001,0.0025,0.001,0.0025,0,0,0.501,0.49925,0.49925,0.5,0.00175000000000003,0,0.000750000000000028
"logistic","Logistic regression",1,5484,0.00718762732760925,2000,400,0.007,0.0075,0.001,0.0025,0.001,0.0025,0,0,0.49975,0.49925,0.49925,0.5,5e-04,0,0.000750000000000028
"logistic","Logistic regression",1,5484,0.00928317766722556,2000,400,0.007,0.005,0.001,0,0.001,0,0,0,0.501,0.5005,0.5005,0.5,0.000500000000000056,0,-0.000499999999999945
"logistic","Logistic regression",1,5484,0.0119896850063788,2000,400,0.007,0.0125,0.001,0.005,0.001,0.005,0,0.005,0.49725,0.498,0.498,0.4975,-0.000749999999999973,0,-0.000499999999999945
"logistic","Logistic regression",1,5484,0.0154852736536225,2000,400,0.007,0.0225,0.001,0.0025,0.001,0.0025,0.0055,0.0225,0.49225,0.49925,0.49925,0.4915,-0.00700000000000001,0,-0.00774999999999992
"logistic","Logistic regression",1,5484,0.02,2000,400,0.007,0.0175,0.001,0.005,0.001,0.005,0.016,0.0425,0.49475,0.498,0.498,0.48675,-0.00324999999999998,0,-0.0112499999999999
"logistic","Logistic regression",1,5484,0.025,2000,400,0.007,0.0375,0.001,0.0175,0.001,0.0175,0.0255,0.11,0.48475,0.49175,0.49175,0.45775,-0.00700000000000001,0,-0.0339999999999999
"logistic","Logistic regression",1,5484,0.0666666666666667,2000,400,0.007,0.39,0.001,0.2075,0.001,0.215,0.03,0.6475,0.3085,0.39675,0.393,0.19125,-0.08825,-0.00374999999999998,-0.2055
"logistic","Logistic regression",1,5484,0.108333333333333,2000,400,0.007,0.905,0.001,0.7675,0.001,0.77,0.017,0.9675,0.0509999999999999,0.11675,0.1155,0.0247499999999999,-0.06575,-0.00125000000000003,-0.092
"logistic","Logistic regression",1,5484,0.15,2000,400,0.007,0.9975,0.001,0.9825,0.001,0.9825,0.0115,1,0.00474999999999992,0.00924999999999992,0.00924999999999992,0.00575000000000003,-0.0045,0,-0.00349999999999989
"logistic","Logistic regression",1,5484,0.191666666666667,2000,400,0.007,1,0.001,1,0.001,1,0.006,1,0.00349999999999995,0.000499999999999945,0.000499999999999945,0.003,0.003,0,0.00250000000000006
"logistic","Logistic regression",1,5484,0.233333333333333,2000,400,0.007,1,0.001,1,0.001,1,0.003,1,0.00349999999999995,0.000499999999999945,0.000499999999999945,0.00149999999999995,0.003,0,0.001
"logistic","Logistic regression",1,5484,0.275,2000,400,0.007,1,0.001,1,0.001,1,0.0015,1,0.00349999999999995,0.000499999999999945,0.000499999999999945,0.000750000000000028,0.003,0,0.000250000000000083
"logistic","Logistic regression",1,5484,0.316666666666667,2000,400,0.007,1,0.001,1,0.001,1,0.001,1,0.00349999999999995,0.000499999999999945,0.000499999999999945,0.000499999999999945,0.003,0,0
"logistic","Logistic regression",1,5484,0.358333333333333,2000,400,0.007,1,0.001,1,0.001,1,0.001,1,0.00349999999999995,0.000499999999999945,0.000499999999999945,0.000499999999999945,0.003,0,0
"logistic","Logistic regression",1,5484,0.4,2000,400,0.007,1,0.001,1,0.001,1,5e-04,1,0.00349999999999995,0.000499999999999945,0.000499999999999945,0.000249999999999972,0.003,0,-0.000249999999999972
"logistic","Logistic regression",1,5484,0.441666666666667,2000,400,0.007,1,0.001,1,0.001,1,0,1,0.00349999999999995,0.000499999999999945,0.000499999999999945,0,0.003,0,-0.000499999999999945
"logistic","Logistic regression",1,5484,0.483333333333333,2000,400,0.007,1,0.001,1,0.001,1,0,1,0.00349999999999995,0.000499999999999945,0.000499999999999945,0,0.003,0,-0.000499999999999945
"logistic","Logistic regression",1,5484,0.525,2000,400,0.007,1,0.001,1,0.001,1,0,1,0.00349999999999995,0.000499999999999945,0.000499999999999945,0,0.003,0,-0.000499999999999945
"logistic","Logistic regression",1,5484,0.566666666666667,2000,400,0.007,1,0.001,1,0.001,1,0,1,0.00349999999999995,0.000499999999999945,0.000499999999999945,0,0.003,0,-0.000499999999999945
"logistic","Logistic regression",1,5484,0.608333333333333,2000,400,0.007,1,0.001,1,0.001,1,0,1,0.00349999999999995,0.000499999999999945,0.000499999999999945,0,0.003,0,-0.000499999999999945
"logistic","Logistic regression",1,5484,0.65,2000,400,0.007,1,0.001,1,0.001,1,0,1,0.00349999999999995,0.000499999999999945,0.000499999999999945,0,0.003,0,-0.000499999999999945
"logistic","Logistic regression",1,5484,0.691666666666667,2000,400,0.007,1,0.001,1,0.001,1,0,1,0.00349999999999995,0.000499999999999945,0.000499999999999945,0,0.003,0,-0.000499999999999945
"logistic","Logistic regression",1,5484,0.733333333333333,2000,400,0.007,1,0.001,1,0.001,1,0,1,0.00349999999999995,0.000499999999999945,0.000499999999999945,0,0.003,0,-0.000499999999999945
"logistic","Logistic regression",1,5484,0.775,2000,400,0.007,1,0.001,1,0.001,1,0,1,0.00349999999999995,0.000499999999999945,0.000499999999999945,0,0.003,0,-0.000499999999999945
"logistic","Logistic regression",1,5484,0.816666666666667,2000,400,0.007,1,0.001,1,0.001,1,0,1,0.00349999999999995,0.000499999999999945,0.000499999999999945,0,0.003,0,-0.000499999999999945
"logistic","Logistic regression",1,5484,0.858333333333333,2000,400,0.007,1,0.001,1,0.001,1,0,1,0.00349999999999995,0.000499999999999945,0.000499999999999945,0,0.003,0,-0.000499999999999945
"logistic","Logistic regression",1,5484,0.9,2000,400,0.007,1,0.001,1,0.001,1,0,1,0.00349999999999995,0.000499999999999945,0.000499999999999945,0,0.003,0,-0.000499999999999945
"logistic","Logistic regression",1,6700,0.002,2000,400,0.0055,0.0075,0.001,0,0.001,0,0,0,0.499,0.5005,0.5005,0.5,-0.00149999999999989,0,-0.000499999999999945
"logistic","Logistic regression",1,6700,0.00258309933002977,2000,400,0.0055,0.01,0.001,0,0.001,0,0,0,0.49775,0.5005,0.5005,0.5,-0.00274999999999992,0,-0.000499999999999945
"logistic","Logistic regression",1,6700,0.00333620107440012,2000,400,0.0055,0.0025,0.001,0,0.001,0,0,0,0.5015,0.5005,0.5005,0.5,0.00100000000000011,0,-0.000499999999999945
"logistic","Logistic regression",1,6700,0.00430886938006377,2000,400,0.0055,0.0075,0.001,0.0025,0.001,0.0025,0,0,0.499,0.49925,0.49925,0.5,-0.000249999999999917,0,0.000750000000000028
"logistic","Logistic regression",1,6700,0.00556511880441425,2000,400,0.0055,0.005,0.001,0,0.001,0,0,0,0.50025,0.5005,0.5005,0.5,-0.000249999999999861,0,-0.000499999999999945
"logistic","Logistic regression",1,6700,0.00718762732760925,2000,400,0.0055,0,0.001,0,0.001,0,0,0,0.50275,0.5005,0.5005,0.5,0.00225000000000009,0,-0.000499999999999945
"logistic","Logistic regression",1,6700,0.00928317766722556,2000,400,0.0055,0.01,0.001,0,0.001,0,0,0,0.49775,0.5005,0.5005,0.5,-0.00274999999999992,0,-0.000499999999999945
"logistic","Logistic regression",1,6700,0.0119896850063788,2000,400,0.0055,0.0175,0.001,0.0025,0.001,0.0025,0.001,0.0025,0.494,0.49925,0.49925,0.49925,-0.00524999999999992,0,0
"logistic","Logistic regression",1,6700,0.0154852736536225,2000,400,0.0055,0.0125,0.001,0.0025,0.001,0.0025,0.0085,0.0175,0.4965,0.49925,0.49925,0.4955,-0.00274999999999992,0,-0.00374999999999998
"logistic","Logistic regression",1,6700,0.02,2000,400,0.0055,0.02,0.001,0.005,0.001,0.005,0.0175,0.06,0.49275,0.498,0.498,0.47875,-0.00524999999999992,0,-0.0192499999999999
"logistic","Logistic regression",1,6700,0.025,2000,400,0.0055,0.04,0.001,0.015,0.001,0.015,0.0295,0.1475,0.48275,0.493,0.493,0.441,-0.0102499999999999,0,-0.0519999999999999
"logistic","Logistic regression",1,6700,0.0666666666666667,2000,400,0.0055,0.4375,0.001,0.2675,0.001,0.27,0.027,0.69,0.284,0.36675,0.3655,0.1685,-0.0827499999999999,-0.00124999999999997,-0.19825
"logistic","Logistic regression",1,6700,0.108333333333333,2000,400,0.0055,0.955,0.001,0.88,0.001,0.8825,0.013,0.9825,0.02525,0.0604999999999999,0.05925,0.0152499999999999,-0.0352499999999999,-0.00124999999999997,-0.04525
"logistic","Logistic regression",1,6700,0.15,2000,400,0.0055,1,0.001,1,0.001,1,0.0075,1,0.00275000000000003,0.000499999999999945,0.000499999999999945,0.00375000000000003,0.00225000000000009,0,0.00325000000000009
"logistic","Logistic regression",1,6700,0.191666666666667,2000,400,0.0055,1,0.001,1,0.001,1,0.004,1,0.00275000000000003,0.000499999999999945,0.000499999999999945,0.002,0.00225000000000009,0,0.00150000000000006
"logistic","Logistic regression",1,6700,0.233333333333333,2000,400,0.0055,1,0.001,1,0.001,1,0.0025,1,0.00275000000000003,0.000499999999999945,0.000499999999999945,0.00124999999999997,0.00225000000000009,0,0.000750000000000028
"logistic","Logistic regression",1,6700,0.275,2000,400,0.0055,1,0.001,1,0.001,1,0.001,1,0.00275000000000003,0.000499999999999945,0.000499999999999945,0.000499999999999945,0.00225000000000009,0,0
"logistic","Logistic regression",1,6700,0.316666666666667,2000,400,0.0055,1,0.001,1,0.001,1,0.001,1,0.00275000000000003,0.000499999999999945,0.000499999999999945,0.000499999999999945,0.00225000000000009,0,0
"logistic","Logistic regression",1,6700,0.358333333333333,2000,400,0.0055,1,0.001,1,0.001,1,0.001,1,0.00275000000000003,0.000499999999999945,0.000499999999999945,0.000499999999999945,0.00225000000000009,0,0
"logistic","Logistic regression",1,6700,0.4,2000,400,0.0055,1,0.001,1,0.001,1,0.001,1,0.00275000000000003,0.000499999999999945,0.000499999999999945,0.000499999999999945,0.00225000000000009,0,0
"logistic","Logistic regression",1,6700,0.441666666666667,2000,400,0.0055,1,0.001,1,0.001,1,5e-04,1,0.00275000000000003,0.000499999999999945,0.000499999999999945,0.000249999999999972,0.00225000000000009,0,-0.000249999999999972
"logistic","Logistic regression",1,6700,0.483333333333333,2000,400,0.0055,1,0.001,1,0.001,1,0,1,0.00275000000000003,0.000499999999999945,0.000499999999999945,0,0.00225000000000009,0,-0.000499999999999945
"logistic","Logistic regression",1,6700,0.525,2000,400,0.0055,1,0.001,1,0.001,1,0,1,0.00275000000000003,0.000499999999999945,0.000499999999999945,0,0.00225000000000009,0,-0.000499999999999945
"logistic","Logistic regression",1,6700,0.566666666666667,2000,400,0.0055,1,0.001,1,0.001,1,0,1,0.00275000000000003,0.000499999999999945,0.000499999999999945,0,0.00225000000000009,0,-0.000499999999999945
"logistic","Logistic regression",1,6700,0.608333333333333,2000,400,0.0055,1,0.001,1,0.001,1,0,1,0.00275000000000003,0.000499999999999945,0.000499999999999945,0,0.00225000000000009,0,-0.000499999999999945
"logistic","Logistic regression",1,6700,0.65,2000,400,0.0055,1,0.001,1,0.001,1,0,1,0.00275000000000003,0.000499999999999945,0.000499999999999945,0,0.00225000000000009,0,-0.000499999999999945
"logistic","Logistic regression",1,6700,0.691666666666667,2000,400,0.0055,1,0.001,1,0.001,1,0,1,0.00275000000000003,0.000499999999999945,0.000499999999999945,0,0.00225000000000009,0,-0.000499999999999945
"logistic","Logistic regression",1,6700,0.733333333333333,2000,400,0.0055,1,0.001,1,0.001,1,0,1,0.00275000000000003,0.000499999999999945,0.000499999999999945,0,0.00225000000000009,0,-0.000499999999999945
"logistic","Logistic regression",1,6700,0.775,2000,400,0.0055,1,0.001,1,0.001,1,0,1,0.00275000000000003,0.000499999999999945,0.000499999999999945,0,0.00225000000000009,0,-0.000499999999999945
"logistic","Logistic regression",1,6700,0.816666666666667,2000,400,0.0055,1,0.001,1,0.001,1,0,1,0.00275000000000003,0.000499999999999945,0.000499999999999945,0,0.00225000000000009,0,-0.000499999999999945
"logistic","Logistic regression",1,6700,0.858333333333333,2000,400,0.0055,1,0.001,1,0.001,1,0,1,0.00275000000000003,0.000499999999999945,0.000499999999999945,0,0.00225000000000009,0,-0.000499999999999945
"logistic","Logistic regression",1,6700,0.9,2000,400,0.0055,1,0.001,1,0.001,1,0,1,0.00275000000000003,0.000499999999999945,0.000499999999999945,0,0.00225000000000009,0,-0.000499999999999945
"logistic","Logistic regression",1,8185,0.002,2000,400,0.005,0.01,0.0015,0.0025,0.0015,0.0025,0,0,0.4975,0.4995,0.4995,0.5,-0.00200000000000011,0,0.000499999999999945
"logistic","Logistic regression",1,8185,0.00258309933002977,2000,400,0.005,0.005,0.0015,0,0.0015,0,0,0,0.5,0.50075,0.50075,0.5,-0.000750000000000084,0,-0.000750000000000028
"logistic","Logistic regression",1,8185,0.00333620107440012,2000,400,0.005,0,0.0015,0,0.0015,0,0,0,0.5025,0.50075,0.50075,0.5,0.00174999999999992,0,-0.000750000000000028
"logistic","Logistic regression",1,8185,0.00430886938006377,2000,400,0.005,0.0025,0.0015,0,0.0015,0,0,0,0.50125,0.50075,0.50075,0.5,0.000499999999999945,0,-0.000750000000000028
"logistic","Logistic regression",1,8185,0.00556511880441425,2000,400,0.005,0.005,0.0015,0.0025,0.0015,0.0025,0,0,0.5,0.4995,0.4995,0.5,0.000499999999999889,0,0.000499999999999945
"logistic","Logistic regression",1,8185,0.00718762732760925,2000,400,0.005,0.01,0.0015,0.0025,0.0015,0.0025,0,0,0.4975,0.4995,0.4995,0.5,-0.00200000000000011,0,0.000499999999999945
"logistic","Logistic regression",1,8185,0.00928317766722556,2000,400,0.005,0.015,0.0015,0,0.0015,0,0,0,0.495,0.50075,0.50075,0.5,-0.00575000000000009,0,-0.000750000000000028
"logistic","Logistic regression",1,8185,0.0119896850063788,2000,400,0.005,0.0125,0.0015,0.005,0.0015,0.005,0.0025,0.0075,0.49625,0.49825,0.49825,0.4975,-0.00200000000000006,0,-0.000750000000000028
"logistic","Logistic regression",1,8185,0.0154852736536225,2000,400,0.005,0.01,0.0015,0.0025,0.0015,0.0025,0.013,0.025,0.4975,0.4995,0.4995,0.494,-0.00200000000000011,0,-0.00550000000000012
"logistic","Logistic regression",1,8185,0.02,2000,400,0.005,0.0375,0.0015,0.02,0.0015,0.02,0.026,0.11,0.48375,0.49075,0.49075,0.458,-0.00700000000000006,0,-0.03275
"logistic","Logistic regression",1,8185,0.025,2000,400,0.005,0.0375,0.0015,0.0125,0.0015,0.0125,0.0365,0.1675,0.48375,0.4945,0.4945,0.4345,-0.0107500000000001,0,-0.06
"logistic","Logistic regression",1,8185,0.0666666666666667,2000,400,0.005,0.5925,0.0015,0.37,0.0015,0.3725,0.0255,0.7775,0.20625,0.31575,0.3145,0.124,-0.1095,-0.00125000000000003,-0.19175
"logistic","Logistic regression",1,8185,0.108333333333333,2000,400,0.005,0.9875,0.0015,0.95,0.0015,0.95,0.0125,0.9925,0.00874999999999992,0.02575,0.02575,0.00999999999999995,-0.0170000000000001,0,-0.0157500000000001
"logistic","Logistic regression",1,8185,0.15,2000,400,0.005,1,0.0015,1,0.0015,1,0.0055,1,0.00249999999999995,0.000750000000000028,0.000750000000000028,0.00275000000000003,0.00174999999999992,0,0.002
"logistic","Logistic regression",1,8185,0.191666666666667,2000,400,0.005,1,0.0015,1,0.0015,1,0.0025,1,0.00249999999999995,0.000750000000000028,0.000750000000000028,0.00124999999999997,0.00174999999999992,0,0.000499999999999945
"logistic","Logistic regression",1,8185,0.233333333333333,2000,400,0.005,1,0.0015,1,0.0015,1,0.0025,1,0.00249999999999995,0.000750000000000028,0.000750000000000028,0.00124999999999997,0.00174999999999992,0,0.000499999999999945
"logistic","Logistic regression",1,8185,0.275,2000,400,0.005,1,0.0015,1,0.0015,1,0.0015,1,0.00249999999999995,0.000750000000000028,0.000750000000000028,0.000750000000000028,0.00174999999999992,0,0
"logistic","Logistic regression",1,8185,0.316666666666667,2000,400,0.005,1,0.0015,1,0.0015,1,0.0015,1,0.00249999999999995,0.000750000000000028,0.000750000000000028,0.000750000000000028,0.00174999999999992,0,0
"logistic","Logistic regression",1,8185,0.358333333333333,2000,400,0.005,1,0.0015,1,0.0015,1,5e-04,1,0.00249999999999995,0.000750000000000028,0.000750000000000028,0.000249999999999972,0.00174999999999992,0,-0.000500000000000056
"logistic","Logistic regression",1,8185,0.4,2000,400,0.005,1,0.0015,1,0.0015,1,5e-04,1,0.00249999999999995,0.000750000000000028,0.000750000000000028,0.000249999999999972,0.00174999999999992,0,-0.000500000000000056
"logistic","Logistic regression",1,8185,0.441666666666667,2000,400,0.005,1,0.0015,1,0.0015,1,0,1,0.00249999999999995,0.000750000000000028,0.000750000000000028,0,0.00174999999999992,0,-0.000750000000000028
"logistic","Logistic regression",1,8185,0.483333333333333,2000,400,0.005,1,0.0015,1,0.0015,1,0,1,0.00249999999999995,0.000750000000000028,0.000750000000000028,0,0.00174999999999992,0,-0.000750000000000028
"logistic","Logistic regression",1,8185,0.525,2000,400,0.005,1,0.0015,1,0.0015,1,0,1,0.00249999999999995,0.000750000000000028,0.000750000000000028,0,0.00174999999999992,0,-0.000750000000000028
"logistic","Logistic regression",1,8185,0.566666666666667,2000,400,0.005,1,0.0015,1,0.0015,1,0,1,0.00249999999999995,0.000750000000000028,0.000750000000000028,0,0.00174999999999992,0,-0.000750000000000028
"logistic","Logistic regression",1,8185,0.608333333333333,2000,400,0.005,1,0.0015,1,0.0015,1,0,1,0.00249999999999995,0.000750000000000028,0.000750000000000028,0,0.00174999999999992,0,-0.000750000000000028
"logistic","Logistic regression",1,8185,0.65,2000,400,0.005,1,0.0015,1,0.0015,1,0,1,0.00249999999999995,0.000750000000000028,0.000750000000000028,0,0.00174999999999992,0,-0.000750000000000028
"logistic","Logistic regression",1,8185,0.691666666666667,2000,400,0.005,1,0.0015,1,0.0015,1,0,1,0.00249999999999995,0.000750000000000028,0.000750000000000028,0,0.00174999999999992,0,-0.000750000000000028
"logistic","Logistic regression",1,8185,0.733333333333333,2000,400,0.005,1,0.0015,1,0.0015,1,0,1,0.00249999999999995,0.000750000000000028,0.000750000000000028,0,0.00174999999999992,0,-0.000750000000000028
"logistic","Logistic regression",1,8185,0.775,2000,400,0.005,1,0.0015,1,0.0015,1,0,1,0.00249999999999995,0.000750000000000028,0.000750000000000028,0,0.00174999999999992,0,-0.000750000000000028
"logistic","Logistic regression",1,8185,0.816666666666667,2000,400,0.005,1,0.0015,1,0.0015,1,0,1,0.00249999999999995,0.000750000000000028,0.000750000000000028,0,0.00174999999999992,0,-0.000750000000000028
"logistic","Logistic regression",1,8185,0.858333333333333,2000,400,0.005,1,0.0015,1,0.0015,1,0,1,0.00249999999999995,0.000750000000000028,0.000750000000000028,0,0.00174999999999992,0,-0.000750000000000028
"logistic","Logistic regression",1,8185,0.9,2000,400,0.005,1,0.0015,1,0.0015,1,0,1,0.00249999999999995,0.000750000000000028,0.000750000000000028,0,0.00174999999999992,0,-0.000750000000000028
"logistic","Logistic regression",1,10000,0.002,2000,400,0.0045,0.005,0.001,0,0.001,0,0,0,0.49975,0.5005,0.5005,0.5,-0.000749999999999973,0,-0.000499999999999945
"logistic","Logistic regression",1,10000,0.00258309933002977,2000,400,0.0045,0.0025,0.001,0,0.001,0,0,0,0.501,0.5005,0.5005,0.5,0.000500000000000056,0,-0.000499999999999945
"logistic","Logistic regression",1,10000,0.00333620107440012,2000,400,0.0045,0.0125,0.001,0.0025,0.001,0.0025,0,0,0.496,0.49925,0.49925,0.5,-0.00324999999999998,0,0.000750000000000028
"logistic","Logistic regression",1,10000,0.00430886938006377,2000,400,0.0045,0.0125,0.001,0,0.001,0,0,0,0.496,0.5005,0.5005,0.5,-0.00449999999999995,0,-0.000499999999999945
"logistic","Logistic regression",1,10000,0.00556511880441425,2000,400,0.0045,0.0075,0.001,0.0025,0.001,0.0025,0,0,0.4985,0.49925,0.49925,0.5,-0.000749999999999973,0,0.000750000000000028
"logistic","Logistic regression",1,10000,0.00718762732760925,2000,400,0.0045,0.0025,0.001,0,0.001,0,0,0,0.501,0.5005,0.5005,0.5,0.000500000000000056,0,-0.000499999999999945
"logistic","Logistic regression",1,10000,0.00928317766722556,2000,400,0.0045,0.005,0.001,0.0025,0.001,0.0025,0.001,0.0025,0.49975,0.49925,0.49925,0.49925,5e-04,0,0
"logistic","Logistic regression",1,10000,0.0119896850063788,2000,400,0.0045,0.0175,0.001,0.005,0.001,0.005,0.006,0.02,0.4935,0.498,0.498,0.493,-0.00449999999999995,0,-0.00499999999999995
"logistic","Logistic regression",1,10000,0.0154852736536225,2000,400,0.0045,0.015,0.001,0.0025,0.001,0.0025,0.0205,0.05,0.49475,0.49925,0.49925,0.48525,-0.0045,0,-0.014
"logistic","Logistic regression",1,10000,0.02,2000,400,0.0045,0.03,0.001,0.0075,0.001,0.0075,0.039,0.1125,0.48725,0.49675,0.49675,0.46325,-0.00950000000000001,0,-0.0335
"logistic","Logistic regression",1,10000,0.025,2000,400,0.0045,0.0775,0.001,0.02,0.001,0.02,0.049,0.205,0.4635,0.4905,0.4905,0.422,-0.027,0,-0.0685
"logistic","Logistic regression",1,10000,0.0666666666666667,2000,400,0.0045,0.7125,0.001,0.51,0.001,0.5125,0.0285,0.835,0.146,0.2455,0.24425,0.09675,-0.0995,-0.00124999999999997,-0.14875
"logistic","Logistic regression",1,10000,0.108333333333333,2000,400,0.0045,1,0.001,0.9925,0.001,0.9925,0.011,1,0.00224999999999997,0.00424999999999992,0.00424999999999992,0.00549999999999995,-0.00199999999999995,0,0.00125000000000003
"logistic","Logistic regression",1,10000,0.15,2000,400,0.0045,1,0.001,1,0.001,1,0.0035,1,0.00224999999999997,0.000499999999999945,0.000499999999999945,0.00175000000000003,0.00175000000000003,0,0.00125000000000008
"logistic","Logistic regression",1,10000,0.191666666666667,2000,400,0.0045,1,0.001,1,0.001,1,0.003,1,0.00224999999999997,0.000499999999999945,0.000499999999999945,0.00149999999999995,0.00175000000000003,0,0.001
"logistic","Logistic regression",1,10000,0.233333333333333,2000,400,0.0045,1,0.001,1,0.001,1,0.002,1,0.00224999999999997,0.000499999999999945,0.000499999999999945,0.001,0.00175000000000003,0,0.000500000000000056
"logistic","Logistic regression",1,10000,0.275,2000,400,0.0045,1,0.001,1,0.001,1,0.001,1,0.00224999999999997,0.000499999999999945,0.000499999999999945,0.000499999999999945,0.00175000000000003,0,0
"logistic","Logistic regression",1,10000,0.316666666666667,2000,400,0.0045,1,0.001,1,0.001,1,5e-04,1,0.00224999999999997,0.000499999999999945,0.000499999999999945,0.000249999999999972,0.00175000000000003,0,-0.000249999999999972
"logistic","Logistic regression",1,10000,0.358333333333333,2000,400,0.0045,1,0.001,1,0.001,1,5e-04,1,0.00224999999999997,0.000499999999999945,0.000499999999999945,0.000249999999999972,0.00175000000000003,0,-0.000249999999999972
"logistic","Logistic regression",1,10000,0.4,2000,400,0.0045,1,0.001,1,0.001,1,5e-04,1,0.00224999999999997,0.000499999999999945,0.000499999999999945,0.000249999999999972,0.00175000000000003,0,-0.000249999999999972
"logistic","Logistic regression",1,10000,0.441666666666667,2000,400,0.0045,1,0.001,1,0.001,1,0,1,0.00224999999999997,0.000499999999999945,0.000499999999999945,0,0.00175000000000003,0,-0.000499999999999945
"logistic","Logistic regression",1,10000,0.483333333333333,2000,400,0.0045,1,0.001,1,0.001,1,0,1,0.00224999999999997,0.000499999999999945,0.000499999999999945,0,0.00175000000000003,0,-0.000499999999999945
"logistic","Logistic regression",1,10000,0.525,2000,400,0.0045,1,0.001,1,0.001,1,0,1,0.00224999999999997,0.000499999999999945,0.000499999999999945,0,0.00175000000000003,0,-0.000499999999999945
"logistic","Logistic regression",1,10000,0.566666666666667,2000,400,0.0045,1,0.001,1,0.001,1,0,1,0.00224999999999997,0.000499999999999945,0.000499999999999945,0,0.00175000000000003,0,-0.000499999999999945
"logistic","Logistic regression",1,10000,0.608333333333333,2000,400,0.0045,1,0.001,1,0.001,1,0,1,0.00224999999999997,0.000499999999999945,0.000499999999999945,0,0.00175000000000003,0,-0.000499999999999945
"logistic","Logistic regression",1,10000,0.65,2000,400,0.0045,1,0.001,1,0.001,1,0,1,0.00224999999999997,0.000499999999999945,0.000499999999999945,0,0.00175000000000003,0,-0.000499999999999945
"logistic","Logistic regression",1,10000,0.691666666666667,2000,400,0.0045,1,0.001,1,0.001,1,0,1,0.00224999999999997,0.000499999999999945,0.000499999999999945,0,0.00175000000000003,0,-0.000499999999999945
"logistic","Logistic regression",1,10000,0.733333333333333,2000,400,0.0045,1,0.001,1,0.001,1,0,1,0.00224999999999997,0.000499999999999945,0.000499999999999945,0,0.00175000000000003,0,-0.000499999999999945
"logistic","Logistic regression",1,10000,0.775,2000,400,0.0045,1,0.001,1,0.001,1,0,1,0.00224999999999997,0.000499999999999945,0.000499999999999945,0,0.00175000000000003,0,-0.000499999999999945
"logistic","Logistic regression",1,10000,0.816666666666667,2000,400,0.0045,1,0.001,1,0.001,1,0,1,0.00224999999999997,0.000499999999999945,0.000499999999999945,0,0.00175000000000003,0,-0.000499999999999945
"logistic","Logistic regression",1,10000,0.858333333333333,2000,400,0.0045,1,0.001,1,0.001,1,0,1,0.00224999999999997,0.000499999999999945,0.000499999999999945,0,0.00175000000000003,0,-0.000499999999999945
"logistic","Logistic regression",1,10000,0.9,2000,400,0.0045,1,0.001,1,0.001,1,0,1,0.00224999999999997,0.000499999999999945,0.000499999999999945,0,0.00175000000000003,0,-0.000499999999999945
"ranova","Repeated-measures ANOVA",3,100,0.002,2000,400,0.006,0.0025,0.033,0.0225,0.0045,0.0025,0,0,0.50175,0.50525,0.501,0.5,-0.00349999999999995,-0.00424999999999998,-0.00524999999999998
"ranova","Repeated-measures ANOVA",3,100,0.00258309933002977,2000,400,0.006,0.0025,0.033,0.025,0.0045,0,0,0,0.50175,0.504,0.50225,0.5,-0.00224999999999997,-0.00175000000000003,-0.004
"ranova","Repeated-measures ANOVA",3,100,0.00333620107440012,2000,400,0.006,0.0075,0.033,0.015,0.0045,0.005,0,0,0.49925,0.509,0.49975,0.5,-0.00974999999999998,-0.00925000000000004,-0.00900000000000001
"ranova","Repeated-measures ANOVA",3,100,0.00430886938006377,2000,400,0.006,0.0025,0.033,0.01,0.0045,0.0025,0,0,0.50175,0.5115,0.501,0.5,-0.00974999999999993,-0.0105,-0.0115
"ranova","Repeated-measures ANOVA",3,100,0.00556511880441425,2000,400,0.006,0.015,0.033,0.0375,0.0045,0.0075,0,0,0.4955,0.49775,0.4985,0.5,-0.00224999999999997,0.000750000000000028,0.00225000000000003
"ranova","Repeated-measures ANOVA",3,100,0.00718762732760925,2000,400,0.006,0.0025,0.033,0.0325,0.0045,0,0,0,0.50175,0.50025,0.50225,0.5,0.00150000000000006,0.002,-0.000249999999999972
"ranova","Repeated-measures ANOVA",3,100,0.00928317766722556,2000,400,0.006,0.01,0.033,0.035,0.0045,0.0075,0,0,0.498,0.499,0.4985,0.5,-0.000999999999999945,-0.000499999999999945,0.00100000000000006
"ranova","Repeated-measures ANOVA",3,100,0.0119896850063788,2000,400,0.006,0.0025,0.033,0.0225,0.0045,0,0,0,0.50175,0.50525,0.50225,0.5,-0.00349999999999995,-0.003,-0.00524999999999998
"ranova","Repeated-measures ANOVA",3,100,0.0154852736536225,2000,400,0.006,0.02,0.033,0.025,0.0045,0.0025,0,0,0.493,0.504,0.501,0.5,-0.011,-0.003,-0.004
"ranova","Repeated-measures ANOVA",3,100,0.02,2000,400,0.006,0.01,0.033,0.045,0.0045,0,0,0,0.498,0.494,0.50225,0.5,0.00400000000000006,0.00825000000000004,0.00600000000000006
"ranova","Repeated-measures ANOVA",3,100,0.025,2000,400,0.006,0,0.033,0.0075,0.0045,0,0,0,0.503,0.51275,0.50225,0.5,-0.00974999999999993,-0.0105,-0.0127499999999999
"ranova","Repeated-measures ANOVA",3,100,0.0666666666666667,2000,400,0.006,0.0275,0.033,0.09,0.0045,0.0175,0.0185,0.0675,0.48925,0.4715,0.4935,0.4755,0.01775,0.022,0.004
"ranova","Repeated-measures ANOVA",3,100,0.108333333333333,2000,400,0.006,0.14,0.033,0.3325,0.0045,0.095,0.0565,0.4,0.433,0.35025,0.45475,0.32825,0.08275,0.1045,-0.022
"ranova","Repeated-measures ANOVA",3,100,0.15,2000,400,0.006,0.365,0.033,0.575,0.0045,0.285,0.0565,0.6425,0.3205,0.229,0.35975,0.207,0.0915,0.13075,-0.022
"ranova","Repeated-measures ANOVA",3,100,0.191666666666667,2000,400,0.006,0.6775,0.033,0.865,0.0045,0.6025,0.0455,0.8925,0.16425,0.084,0.201,0.0765000000000001,0.08025,0.117,-0.0074999999999999
"ranova","Repeated-measures ANOVA",3,100,0.233333333333333,2000,400,0.006,0.89,0.033,0.9725,0.0045,0.855,0.032,0.9725,0.058,0.0302499999999999,0.07475,0.02975,0.0277500000000001,0.0445,-0.000499999999999945
"ranova","Repeated-measures ANOVA",3,100,0.275,2000,400,0.006,0.975,0.033,0.99,0.0045,0.96,0.0205,0.99,0.0155,0.0215,0.02225,0.01525,-0.00599999999999995,0.000750000000000028,-0.00624999999999998
"ranova","Repeated-measures ANOVA",3,100,0.316666666666667,2000,400,0.006,0.9975,0.033,1,0.0045,0.9975,0.0125,1,0.00424999999999998,0.0165,0.00349999999999995,0.00624999999999998,-0.01225,-0.013,-0.01025
"ranova","Repeated-measures ANOVA",3,100,0.358333333333333,2000,400,0.006,1,0.033,1,0.0045,1,0.011,1,0.003,0.0165,0.00224999999999997,0.00549999999999995,-0.0135,-0.01425,-0.011
"ranova","Repeated-measures ANOVA",3,100,0.4,2000,400,0.006,1,0.033,1,0.0045,1,0.0075,1,0.003,0.0165,0.00224999999999997,0.00375000000000003,-0.0135,-0.01425,-0.0127499999999999
"ranova","Repeated-measures ANOVA",3,100,0.441666666666667,2000,400,0.006,1,0.033,1,0.0045,1,0.006,1,0.003,0.0165,0.00224999999999997,0.003,-0.0135,-0.01425,-0.0135
"ranova","Repeated-measures ANOVA",3,100,0.483333333333333,2000,400,0.006,1,0.033,1,0.0045,1,0.005,1,0.003,0.0165,0.00224999999999997,0.00249999999999995,-0.0135,-0.01425,-0.014
"ranova","Repeated-measures ANOVA",3,100,0.525,2000,400,0.006,1,0.033,1,0.0045,1,0.0045,1,0.003,0.0165,0.00224999999999997,0.00224999999999997,-0.0135,-0.01425,-0.01425
"ranova","Repeated-measures ANOVA",3,100,0.566666666666667,2000,400,0.006,1,0.033,1,0.0045,1,0.0045,1,0.003,0.0165,0.00224999999999997,0.00224999999999997,-0.0135,-0.01425,-0.01425
"ranova","Repeated-measures ANOVA",3,100,0.608333333333333,2000,400,0.006,1,0.033,1,0.0045,1,0.003,1,0.003,0.0165,0.00224999999999997,0.00149999999999995,-0.0135,-0.01425,-0.015
"ranova","Repeated-measures ANOVA",3,100,0.65,2000,400,0.006,1,0.033,1,0.0045,1,0.002,1,0.003,0.0165,0.00224999999999997,0.001,-0.0135,-0.01425,-0.0155
"ranova","Repeated-measures ANOVA",3,100,0.691666666666667,2000,400,0.006,1,0.033,1,0.0045,1,0.0015,1,0.003,0.0165,0.00224999999999997,0.000750000000000028,-0.0135,-0.01425,-0.0157499999999999
"ranova","Repeated-measures ANOVA",3,100,0.733333333333333,2000,400,0.006,1,0.033,1,0.0045,1,5e-04,1,0.003,0.0165,0.00224999999999997,0.000249999999999972,-0.0135,-0.01425,-0.01625
"ranova","Repeated-measures ANOVA",3,100,0.775,2000,400,0.006,1,0.033,1,0.0045,1,0,1,0.003,0.0165,0.00224999999999997,0,-0.0135,-0.01425,-0.0165
"ranova","Repeated-measures ANOVA",3,100,0.816666666666667,2000,400,0.006,1,0.033,1,0.0045,1,0,1,0.003,0.0165,0.00224999999999997,0,-0.0135,-0.01425,-0.0165
"ranova","Repeated-measures ANOVA",3,100,0.858333333333333,2000,400,0.006,1,0.033,1,0.0045,1,0,1,0.003,0.0165,0.00224999999999997,0,-0.0135,-0.01425,-0.0165
"ranova","Repeated-measures ANOVA",3,100,0.9,2000,400,0.006,1,0.033,1,0.0045,1,0,1,0.003,0.0165,0.00224999999999997,0,-0.0135,-0.01425,-0.0165
"ranova","Repeated-measures ANOVA",3,122,0.002,2000,400,0.01,0.005,0.025,0.03,0.003,0.0025,0,0,0.5025,0.4975,0.50025,0.5,0.00500000000000012,0.00275000000000003,0.00250000000000006
"ranova","Repeated-measures ANOVA",3,122,0.00258309933002977,2000,400,0.01,0.005,0.025,0.0175,0.003,0.0025,0,0,0.5025,0.50375,0.50025,0.5,-0.00124999999999986,-0.00349999999999995,-0.00374999999999992
"ranova","Repeated-measures ANOVA",3,122,0.00333620107440012,2000,400,0.01,0.01,0.025,0.025,0.003,0.0025,0,0,0.5,0.5,0.50025,0.5,5.55111512312578e-17,0.000250000000000028,5.55111512312578e-17
"ranova","Repeated-measures ANOVA",3,122,0.00430886938006377,2000,400,0.01,0.0025,0.025,0.03,0.003,0,0,0,0.50375,0.4975,0.5015,0.5,0.00625000000000009,0.004,0.00250000000000006
"ranova","Repeated-measures ANOVA",3,122,0.00556511880441425,2000,400,0.01,0.0025,0.025,0.025,0.003,0,0,0,0.50375,0.5,0.5015,0.5,0.00375000000000009,0.0015,5.55111512312578e-17
"ranova","Repeated-measures ANOVA",3,122,0.00718762732760925,2000,400,0.01,0.005,0.025,0.02,0.003,0.0025,0,0,0.5025,0.5025,0.50025,0.5,1.11022302462516e-16,-0.00224999999999997,-0.00249999999999995
"ranova","Repeated-measures ANOVA",3,122,0.00928317766722556,2000,400,0.01,0.0025,0.025,0.0275,0.003,0,0,0,0.50375,0.49875,0.5015,0.5,0.00500000000000006,0.00274999999999997,0.00125000000000003
"ranova","Repeated-measures ANOVA",3,122,0.0119896850063788,2000,400,0.01,0.005,0.025,0.03,0.003,0,0,0,0.5025,0.4975,0.5015,0.5,0.00500000000000012,0.004,0.00250000000000006
"ranova","Repeated-measures ANOVA",3,122,0.0154852736536225,2000,400,0.01,0.005,0.025,0.035,0.003,0,0,0,0.5025,0.495,0.5015,0.5,0.00750000000000012,0.00650000000000001,0.00500000000000006
"ranova","Repeated-measures ANOVA",3,122,0.02,2000,400,0.01,0.01,0.025,0.0325,0.003,0.0075,0,0,0.5,0.49625,0.49775,0.5,0.00375000000000003,0.0015,0.00375000000000003
"ranova","Repeated-measures ANOVA",3,122,0.025,2000,400,0.01,0.015,0.025,0.025,0.003,0.005,0,0,0.4975,0.5,0.499,0.5,-0.00249999999999995,-0.001,5.55111512312578e-17
"ranova","Repeated-measures ANOVA",3,122,0.0666666666666667,2000,400,0.01,0.05,0.025,0.1475,0.003,0.0275,0.0235,0.145,0.48,0.43875,0.48775,0.43925,0.04125,0.049,0.000500000000000056
"ranova","Repeated-measures ANOVA",3,122,0.108333333333333,2000,400,0.01,0.235,0.025,0.415,0.003,0.1575,0.0475,0.52,0.3875,0.305,0.42275,0.26375,0.0825000000000001,0.11775,-0.0412499999999999
"ranova","Repeated-measures ANOVA",3,122,0.15,2000,400,0.01,0.5175,0.025,0.715,0.003,0.3975,0.039,0.7675,0.24625,0.155,0.30275,0.13575,0.09125,0.14775,-0.01925
"ranova","Repeated-measures ANOVA",3,122,0.191666666666667,2000,400,0.01,0.8175,0.025,0.93,0.003,0.74,0.029,0.94,0.09625,0.0474999999999999,0.1315,0.0445,0.0487500000000001,0.084,-0.00299999999999995
"ranova","Repeated-measures ANOVA",3,122,0.233333333333333,2000,400,0.01,0.9475,0.025,0.9775,0.003,0.9175,0.0205,0.975,0.03125,0.0237499999999999,0.04275,0.02275,0.00750000000000006,0.019,-0.000999999999999945
"ranova","Repeated-measures ANOVA",3,122,0.275,2000,400,0.01,1,0.025,1,0.003,0.99,0.0145,1,0.005,0.0125,0.00649999999999995,0.00724999999999998,-0.00749999999999995,-0.006,-0.00524999999999998
"ranova","Repeated-measures ANOVA",3,122,0.316666666666667,2000,400,0.01,1,0.025,1,0.003,1,0.0125,1,0.005,0.0125,0.00149999999999995,0.00624999999999998,-0.00749999999999995,-0.011,-0.00624999999999998
"ranova","Repeated-measures ANOVA",3,122,0.358333333333333,2000,400,0.01,1,0.025,1,0.003,1,0.0105,1,0.005,0.0125,0.00149999999999995,0.00524999999999998,-0.00749999999999995,-0.011,-0.00724999999999998
"ranova","Repeated-measures ANOVA",3,122,0.4,2000,400,0.01,1,0.025,1,0.003,1,0.0095,1,0.005,0.0125,0.00149999999999995,0.00475000000000003,-0.00749999999999995,-0.011,-0.00774999999999992
"ranova","Repeated-measures ANOVA",3,122,0.441666666666667,2000,400,0.01,1,0.025,1,0.003,1,0.004,1,0.005,0.0125,0.00149999999999995,0.002,-0.00749999999999995,-0.011,-0.0105
"ranova","Repeated-measures ANOVA",3,122,0.483333333333333,2000,400,0.01,1,0.025,1,0.003,1,0.0035,1,0.005,0.0125,0.00149999999999995,0.00175000000000003,-0.00749999999999995,-0.011,-0.0107499999999999
"ranova","Repeated-measures ANOVA",3,122,0.525,2000,400,0.01,1,0.025,1,0.003,1,0.003,1,0.005,0.0125,0.00149999999999995,0.00149999999999995,-0.00749999999999995,-0.011,-0.011
"ranova","Repeated-measures ANOVA",3,122,0.566666666666667,2000,400,0.01,1,0.025,1,0.003,1,0.002,1,0.005,0.0125,0.00149999999999995,0.001,-0.00749999999999995,-0.011,-0.0115
"ranova","Repeated-measures ANOVA",3,122,0.608333333333333,2000,400,0.01,1,0.025,1,0.003,1,0.002,1,0.005,0.0125,0.00149999999999995,0.001,-0.00749999999999995,-0.011,-0.0115
"ranova","Repeated-measures ANOVA",3,122,0.65,2000,400,0.01,1,0.025,1,0.003,1,0.002,1,0.005,0.0125,0.00149999999999995,0.001,-0.00749999999999995,-0.011,-0.0115
"ranova","Repeated-measures ANOVA",3,122,0.691666666666667,2000,400,0.01,1,0.025,1,0.003,1,0.0015,1,0.005,0.0125,0.00149999999999995,0.000750000000000028,-0.00749999999999995,-0.011,-0.0117499999999999
"ranova","Repeated-measures ANOVA",3,122,0.733333333333333,2000,400,0.01,1,0.025,1,0.003,1,0.001,1,0.005,0.0125,0.00149999999999995,0.000499999999999945,-0.00749999999999995,-0.011,-0.012
"ranova","Repeated-measures ANOVA",3,122,0.775,2000,400,0.01,1,0.025,1,0.003,1,0.001,1,0.005,0.0125,0.00149999999999995,0.000499999999999945,-0.00749999999999995,-0.011,-0.012
"ranova","Repeated-measures ANOVA",3,122,0.816666666666667,2000,400,0.01,1,0.025,1,0.003,1,0.001,1,0.005,0.0125,0.00149999999999995,0.000499999999999945,-0.00749999999999995,-0.011,-0.012
"ranova","Repeated-measures ANOVA",3,122,0.858333333333333,2000,400,0.01,1,0.025,1,0.003,1,5e-04,1,0.005,0.0125,0.00149999999999995,0.000249999999999972,-0.00749999999999995,-0.011,-0.01225
"ranova","Repeated-measures ANOVA",3,122,0.9,2000,400,0.01,1,0.025,1,0.003,1,5e-04,1,0.005,0.0125,0.00149999999999995,0.000249999999999972,-0.00749999999999995,-0.011,-0.01225
"ranova","Repeated-measures ANOVA",3,149,0.002,2000,400,0.0055,0.0025,0.0285,0.0275,0.002,0,0,0,0.5015,0.5005,0.501,0.5,0.00100000000000011,0.000500000000000056,-0.000499999999999945
"ranova","Repeated-measures ANOVA",3,149,0.00258309933002977,2000,400,0.0055,0.0075,0.0285,0.02,0.002,0,0,0,0.499,0.50425,0.501,0.5,-0.00524999999999992,-0.00324999999999998,-0.00424999999999998
"ranova","Repeated-measures ANOVA",3,149,0.00333620107440012,2000,400,0.0055,0.0025,0.0285,0.0225,0.002,0,0,0,0.5015,0.503,0.501,0.5,-0.00149999999999995,-0.002,-0.003
"ranova","Repeated-measures ANOVA",3,149,0.00430886938006377,2000,400,0.0055,0.0025,0.0285,0.0225,0.002,0,0,0,0.5015,0.503,0.501,0.5,-0.00149999999999995,-0.002,-0.003
"ranova","Repeated-measures ANOVA",3,149,0.00556511880441425,2000,400,0.0055,0,0.0285,0.0075,0.002,0,0,0,0.50275,0.5105,0.501,0.5,-0.00774999999999992,-0.00949999999999995,-0.0105
"ranova","Repeated-measures ANOVA",3,149,0.00718762732760925,2000,400,0.0055,0.005,0.0285,0.015,0.002,0.0025,0,0,0.50025,0.50675,0.49975,0.5,-0.00649999999999995,-0.00700000000000001,-0.00675000000000003
"ranova","Repeated-measures ANOVA",3,149,0.00928317766722556,2000,400,0.0055,0.0025,0.0285,0.0225,0.002,0.0025,0,0,0.5015,0.503,0.49975,0.5,-0.00149999999999995,-0.00324999999999998,-0.003
"ranova","Repeated-measures ANOVA",3,149,0.0119896850063788,2000,400,0.0055,0.005,0.0285,0.03,0.002,0,0,0,0.50025,0.49925,0.501,0.5,0.00100000000000011,0.00175000000000003,0.000750000000000028
"ranova","Repeated-measures ANOVA",3,149,0.0154852736536225,2000,400,0.0055,0.005,0.0285,0.01,0.002,0.0025,0,0,0.50025,0.50925,0.49975,0.5,-0.0089999999999999,-0.00949999999999995,-0.00924999999999998
"ranova","Repeated-measures ANOVA",3,149,0.02,2000,400,0.0055,0.01,0.0285,0.03,0.002,0.0025,0,0,0.49775,0.49925,0.49975,0.5,-0.00149999999999995,0.000500000000000056,0.000750000000000028
"ranova","Repeated-measures ANOVA",3,149,0.025,2000,400,0.0055,0.0075,0.0285,0.035,0.002,0.0025,0,0,0.499,0.49675,0.49975,0.5,0.00225000000000009,0.00300000000000006,0.00325000000000003
"ranova","Repeated-measures ANOVA",3,149,0.0666666666666667,2000,400,0.0055,0.07,0.0285,0.145,0.002,0.0175,0.037,0.1725,0.46775,0.44175,0.49225,0.43225,0.026,0.0505,-0.00950000000000001
"ranova","Repeated-measures ANOVA",3,149,0.108333333333333,2000,400,0.0055,0.2225,0.0285,0.4475,0.002,0.1375,0.0535,0.55,0.3915,0.2905,0.43225,0.25175,0.101,0.14175,-0.03875
"ranova","Repeated-measures ANOVA",3,149,0.15,2000,400,0.0055,0.67,0.0285,0.835,0.002,0.505,0.045,0.8775,0.16775,0.09675,0.2485,0.08375,0.071,0.15175,-0.013
"ranova","Repeated-measures ANOVA",3,149,0.191666666666667,2000,400,0.0055,0.9,0.0285,0.96,0.002,0.825,0.0315,0.9625,0.05275,0.03425,0.0885,0.0345,0.0185,0.05425,0.000250000000000028
"ranova","Repeated-measures ANOVA",3,149,0.233333333333333,2000,400,0.0055,0.99,0.0285,1,0.002,0.975,0.018,0.9975,0.00775000000000003,0.01425,0.0135,0.01025,-0.00649999999999995,-0.000749999999999973,-0.004
"ranova","Repeated-measures ANOVA",3,149,0.275,2000,400,0.0055,1,0.0285,1,0.002,1,0.0125,1,0.00275000000000003,0.01425,0.001,0.00624999999999998,-0.0115,-0.01325,-0.00800000000000001
"ranova","Repeated-measures ANOVA",3,149,0.316666666666667,2000,400,0.0055,1,0.0285,1,0.002,1,0.0075,1,0.00275000000000003,0.01425,0.001,0.00375000000000003,-0.0115,-0.01325,-0.0105
"ranova","Repeated-measures ANOVA",3,149,0.358333333333333,2000,400,0.0055,1,0.0285,1,0.002,1,0.0045,1,0.00275000000000003,0.01425,0.001,0.00224999999999997,-0.0115,-0.01325,-0.012
"ranova","Repeated-measures ANOVA",3,149,0.4,2000,400,0.0055,1,0.0285,1,0.002,1,0.0035,1,0.00275000000000003,0.01425,0.001,0.00175000000000003,-0.0115,-0.01325,-0.0125
"ranova","Repeated-measures ANOVA",3,149,0.441666666666667,2000,400,0.0055,1,0.0285,1,0.002,1,0.0025,1,0.00275000000000003,0.01425,0.001,0.00124999999999997,-0.0115,-0.01325,-0.013
"ranova","Repeated-measures ANOVA",3,149,0.483333333333333,2000,400,0.0055,1,0.0285,1,0.002,1,0.002,1,0.00275000000000003,0.01425,0.001,0.001,-0.0115,-0.01325,-0.01325
"ranova","Repeated-measures ANOVA",3,149,0.525,2000,400,0.0055,1,0.0285,1,0.002,1,0.0015,1,0.00275000000000003,0.01425,0.001,0.000750000000000028,-0.0115,-0.01325,-0.0135
"ranova","Repeated-measures ANOVA",3,149,0.566666666666667,2000,400,0.0055,1,0.0285,1,0.002,1,0.0015,1,0.00275000000000003,0.01425,0.001,0.000750000000000028,-0.0115,-0.01325,-0.0135
"ranova","Repeated-measures ANOVA",3,149,0.608333333333333,2000,400,0.0055,1,0.0285,1,0.002,1,0.001,1,0.00275000000000003,0.01425,0.001,0.000499999999999945,-0.0115,-0.01325,-0.01375
"ranova","Repeated-measures ANOVA",3,149,0.65,2000,400,0.0055,1,0.0285,1,0.002,1,0.001,1,0.00275000000000003,0.01425,0.001,0.000499999999999945,-0.0115,-0.01325,-0.01375
"ranova","Repeated-measures ANOVA",3,149,0.691666666666667,2000,400,0.0055,1,0.0285,1,0.002,1,0.001,1,0.00275000000000003,0.01425,0.001,0.000499999999999945,-0.0115,-0.01325,-0.01375
"ranova","Repeated-measures ANOVA",3,149,0.733333333333333,2000,400,0.0055,1,0.0285,1,0.002,1,0.001,1,0.00275000000000003,0.01425,0.001,0.000499999999999945,-0.0115,-0.01325,-0.01375
"ranova","Repeated-measures ANOVA",3,149,0.775,2000,400,0.0055,1,0.0285,1,0.002,1,5e-04,1,0.00275000000000003,0.01425,0.001,0.000249999999999972,-0.0115,-0.01325,-0.014
"ranova","Repeated-measures ANOVA",3,149,0.816666666666667,2000,400,0.0055,1,0.0285,1,0.002,1,5e-04,1,0.00275000000000003,0.01425,0.001,0.000249999999999972,-0.0115,-0.01325,-0.014
"ranova","Repeated-measures ANOVA",3,149,0.858333333333333,2000,400,0.0055,1,0.0285,1,0.002,1,5e-04,1,0.00275000000000003,0.01425,0.001,0.000249999999999972,-0.0115,-0.01325,-0.014
"ranova","Repeated-measures ANOVA",3,149,0.9,2000,400,0.0055,1,0.0285,1,0.002,1,5e-04,1,0.00275000000000003,0.01425,0.001,0.000249999999999972,-0.0115,-0.01325,-0.014
"ranova","Repeated-measures ANOVA",3,182,0.002,2000,400,0.0045,0.0025,0.021,0.02,5e-04,0.0025,0,0,0.501,0.5005,0.499,0.5,0.000500000000000056,-0.00149999999999995,-0.000499999999999945
"ranova","Repeated-measures ANOVA",3,182,0.00258309933002977,2000,400,0.0045,0,0.021,0.02,5e-04,0,0,0,0.50225,0.5005,0.50025,0.5,0.00175000000000003,-0.000249999999999972,-0.000499999999999945
"ranova","Repeated-measures ANOVA",3,182,0.00333620107440012,2000,400,0.0045,0.01,0.021,0.0225,5e-04,0,0,0,0.49725,0.49925,0.50025,0.5,-0.002,0.001,0.000750000000000028
"ranova","Repeated-measures ANOVA",3,182,0.00430886938006377,2000,400,0.0045,0.005,0.021,0.0125,5e-04,0,0,0,0.49975,0.50425,0.50025,0.5,-0.0045,-0.004,-0.00424999999999998
"ranova","Repeated-measures ANOVA",3,182,0.00556511880441425,2000,400,0.0045,0.005,0.021,0.0225,5e-04,0,0,0,0.49975,0.49925,0.50025,0.5,5e-04,0.001,0.000750000000000028
"ranova","Repeated-measures ANOVA",3,182,0.00718762732760925,2000,400,0.0045,0.005,0.021,0.0175,5e-04,0,0,0,0.49975,0.50175,0.50025,0.5,-0.00199999999999995,-0.00149999999999995,-0.00174999999999992
"ranova","Repeated-measures ANOVA",3,182,0.00928317766722556,2000,400,0.0045,0.0075,0.021,0.0225,5e-04,0,0,0,0.4985,0.49925,0.50025,0.5,-0.000749999999999973,0.001,0.000750000000000028
"ranova","Repeated-measures ANOVA",3,182,0.0119896850063788,2000,400,0.0045,0.01,0.021,0.0325,5e-04,0,0,0,0.49725,0.49425,0.50025,0.5,0.003,0.006,0.00575000000000003
"ranova","Repeated-measures ANOVA",3,182,0.0154852736536225,2000,400,0.0045,0,0.021,0.0275,5e-04,0,0,0,0.50225,0.49675,0.50025,0.5,0.0055,0.0035,0.00325000000000003
"ranova","Repeated-measures ANOVA",3,182,0.02,2000,400,0.0045,0.01,0.021,0.035,5e-04,0.0025,0,0,0.49725,0.493,0.499,0.5,0.00425000000000003,0.00600000000000006,0.00700000000000006
"ranova","Repeated-measures ANOVA",3,182,0.025,2000,400,0.0045,0.0125,0.021,0.04,5e-04,0.005,0,0,0.496,0.4905,0.49775,0.5,0.00550000000000006,0.00725000000000003,0.00950000000000006
"ranova","Repeated-measures ANOVA",3,182,0.0666666666666667,2000,400,0.0045,0.095,0.021,0.225,5e-04,0.05,0.036,0.28,0.45475,0.398,0.47525,0.378,0.05675,0.07725,-0.02
"ranova","Repeated-measures ANOVA",3,182,0.108333333333333,2000,400,0.0045,0.35,0.021,0.545,5e-04,0.215,0.045,0.6175,0.32725,0.238,0.39275,0.21375,0.08925,0.15475,-0.02425
"ranova","Repeated-measures ANOVA",3,182,0.15,2000,400,0.0045,0.75,0.021,0.8875,5e-04,0.6025,0.032,0.9125,0.12725,0.06675,0.199,0.05975,0.0605,0.13225,-0.00699999999999995
"ranova","Repeated-measures ANOVA",3,182,0.191666666666667,2000,400,0.0045,0.975,0.021,0.985,5e-04,0.9325,0.0205,0.985,0.01475,0.018,0.034,0.01775,-0.00324999999999998,0.016,-0.000249999999999972
"ranova","Repeated-measures ANOVA",3,182,0.233333333333333,2000,400,0.0045,1,0.021,1,5e-04,0.995,0.011,1,0.00224999999999997,0.0105,0.00274999999999997,0.00549999999999995,-0.00824999999999998,-0.00774999999999998,-0.005
"ranova","Repeated-measures ANOVA",3,182,0.275,2000,400,0.0045,1,0.021,1,5e-04,1,0.007,1,0.00224999999999997,0.0105,0.000249999999999972,0.00349999999999995,-0.00824999999999998,-0.01025,-0.00700000000000001
"ranova","Repeated-measures ANOVA",3,182,0.316666666666667,2000,400,0.0045,1,0.021,1,5e-04,1,0.0045,1,0.00224999999999997,0.0105,0.000249999999999972,0.00224999999999997,-0.00824999999999998,-0.01025,-0.00824999999999998
"ranova","Repeated-measures ANOVA",3,182,0.358333333333333,2000,400,0.0045,1,0.021,1,5e-04,1,0.0025,1,0.00224999999999997,0.0105,0.000249999999999972,0.00124999999999997,-0.00824999999999998,-0.01025,-0.00924999999999998
"ranova","Repeated-measures ANOVA",3,182,0.4,2000,400,0.0045,1,0.021,1,5e-04,1,0.001,1,0.00224999999999997,0.0105,0.000249999999999972,0.000499999999999945,-0.00824999999999998,-0.01025,-0.01
"ranova","Repeated-measures ANOVA",3,182,0.441666666666667,2000,400,0.0045,1,0.021,1,5e-04,1,5e-04,1,0.00224999999999997,0.0105,0.000249999999999972,0.000249999999999972,-0.00824999999999998,-0.01025,-0.01025
"ranova","Repeated-measures ANOVA",3,182,0.483333333333333,2000,400,0.0045,1,0.021,1,5e-04,1,5e-04,1,0.00224999999999997,0.0105,0.000249999999999972,0.000249999999999972,-0.00824999999999998,-0.01025,-0.01025
"ranova","Repeated-measures ANOVA",3,182,0.525,2000,400,0.0045,1,0.021,1,5e-04,1,0,1,0.00224999999999997,0.0105,0.000249999999999972,0,-0.00824999999999998,-0.01025,-0.0105
"ranova","Repeated-measures ANOVA",3,182,0.566666666666667,2000,400,0.0045,1,0.021,1,5e-04,1,0,1,0.00224999999999997,0.0105,0.000249999999999972,0,-0.00824999999999998,-0.01025,-0.0105
"ranova","Repeated-measures ANOVA",3,182,0.608333333333333,2000,400,0.0045,1,0.021,1,5e-04,1,0,1,0.00224999999999997,0.0105,0.000249999999999972,0,-0.00824999999999998,-0.01025,-0.0105
"ranova","Repeated-measures ANOVA",3,182,0.65,2000,400,0.0045,1,0.021,1,5e-04,1,0,1,0.00224999999999997,0.0105,0.000249999999999972,0,-0.00824999999999998,-0.01025,-0.0105
"ranova","Repeated-measures ANOVA",3,182,0.691666666666667,2000,400,0.0045,1,0.021,1,5e-04,1,0,1,0.00224999999999997,0.0105,0.000249999999999972,0,-0.00824999999999998,-0.01025,-0.0105
"ranova","Repeated-measures ANOVA",3,182,0.733333333333333,2000,400,0.0045,1,0.021,1,5e-04,1,0,1,0.00224999999999997,0.0105,0.000249999999999972,0,-0.00824999999999998,-0.01025,-0.0105
"ranova","Repeated-measures ANOVA",3,182,0.775,2000,400,0.0045,1,0.021,1,5e-04,1,0,1,0.00224999999999997,0.0105,0.000249999999999972,0,-0.00824999999999998,-0.01025,-0.0105
"ranova","Repeated-measures ANOVA",3,182,0.816666666666667,2000,400,0.0045,1,0.021,1,5e-04,1,0,1,0.00224999999999997,0.0105,0.000249999999999972,0,-0.00824999999999998,-0.01025,-0.0105
"ranova","Repeated-measures ANOVA",3,182,0.858333333333333,2000,400,0.0045,1,0.021,1,5e-04,1,0,1,0.00224999999999997,0.0105,0.000249999999999972,0,-0.00824999999999998,-0.01025,-0.0105
"ranova","Repeated-measures ANOVA",3,182,0.9,2000,400,0.0045,1,0.021,1,5e-04,1,0,1,0.00224999999999997,0.0105,0.000249999999999972,0,-0.00824999999999998,-0.01025,-0.0105
"ranova","Repeated-measures ANOVA",3,223,0.002,2000,400,0.005,0.005,0.016,0.0125,0,0.0025,0,0,0.5,0.50175,0.49875,0.5,-0.00175000000000008,-0.003,-0.00175000000000003
"ranova","Repeated-measures ANOVA",3,223,0.00258309933002977,2000,400,0.005,0.0025,0.016,0.025,0,0,0,0,0.50125,0.4955,0.5,0.5,0.00574999999999998,0.0045,0.0045
"ranova","Repeated-measures ANOVA",3,223,0.00333620107440012,2000,400,0.005,0,0.016,0.0125,0,0,0,0,0.5025,0.50175,0.5,0.5,0.000749999999999917,-0.00175000000000003,-0.00175000000000003
"ranova","Repeated-measures ANOVA",3,223,0.00430886938006377,2000,400,0.005,0.005,0.016,0.0375,0,0,0,0,0.5,0.48925,0.5,0.5,0.0107499999999999,0.01075,0.01075
"ranova","Repeated-measures ANOVA",3,223,0.00556511880441425,2000,400,0.005,0.0025,0.016,0.015,0,0,0,0,0.50125,0.5005,0.5,0.5,0.000749999999999917,-0.000500000000000056,-0.000500000000000056
"ranova","Repeated-measures ANOVA",3,223,0.00718762732760925,2000,400,0.005,0.005,0.016,0.0325,0,0,0,0,0.5,0.49175,0.5,0.5,0.00824999999999992,0.00824999999999998,0.00824999999999998
"ranova","Repeated-measures ANOVA",3,223,0.00928317766722556,2000,400,0.005,0.0075,0.016,0.025,0,0,0,0,0.49875,0.4955,0.5,0.5,0.00324999999999998,0.0045,0.0045
"ranova","Repeated-measures ANOVA",3,223,0.0119896850063788,2000,400,0.005,0,0.016,0.01,0,0,0,0,0.5025,0.503,0.5,0.5,-0.000500000000000056,-0.003,-0.003
"ranova","Repeated-measures ANOVA",3,223,0.0154852736536225,2000,400,0.005,0.0075,0.016,0.0275,0,0,0,0,0.49875,0.49425,0.5,0.5,0.00449999999999995,0.00574999999999998,0.00574999999999998
"ranova","Repeated-measures ANOVA",3,223,0.02,2000,400,0.005,0.0025,0.016,0.03,0,0,0,0,0.50125,0.493,0.5,0.5,0.00824999999999998,0.00700000000000001,0.00700000000000001
"ranova","Repeated-measures ANOVA",3,223,0.025,2000,400,0.005,0.01,0.016,0.0375,0,0.005,0,0.0025,0.4975,0.48925,0.4975,0.49875,0.00824999999999992,0.00824999999999998,0.00950000000000001
"ranova","Repeated-measures ANOVA",3,223,0.0666666666666667,2000,400,0.005,0.1025,0.016,0.215,0,0.0375,0.038,0.315,0.45125,0.4005,0.48125,0.3615,0.0507499999999999,0.08075,-0.039
"ranova","Repeated-measures ANOVA",3,223,0.108333333333333,2000,400,0.005,0.4575,0.016,0.6825,0,0.295,0.0375,0.775,0.27375,0.16675,0.3525,0.13125,0.107,0.18575,-0.0355
"ranova","Repeated-measures ANOVA",3,223,0.15,2000,400,0.005,0.885,0.016,0.9425,0,0.7675,0.0225,0.9525,0.0599999999999999,0.03675,0.11625,0.035,0.0232499999999999,0.0795,-0.00175000000000003
"ranova","Repeated-measures ANOVA",3,223,0.191666666666667,2000,400,0.005,0.9775,0.016,0.9975,0,0.965,0.011,0.995,0.0137499999999999,0.00924999999999998,0.0175,0.00799999999999995,0.00449999999999995,0.00825000000000004,-0.00125000000000003
"ranova","Repeated-measures ANOVA",3,223,0.233333333333333,2000,400,0.005,1,0.016,1,0,0.9975,0.0085,1,0.00249999999999995,0.00800000000000001,0.00124999999999997,0.00424999999999998,-0.00550000000000006,-0.00675000000000003,-0.00375000000000003
"ranova","Repeated-measures ANOVA",3,223,0.275,2000,400,0.005,1,0.016,1,0,1,0.0055,1,0.00249999999999995,0.00800000000000001,0,0.00275000000000003,-0.00550000000000006,-0.00800000000000001,-0.00524999999999998
"ranova","Repeated-measures ANOVA",3,223,0.316666666666667,2000,400,0.005,1,0.016,1,0,1,0.003,1,0.00249999999999995,0.00800000000000001,0,0.00149999999999995,-0.00550000000000006,-0.00800000000000001,-0.00650000000000006
"ranova","Repeated-measures ANOVA",3,223,0.358333333333333,2000,400,0.005,1,0.016,1,0,1,0.0015,1,0.00249999999999995,0.00800000000000001,0,0.000750000000000028,-0.00550000000000006,-0.00800000000000001,-0.00724999999999998
"ranova","Repeated-measures ANOVA",3,223,0.4,2000,400,0.005,1,0.016,1,0,1,5e-04,1,0.00249999999999995,0.00800000000000001,0,0.000249999999999972,-0.00550000000000006,-0.00800000000000001,-0.00775000000000003
"ranova","Repeated-measures ANOVA",3,223,0.441666666666667,2000,400,0.005,1,0.016,1,0,1,0,1,0.00249999999999995,0.00800000000000001,0,0,-0.00550000000000006,-0.00800000000000001,-0.00800000000000001
"ranova","Repeated-measures ANOVA",3,223,0.483333333333333,2000,400,0.005,1,0.016,1,0,1,0,1,0.00249999999999995,0.00800000000000001,0,0,-0.00550000000000006,-0.00800000000000001,-0.00800000000000001
"ranova","Repeated-measures ANOVA",3,223,0.525,2000,400,0.005,1,0.016,1,0,1,0,1,0.00249999999999995,0.00800000000000001,0,0,-0.00550000000000006,-0.00800000000000001,-0.00800000000000001
"ranova","Repeated-measures ANOVA",3,223,0.566666666666667,2000,400,0.005,1,0.016,1,0,1,0,1,0.00249999999999995,0.00800000000000001,0,0,-0.00550000000000006,-0.00800000000000001,-0.00800000000000001
"ranova","Repeated-measures ANOVA",3,223,0.608333333333333,2000,400,0.005,1,0.016,1,0,1,0,1,0.00249999999999995,0.00800000000000001,0,0,-0.00550000000000006,-0.00800000000000001,-0.00800000000000001
"ranova","Repeated-measures ANOVA",3,223,0.65,2000,400,0.005,1,0.016,1,0,1,0,1,0.00249999999999995,0.00800000000000001,0,0,-0.00550000000000006,-0.00800000000000001,-0.00800000000000001
"ranova","Repeated-measures ANOVA",3,223,0.691666666666667,2000,400,0.005,1,0.016,1,0,1,0,1,0.00249999999999995,0.00800000000000001,0,0,-0.00550000000000006,-0.00800000000000001,-0.00800000000000001
"ranova","Repeated-measures ANOVA",3,223,0.733333333333333,2000,400,0.005,1,0.016,1,0,1,0,1,0.00249999999999995,0.00800000000000001,0,0,-0.00550000000000006,-0.00800000000000001,-0.00800000000000001
"ranova","Repeated-measures ANOVA",3,223,0.775,2000,400,0.005,1,0.016,1,0,1,0,1,0.00249999999999995,0.00800000000000001,0,0,-0.00550000000000006,-0.00800000000000001,-0.00800000000000001
"ranova","Repeated-measures ANOVA",3,223,0.816666666666667,2000,400,0.005,1,0.016,1,0,1,0,1,0.00249999999999995,0.00800000000000001,0,0,-0.00550000000000006,-0.00800000000000001,-0.00800000000000001
"ranova","Repeated-measures ANOVA",3,223,0.858333333333333,2000,400,0.005,1,0.016,1,0,1,0,1,0.00249999999999995,0.00800000000000001,0,0,-0.00550000000000006,-0.00800000000000001,-0.00800000000000001
"ranova","Repeated-measures ANOVA",3,223,0.9,2000,400,0.005,1,0.016,1,0,1,0,1,0.00249999999999995,0.00800000000000001,0,0,-0.00550000000000006,-0.00800000000000001,-0.00800000000000001
"ranova","Repeated-measures ANOVA",3,272,0.002,2000,400,0.0055,0.005,0.015,0.0175,0.001,0,0,0,0.50025,0.49875,0.5005,0.5,0.00150000000000011,0.00174999999999997,0.00125000000000003
"ranova","Repeated-measures ANOVA",3,272,0.00258309933002977,2000,400,0.0055,0.005,0.015,0.0175,0.001,0.0025,0,0,0.50025,0.49875,0.49925,0.5,0.00150000000000011,5e-04,0.00125000000000003
"ranova","Repeated-measures ANOVA",3,272,0.00333620107440012,2000,400,0.0055,0.01,0.015,0.0275,0.001,0.0025,0,0,0.49775,0.49375,0.49925,0.5,0.00400000000000006,0.0055,0.00625000000000003
"ranova","Repeated-measures ANOVA",3,272,0.00430886938006377,2000,400,0.0055,0.0025,0.015,0.0175,0.001,0,0,0,0.5015,0.49875,0.5005,0.5,0.00275000000000009,0.00174999999999997,0.00125000000000003
"ranova","Repeated-measures ANOVA",3,272,0.00556511880441425,2000,400,0.0055,0.0025,0.015,0.0225,0.001,0,0,0,0.5015,0.49625,0.5005,0.5,0.00525000000000009,0.00424999999999998,0.00375000000000003
"ranova","Repeated-measures ANOVA",3,272,0.00718762732760925,2000,400,0.0055,0.0025,0.015,0.01,0.001,0,0,0,0.5015,0.5025,0.5005,0.5,-0.00099999999999989,-0.002,-0.00249999999999995
"ranova","Repeated-measures ANOVA",3,272,0.00928317766722556,2000,400,0.0055,0.0025,0.015,0.0225,0.001,0,0,0,0.5015,0.49625,0.5005,0.5,0.00525000000000009,0.00424999999999998,0.00375000000000003
"ranova","Repeated-measures ANOVA",3,272,0.0119896850063788,2000,400,0.0055,0.005,0.015,0.0175,0.001,0,0,0,0.50025,0.49875,0.5005,0.5,0.00150000000000011,0.00174999999999997,0.00125000000000003
"ranova","Repeated-measures ANOVA",3,272,0.0154852736536225,2000,400,0.0055,0.0175,0.015,0.0325,0.001,0.0025,0,0,0.494,0.49125,0.49925,0.5,0.00275000000000009,0.00800000000000001,0.00875000000000004
"ranova","Repeated-measures ANOVA",3,272,0.02,2000,400,0.0055,0.0075,0.015,0.03,0.001,0.0025,0,0,0.499,0.4925,0.49925,0.5,0.00650000000000012,0.00675000000000003,0.00750000000000006
"ranova","Repeated-measures ANOVA",3,272,0.025,2000,400,0.0055,0.02,0.015,0.0375,0.001,0,0.001,0,0.49275,0.48875,0.5005,0.5005,0.00400000000000006,0.01175,0.01175
"ranova","Repeated-measures ANOVA",3,272,0.0666666666666667,2000,400,0.0055,0.135,0.015,0.24,0.001,0.0525,0.0435,0.3725,0.43525,0.3875,0.47425,0.3355,0.0477500000000001,0.08675,-0.0519999999999999
"ranova","Repeated-measures ANOVA",3,272,0.108333333333333,2000,400,0.0055,0.6325,0.015,0.78,0.001,0.4075,0.038,0.835,0.1865,0.1175,0.29675,0.1015,0.0690000000000001,0.17925,-0.0159999999999999
"ranova","Repeated-measures ANOVA",3,272,0.15,2000,400,0.0055,0.9475,0.015,0.9675,0.001,0.8675,0.0205,0.9675,0.029,0.0237499999999999,0.0667499999999999,0.0265,0.00525000000000009,0.043,0.00275000000000003
"ranova","Repeated-measures ANOVA",3,272,0.191666666666667,2000,400,0.0055,0.9975,0.015,1,0.001,0.9875,0.0105,1,0.004,0.00749999999999995,0.00674999999999992,0.00524999999999998,-0.00349999999999995,-0.000750000000000028,-0.00224999999999997
"ranova","Repeated-measures ANOVA",3,272,0.233333333333333,2000,400,0.0055,1,0.015,1,0.001,1,0.0065,1,0.00275000000000003,0.00749999999999995,0.000499999999999945,0.00324999999999998,-0.00474999999999992,-0.00700000000000001,-0.00424999999999998
"ranova","Repeated-measures ANOVA",3,272,0.275,2000,400,0.0055,1,0.015,1,0.001,1,0.0045,1,0.00275000000000003,0.00749999999999995,0.000499999999999945,0.00224999999999997,-0.00474999999999992,-0.00700000000000001,-0.00524999999999998
"ranova","Repeated-measures ANOVA",3,272,0.316666666666667,2000,400,0.0055,1,0.015,1,0.001,1,0.0025,1,0.00275000000000003,0.00749999999999995,0.000499999999999945,0.00124999999999997,-0.00474999999999992,-0.00700000000000001,-0.00624999999999998
"ranova","Repeated-measures ANOVA",3,272,0.358333333333333,2000,400,0.0055,1,0.015,1,0.001,1,0.0025,1,0.00275000000000003,0.00749999999999995,0.000499999999999945,0.00124999999999997,-0.00474999999999992,-0.00700000000000001,-0.00624999999999998
"ranova","Repeated-measures ANOVA",3,272,0.4,2000,400,0.0055,1,0.015,1,0.001,1,0.002,1,0.00275000000000003,0.00749999999999995,0.000499999999999945,0.001,-0.00474999999999992,-0.00700000000000001,-0.00649999999999995
"ranova","Repeated-measures ANOVA",3,272,0.441666666666667,2000,400,0.0055,1,0.015,1,0.001,1,0.001,1,0.00275000000000003,0.00749999999999995,0.000499999999999945,0.000499999999999945,-0.00474999999999992,-0.00700000000000001,-0.00700000000000001
"ranova","Repeated-measures ANOVA",3,272,0.483333333333333,2000,400,0.0055,1,0.015,1,0.001,1,0.001,1,0.00275000000000003,0.00749999999999995,0.000499999999999945,0.000499999999999945,-0.00474999999999992,-0.00700000000000001,-0.00700000000000001
"ranova","Repeated-measures ANOVA",3,272,0.525,2000,400,0.0055,1,0.015,1,0.001,1,0.001,1,0.00275000000000003,0.00749999999999995,0.000499999999999945,0.000499999999999945,-0.00474999999999992,-0.00700000000000001,-0.00700000000000001
"ranova","Repeated-measures ANOVA",3,272,0.566666666666667,2000,400,0.0055,1,0.015,1,0.001,1,0.001,1,0.00275000000000003,0.00749999999999995,0.000499999999999945,0.000499999999999945,-0.00474999999999992,-0.00700000000000001,-0.00700000000000001
"ranova","Repeated-measures ANOVA",3,272,0.608333333333333,2000,400,0.0055,1,0.015,1,0.001,1,0.001,1,0.00275000000000003,0.00749999999999995,0.000499999999999945,0.000499999999999945,-0.00474999999999992,-0.00700000000000001,-0.00700000000000001
"ranova","Repeated-measures ANOVA",3,272,0.65,2000,400,0.0055,1,0.015,1,0.001,1,0.001,1,0.00275000000000003,0.00749999999999995,0.000499999999999945,0.000499999999999945,-0.00474999999999992,-0.00700000000000001,-0.00700000000000001
"ranova","Repeated-measures ANOVA",3,272,0.691666666666667,2000,400,0.0055,1,0.015,1,0.001,1,0.001,1,0.00275000000000003,0.00749999999999995,0.000499999999999945,0.000499999999999945,-0.00474999999999992,-0.00700000000000001,-0.00700000000000001
"ranova","Repeated-measures ANOVA",3,272,0.733333333333333,2000,400,0.0055,1,0.015,1,0.001,1,5e-04,1,0.00275000000000003,0.00749999999999995,0.000499999999999945,0.000249999999999972,-0.00474999999999992,-0.00700000000000001,-0.00724999999999998
"ranova","Repeated-measures ANOVA",3,272,0.775,2000,400,0.0055,1,0.015,1,0.001,1,5e-04,1,0.00275000000000003,0.00749999999999995,0.000499999999999945,0.000249999999999972,-0.00474999999999992,-0.00700000000000001,-0.00724999999999998
"ranova","Repeated-measures ANOVA",3,272,0.816666666666667,2000,400,0.0055,1,0.015,1,0.001,1,0,1,0.00275000000000003,0.00749999999999995,0.000499999999999945,0,-0.00474999999999992,-0.00700000000000001,-0.00749999999999995
"ranova","Repeated-measures ANOVA",3,272,0.858333333333333,2000,400,0.0055,1,0.015,1,0.001,1,0,1,0.00275000000000003,0.00749999999999995,0.000499999999999945,0,-0.00474999999999992,-0.00700000000000001,-0.00749999999999995
"ranova","Repeated-measures ANOVA",3,272,0.9,2000,400,0.0055,1,0.015,1,0.001,1,0,1,0.00275000000000003,0.00749999999999995,0.000499999999999945,0,-0.00474999999999992,-0.00700000000000001,-0.00749999999999995
"ranova","Repeated-measures ANOVA",3,332,0.002,2000,400,0.008,0.0075,0.0155,0.0125,0.0015,0.0025,0,0,0.50025,0.5015,0.4995,0.5,-0.00125000000000008,-0.002,-0.00150000000000006
"ranova","Repeated-measures ANOVA",3,332,0.00258309933002977,2000,400,0.008,0.005,0.0155,0.0125,0.0015,0,0,0,0.5015,0.5015,0.50075,0.5,0,-0.000750000000000028,-0.00150000000000006
"ranova","Repeated-measures ANOVA",3,332,0.00333620107440012,2000,400,0.008,0.0025,0.0155,0.0125,0.0015,0,0,0,0.50275,0.5015,0.50075,0.5,0.00124999999999997,-0.000750000000000028,-0.00150000000000006
"ranova","Repeated-measures ANOVA",3,332,0.00430886938006377,2000,400,0.008,0.0075,0.0155,0.015,0.0015,0,0,0,0.50025,0.50025,0.50075,0.5,-1.11022302462516e-16,0.000499999999999945,-0.000250000000000083
"ranova","Repeated-measures ANOVA",3,332,0.00556511880441425,2000,400,0.008,0.01,0.0155,0.0175,0.0015,0,0,0,0.499,0.499,0.50075,0.5,-5.55111512312578e-17,0.00174999999999997,0.000999999999999945
"ranova","Repeated-measures ANOVA",3,332,0.00718762732760925,2000,400,0.008,0.0075,0.0155,0.025,0.0015,0.005,0,0,0.50025,0.49525,0.49825,0.5,0.00499999999999995,0.003,0.00474999999999998
"ranova","Repeated-measures ANOVA",3,332,0.00928317766722556,2000,400,0.008,0.0075,0.0155,0.0225,0.0015,0,0,0,0.50025,0.4965,0.50075,0.5,0.00374999999999992,0.00424999999999998,0.00349999999999995
"ranova","Repeated-measures ANOVA",3,332,0.0119896850063788,2000,400,0.008,0.005,0.0155,0.035,0.0015,0,0,0,0.5015,0.49025,0.50075,0.5,0.01125,0.0105,0.00974999999999998
"ranova","Repeated-measures ANOVA",3,332,0.0154852736536225,2000,400,0.008,0.015,0.0155,0.0275,0.0015,0.0025,0,0,0.4965,0.494,0.4995,0.5,0.00249999999999995,0.0055,0.00599999999999995
"ranova","Repeated-measures ANOVA",3,332,0.02,2000,400,0.008,0.0075,0.0155,0.0325,0.0015,0,0,0,0.50025,0.4915,0.50075,0.5,0.00874999999999992,0.00924999999999998,0.00849999999999995
"ranova","Repeated-measures ANOVA",3,332,0.025,2000,400,0.008,0.0175,0.0155,0.06,0.0015,0,0.003,0.0025,0.49525,0.47775,0.50075,0.50025,0.0175,0.023,0.0225
"ranova","Repeated-measures ANOVA",3,332,0.0666666666666667,2000,400,0.008,0.1825,0.0155,0.3375,0.0015,0.06,0.045,0.5,0.41275,0.339,0.47075,0.2725,0.07375,0.13175,-0.0665000000000001
"ranova","Repeated-measures ANOVA",3,332,0.108333333333333,2000,400,0.008,0.72,0.0155,0.855,0.0015,0.57,0.031,0.895,0.144,0.08025,0.21575,0.068,0.06375,0.1355,-0.0122500000000001
"ranova","Repeated-measures ANOVA",3,332,0.15,2000,400,0.008,0.9725,0.0155,0.9875,0.0015,0.93,0.0155,0.9875,0.01775,0.014,0.03575,0.014,0.00374999999999998,0.02175,0
"ranova","Repeated-measures ANOVA",3,332,0.191666666666667,2000,400,0.008,1,0.0155,1,0.0015,0.9975,0.0095,1,0.004,0.00775000000000003,0.002,0.00475000000000003,-0.00375000000000003,-0.00575000000000003,-0.003
"ranova","Repeated-measures ANOVA",3,332,0.233333333333333,2000,400,0.008,1,0.0155,1,0.0015,1,0.0085,1,0.004,0.00775000000000003,0.000750000000000028,0.00424999999999998,-0.00375000000000003,-0.00700000000000001,-0.00350000000000006
"ranova","Repeated-measures ANOVA",3,332,0.275,2000,400,0.008,1,0.0155,1,0.0015,1,0.0045,1,0.004,0.00775000000000003,0.000750000000000028,0.00224999999999997,-0.00375000000000003,-0.00700000000000001,-0.00550000000000006
"ranova","Repeated-measures ANOVA",3,332,0.316666666666667,2000,400,0.008,1,0.0155,1,0.0015,1,0.0035,1,0.004,0.00775000000000003,0.000750000000000028,0.00175000000000003,-0.00375000000000003,-0.00700000000000001,-0.006
"ranova","Repeated-measures ANOVA",3,332,0.358333333333333,2000,400,0.008,1,0.0155,1,0.0015,1,0.0025,1,0.004,0.00775000000000003,0.000750000000000028,0.00124999999999997,-0.00375000000000003,-0.00700000000000001,-0.00650000000000006
"ranova","Repeated-measures ANOVA",3,332,0.4,2000,400,0.008,1,0.0155,1,0.0015,1,0.0015,1,0.004,0.00775000000000003,0.000750000000000028,0.000750000000000028,-0.00375000000000003,-0.00700000000000001,-0.00700000000000001
"ranova","Repeated-measures ANOVA",3,332,0.441666666666667,2000,400,0.008,1,0.0155,1,0.0015,1,0.001,1,0.004,0.00775000000000003,0.000750000000000028,0.000499999999999945,-0.00375000000000003,-0.00700000000000001,-0.00725000000000009
"ranova","Repeated-measures ANOVA",3,332,0.483333333333333,2000,400,0.008,1,0.0155,1,0.0015,1,0.001,1,0.004,0.00775000000000003,0.000750000000000028,0.000499999999999945,-0.00375000000000003,-0.00700000000000001,-0.00725000000000009
"ranova","Repeated-measures ANOVA",3,332,0.525,2000,400,0.008,1,0.0155,1,0.0015,1,0.001,1,0.004,0.00775000000000003,0.000750000000000028,0.000499999999999945,-0.00375000000000003,-0.00700000000000001,-0.00725000000000009
"ranova","Repeated-measures ANOVA",3,332,0.566666666666667,2000,400,0.008,1,0.0155,1,0.0015,1,0,1,0.004,0.00775000000000003,0.000750000000000028,0,-0.00375000000000003,-0.00700000000000001,-0.00775000000000003
"ranova","Repeated-measures ANOVA",3,332,0.608333333333333,2000,400,0.008,1,0.0155,1,0.0015,1,0,1,0.004,0.00775000000000003,0.000750000000000028,0,-0.00375000000000003,-0.00700000000000001,-0.00775000000000003
"ranova","Repeated-measures ANOVA",3,332,0.65,2000,400,0.008,1,0.0155,1,0.0015,1,0,1,0.004,0.00775000000000003,0.000750000000000028,0,-0.00375000000000003,-0.00700000000000001,-0.00775000000000003
"ranova","Repeated-measures ANOVA",3,332,0.691666666666667,2000,400,0.008,1,0.0155,1,0.0015,1,0,1,0.004,0.00775000000000003,0.000750000000000028,0,-0.00375000000000003,-0.00700000000000001,-0.00775000000000003
"ranova","Repeated-measures ANOVA",3,332,0.733333333333333,2000,400,0.008,1,0.0155,1,0.0015,1,0,1,0.004,0.00775000000000003,0.000750000000000028,0,-0.00375000000000003,-0.00700000000000001,-0.00775000000000003
"ranova","Repeated-measures ANOVA",3,332,0.775,2000,400,0.008,1,0.0155,1,0.0015,1,0,1,0.004,0.00775000000000003,0.000750000000000028,0,-0.00375000000000003,-0.00700000000000001,-0.00775000000000003
"ranova","Repeated-measures ANOVA",3,332,0.816666666666667,2000,400,0.008,1,0.0155,1,0.0015,1,0,1,0.004,0.00775000000000003,0.000750000000000028,0,-0.00375000000000003,-0.00700000000000001,-0.00775000000000003
"ranova","Repeated-measures ANOVA",3,332,0.858333333333333,2000,400,0.008,1,0.0155,1,0.0015,1,0,1,0.004,0.00775000000000003,0.000750000000000028,0,-0.00375000000000003,-0.00700000000000001,-0.00775000000000003
"ranova","Repeated-measures ANOVA",3,332,0.9,2000,400,0.008,1,0.0155,1,0.0015,1,0,1,0.004,0.00775000000000003,0.000750000000000028,0,-0.00375000000000003,-0.00700000000000001,-0.00775000000000003
"ranova","Repeated-measures ANOVA",3,406,0.002,2000,400,0.0035,0.0075,0.0135,0.0125,0,0,0,0,0.498,0.5005,0.5,0.5,-0.0025,-0.000500000000000056,-0.000500000000000056
"ranova","Repeated-measures ANOVA",3,406,0.00258309933002977,2000,400,0.0035,0.005,0.0135,0.0125,0,0,0,0,0.49925,0.5005,0.5,0.5,-0.00125000000000003,-0.000500000000000056,-0.000500000000000056
"ranova","Repeated-measures ANOVA",3,406,0.00333620107440012,2000,400,0.0035,0.0025,0.0135,0.005,0,0.0025,0,0,0.5005,0.50425,0.49875,0.5,-0.00375000000000003,-0.00550000000000006,-0.00425000000000009
"ranova","Repeated-measures ANOVA",3,406,0.00430886938006377,2000,400,0.0035,0.0075,0.0135,0.0175,0,0.0025,0,0,0.498,0.498,0.49875,0.5,0,0.000749999999999973,0.00199999999999995
"ranova","Repeated-measures ANOVA",3,406,0.00556511880441425,2000,400,0.0035,0.005,0.0135,0.035,0,0,0,0,0.49925,0.48925,0.5,0.5,0.01,0.01075,0.01075
"ranova","Repeated-measures ANOVA",3,406,0.00718762732760925,2000,400,0.0035,0.0025,0.0135,0.0175,0,0.0025,0,0,0.5005,0.498,0.49875,0.5,0.0025,0.000749999999999973,0.00199999999999995
"ranova","Repeated-measures ANOVA",3,406,0.00928317766722556,2000,400,0.0035,0.005,0.0135,0.0075,0,0,0,0,0.49925,0.503,0.5,0.5,-0.00374999999999998,-0.003,-0.003
"ranova","Repeated-measures ANOVA",3,406,0.0119896850063788,2000,400,0.0035,0.005,0.0135,0.0275,0,0,0,0,0.49925,0.493,0.5,0.5,0.00624999999999998,0.00699999999999995,0.00699999999999995
"ranova","Repeated-measures ANOVA",3,406,0.0154852736536225,2000,400,0.0035,0.0025,0.0135,0.0225,0,0,0,0,0.5005,0.4955,0.5,0.5,0.005,0.00449999999999995,0.00449999999999995
"ranova","Repeated-measures ANOVA",3,406,0.02,2000,400,0.0035,0.0175,0.0135,0.045,0,0,0,0,0.493,0.48425,0.5,0.5,0.00875000000000004,0.01575,0.01575
"ranova","Repeated-measures ANOVA",3,406,0.025,2000,400,0.0035,0.015,0.0135,0.0475,0,0,0.0025,0.0125,0.49425,0.483,0.5,0.495,0.01125,0.017,0.012
"ranova","Repeated-measures ANOVA",3,406,0.0666666666666667,2000,400,0.0035,0.29,0.0135,0.42,0,0.1225,0.0445,0.595,0.35675,0.29675,0.43875,0.22475,0.0599999999999999,0.142,-0.0720000000000001
"ranova","Repeated-measures ANOVA",3,406,0.108333333333333,2000,400,0.0035,0.8375,0.0135,0.915,0,0.685,0.0255,0.96,0.083,0.04925,0.1575,0.0327500000000001,0.03375,0.10825,-0.0165
"ranova","Repeated-measures ANOVA",3,406,0.15,2000,400,0.0035,1,0.0135,1,0,0.98,0.01,1,0.00175000000000003,0.00675000000000003,0.01,0.005,-0.005,0.00324999999999998,-0.00175000000000003
"ranova","Repeated-measures ANOVA",3,406,0.191666666666667,2000,400,0.0035,1,0.0135,1,0,1,0.0045,1,0.00175000000000003,0.00675000000000003,0,0.00224999999999997,-0.005,-0.00675000000000003,-0.00450000000000006
"ranova","Repeated-measures ANOVA",3,406,0.233333333333333,2000,400,0.0035,1,0.0135,1,0,1,0.0025,1,0.00175000000000003,0.00675000000000003,0,0.00124999999999997,-0.005,-0.00675000000000003,-0.00550000000000006
"ranova","Repeated-measures ANOVA",3,406,0.275,2000,400,0.0035,1,0.0135,1,0,1,0.002,1,0.00175000000000003,0.00675000000000003,0,0.001,-0.005,-0.00675000000000003,-0.00575000000000003
"ranova","Repeated-measures ANOVA",3,406,0.316666666666667,2000,400,0.0035,1,0.0135,1,0,1,0.0015,1,0.00175000000000003,0.00675000000000003,0,0.000750000000000028,-0.005,-0.00675000000000003,-0.006
"ranova","Repeated-measures ANOVA",3,406,0.358333333333333,2000,400,0.0035,1,0.0135,1,0,1,0,1,0.00175000000000003,0.00675000000000003,0,0,-0.005,-0.00675000000000003,-0.00675000000000003
"ranova","Repeated-measures ANOVA",3,406,0.4,2000,400,0.0035,1,0.0135,1,0,1,0,1,0.00175000000000003,0.00675000000000003,0,0,-0.005,-0.00675000000000003,-0.00675000000000003
"ranova","Repeated-measures ANOVA",3,406,0.441666666666667,2000,400,0.0035,1,0.0135,1,0,1,0,1,0.00175000000000003,0.00675000000000003,0,0,-0.005,-0.00675000000000003,-0.00675000000000003
"ranova","Repeated-measures ANOVA",3,406,0.483333333333333,2000,400,0.0035,1,0.0135,1,0,1,0,1,0.00175000000000003,0.00675000000000003,0,0,-0.005,-0.00675000000000003,-0.00675000000000003
"ranova","Repeated-measures ANOVA",3,406,0.525,2000,400,0.0035,1,0.0135,1,0,1,0,1,0.00175000000000003,0.00675000000000003,0,0,-0.005,-0.00675000000000003,-0.00675000000000003
"ranova","Repeated-measures ANOVA",3,406,0.566666666666667,2000,400,0.0035,1,0.0135,1,0,1,0,1,0.00175000000000003,0.00675000000000003,0,0,-0.005,-0.00675000000000003,-0.00675000000000003
"ranova","Repeated-measures ANOVA",3,406,0.608333333333333,2000,400,0.0035,1,0.0135,1,0,1,0,1,0.00175000000000003,0.00675000000000003,0,0,-0.005,-0.00675000000000003,-0.00675000000000003
"ranova","Repeated-measures ANOVA",3,406,0.65,2000,400,0.0035,1,0.0135,1,0,1,0,1,0.00175000000000003,0.00675000000000003,0,0,-0.005,-0.00675000000000003,-0.00675000000000003
"ranova","Repeated-measures ANOVA",3,406,0.691666666666667,2000,400,0.0035,1,0.0135,1,0,1,0,1,0.00175000000000003,0.00675000000000003,0,0,-0.005,-0.00675000000000003,-0.00675000000000003
"ranova","Repeated-measures ANOVA",3,406,0.733333333333333,2000,400,0.0035,1,0.0135,1,0,1,0,1,0.00175000000000003,0.00675000000000003,0,0,-0.005,-0.00675000000000003,-0.00675000000000003
"ranova","Repeated-measures ANOVA",3,406,0.775,2000,400,0.0035,1,0.0135,1,0,1,0,1,0.00175000000000003,0.00675000000000003,0,0,-0.005,-0.00675000000000003,-0.00675000000000003
"ranova","Repeated-measures ANOVA",3,406,0.816666666666667,2000,400,0.0035,1,0.0135,1,0,1,0,1,0.00175000000000003,0.00675000000000003,0,0,-0.005,-0.00675000000000003,-0.00675000000000003
"ranova","Repeated-measures ANOVA",3,406,0.858333333333333,2000,400,0.0035,1,0.0135,1,0,1,0,1,0.00175000000000003,0.00675000000000003,0,0,-0.005,-0.00675000000000003,-0.00675000000000003
"ranova","Repeated-measures ANOVA",3,406,0.9,2000,400,0.0035,1,0.0135,1,0,1,0,1,0.00175000000000003,0.00675000000000003,0,0,-0.005,-0.00675000000000003,-0.00675000000000003
"ranova","Repeated-measures ANOVA",3,496,0.002,2000,400,0.0035,0.0025,0.0135,0.0075,0.001,0.0025,0,0,0.5005,0.503,0.49925,0.5,-0.00249999999999995,-0.00375000000000003,-0.003
"ranova","Repeated-measures ANOVA",3,496,0.00258309933002977,2000,400,0.0035,0.005,0.0135,0.015,0.001,0,0,0,0.49925,0.49925,0.5005,0.5,0,0.00124999999999992,0.000749999999999973
"ranova","Repeated-measures ANOVA",3,496,0.00333620107440012,2000,400,0.0035,0.0075,0.0135,0.0175,0.001,0,0,0,0.498,0.498,0.5005,0.5,0,0.00249999999999989,0.00199999999999995
"ranova","Repeated-measures ANOVA",3,496,0.00430886938006377,2000,400,0.0035,0.0075,0.0135,0.0075,0.001,0,0,0,0.498,0.503,0.5005,0.5,-0.00499999999999995,-0.00250000000000006,-0.003
"ranova","Repeated-measures ANOVA",3,496,0.00556511880441425,2000,400,0.0035,0.005,0.0135,0.01,0.001,0,0,0,0.49925,0.50175,0.5005,0.5,-0.0025,-0.00125000000000008,-0.00175000000000003
"ranova","Repeated-measures ANOVA",3,496,0.00718762732760925,2000,400,0.0035,0.01,0.0135,0.0175,0.001,0,0,0,0.49675,0.498,0.5005,0.5,-0.00125000000000003,0.00249999999999989,0.00199999999999995
"ranova","Repeated-measures ANOVA",3,496,0.00928317766722556,2000,400,0.0035,0.005,0.0135,0.01,0.001,0.0025,0,0,0.49925,0.50175,0.49925,0.5,-0.0025,-0.00250000000000006,-0.00175000000000003
"ranova","Repeated-measures ANOVA",3,496,0.0119896850063788,2000,400,0.0035,0.005,0.0135,0.025,0.001,0,0,0,0.49925,0.49425,0.5005,0.5,0.005,0.00624999999999992,0.00574999999999998
"ranova","Repeated-measures ANOVA",3,496,0.0154852736536225,2000,400,0.0035,0.0125,0.0135,0.03,0.001,0.005,0,0,0.4955,0.49175,0.498,0.5,0.00375000000000003,0.00624999999999992,0.00824999999999998
"ranova","Repeated-measures ANOVA",3,496,0.02,2000,400,0.0035,0.01,0.0135,0.03,0.001,0.0025,0.001,0.005,0.49675,0.49175,0.49925,0.498,0.005,0.00749999999999995,0.00624999999999992
"ranova","Repeated-measures ANOVA",3,496,0.025,2000,400,0.0035,0.025,0.0135,0.06,0.001,0.005,0.0055,0.03,0.48925,0.47675,0.498,0.48775,0.0125,0.0212499999999999,0.011
"ranova","Repeated-measures ANOVA",3,496,0.0666666666666667,2000,400,0.0035,0.345,0.0135,0.525,0.001,0.13,0.041,0.695,0.32925,0.24425,0.4355,0.173,0.085,0.19125,-0.07125
"ranova","Repeated-measures ANOVA",3,496,0.108333333333333,2000,400,0.0035,0.92,0.0135,0.95,0.001,0.8,0.0235,0.9575,0.04175,0.0317500000000001,0.1005,0.033,0.00999999999999995,0.0687499999999999,0.00124999999999997
"ranova","Repeated-measures ANOVA",3,496,0.15,2000,400,0.0035,1,0.0135,1,0.001,0.9975,0.0105,1,0.00175000000000003,0.00675000000000003,0.00174999999999992,0.00524999999999998,-0.005,-0.00500000000000012,-0.00150000000000006
"ranova","Repeated-measures ANOVA",3,496,0.191666666666667,2000,400,0.0035,1,0.0135,1,0.001,1,0.0035,1,0.00175000000000003,0.00675000000000003,0.000499999999999945,0.00175000000000003,-0.005,-0.00625000000000009,-0.005
"ranova","Repeated-measures ANOVA",3,496,0.233333333333333,2000,400,0.0035,1,0.0135,1,0.001,1,0.002,1,0.00175000000000003,0.00675000000000003,0.000499999999999945,0.001,-0.005,-0.00625000000000009,-0.00575000000000003
"ranova","Repeated-measures ANOVA",3,496,0.275,2000,400,0.0035,1,0.0135,1,0.001,1,0.001,1,0.00175000000000003,0.00675000000000003,0.000499999999999945,0.000499999999999945,-0.005,-0.00625000000000009,-0.00625000000000009
"ranova","Repeated-measures ANOVA",3,496,0.316666666666667,2000,400,0.0035,1,0.0135,1,0.001,1,0.001,1,0.00175000000000003,0.00675000000000003,0.000499999999999945,0.000499999999999945,-0.005,-0.00625000000000009,-0.00625000000000009
"ranova","Repeated-measures ANOVA",3,496,0.358333333333333,2000,400,0.0035,1,0.0135,1,0.001,1,0.001,1,0.00175000000000003,0.00675000000000003,0.000499999999999945,0.000499999999999945,-0.005,-0.00625000000000009,-0.00625000000000009
"ranova","Repeated-measures ANOVA",3,496,0.4,2000,400,0.0035,1,0.0135,1,0.001,1,0.001,1,0.00175000000000003,0.00675000000000003,0.000499999999999945,0.000499999999999945,-0.005,-0.00625000000000009,-0.00625000000000009
"ranova","Repeated-measures ANOVA",3,496,0.441666666666667,2000,400,0.0035,1,0.0135,1,0.001,1,5e-04,1,0.00175000000000003,0.00675000000000003,0.000499999999999945,0.000249999999999972,-0.005,-0.00625000000000009,-0.00650000000000006
"ranova","Repeated-measures ANOVA",3,496,0.483333333333333,2000,400,0.0035,1,0.0135,1,0.001,1,5e-04,1,0.00175000000000003,0.00675000000000003,0.000499999999999945,0.000249999999999972,-0.005,-0.00625000000000009,-0.00650000000000006
"ranova","Repeated-measures ANOVA",3,496,0.525,2000,400,0.0035,1,0.0135,1,0.001,1,5e-04,1,0.00175000000000003,0.00675000000000003,0.000499999999999945,0.000249999999999972,-0.005,-0.00625000000000009,-0.00650000000000006
"ranova","Repeated-measures ANOVA",3,496,0.566666666666667,2000,400,0.0035,1,0.0135,1,0.001,1,5e-04,1,0.00175000000000003,0.00675000000000003,0.000499999999999945,0.000249999999999972,-0.005,-0.00625000000000009,-0.00650000000000006
"ranova","Repeated-measures ANOVA",3,496,0.608333333333333,2000,400,0.0035,1,0.0135,1,0.001,1,5e-04,1,0.00175000000000003,0.00675000000000003,0.000499999999999945,0.000249999999999972,-0.005,-0.00625000000000009,-0.00650000000000006
"ranova","Repeated-measures ANOVA",3,496,0.65,2000,400,0.0035,1,0.0135,1,0.001,1,0,1,0.00175000000000003,0.00675000000000003,0.000499999999999945,0,-0.005,-0.00625000000000009,-0.00675000000000003
"ranova","Repeated-measures ANOVA",3,496,0.691666666666667,2000,400,0.0035,1,0.0135,1,0.001,1,0,1,0.00175000000000003,0.00675000000000003,0.000499999999999945,0,-0.005,-0.00625000000000009,-0.00675000000000003
"ranova","Repeated-measures ANOVA",3,496,0.733333333333333,2000,400,0.0035,1,0.0135,1,0.001,1,0,1,0.00175000000000003,0.00675000000000003,0.000499999999999945,0,-0.005,-0.00625000000000009,-0.00675000000000003
"ranova","Repeated-measures ANOVA",3,496,0.775,2000,400,0.0035,1,0.0135,1,0.001,1,0,1,0.00175000000000003,0.00675000000000003,0.000499999999999945,0,-0.005,-0.00625000000000009,-0.00675000000000003
"ranova","Repeated-measures ANOVA",3,496,0.816666666666667,2000,400,0.0035,1,0.0135,1,0.001,1,0,1,0.00175000000000003,0.00675000000000003,0.000499999999999945,0,-0.005,-0.00625000000000009,-0.00675000000000003
"ranova","Repeated-measures ANOVA",3,496,0.858333333333333,2000,400,0.0035,1,0.0135,1,0.001,1,0,1,0.00175000000000003,0.00675000000000003,0.000499999999999945,0,-0.005,-0.00625000000000009,-0.00675000000000003
"ranova","Repeated-measures ANOVA",3,496,0.9,2000,400,0.0035,1,0.0135,1,0.001,1,0,1,0.00175000000000003,0.00675000000000003,0.000499999999999945,0,-0.005,-0.00625000000000009,-0.00675000000000003
"ranova","Repeated-measures ANOVA",3,606,0.002,2000,400,0.007,0.005,0.014,0.0075,5e-04,0,0,0,0.501,0.50325,0.50025,0.5,-0.00224999999999997,-0.003,-0.00324999999999998
"ranova","Repeated-measures ANOVA",3,606,0.00258309933002977,2000,400,0.007,0.0025,0.014,0.005,5e-04,0,0,0,0.50225,0.5045,0.50025,0.5,-0.00225000000000009,-0.00425000000000009,-0.00450000000000006
"ranova","Repeated-measures ANOVA",3,606,0.00333620107440012,2000,400,0.007,0.0025,0.014,0.015,5e-04,0,0,0,0.50225,0.4995,0.50025,0.5,0.00274999999999997,0.000749999999999973,5e-04
"ranova","Repeated-measures ANOVA",3,606,0.00430886938006377,2000,400,0.007,0.0075,0.014,0.01,5e-04,0,0,0,0.49975,0.502,0.50025,0.5,-0.00225000000000003,-0.00175000000000003,-0.002
"ranova","Repeated-measures ANOVA",3,606,0.00556511880441425,2000,400,0.007,0.005,0.014,0.0125,5e-04,0,0,0,0.501,0.50075,0.50025,0.5,0.000249999999999972,-0.000500000000000056,-0.000750000000000028
"ranova","Repeated-measures ANOVA",3,606,0.00718762732760925,2000,400,0.007,0.005,0.014,0.0125,5e-04,0,0,0,0.501,0.50075,0.50025,0.5,0.000249999999999972,-0.000500000000000056,-0.000750000000000028
"ranova","Repeated-measures ANOVA",3,606,0.00928317766722556,2000,400,0.007,0,0.014,0.0175,5e-04,0,0,0,0.5035,0.49825,0.50025,0.5,0.00524999999999992,0.00199999999999995,0.00174999999999997
"ranova","Repeated-measures ANOVA",3,606,0.0119896850063788,2000,400,0.007,0.0075,0.014,0.0225,5e-04,0.0025,0,0,0.49975,0.49575,0.499,0.5,0.00399999999999995,0.00324999999999998,0.00424999999999998
"ranova","Repeated-measures ANOVA",3,606,0.0154852736536225,2000,400,0.007,0.0125,0.014,0.03,5e-04,0,0,0,0.49725,0.492,0.50025,0.5,0.00524999999999998,0.00824999999999998,0.00800000000000001
"ranova","Repeated-measures ANOVA",3,606,0.02,2000,400,0.007,0.025,0.014,0.045,5e-04,0.0075,0.0025,0.0225,0.491,0.4845,0.4965,0.49,0.00649999999999995,0.012,0.0055
"ranova","Repeated-measures ANOVA",3,606,0.025,2000,400,0.007,0.035,0.014,0.0675,5e-04,0.005,0.0115,0.065,0.486,0.47325,0.49775,0.47325,0.0127499999999999,0.0245,5.55111512312578e-17
"ranova","Repeated-measures ANOVA",3,606,0.0666666666666667,2000,400,0.007,0.44,0.014,0.5825,5e-04,0.2175,0.035,0.72,0.2835,0.21575,0.3915,0.1575,0.06775,0.17575,-0.05825
"ranova","Repeated-measures ANOVA",3,606,0.108333333333333,2000,400,0.007,0.9825,0.014,0.985,5e-04,0.88,0.016,0.985,0.0122499999999999,0.0145,0.06025,0.0155,-0.00225000000000009,0.04575,0.001
"ranova","Repeated-measures ANOVA",3,606,0.15,2000,400,0.007,1,0.014,1,5e-04,1,0.008,1,0.00349999999999995,0.00700000000000001,0.000249999999999972,0.004,-0.00350000000000006,-0.00675000000000003,-0.003
"ranova","Repeated-measures ANOVA",3,606,0.191666666666667,2000,400,0.007,1,0.014,1,5e-04,1,0.005,1,0.00349999999999995,0.00700000000000001,0.000249999999999972,0.00249999999999995,-0.00350000000000006,-0.00675000000000003,-0.00450000000000006
"ranova","Repeated-measures ANOVA",3,606,0.233333333333333,2000,400,0.007,1,0.014,1,5e-04,1,0.0015,1,0.00349999999999995,0.00700000000000001,0.000249999999999972,0.000750000000000028,-0.00350000000000006,-0.00675000000000003,-0.00624999999999998
"ranova","Repeated-measures ANOVA",3,606,0.275,2000,400,0.007,1,0.014,1,5e-04,1,0.0015,1,0.00349999999999995,0.00700000000000001,0.000249999999999972,0.000750000000000028,-0.00350000000000006,-0.00675000000000003,-0.00624999999999998
"ranova","Repeated-measures ANOVA",3,606,0.316666666666667,2000,400,0.007,1,0.014,1,5e-04,1,5e-04,1,0.00349999999999995,0.00700000000000001,0.000249999999999972,0.000249999999999972,-0.00350000000000006,-0.00675000000000003,-0.00675000000000003
"ranova","Repeated-measures ANOVA",3,606,0.358333333333333,2000,400,0.007,1,0.014,1,5e-04,1,5e-04,1,0.00349999999999995,0.00700000000000001,0.000249999999999972,0.000249999999999972,-0.00350000000000006,-0.00675000000000003,-0.00675000000000003
"ranova","Repeated-measures ANOVA",3,606,0.4,2000,400,0.007,1,0.014,1,5e-04,1,5e-04,1,0.00349999999999995,0.00700000000000001,0.000249999999999972,0.000249999999999972,-0.00350000000000006,-0.00675000000000003,-0.00675000000000003
"ranova","Repeated-measures ANOVA",3,606,0.441666666666667,2000,400,0.007,1,0.014,1,5e-04,1,0,1,0.00349999999999995,0.00700000000000001,0.000249999999999972,0,-0.00350000000000006,-0.00675000000000003,-0.00700000000000001
"ranova","Repeated-measures ANOVA",3,606,0.483333333333333,2000,400,0.007,1,0.014,1,5e-04,1,0,1,0.00349999999999995,0.00700000000000001,0.000249999999999972,0,-0.00350000000000006,-0.00675000000000003,-0.00700000000000001
"ranova","Repeated-measures ANOVA",3,606,0.525,2000,400,0.007,1,0.014,1,5e-04,1,0,1,0.00349999999999995,0.00700000000000001,0.000249999999999972,0,-0.00350000000000006,-0.00675000000000003,-0.00700000000000001
"ranova","Repeated-measures ANOVA",3,606,0.566666666666667,2000,400,0.007,1,0.014,1,5e-04,1,0,1,0.00349999999999995,0.00700000000000001,0.000249999999999972,0,-0.00350000000000006,-0.00675000000000003,-0.00700000000000001
"ranova","Repeated-measures ANOVA",3,606,0.608333333333333,2000,400,0.007,1,0.014,1,5e-04,1,0,1,0.00349999999999995,0.00700000000000001,0.000249999999999972,0,-0.00350000000000006,-0.00675000000000003,-0.00700000000000001
"ranova","Repeated-measures ANOVA",3,606,0.65,2000,400,0.007,1,0.014,1,5e-04,1,0,1,0.00349999999999995,0.00700000000000001,0.000249999999999972,0,-0.00350000000000006,-0.00675000000000003,-0.00700000000000001
"ranova","Repeated-measures ANOVA",3,606,0.691666666666667,2000,400,0.007,1,0.014,1,5e-04,1,0,1,0.00349999999999995,0.00700000000000001,0.000249999999999972,0,-0.00350000000000006,-0.00675000000000003,-0.00700000000000001
"ranova","Repeated-measures ANOVA",3,606,0.733333333333333,2000,400,0.007,1,0.014,1,5e-04,1,0,1,0.00349999999999995,0.00700000000000001,0.000249999999999972,0,-0.00350000000000006,-0.00675000000000003,-0.00700000000000001
"ranova","Repeated-measures ANOVA",3,606,0.775,2000,400,0.007,1,0.014,1,5e-04,1,0,1,0.00349999999999995,0.00700000000000001,0.000249999999999972,0,-0.00350000000000006,-0.00675000000000003,-0.00700000000000001
"ranova","Repeated-measures ANOVA",3,606,0.816666666666667,2000,400,0.007,1,0.014,1,5e-04,1,0,1,0.00349999999999995,0.00700000000000001,0.000249999999999972,0,-0.00350000000000006,-0.00675000000000003,-0.00700000000000001
"ranova","Repeated-measures ANOVA",3,606,0.858333333333333,2000,400,0.007,1,0.014,1,5e-04,1,0,1,0.00349999999999995,0.00700000000000001,0.000249999999999972,0,-0.00350000000000006,-0.00675000000000003,-0.00700000000000001
"ranova","Repeated-measures ANOVA",3,606,0.9,2000,400,0.007,1,0.014,1,5e-04,1,0,1,0.00349999999999995,0.00700000000000001,0.000249999999999972,0,-0.00350000000000006,-0.00675000000000003,-0.00700000000000001
"ranova","Repeated-measures ANOVA",3,741,0.002,2000,400,0.0025,0.01,0.011,0.0175,0.001,0,0,0,0.49625,0.49675,0.5005,0.5,-5e-04,0.00374999999999998,0.00325000000000003
"ranova","Repeated-measures ANOVA",3,741,0.00258309933002977,2000,400,0.0025,0.0025,0.011,0.0125,0.001,0,0,0,0.5,0.49925,0.5005,0.5,0.000750000000000028,0.00124999999999997,0.000750000000000028
"ranova","Repeated-measures ANOVA",3,741,0.00333620107440012,2000,400,0.0025,0,0.011,0.005,0.001,0,0,0,0.50125,0.503,0.5005,0.5,-0.00175000000000003,-0.00250000000000006,-0.003
"ranova","Repeated-measures ANOVA",3,741,0.00430886938006377,2000,400,0.0025,0.0075,0.011,0.0225,0.001,0,0,0,0.4975,0.49425,0.5005,0.5,0.00325000000000003,0.00624999999999998,0.00575000000000003
"ranova","Repeated-measures ANOVA",3,741,0.00556511880441425,2000,400,0.0025,0.005,0.011,0.01,0.001,0,0,0,0.49875,0.5005,0.5005,0.5,-0.00174999999999997,0,-0.000499999999999945
"ranova","Repeated-measures ANOVA",3,741,0.00718762732760925,2000,400,0.0025,0.015,0.011,0.0325,0.001,0.0025,0,0,0.49375,0.48925,0.49925,0.5,0.0045,0.01,0.01075
"ranova","Repeated-measures ANOVA",3,741,0.00928317766722556,2000,400,0.0025,0.0025,0.011,0.0075,0.001,0,0,0,0.5,0.50175,0.5005,0.5,-0.00174999999999992,-0.00124999999999997,-0.00174999999999992
"ranova","Repeated-measures ANOVA",3,741,0.0119896850063788,2000,400,0.0025,0.015,0.011,0.0275,0.001,0.0025,0,0,0.49375,0.49175,0.49925,0.5,0.002,0.00750000000000001,0.00825000000000004
"ranova","Repeated-measures ANOVA",3,741,0.0154852736536225,2000,400,0.0025,0.0075,0.011,0.015,0.001,0,0.001,0,0.4975,0.498,0.5005,0.5005,-0.000499999999999945,0.0025,0.0025
"ranova","Repeated-measures ANOVA",3,741,0.02,2000,400,0.0025,0.03,0.011,0.06,0.001,0.005,0.003,0.03,0.48625,0.4755,0.498,0.4865,0.01075,0.0225,0.011
"ranova","Repeated-measures ANOVA",3,741,0.025,2000,400,0.0025,0.0225,0.011,0.0575,0.001,0,0.0155,0.0675,0.49,0.47675,0.5005,0.474,0.01325,0.02375,-0.00274999999999992
"ranova","Repeated-measures ANOVA",3,741,0.0666666666666667,2000,400,0.0025,0.585,0.011,0.745,0.001,0.3125,0.035,0.8575,0.20875,0.133,0.34425,0.0887499999999999,0.07575,0.21125,-0.04425
"ranova","Repeated-measures ANOVA",3,741,0.108333333333333,2000,400,0.0025,0.9975,0.011,1,0.001,0.965,0.0125,1,0.00249999999999995,0.00549999999999995,0.018,0.00624999999999998,-0.003,0.0125,0.000750000000000028
"ranova","Repeated-measures ANOVA",3,741,0.15,2000,400,0.0025,1,0.011,1,0.001,1,0.003,1,0.00124999999999997,0.00549999999999995,0.000499999999999945,0.00149999999999995,-0.00424999999999998,-0.005,-0.004
"ranova","Repeated-measures ANOVA",3,741,0.191666666666667,2000,400,0.0025,1,0.011,1,0.001,1,0.0025,1,0.00124999999999997,0.00549999999999995,0.000499999999999945,0.00124999999999997,-0.00424999999999998,-0.005,-0.00424999999999998
"ranova","Repeated-measures ANOVA",3,741,0.233333333333333,2000,400,0.0025,1,0.011,1,0.001,1,0.001,1,0.00124999999999997,0.00549999999999995,0.000499999999999945,0.000499999999999945,-0.00424999999999998,-0.005,-0.005
"ranova","Repeated-measures ANOVA",3,741,0.275,2000,400,0.0025,1,0.011,1,0.001,1,0.001,1,0.00124999999999997,0.00549999999999995,0.000499999999999945,0.000499999999999945,-0.00424999999999998,-0.005,-0.005
"ranova","Repeated-measures ANOVA",3,741,0.316666666666667,2000,400,0.0025,1,0.011,1,0.001,1,0.001,1,0.00124999999999997,0.00549999999999995,0.000499999999999945,0.000499999999999945,-0.00424999999999998,-0.005,-0.005
"ranova","Repeated-measures ANOVA",3,741,0.358333333333333,2000,400,0.0025,1,0.011,1,0.001,1,0,1,0.00124999999999997,0.00549999999999995,0.000499999999999945,0,-0.00424999999999998,-0.005,-0.00549999999999995
"ranova","Repeated-measures ANOVA",3,741,0.4,2000,400,0.0025,1,0.011,1,0.001,1,0,1,0.00124999999999997,0.00549999999999995,0.000499999999999945,0,-0.00424999999999998,-0.005,-0.00549999999999995
"ranova","Repeated-measures ANOVA",3,741,0.441666666666667,2000,400,0.0025,1,0.011,1,0.001,1,0,1,0.00124999999999997,0.00549999999999995,0.000499999999999945,0,-0.00424999999999998,-0.005,-0.00549999999999995
"ranova","Repeated-measures ANOVA",3,741,0.483333333333333,2000,400,0.0025,1,0.011,1,0.001,1,0,1,0.00124999999999997,0.00549999999999995,0.000499999999999945,0,-0.00424999999999998,-0.005,-0.00549999999999995
"ranova","Repeated-measures ANOVA",3,741,0.525,2000,400,0.0025,1,0.011,1,0.001,1,0,1,0.00124999999999997,0.00549999999999995,0.000499999999999945,0,-0.00424999999999998,-0.005,-0.00549999999999995
"ranova","Repeated-measures ANOVA",3,741,0.566666666666667,2000,400,0.0025,1,0.011,1,0.001,1,0,1,0.00124999999999997,0.00549999999999995,0.000499999999999945,0,-0.00424999999999998,-0.005,-0.00549999999999995
"ranova","Repeated-measures ANOVA",3,741,0.608333333333333,2000,400,0.0025,1,0.011,1,0.001,1,0,1,0.00124999999999997,0.00549999999999995,0.000499999999999945,0,-0.00424999999999998,-0.005,-0.00549999999999995
"ranova","Repeated-measures ANOVA",3,741,0.65,2000,400,0.0025,1,0.011,1,0.001,1,0,1,0.00124999999999997,0.00549999999999995,0.000499999999999945,0,-0.00424999999999998,-0.005,-0.00549999999999995
"ranova","Repeated-measures ANOVA",3,741,0.691666666666667,2000,400,0.0025,1,0.011,1,0.001,1,0,1,0.00124999999999997,0.00549999999999995,0.000499999999999945,0,-0.00424999999999998,-0.005,-0.00549999999999995
"ranova","Repeated-measures ANOVA",3,741,0.733333333333333,2000,400,0.0025,1,0.011,1,0.001,1,0,1,0.00124999999999997,0.00549999999999995,0.000499999999999945,0,-0.00424999999999998,-0.005,-0.00549999999999995
"ranova","Repeated-measures ANOVA",3,741,0.775,2000,400,0.0025,1,0.011,1,0.001,1,0,1,0.00124999999999997,0.00549999999999995,0.000499999999999945,0,-0.00424999999999998,-0.005,-0.00549999999999995
"ranova","Repeated-measures ANOVA",3,741,0.816666666666667,2000,400,0.0025,1,0.011,1,0.001,1,0,1,0.00124999999999997,0.00549999999999995,0.000499999999999945,0,-0.00424999999999998,-0.005,-0.00549999999999995
"ranova","Repeated-measures ANOVA",3,741,0.858333333333333,2000,400,0.0025,1,0.011,1,0.001,1,0,1,0.00124999999999997,0.00549999999999995,0.000499999999999945,0,-0.00424999999999998,-0.005,-0.00549999999999995
"ranova","Repeated-measures ANOVA",3,741,0.9,2000,400,0.0025,1,0.011,1,0.001,1,0,1,0.00124999999999997,0.00549999999999995,0.000499999999999945,0,-0.00424999999999998,-0.005,-0.00549999999999995
"ranova","Repeated-measures ANOVA",3,905,0.002,2000,400,0.006,0.01,0.0115,0.0225,0,0,0,0,0.498,0.4945,0.5,0.5,0.00349999999999995,0.00549999999999995,0.00549999999999995
"ranova","Repeated-measures ANOVA",3,905,0.00258309933002977,2000,400,0.006,0.0075,0.0115,0.0175,0,0,0,0,0.49925,0.497,0.5,0.5,0.00224999999999997,0.00299999999999995,0.00299999999999995
"ranova","Repeated-measures ANOVA",3,905,0.00333620107440012,2000,400,0.006,0.0025,0.0115,0.0075,0,0,0,0,0.50175,0.502,0.5,0.5,-0.000249999999999972,-0.002,-0.002
"ranova","Repeated-measures ANOVA",3,905,0.00430886938006377,2000,400,0.006,0.0025,0.0115,0.015,0,0,0,0,0.50175,0.49825,0.5,0.5,0.0035,0.00174999999999997,0.00174999999999997
"ranova","Repeated-measures ANOVA",3,905,0.00556511880441425,2000,400,0.006,0.0175,0.0115,0.025,0,0.005,0,0,0.49425,0.49325,0.4975,0.5,0.001,0.00424999999999998,0.00674999999999998
"ranova","Repeated-measures ANOVA",3,905,0.00718762732760925,2000,400,0.006,0.005,0.0115,0.0275,0,0,0,0,0.5005,0.492,0.5,0.5,0.00850000000000001,0.00799999999999995,0.00799999999999995
"ranova","Repeated-measures ANOVA",3,905,0.00928317766722556,2000,400,0.006,0,0.0115,0.01,0,0,0,0,0.503,0.50075,0.5,0.5,0.00224999999999997,-0.000750000000000028,-0.000750000000000028
"ranova","Repeated-measures ANOVA",3,905,0.0119896850063788,2000,400,0.006,0.005,0.0115,0.0175,0,0,0,0,0.5005,0.497,0.5,0.5,0.0035,0.00299999999999995,0.00299999999999995
"ranova","Repeated-measures ANOVA",3,905,0.0154852736536225,2000,400,0.006,0.015,0.0115,0.0225,0,0.0025,0.0015,0.0075,0.4955,0.4945,0.49875,0.497,0.000999999999999945,0.00424999999999998,0.0025
"ranova","Repeated-measures ANOVA",3,905,0.02,2000,400,0.006,0.03,0.0115,0.0425,0,0.0075,0.0095,0.0425,0.488,0.4845,0.49625,0.4835,0.00349999999999995,0.01175,-0.001
"ranova","Repeated-measures ANOVA",3,905,0.025,2000,400,0.006,0.055,0.0115,0.0875,0,0.0075,0.0265,0.1325,0.4755,0.462,0.49625,0.447,0.0135,0.03425,-0.0150000000000001
"ranova","Repeated-measures ANOVA",3,905,0.0666666666666667,2000,400,0.006,0.725,0.0115,0.805,0,0.465,0.0365,0.8925,0.1405,0.10325,0.2675,0.072,0.03725,0.16425,-0.03125
"ranova","Repeated-measures ANOVA",3,905,0.108333333333333,2000,400,0.006,1,0.0115,1,0,0.99,0.0105,1,0.003,0.00575000000000003,0.005,0.00524999999999998,-0.00275000000000003,-0.000750000000000028,-0.000500000000000056
"ranova","Repeated-measures ANOVA",3,905,0.15,2000,400,0.006,1,0.0115,1,0,1,0.003,1,0.003,0.00575000000000003,0,0.00149999999999995,-0.00275000000000003,-0.00575000000000003,-0.00425000000000009
"ranova","Repeated-measures ANOVA",3,905,0.191666666666667,2000,400,0.006,1,0.0115,1,0,1,0.0015,1,0.003,0.00575000000000003,0,0.000750000000000028,-0.00275000000000003,-0.00575000000000003,-0.005
"ranova","Repeated-measures ANOVA",3,905,0.233333333333333,2000,400,0.006,1,0.0115,1,0,1,0,1,0.003,0.00575000000000003,0,0,-0.00275000000000003,-0.00575000000000003,-0.00575000000000003
"ranova","Repeated-measures ANOVA",3,905,0.275,2000,400,0.006,1,0.0115,1,0,1,0,1,0.003,0.00575000000000003,0,0,-0.00275000000000003,-0.00575000000000003,-0.00575000000000003
"ranova","Repeated-measures ANOVA",3,905,0.316666666666667,2000,400,0.006,1,0.0115,1,0,1,0,1,0.003,0.00575000000000003,0,0,-0.00275000000000003,-0.00575000000000003,-0.00575000000000003
"ranova","Repeated-measures ANOVA",3,905,0.358333333333333,2000,400,0.006,1,0.0115,1,0,1,0,1,0.003,0.00575000000000003,0,0,-0.00275000000000003,-0.00575000000000003,-0.00575000000000003
"ranova","Repeated-measures ANOVA",3,905,0.4,2000,400,0.006,1,0.0115,1,0,1,0,1,0.003,0.00575000000000003,0,0,-0.00275000000000003,-0.00575000000000003,-0.00575000000000003
"ranova","Repeated-measures ANOVA",3,905,0.441666666666667,2000,400,0.006,1,0.0115,1,0,1,0,1,0.003,0.00575000000000003,0,0,-0.00275000000000003,-0.00575000000000003,-0.00575000000000003
"ranova","Repeated-measures ANOVA",3,905,0.483333333333333,2000,400,0.006,1,0.0115,1,0,1,0,1,0.003,0.00575000000000003,0,0,-0.00275000000000003,-0.00575000000000003,-0.00575000000000003
"ranova","Repeated-measures ANOVA",3,905,0.525,2000,400,0.006,1,0.0115,1,0,1,0,1,0.003,0.00575000000000003,0,0,-0.00275000000000003,-0.00575000000000003,-0.00575000000000003
"ranova","Repeated-measures ANOVA",3,905,0.566666666666667,2000,400,0.006,1,0.0115,1,0,1,0,1,0.003,0.00575000000000003,0,0,-0.00275000000000003,-0.00575000000000003,-0.00575000000000003
"ranova","Repeated-measures ANOVA",3,905,0.608333333333333,2000,400,0.006,1,0.0115,1,0,1,0,1,0.003,0.00575000000000003,0,0,-0.00275000000000003,-0.00575000000000003,-0.00575000000000003
"ranova","Repeated-measures ANOVA",3,905,0.65,2000,400,0.006,1,0.0115,1,0,1,0,1,0.003,0.00575000000000003,0,0,-0.00275000000000003,-0.00575000000000003,-0.00575000000000003
"ranova","Repeated-measures ANOVA",3,905,0.691666666666667,2000,400,0.006,1,0.0115,1,0,1,0,1,0.003,0.00575000000000003,0,0,-0.00275000000000003,-0.00575000000000003,-0.00575000000000003
"ranova","Repeated-measures ANOVA",3,905,0.733333333333333,2000,400,0.006,1,0.0115,1,0,1,0,1,0.003,0.00575000000000003,0,0,-0.00275000000000003,-0.00575000000000003,-0.00575000000000003
"ranova","Repeated-measures ANOVA",3,905,0.775,2000,400,0.006,1,0.0115,1,0,1,0,1,0.003,0.00575000000000003,0,0,-0.00275000000000003,-0.00575000000000003,-0.00575000000000003
"ranova","Repeated-measures ANOVA",3,905,0.816666666666667,2000,400,0.006,1,0.0115,1,0,1,0,1,0.003,0.00575000000000003,0,0,-0.00275000000000003,-0.00575000000000003,-0.00575000000000003
"ranova","Repeated-measures ANOVA",3,905,0.858333333333333,2000,400,0.006,1,0.0115,1,0,1,0,1,0.003,0.00575000000000003,0,0,-0.00275000000000003,-0.00575000000000003,-0.00575000000000003
"ranova","Repeated-measures ANOVA",3,905,0.9,2000,400,0.006,1,0.0115,1,0,1,0,1,0.003,0.00575000000000003,0,0,-0.00275000000000003,-0.00575000000000003,-0.00575000000000003
"ranova","Repeated-measures ANOVA",3,1105,0.002,2000,400,0.006,0.0125,0.0115,0.0175,5e-04,0,0,0,0.49675,0.497,0.50025,0.5,-0.000250000000000028,0.00324999999999992,0.00299999999999995
"ranova","Repeated-measures ANOVA",3,1105,0.00258309933002977,2000,400,0.006,0.005,0.0115,0.0125,5e-04,0,0,0,0.5005,0.4995,0.50025,0.5,0.001,0.000749999999999917,0.000499999999999945
"ranova","Repeated-measures ANOVA",3,1105,0.00333620107440012,2000,400,0.006,0.0025,0.0115,0.0075,5e-04,0.0025,0,0,0.50175,0.502,0.499,0.5,-0.000249999999999972,-0.003,-0.002
"ranova","Repeated-measures ANOVA",3,1105,0.00430886938006377,2000,400,0.006,0.0125,0.0115,0.015,5e-04,0.0025,0,0,0.49675,0.49825,0.499,0.5,-0.0015,0.000749999999999973,0.00174999999999997
"ranova","Repeated-measures ANOVA",3,1105,0.00556511880441425,2000,400,0.006,0.005,0.0115,0.01,5e-04,0,0,0,0.5005,0.50075,0.50025,0.5,-0.000249999999999972,-0.000500000000000056,-0.000750000000000028
"ranova","Repeated-measures ANOVA",3,1105,0.00718762732760925,2000,400,0.006,0.0075,0.0115,0.025,5e-04,0.0025,0,0,0.49925,0.49325,0.499,0.5,0.006,0.00574999999999998,0.00674999999999998
"ranova","Repeated-measures ANOVA",3,1105,0.00928317766722556,2000,400,0.006,0.005,0.0115,0.0125,5e-04,0.0025,0,0,0.5005,0.4995,0.499,0.5,0.001,-0.000500000000000056,0.000499999999999945
"ranova","Repeated-measures ANOVA",3,1105,0.0119896850063788,2000,400,0.006,0.0175,0.0115,0.025,5e-04,0.0025,0.001,0.0025,0.49425,0.49325,0.499,0.49925,0.001,0.00574999999999998,0.00599999999999995
"ranova","Repeated-measures ANOVA",3,1105,0.0154852736536225,2000,400,0.006,0.0225,0.0115,0.04,5e-04,0.0025,0.005,0.0225,0.49175,0.48575,0.499,0.49125,0.006,0.01325,0.00549999999999995
"ranova","Repeated-measures ANOVA",3,1105,0.02,2000,400,0.006,0.05,0.0115,0.0875,5e-04,0.0075,0.017,0.0975,0.478,0.462,0.4965,0.45975,0.016,0.0345,-0.00225000000000009
"ranova","Repeated-measures ANOVA",3,1105,0.025,2000,400,0.006,0.075,0.0115,0.1175,5e-04,0.0075,0.032,0.2,0.4655,0.447,0.4965,0.416,0.0185,0.0494999999999999,-0.031
"ranova","Repeated-measures ANOVA",3,1105,0.0666666666666667,2000,400,0.006,0.88,0.0115,0.925,5e-04,0.555,0.03,0.965,0.063,0.04325,0.22275,0.0325,0.01975,0.1795,-0.01075
"ranova","Repeated-measures ANOVA",3,1105,0.108333333333333,2000,400,0.006,1,0.0115,1,5e-04,0.9975,0.0095,1,0.003,0.00575000000000003,0.00149999999999995,0.00475000000000003,-0.00275000000000003,-0.00425000000000009,-0.001
"ranova","Repeated-measures ANOVA",3,1105,0.15,2000,400,0.006,1,0.0115,1,5e-04,1,0.003,1,0.003,0.00575000000000003,0.000249999999999972,0.00149999999999995,-0.00275000000000003,-0.00550000000000006,-0.00425000000000009
"ranova","Repeated-measures ANOVA",3,1105,0.191666666666667,2000,400,0.006,1,0.0115,1,5e-04,1,0.0015,1,0.003,0.00575000000000003,0.000249999999999972,0.000750000000000028,-0.00275000000000003,-0.00550000000000006,-0.005
"ranova","Repeated-measures ANOVA",3,1105,0.233333333333333,2000,400,0.006,1,0.0115,1,5e-04,1,0.0015,1,0.003,0.00575000000000003,0.000249999999999972,0.000750000000000028,-0.00275000000000003,-0.00550000000000006,-0.005
"ranova","Repeated-measures ANOVA",3,1105,0.275,2000,400,0.006,1,0.0115,1,5e-04,1,0.001,1,0.003,0.00575000000000003,0.000249999999999972,0.000499999999999945,-0.00275000000000003,-0.00550000000000006,-0.00525000000000009
"ranova","Repeated-measures ANOVA",3,1105,0.316666666666667,2000,400,0.006,1,0.0115,1,5e-04,1,5e-04,1,0.003,0.00575000000000003,0.000249999999999972,0.000249999999999972,-0.00275000000000003,-0.00550000000000006,-0.00550000000000006
"ranova","Repeated-measures ANOVA",3,1105,0.358333333333333,2000,400,0.006,1,0.0115,1,5e-04,1,5e-04,1,0.003,0.00575000000000003,0.000249999999999972,0.000249999999999972,-0.00275000000000003,-0.00550000000000006,-0.00550000000000006
"ranova","Repeated-measures ANOVA",3,1105,0.4,2000,400,0.006,1,0.0115,1,5e-04,1,5e-04,1,0.003,0.00575000000000003,0.000249999999999972,0.000249999999999972,-0.00275000000000003,-0.00550000000000006,-0.00550000000000006
"ranova","Repeated-measures ANOVA",3,1105,0.441666666666667,2000,400,0.006,1,0.0115,1,5e-04,1,5e-04,1,0.003,0.00575000000000003,0.000249999999999972,0.000249999999999972,-0.00275000000000003,-0.00550000000000006,-0.00550000000000006
"ranova","Repeated-measures ANOVA",3,1105,0.483333333333333,2000,400,0.006,1,0.0115,1,5e-04,1,0,1,0.003,0.00575000000000003,0.000249999999999972,0,-0.00275000000000003,-0.00550000000000006,-0.00575000000000003
"ranova","Repeated-measures ANOVA",3,1105,0.525,2000,400,0.006,1,0.0115,1,5e-04,1,0,1,0.003,0.00575000000000003,0.000249999999999972,0,-0.00275000000000003,-0.00550000000000006,-0.00575000000000003
"ranova","Repeated-measures ANOVA",3,1105,0.566666666666667,2000,400,0.006,1,0.0115,1,5e-04,1,0,1,0.003,0.00575000000000003,0.000249999999999972,0,-0.00275000000000003,-0.00550000000000006,-0.00575000000000003
"ranova","Repeated-measures ANOVA",3,1105,0.608333333333333,2000,400,0.006,1,0.0115,1,5e-04,1,0,1,0.003,0.00575000000000003,0.000249999999999972,0,-0.00275000000000003,-0.00550000000000006,-0.00575000000000003
"ranova","Repeated-measures ANOVA",3,1105,0.65,2000,400,0.006,1,0.0115,1,5e-04,1,0,1,0.003,0.00575000000000003,0.000249999999999972,0,-0.00275000000000003,-0.00550000000000006,-0.00575000000000003
"ranova","Repeated-measures ANOVA",3,1105,0.691666666666667,2000,400,0.006,1,0.0115,1,5e-04,1,0,1,0.003,0.00575000000000003,0.000249999999999972,0,-0.00275000000000003,-0.00550000000000006,-0.00575000000000003
"ranova","Repeated-measures ANOVA",3,1105,0.733333333333333,2000,400,0.006,1,0.0115,1,5e-04,1,0,1,0.003,0.00575000000000003,0.000249999999999972,0,-0.00275000000000003,-0.00550000000000006,-0.00575000000000003
"ranova","Repeated-measures ANOVA",3,1105,0.775,2000,400,0.006,1,0.0115,1,5e-04,1,0,1,0.003,0.00575000000000003,0.000249999999999972,0,-0.00275000000000003,-0.00550000000000006,-0.00575000000000003
"ranova","Repeated-measures ANOVA",3,1105,0.816666666666667,2000,400,0.006,1,0.0115,1,5e-04,1,0,1,0.003,0.00575000000000003,0.000249999999999972,0,-0.00275000000000003,-0.00550000000000006,-0.00575000000000003
"ranova","Repeated-measures ANOVA",3,1105,0.858333333333333,2000,400,0.006,1,0.0115,1,5e-04,1,0,1,0.003,0.00575000000000003,0.000249999999999972,0,-0.00275000000000003,-0.00550000000000006,-0.00575000000000003
"ranova","Repeated-measures ANOVA",3,1105,0.9,2000,400,0.006,1,0.0115,1,5e-04,1,0,1,0.003,0.00575000000000003,0.000249999999999972,0,-0.00275000000000003,-0.00550000000000006,-0.00575000000000003
"ranova","Repeated-measures ANOVA",3,1350,0.002,2000,400,0.004,0,0.0115,0.005,5e-04,0,0,0,0.502,0.50325,0.50025,0.5,-0.00125000000000008,-0.00300000000000011,-0.00325000000000009
"ranova","Repeated-measures ANOVA",3,1350,0.00258309933002977,2000,400,0.004,0.005,0.0115,0.0125,5e-04,0,0,0,0.4995,0.4995,0.50025,0.5,-5.55111512312578e-17,0.000749999999999917,0.000499999999999945
"ranova","Repeated-measures ANOVA",3,1350,0.00333620107440012,2000,400,0.004,0.0025,0.0115,0.0075,5e-04,0,0,0,0.50075,0.502,0.50025,0.5,-0.00124999999999997,-0.00175000000000003,-0.002
"ranova","Repeated-measures ANOVA",3,1350,0.00430886938006377,2000,400,0.004,0,0.0115,0.01,5e-04,0,0,0,0.502,0.50075,0.50025,0.5,0.00124999999999997,-0.000500000000000056,-0.000750000000000028
"ranova","Repeated-measures ANOVA",3,1350,0.00556511880441425,2000,400,0.004,0.015,0.0115,0.0175,5e-04,0,0,0,0.4945,0.497,0.50025,0.5,-0.00250000000000006,0.00324999999999992,0.00299999999999995
"ranova","Repeated-measures ANOVA",3,1350,0.00718762732760925,2000,400,0.004,0.005,0.0115,0.015,5e-04,0.0025,0,0,0.4995,0.49825,0.499,0.5,0.00124999999999997,0.000749999999999973,0.00174999999999997
"ranova","Repeated-measures ANOVA",3,1350,0.00928317766722556,2000,400,0.004,0.005,0.0115,0.015,5e-04,0,0,0,0.4995,0.49825,0.50025,0.5,0.00124999999999997,0.00199999999999995,0.00174999999999997
"ranova","Repeated-measures ANOVA",3,1350,0.0119896850063788,2000,400,0.004,0.01,0.0115,0.0225,5e-04,0,0.002,0.005,0.497,0.4945,0.50025,0.4985,0.00249999999999995,0.00574999999999992,0.00399999999999995
"ranova","Repeated-measures ANOVA",3,1350,0.0154852736536225,2000,400,0.004,0.0225,0.0115,0.0425,5e-04,0.0025,0.009,0.0325,0.49075,0.4845,0.499,0.48825,0.00624999999999998,0.0145,0.00374999999999992
"ranova","Repeated-measures ANOVA",3,1350,0.02,2000,400,0.004,0.0775,0.0115,0.1025,5e-04,0.0075,0.0245,0.15,0.46325,0.4545,0.4965,0.43725,0.00874999999999998,0.042,-0.01725
"ranova","Repeated-measures ANOVA",3,1350,0.025,2000,400,0.004,0.0825,0.0115,0.16,5e-04,0.0075,0.0365,0.3025,0.46075,0.42575,0.4965,0.367,0.035,0.07075,-0.05875
"ranova","Repeated-measures ANOVA",3,1350,0.0666666666666667,2000,400,0.004,0.9625,0.0115,0.9825,5e-04,0.745,0.024,0.985,0.02075,0.0145,0.12775,0.0195,0.00624999999999998,0.11325,0.005
"ranova","Repeated-measures ANOVA",3,1350,0.108333333333333,2000,400,0.004,1,0.0115,1,5e-04,1,0.006,1,0.002,0.00575000000000003,0.000249999999999972,0.003,-0.00375000000000003,-0.00550000000000006,-0.00275000000000003
"ranova","Repeated-measures ANOVA",3,1350,0.15,2000,400,0.004,1,0.0115,1,5e-04,1,0.002,1,0.002,0.00575000000000003,0.000249999999999972,0.001,-0.00375000000000003,-0.00550000000000006,-0.00475000000000003
"ranova","Repeated-measures ANOVA",3,1350,0.191666666666667,2000,400,0.004,1,0.0115,1,5e-04,1,0.001,1,0.002,0.00575000000000003,0.000249999999999972,0.000499999999999945,-0.00375000000000003,-0.00550000000000006,-0.00525000000000009
"ranova","Repeated-measures ANOVA",3,1350,0.233333333333333,2000,400,0.004,1,0.0115,1,5e-04,1,0.001,1,0.002,0.00575000000000003,0.000249999999999972,0.000499999999999945,-0.00375000000000003,-0.00550000000000006,-0.00525000000000009
"ranova","Repeated-measures ANOVA",3,1350,0.275,2000,400,0.004,1,0.0115,1,5e-04,1,5e-04,1,0.002,0.00575000000000003,0.000249999999999972,0.000249999999999972,-0.00375000000000003,-0.00550000000000006,-0.00550000000000006
"ranova","Repeated-measures ANOVA",3,1350,0.316666666666667,2000,400,0.004,1,0.0115,1,5e-04,1,5e-04,1,0.002,0.00575000000000003,0.000249999999999972,0.000249999999999972,-0.00375000000000003,-0.00550000000000006,-0.00550000000000006
"ranova","Repeated-measures ANOVA",3,1350,0.358333333333333,2000,400,0.004,1,0.0115,1,5e-04,1,5e-04,1,0.002,0.00575000000000003,0.000249999999999972,0.000249999999999972,-0.00375000000000003,-0.00550000000000006,-0.00550000000000006
"ranova","Repeated-measures ANOVA",3,1350,0.4,2000,400,0.004,1,0.0115,1,5e-04,1,0,1,0.002,0.00575000000000003,0.000249999999999972,0,-0.00375000000000003,-0.00550000000000006,-0.00575000000000003
"ranova","Repeated-measures ANOVA",3,1350,0.441666666666667,2000,400,0.004,1,0.0115,1,5e-04,1,0,1,0.002,0.00575000000000003,0.000249999999999972,0,-0.00375000000000003,-0.00550000000000006,-0.00575000000000003
"ranova","Repeated-measures ANOVA",3,1350,0.483333333333333,2000,400,0.004,1,0.0115,1,5e-04,1,0,1,0.002,0.00575000000000003,0.000249999999999972,0,-0.00375000000000003,-0.00550000000000006,-0.00575000000000003
"ranova","Repeated-measures ANOVA",3,1350,0.525,2000,400,0.004,1,0.0115,1,5e-04,1,0,1,0.002,0.00575000000000003,0.000249999999999972,0,-0.00375000000000003,-0.00550000000000006,-0.00575000000000003
"ranova","Repeated-measures ANOVA",3,1350,0.566666666666667,2000,400,0.004,1,0.0115,1,5e-04,1,0,1,0.002,0.00575000000000003,0.000249999999999972,0,-0.00375000000000003,-0.00550000000000006,-0.00575000000000003
"ranova","Repeated-measures ANOVA",3,1350,0.608333333333333,2000,400,0.004,1,0.0115,1,5e-04,1,0,1,0.002,0.00575000000000003,0.000249999999999972,0,-0.00375000000000003,-0.00550000000000006,-0.00575000000000003
"ranova","Repeated-measures ANOVA",3,1350,0.65,2000,400,0.004,1,0.0115,1,5e-04,1,0,1,0.002,0.00575000000000003,0.000249999999999972,0,-0.00375000000000003,-0.00550000000000006,-0.00575000000000003
"ranova","Repeated-measures ANOVA",3,1350,0.691666666666667,2000,400,0.004,1,0.0115,1,5e-04,1,0,1,0.002,0.00575000000000003,0.000249999999999972,0,-0.00375000000000003,-0.00550000000000006,-0.00575000000000003
"ranova","Repeated-measures ANOVA",3,1350,0.733333333333333,2000,400,0.004,1,0.0115,1,5e-04,1,0,1,0.002,0.00575000000000003,0.000249999999999972,0,-0.00375000000000003,-0.00550000000000006,-0.00575000000000003
"ranova","Repeated-measures ANOVA",3,1350,0.775,2000,400,0.004,1,0.0115,1,5e-04,1,0,1,0.002,0.00575000000000003,0.000249999999999972,0,-0.00375000000000003,-0.00550000000000006,-0.00575000000000003
"ranova","Repeated-measures ANOVA",3,1350,0.816666666666667,2000,400,0.004,1,0.0115,1,5e-04,1,0,1,0.002,0.00575000000000003,0.000249999999999972,0,-0.00375000000000003,-0.00550000000000006,-0.00575000000000003
"ranova","Repeated-measures ANOVA",3,1350,0.858333333333333,2000,400,0.004,1,0.0115,1,5e-04,1,0,1,0.002,0.00575000000000003,0.000249999999999972,0,-0.00375000000000003,-0.00550000000000006,-0.00575000000000003
"ranova","Repeated-measures ANOVA",3,1350,0.9,2000,400,0.004,1,0.0115,1,5e-04,1,0,1,0.002,0.00575000000000003,0.000249999999999972,0,-0.00375000000000003,-0.00550000000000006,-0.00575000000000003
"ranova","Repeated-measures ANOVA",3,1650,0.002,2000,400,0.006,0.01,0.01,0.0125,0,0,0,0,0.498,0.49875,0.5,0.5,-0.000750000000000028,0.00124999999999997,0.00124999999999997
"ranova","Repeated-measures ANOVA",3,1650,0.00258309933002977,2000,400,0.006,0.005,0.01,0.0125,0,0,0,0,0.5005,0.49875,0.5,0.5,0.00175000000000003,0.00124999999999997,0.00124999999999997
"ranova","Repeated-measures ANOVA",3,1650,0.00333620107440012,2000,400,0.006,0.005,0.01,0.0125,0,0,0,0,0.5005,0.49875,0.5,0.5,0.00175000000000003,0.00124999999999997,0.00124999999999997
"ranova","Repeated-measures ANOVA",3,1650,0.00430886938006377,2000,400,0.006,0.0025,0.01,0.02,0,0,0,0,0.50175,0.495,0.5,0.5,0.00675000000000003,0.005,0.005
"ranova","Repeated-measures ANOVA",3,1650,0.00556511880441425,2000,400,0.006,0.0075,0.01,0.0125,0,0,0,0,0.49925,0.49875,0.5,0.5,5e-04,0.00124999999999997,0.00124999999999997
"ranova","Repeated-measures ANOVA",3,1650,0.00718762732760925,2000,400,0.006,0.0125,0.01,0.0175,0,0,0,0,0.49675,0.49625,0.5,0.5,5e-04,0.00374999999999998,0.00374999999999998
"ranova","Repeated-measures ANOVA",3,1650,0.00928317766722556,2000,400,0.006,0.0225,0.01,0.0275,0,0,0,0.0025,0.49175,0.49125,0.5,0.49875,5e-04,0.00874999999999998,0.00750000000000001
"ranova","Repeated-measures ANOVA",3,1650,0.0119896850063788,2000,400,0.006,0.015,0.01,0.0225,0,0.0025,0.0025,0.01,0.4955,0.49375,0.49875,0.49625,0.00174999999999997,0.005,0.00249999999999995
"ranova","Repeated-measures ANOVA",3,1650,0.0154852736536225,2000,400,0.006,0.035,0.01,0.06,0,0.0025,0.0135,0.065,0.4855,0.475,0.49875,0.47425,0.0105,0.02375,-0.000749999999999917
"ranova","Repeated-measures ANOVA",3,1650,0.02,2000,400,0.006,0.05,0.01,0.085,0,0.0025,0.031,0.21,0.478,0.4625,0.49875,0.4105,0.0155,0.03625,-0.052
"ranova","Repeated-measures ANOVA",3,1650,0.025,2000,400,0.006,0.11,0.01,0.1625,0,0.01,0.0415,0.3475,0.448,0.42375,0.495,0.347,0.02425,0.07125,-0.0767499999999999
"ranova","Repeated-measures ANOVA",3,1650,0.0666666666666667,2000,400,0.006,0.98,0.01,0.9875,0,0.84,0.02,0.9975,0.013,0.01125,0.08,0.01125,0.00175000000000003,0.06875,0
"ranova","Repeated-measures ANOVA",3,1650,0.108333333333333,2000,400,0.006,1,0.01,1,0,1,0.006,1,0.003,0.005,0,0.003,-0.002,-0.005,-0.002
"ranova","Repeated-measures ANOVA",3,1650,0.15,2000,400,0.006,1,0.01,1,0,1,0.002,1,0.003,0.005,0,0.001,-0.002,-0.005,-0.004
"ranova","Repeated-measures ANOVA",3,1650,0.191666666666667,2000,400,0.006,1,0.01,1,0,1,0.001,1,0.003,0.005,0,0.000499999999999945,-0.002,-0.005,-0.00450000000000006
"ranova","Repeated-measures ANOVA",3,1650,0.233333333333333,2000,400,0.006,1,0.01,1,0,1,5e-04,1,0.003,0.005,0,0.000249999999999972,-0.002,-0.005,-0.00475000000000003
"ranova","Repeated-measures ANOVA",3,1650,0.275,2000,400,0.006,1,0.01,1,0,1,0,1,0.003,0.005,0,0,-0.002,-0.005,-0.005
"ranova","Repeated-measures ANOVA",3,1650,0.316666666666667,2000,400,0.006,1,0.01,1,0,1,0,1,0.003,0.005,0,0,-0.002,-0.005,-0.005
"ranova","Repeated-measures ANOVA",3,1650,0.358333333333333,2000,400,0.006,1,0.01,1,0,1,0,1,0.003,0.005,0,0,-0.002,-0.005,-0.005
"ranova","Repeated-measures ANOVA",3,1650,0.4,2000,400,0.006,1,0.01,1,0,1,0,1,0.003,0.005,0,0,-0.002,-0.005,-0.005
"ranova","Repeated-measures ANOVA",3,1650,0.441666666666667,2000,400,0.006,1,0.01,1,0,1,0,1,0.003,0.005,0,0,-0.002,-0.005,-0.005
"ranova","Repeated-measures ANOVA",3,1650,0.483333333333333,2000,400,0.006,1,0.01,1,0,1,0,1,0.003,0.005,0,0,-0.002,-0.005,-0.005
"ranova","Repeated-measures ANOVA",3,1650,0.525,2000,400,0.006,1,0.01,1,0,1,0,1,0.003,0.005,0,0,-0.002,-0.005,-0.005
"ranova","Repeated-measures ANOVA",3,1650,0.566666666666667,2000,400,0.006,1,0.01,1,0,1,0,1,0.003,0.005,0,0,-0.002,-0.005,-0.005
"ranova","Repeated-measures ANOVA",3,1650,0.608333333333333,2000,400,0.006,1,0.01,1,0,1,0,1,0.003,0.005,0,0,-0.002,-0.005,-0.005
"ranova","Repeated-measures ANOVA",3,1650,0.65,2000,400,0.006,1,0.01,1,0,1,0,1,0.003,0.005,0,0,-0.002,-0.005,-0.005
"ranova","Repeated-measures ANOVA",3,1650,0.691666666666667,2000,400,0.006,1,0.01,1,0,1,0,1,0.003,0.005,0,0,-0.002,-0.005,-0.005
"ranova","Repeated-measures ANOVA",3,1650,0.733333333333333,2000,400,0.006,1,0.01,1,0,1,0,1,0.003,0.005,0,0,-0.002,-0.005,-0.005
"ranova","Repeated-measures ANOVA",3,1650,0.775,2000,400,0.006,1,0.01,1,0,1,0,1,0.003,0.005,0,0,-0.002,-0.005,-0.005
"ranova","Repeated-measures ANOVA",3,1650,0.816666666666667,2000,400,0.006,1,0.01,1,0,1,0,1,0.003,0.005,0,0,-0.002,-0.005,-0.005
"ranova","Repeated-measures ANOVA",3,1650,0.858333333333333,2000,400,0.006,1,0.01,1,0,1,0,1,0.003,0.005,0,0,-0.002,-0.005,-0.005
"ranova","Repeated-measures ANOVA",3,1650,0.9,2000,400,0.006,1,0.01,1,0,1,0,1,0.003,0.005,0,0,-0.002,-0.005,-0.005
"ranova","Repeated-measures ANOVA",3,2015,0.002,2000,400,0.004,0.0125,0.0075,0.015,0,0,0,0,0.49575,0.49625,0.5,0.5,-5e-04,0.00374999999999998,0.00374999999999998
"ranova","Repeated-measures ANOVA",3,2015,0.00258309933002977,2000,400,0.004,0.0125,0.0075,0.0175,0,0,0,0,0.49575,0.495,0.5,0.5,0.000749999999999973,0.00499999999999995,0.00499999999999995
"ranova","Repeated-measures ANOVA",3,2015,0.00333620107440012,2000,400,0.004,0,0.0075,0.005,0,0,0,0,0.502,0.50125,0.5,0.5,0.000749999999999917,-0.00125000000000008,-0.00125000000000008
"ranova","Repeated-measures ANOVA",3,2015,0.00430886938006377,2000,400,0.004,0.005,0.0075,0.0125,0,0,0,0,0.4995,0.4975,0.5,0.5,0.00199999999999995,0.00249999999999995,0.00249999999999995
"ranova","Repeated-measures ANOVA",3,2015,0.00556511880441425,2000,400,0.004,0.025,0.0075,0.0325,0,0,0,0,0.4895,0.4875,0.5,0.5,0.00199999999999995,0.0125,0.0125
"ranova","Repeated-measures ANOVA",3,2015,0.00718762732760925,2000,400,0.004,0.0125,0.0075,0.02,0,0,0,0,0.49575,0.49375,0.5,0.5,0.002,0.00624999999999998,0.00624999999999998
"ranova","Repeated-measures ANOVA",3,2015,0.00928317766722556,2000,400,0.004,0.01,0.0075,0.0225,0,0.0025,0,0.0075,0.497,0.4925,0.49875,0.49625,0.00449999999999995,0.00624999999999998,0.00374999999999998
"ranova","Repeated-measures ANOVA",3,2015,0.0119896850063788,2000,400,0.004,0.025,0.0075,0.05,0,0.0025,0.004,0.0275,0.4895,0.47875,0.49875,0.48825,0.01075,0.02,0.00950000000000001
"ranova","Repeated-measures ANOVA",3,2015,0.0154852736536225,2000,400,0.004,0.0325,0.0075,0.0575,0,0.0025,0.017,0.0825,0.48575,0.475,0.49875,0.46725,0.01075,0.02375,-0.00775000000000009
"ranova","Repeated-measures ANOVA",3,2015,0.02,2000,400,0.004,0.0675,0.0075,0.1175,0,0.0025,0.0305,0.235,0.46825,0.445,0.49875,0.39775,0.0232499999999999,0.05375,-0.0472500000000001
"ranova","Repeated-measures ANOVA",3,2015,0.025,2000,400,0.004,0.1525,0.0075,0.205,0,0.02,0.0365,0.4425,0.42575,0.40125,0.49,0.297,0.0245,0.0887499999999999,-0.10425
"ranova","Repeated-measures ANOVA",3,2015,0.0666666666666667,2000,400,0.004,0.9925,0.0075,0.9975,0,0.9375,0.0135,1,0.00574999999999998,0.005,0.03125,0.00675000000000003,0.000749999999999973,0.02625,0.00175000000000003
"ranova","Repeated-measures ANOVA",3,2015,0.108333333333333,2000,400,0.004,1,0.0075,1,0,1,0.004,1,0.002,0.00375000000000003,0,0.002,-0.00175000000000003,-0.00375000000000003,-0.00175000000000003
"ranova","Repeated-measures ANOVA",3,2015,0.15,2000,400,0.004,1,0.0075,1,0,1,5e-04,1,0.002,0.00375000000000003,0,0.000249999999999972,-0.00175000000000003,-0.00375000000000003,-0.00350000000000006
"ranova","Repeated-measures ANOVA",3,2015,0.191666666666667,2000,400,0.004,1,0.0075,1,0,1,0,1,0.002,0.00375000000000003,0,0,-0.00175000000000003,-0.00375000000000003,-0.00375000000000003
"ranova","Repeated-measures ANOVA",3,2015,0.233333333333333,2000,400,0.004,1,0.0075,1,0,1,0,1,0.002,0.00375000000000003,0,0,-0.00175000000000003,-0.00375000000000003,-0.00375000000000003
"ranova","Repeated-measures ANOVA",3,2015,0.275,2000,400,0.004,1,0.0075,1,0,1,0,1,0.002,0.00375000000000003,0,0,-0.00175000000000003,-0.00375000000000003,-0.00375000000000003
"ranova","Repeated-measures ANOVA",3,2015,0.316666666666667,2000,400,0.004,1,0.0075,1,0,1,0,1,0.002,0.00375000000000003,0,0,-0.00175000000000003,-0.00375000000000003,-0.00375000000000003
"ranova","Repeated-measures ANOVA",3,2015,0.358333333333333,2000,400,0.004,1,0.0075,1,0,1,0,1,0.002,0.00375000000000003,0,0,-0.00175000000000003,-0.00375000000000003,-0.00375000000000003
"ranova","Repeated-measures ANOVA",3,2015,0.4,2000,400,0.004,1,0.0075,1,0,1,0,1,0.002,0.00375000000000003,0,0,-0.00175000000000003,-0.00375000000000003,-0.00375000000000003
"ranova","Repeated-measures ANOVA",3,2015,0.441666666666667,2000,400,0.004,1,0.0075,1,0,1,0,1,0.002,0.00375000000000003,0,0,-0.00175000000000003,-0.00375000000000003,-0.00375000000000003
"ranova","Repeated-measures ANOVA",3,2015,0.483333333333333,2000,400,0.004,1,0.0075,1,0,1,0,1,0.002,0.00375000000000003,0,0,-0.00175000000000003,-0.00375000000000003,-0.00375000000000003
"ranova","Repeated-measures ANOVA",3,2015,0.525,2000,400,0.004,1,0.0075,1,0,1,0,1,0.002,0.00375000000000003,0,0,-0.00175000000000003,-0.00375000000000003,-0.00375000000000003
"ranova","Repeated-measures ANOVA",3,2015,0.566666666666667,2000,400,0.004,1,0.0075,1,0,1,0,1,0.002,0.00375000000000003,0,0,-0.00175000000000003,-0.00375000000000003,-0.00375000000000003
"ranova","Repeated-measures ANOVA",3,2015,0.608333333333333,2000,400,0.004,1,0.0075,1,0,1,0,1,0.002,0.00375000000000003,0,0,-0.00175000000000003,-0.00375000000000003,-0.00375000000000003
"ranova","Repeated-measures ANOVA",3,2015,0.65,2000,400,0.004,1,0.0075,1,0,1,0,1,0.002,0.00375000000000003,0,0,-0.00175000000000003,-0.00375000000000003,-0.00375000000000003
"ranova","Repeated-measures ANOVA",3,2015,0.691666666666667,2000,400,0.004,1,0.0075,1,0,1,0,1,0.002,0.00375000000000003,0,0,-0.00175000000000003,-0.00375000000000003,-0.00375000000000003
"ranova","Repeated-measures ANOVA",3,2015,0.733333333333333,2000,400,0.004,1,0.0075,1,0,1,0,1,0.002,0.00375000000000003,0,0,-0.00175000000000003,-0.00375000000000003,-0.00375000000000003
"ranova","Repeated-measures ANOVA",3,2015,0.775,2000,400,0.004,1,0.0075,1,0,1,0,1,0.002,0.00375000000000003,0,0,-0.00175000000000003,-0.00375000000000003,-0.00375000000000003
"ranova","Repeated-measures ANOVA",3,2015,0.816666666666667,2000,400,0.004,1,0.0075,1,0,1,0,1,0.002,0.00375000000000003,0,0,-0.00175000000000003,-0.00375000000000003,-0.00375000000000003
"ranova","Repeated-measures ANOVA",3,2015,0.858333333333333,2000,400,0.004,1,0.0075,1,0,1,0,1,0.002,0.00375000000000003,0,0,-0.00175000000000003,-0.00375000000000003,-0.00375000000000003
"ranova","Repeated-measures ANOVA",3,2015,0.9,2000,400,0.004,1,0.0075,1,0,1,0,1,0.002,0.00375000000000003,0,0,-0.00175000000000003,-0.00375000000000003,-0.00375000000000003
"ranova","Repeated-measures ANOVA",3,2462,0.002,2000,400,0.005,0.0125,0.008,0.0125,5e-04,0,0,0,0.49625,0.49775,0.50025,0.5,-0.00150000000000006,0.00249999999999995,0.00224999999999997
"ranova","Repeated-measures ANOVA",3,2462,0.00258309933002977,2000,400,0.005,0.005,0.008,0.005,5e-04,0,0,0,0.5,0.5015,0.50025,0.5,-0.00150000000000011,-0.00125000000000008,-0.00150000000000006
"ranova","Repeated-measures ANOVA",3,2462,0.00333620107440012,2000,400,0.005,0.01,0.008,0.0175,5e-04,0,0,0,0.4975,0.49525,0.50025,0.5,0.00224999999999992,0.00499999999999995,0.00474999999999998
"ranova","Repeated-measures ANOVA",3,2462,0.00430886938006377,2000,400,0.005,0.005,0.008,0.01,5e-04,0,0,0,0.5,0.499,0.50025,0.5,0.000999999999999945,0.00124999999999997,0.001
"ranova","Repeated-measures ANOVA",3,2462,0.00556511880441425,2000,400,0.005,0.015,0.008,0.015,5e-04,0,0,0,0.495,0.4965,0.50025,0.5,-0.00150000000000006,0.00374999999999998,0.0035
"ranova","Repeated-measures ANOVA",3,2462,0.00718762732760925,2000,400,0.005,0.0125,0.008,0.025,5e-04,0,5e-04,0,0.49625,0.4915,0.50025,0.50025,0.00474999999999998,0.00874999999999998,0.00874999999999998
"ranova","Repeated-measures ANOVA",3,2462,0.00928317766722556,2000,400,0.005,0.0075,0.008,0.0175,5e-04,0,0.001,0.0075,0.49875,0.49525,0.50025,0.49675,0.00349999999999995,0.00499999999999995,0.00149999999999995
"ranova","Repeated-measures ANOVA",3,2462,0.0119896850063788,2000,400,0.005,0.0225,0.008,0.0375,5e-04,0,0.0095,0.0425,0.49125,0.48525,0.50025,0.4835,0.00599999999999995,0.015,-0.00174999999999997
"ranova","Repeated-measures ANOVA",3,2462,0.0154852736536225,2000,400,0.005,0.0525,0.008,0.0725,5e-04,0,0.027,0.155,0.47625,0.46775,0.50025,0.436,0.00849999999999995,0.0325,-0.0317500000000001
"ranova","Repeated-measures ANOVA",3,2462,0.02,2000,400,0.005,0.0925,0.008,0.1625,5e-04,0.0175,0.046,0.3525,0.45625,0.42275,0.4915,0.34675,0.0334999999999999,0.06875,-0.076
"ranova","Repeated-measures ANOVA",3,2462,0.025,2000,400,0.005,0.2425,0.008,0.2775,5e-04,0.04,0.051,0.5225,0.38125,0.36525,0.48025,0.26425,0.016,0.115,-0.101
"ranova","Repeated-measures ANOVA",3,2462,0.0666666666666667,2000,400,0.005,1,0.008,1,5e-04,0.9775,0.01,1,0.00249999999999995,0.004,0.0115,0.005,-0.00150000000000006,0.00749999999999995,0.001
"ranova","Repeated-measures ANOVA",3,2462,0.108333333333333,2000,400,0.005,1,0.008,1,5e-04,1,0.002,1,0.00249999999999995,0.004,0.000249999999999972,0.001,-0.00150000000000006,-0.00375000000000003,-0.003
"ranova","Repeated-measures ANOVA",3,2462,0.15,2000,400,0.005,1,0.008,1,5e-04,1,5e-04,1,0.00249999999999995,0.004,0.000249999999999972,0.000249999999999972,-0.00150000000000006,-0.00375000000000003,-0.00375000000000003
"ranova","Repeated-measures ANOVA",3,2462,0.191666666666667,2000,400,0.005,1,0.008,1,5e-04,1,5e-04,1,0.00249999999999995,0.004,0.000249999999999972,0.000249999999999972,-0.00150000000000006,-0.00375000000000003,-0.00375000000000003
"ranova","Repeated-measures ANOVA",3,2462,0.233333333333333,2000,400,0.005,1,0.008,1,5e-04,1,5e-04,1,0.00249999999999995,0.004,0.000249999999999972,0.000249999999999972,-0.00150000000000006,-0.00375000000000003,-0.00375000000000003
"ranova","Repeated-measures ANOVA",3,2462,0.275,2000,400,0.005,1,0.008,1,5e-04,1,5e-04,1,0.00249999999999995,0.004,0.000249999999999972,0.000249999999999972,-0.00150000000000006,-0.00375000000000003,-0.00375000000000003
"ranova","Repeated-measures ANOVA",3,2462,0.316666666666667,2000,400,0.005,1,0.008,1,5e-04,1,5e-04,1,0.00249999999999995,0.004,0.000249999999999972,0.000249999999999972,-0.00150000000000006,-0.00375000000000003,-0.00375000000000003
"ranova","Repeated-measures ANOVA",3,2462,0.358333333333333,2000,400,0.005,1,0.008,1,5e-04,1,5e-04,1,0.00249999999999995,0.004,0.000249999999999972,0.000249999999999972,-0.00150000000000006,-0.00375000000000003,-0.00375000000000003
"ranova","Repeated-measures ANOVA",3,2462,0.4,2000,400,0.005,1,0.008,1,5e-04,1,0,1,0.00249999999999995,0.004,0.000249999999999972,0,-0.00150000000000006,-0.00375000000000003,-0.004
"ranova","Repeated-measures ANOVA",3,2462,0.441666666666667,2000,400,0.005,1,0.008,1,5e-04,1,0,1,0.00249999999999995,0.004,0.000249999999999972,0,-0.00150000000000006,-0.00375000000000003,-0.004
"ranova","Repeated-measures ANOVA",3,2462,0.483333333333333,2000,400,0.005,1,0.008,1,5e-04,1,0,1,0.00249999999999995,0.004,0.000249999999999972,0,-0.00150000000000006,-0.00375000000000003,-0.004
"ranova","Repeated-measures ANOVA",3,2462,0.525,2000,400,0.005,1,0.008,1,5e-04,1,0,1,0.00249999999999995,0.004,0.000249999999999972,0,-0.00150000000000006,-0.00375000000000003,-0.004
"ranova","Repeated-measures ANOVA",3,2462,0.566666666666667,2000,400,0.005,1,0.008,1,5e-04,1,0,1,0.00249999999999995,0.004,0.000249999999999972,0,-0.00150000000000006,-0.00375000000000003,-0.004
"ranova","Repeated-measures ANOVA",3,2462,0.608333333333333,2000,400,0.005,1,0.008,1,5e-04,1,0,1,0.00249999999999995,0.004,0.000249999999999972,0,-0.00150000000000006,-0.00375000000000003,-0.004
"ranova","Repeated-measures ANOVA",3,2462,0.65,2000,400,0.005,1,0.008,1,5e-04,1,0,1,0.00249999999999995,0.004,0.000249999999999972,0,-0.00150000000000006,-0.00375000000000003,-0.004
"ranova","Repeated-measures ANOVA",3,2462,0.691666666666667,2000,400,0.005,1,0.008,1,5e-04,1,0,1,0.00249999999999995,0.004,0.000249999999999972,0,-0.00150000000000006,-0.00375000000000003,-0.004
"ranova","Repeated-measures ANOVA",3,2462,0.733333333333333,2000,400,0.005,1,0.008,1,5e-04,1,0,1,0.00249999999999995,0.004,0.000249999999999972,0,-0.00150000000000006,-0.00375000000000003,-0.004
"ranova","Repeated-measures ANOVA",3,2462,0.775,2000,400,0.005,1,0.008,1,5e-04,1,0,1,0.00249999999999995,0.004,0.000249999999999972,0,-0.00150000000000006,-0.00375000000000003,-0.004
"ranova","Repeated-measures ANOVA",3,2462,0.816666666666667,2000,400,0.005,1,0.008,1,5e-04,1,0,1,0.00249999999999995,0.004,0.000249999999999972,0,-0.00150000000000006,-0.00375000000000003,-0.004
"ranova","Repeated-measures ANOVA",3,2462,0.858333333333333,2000,400,0.005,1,0.008,1,5e-04,1,0,1,0.00249999999999995,0.004,0.000249999999999972,0,-0.00150000000000006,-0.00375000000000003,-0.004
"ranova","Repeated-measures ANOVA",3,2462,0.9,2000,400,0.005,1,0.008,1,5e-04,1,0,1,0.00249999999999995,0.004,0.000249999999999972,0,-0.00150000000000006,-0.00375000000000003,-0.004
"ranova","Repeated-measures ANOVA",3,3008,0.002,2000,400,0.004,0.0075,0.0085,0.01,0,0,0,0,0.49825,0.49925,0.5,0.5,-0.000999999999999945,0.000750000000000028,0.000750000000000028
"ranova","Repeated-measures ANOVA",3,3008,0.00258309933002977,2000,400,0.004,0.0025,0.0085,0.005,0,0,0,0,0.50075,0.50175,0.5,0.5,-0.001,-0.00175000000000003,-0.00175000000000003
"ranova","Repeated-measures ANOVA",3,3008,0.00333620107440012,2000,400,0.004,0.015,0.0085,0.0175,0,0,0,0,0.4945,0.4955,0.5,0.5,-0.001,0.0045,0.0045
"ranova","Repeated-measures ANOVA",3,3008,0.00430886938006377,2000,400,0.004,0.015,0.0085,0.0175,0,0,0,0,0.4945,0.4955,0.5,0.5,-0.001,0.0045,0.0045
"ranova","Repeated-measures ANOVA",3,3008,0.00556511880441425,2000,400,0.004,0.0075,0.0085,0.01,0,0,0,0,0.49825,0.49925,0.5,0.5,-0.000999999999999945,0.000750000000000028,0.000750000000000028
"ranova","Repeated-measures ANOVA",3,3008,0.00718762732760925,2000,400,0.004,0.015,0.0085,0.03,0,0,0.001,0,0.4945,0.48925,0.5,0.5005,0.00525000000000003,0.01075,0.01125
"ranova","Repeated-measures ANOVA",3,3008,0.00928317766722556,2000,400,0.004,0.0175,0.0085,0.0275,0,0,0.0035,0.0175,0.49325,0.4905,0.5,0.493,0.00275000000000003,0.00950000000000001,0.00250000000000006
"ranova","Repeated-measures ANOVA",3,3008,0.0119896850063788,2000,400,0.004,0.04,0.0085,0.0475,0,0.005,0.0175,0.0925,0.482,0.4805,0.4975,0.4625,0.0015,0.017,-0.018
"ranova","Repeated-measures ANOVA",3,3008,0.0154852736536225,2000,400,0.004,0.075,0.0085,0.0975,0,0.0075,0.0315,0.2375,0.4645,0.4555,0.49625,0.397,0.00900000000000006,0.0407500000000001,-0.0584999999999999
"ranova","Repeated-measures ANOVA",3,3008,0.02,2000,400,0.004,0.18,0.0085,0.2075,0,0.01,0.043,0.37,0.412,0.4005,0.495,0.3365,0.0115000000000001,0.0945,-0.064
"ranova","Repeated-measures ANOVA",3,3008,0.025,2000,400,0.004,0.3275,0.0085,0.385,0,0.045,0.045,0.6475,0.33825,0.31175,0.4775,0.19875,0.0265,0.16575,-0.113
"ranova","Repeated-measures ANOVA",3,3008,0.0666666666666667,2000,400,0.004,1,0.0085,1,0,0.9975,0.0085,1,0.002,0.00424999999999998,0.00124999999999997,0.00424999999999998,-0.00224999999999997,-0.003,0
"ranova","Repeated-measures ANOVA",3,3008,0.108333333333333,2000,400,0.004,1,0.0085,1,0,1,0.002,1,0.002,0.00424999999999998,0,0.001,-0.00224999999999997,-0.00424999999999998,-0.00324999999999998
"ranova","Repeated-measures ANOVA",3,3008,0.15,2000,400,0.004,1,0.0085,1,0,1,0.001,1,0.002,0.00424999999999998,0,0.000499999999999945,-0.00224999999999997,-0.00424999999999998,-0.00375000000000003
"ranova","Repeated-measures ANOVA",3,3008,0.191666666666667,2000,400,0.004,1,0.0085,1,0,1,0.001,1,0.002,0.00424999999999998,0,0.000499999999999945,-0.00224999999999997,-0.00424999999999998,-0.00375000000000003
"ranova","Repeated-measures ANOVA",3,3008,0.233333333333333,2000,400,0.004,1,0.0085,1,0,1,0,1,0.002,0.00424999999999998,0,0,-0.00224999999999997,-0.00424999999999998,-0.00424999999999998
"ranova","Repeated-measures ANOVA",3,3008,0.275,2000,400,0.004,1,0.0085,1,0,1,0,1,0.002,0.00424999999999998,0,0,-0.00224999999999997,-0.00424999999999998,-0.00424999999999998
"ranova","Repeated-measures ANOVA",3,3008,0.316666666666667,2000,400,0.004,1,0.0085,1,0,1,0,1,0.002,0.00424999999999998,0,0,-0.00224999999999997,-0.00424999999999998,-0.00424999999999998
"ranova","Repeated-measures ANOVA",3,3008,0.358333333333333,2000,400,0.004,1,0.0085,1,0,1,0,1,0.002,0.00424999999999998,0,0,-0.00224999999999997,-0.00424999999999998,-0.00424999999999998
"ranova","Repeated-measures ANOVA",3,3008,0.4,2000,400,0.004,1,0.0085,1,0,1,0,1,0.002,0.00424999999999998,0,0,-0.00224999999999997,-0.00424999999999998,-0.00424999999999998
"ranova","Repeated-measures ANOVA",3,3008,0.441666666666667,2000,400,0.004,1,0.0085,1,0,1,0,1,0.002,0.00424999999999998,0,0,-0.00224999999999997,-0.00424999999999998,-0.00424999999999998
"ranova","Repeated-measures ANOVA",3,3008,0.483333333333333,2000,400,0.004,1,0.0085,1,0,1,0,1,0.002,0.00424999999999998,0,0,-0.00224999999999997,-0.00424999999999998,-0.00424999999999998
"ranova","Repeated-measures ANOVA",3,3008,0.525,2000,400,0.004,1,0.0085,1,0,1,0,1,0.002,0.00424999999999998,0,0,-0.00224999999999997,-0.00424999999999998,-0.00424999999999998
"ranova","Repeated-measures ANOVA",3,3008,0.566666666666667,2000,400,0.004,1,0.0085,1,0,1,0,1,0.002,0.00424999999999998,0,0,-0.00224999999999997,-0.00424999999999998,-0.00424999999999998
"ranova","Repeated-measures ANOVA",3,3008,0.608333333333333,2000,400,0.004,1,0.0085,1,0,1,0,1,0.002,0.00424999999999998,0,0,-0.00224999999999997,-0.00424999999999998,-0.00424999999999998
"ranova","Repeated-measures ANOVA",3,3008,0.65,2000,400,0.004,1,0.0085,1,0,1,0,1,0.002,0.00424999999999998,0,0,-0.00224999999999997,-0.00424999999999998,-0.00424999999999998
"ranova","Repeated-measures ANOVA",3,3008,0.691666666666667,2000,400,0.004,1,0.0085,1,0,1,0,1,0.002,0.00424999999999998,0,0,-0.00224999999999997,-0.00424999999999998,-0.00424999999999998
"ranova","Repeated-measures ANOVA",3,3008,0.733333333333333,2000,400,0.004,1,0.0085,1,0,1,0,1,0.002,0.00424999999999998,0,0,-0.00224999999999997,-0.00424999999999998,-0.00424999999999998
"ranova","Repeated-measures ANOVA",3,3008,0.775,2000,400,0.004,1,0.0085,1,0,1,0,1,0.002,0.00424999999999998,0,0,-0.00224999999999997,-0.00424999999999998,-0.00424999999999998
"ranova","Repeated-measures ANOVA",3,3008,0.816666666666667,2000,400,0.004,1,0.0085,1,0,1,0,1,0.002,0.00424999999999998,0,0,-0.00224999999999997,-0.00424999999999998,-0.00424999999999998
"ranova","Repeated-measures ANOVA",3,3008,0.858333333333333,2000,400,0.004,1,0.0085,1,0,1,0,1,0.002,0.00424999999999998,0,0,-0.00224999999999997,-0.00424999999999998,-0.00424999999999998
"ranova","Repeated-measures ANOVA",3,3008,0.9,2000,400,0.004,1,0.0085,1,0,1,0,1,0.002,0.00424999999999998,0,0,-0.00224999999999997,-0.00424999999999998,-0.00424999999999998
"ranova","Repeated-measures ANOVA",3,3675,0.002,2000,400,0.0025,0.0075,0.0045,0.0075,0,0,0,0,0.4975,0.4985,0.5,0.5,-0.001,0.0015,0.0015
"ranova","Repeated-measures ANOVA",3,3675,0.00258309933002977,2000,400,0.0025,0.0025,0.0045,0.005,0,0,0,0,0.5,0.49975,0.5,0.5,0.000250000000000028,0.000250000000000028,0.000250000000000028
"ranova","Repeated-measures ANOVA",3,3675,0.00333620107440012,2000,400,0.0025,0.0075,0.0045,0.01,0,0,0,0,0.4975,0.49725,0.5,0.5,0.000250000000000028,0.00275000000000003,0.00275000000000003
"ranova","Repeated-measures ANOVA",3,3675,0.00430886938006377,2000,400,0.0025,0.005,0.0045,0.01,0,0,0,0,0.49875,0.49725,0.5,0.5,0.0015,0.00275000000000003,0.00275000000000003
"ranova","Repeated-measures ANOVA",3,3675,0.00556511880441425,2000,400,0.0025,0.005,0.0045,0.0125,0,0,0,0,0.49875,0.496,0.5,0.5,0.00274999999999997,0.004,0.004
"ranova","Repeated-measures ANOVA",3,3675,0.00718762732760925,2000,400,0.0025,0.015,0.0045,0.025,0,0,0.0015,0.0025,0.49375,0.48975,0.5,0.4995,0.004,0.01025,0.00975000000000009
"ranova","Repeated-measures ANOVA",3,3675,0.00928317766722556,2000,400,0.0025,0.0225,0.0045,0.0375,0,0,0.005,0.0375,0.49,0.4835,0.5,0.48375,0.00650000000000001,0.0165,0.000249999999999972
"ranova","Repeated-measures ANOVA",3,3675,0.0119896850063788,2000,400,0.0025,0.0575,0.0045,0.0725,0,0,0.022,0.12,0.4725,0.466,0.5,0.451,0.00650000000000001,0.034,-0.015
"ranova","Repeated-measures ANOVA",3,3675,0.0154852736536225,2000,400,0.0025,0.1025,0.0045,0.12,0,0,0.0355,0.295,0.45,0.44225,0.5,0.37025,0.00774999999999998,0.05775,-0.0719999999999999
"ranova","Repeated-measures ANOVA",3,3675,0.02,2000,400,0.0025,0.2175,0.0045,0.2725,0,0.0225,0.0415,0.4975,0.3925,0.366,0.48875,0.272,0.0265,0.12275,-0.094
"ranova","Repeated-measures ANOVA",3,3675,0.025,2000,400,0.0025,0.3875,0.0045,0.43,0,0.065,0.039,0.66,0.3075,0.28725,0.4675,0.1895,0.02025,0.18025,-0.0977500000000001
"ranova","Repeated-measures ANOVA",3,3675,0.0666666666666667,2000,400,0.0025,1,0.0045,1,0,1,0.0035,1,0.00124999999999997,0.00224999999999997,0,0.00175000000000003,-0.001,-0.00224999999999997,-0.000499999999999945
"ranova","Repeated-measures ANOVA",3,3675,0.108333333333333,2000,400,0.0025,1,0.0045,1,0,1,0.0015,1,0.00124999999999997,0.00224999999999997,0,0.000750000000000028,-0.001,-0.00224999999999997,-0.00149999999999995
"ranova","Repeated-measures ANOVA",3,3675,0.15,2000,400,0.0025,1,0.0045,1,0,1,0.0015,1,0.00124999999999997,0.00224999999999997,0,0.000750000000000028,-0.001,-0.00224999999999997,-0.00149999999999995
"ranova","Repeated-measures ANOVA",3,3675,0.191666666666667,2000,400,0.0025,1,0.0045,1,0,1,0.001,1,0.00124999999999997,0.00224999999999997,0,0.000499999999999945,-0.001,-0.00224999999999997,-0.00175000000000003
"ranova","Repeated-measures ANOVA",3,3675,0.233333333333333,2000,400,0.0025,1,0.0045,1,0,1,0,1,0.00124999999999997,0.00224999999999997,0,0,-0.001,-0.00224999999999997,-0.00224999999999997
"ranova","Repeated-measures ANOVA",3,3675,0.275,2000,400,0.0025,1,0.0045,1,0,1,0,1,0.00124999999999997,0.00224999999999997,0,0,-0.001,-0.00224999999999997,-0.00224999999999997
"ranova","Repeated-measures ANOVA",3,3675,0.316666666666667,2000,400,0.0025,1,0.0045,1,0,1,0,1,0.00124999999999997,0.00224999999999997,0,0,-0.001,-0.00224999999999997,-0.00224999999999997
"ranova","Repeated-measures ANOVA",3,3675,0.358333333333333,2000,400,0.0025,1,0.0045,1,0,1,0,1,0.00124999999999997,0.00224999999999997,0,0,-0.001,-0.00224999999999997,-0.00224999999999997
"ranova","Repeated-measures ANOVA",3,3675,0.4,2000,400,0.0025,1,0.0045,1,0,1,0,1,0.00124999999999997,0.00224999999999997,0,0,-0.001,-0.00224999999999997,-0.00224999999999997
"ranova","Repeated-measures ANOVA",3,3675,0.441666666666667,2000,400,0.0025,1,0.0045,1,0,1,0,1,0.00124999999999997,0.00224999999999997,0,0,-0.001,-0.00224999999999997,-0.00224999999999997
"ranova","Repeated-measures ANOVA",3,3675,0.483333333333333,2000,400,0.0025,1,0.0045,1,0,1,0,1,0.00124999999999997,0.00224999999999997,0,0,-0.001,-0.00224999999999997,-0.00224999999999997
"ranova","Repeated-measures ANOVA",3,3675,0.525,2000,400,0.0025,1,0.0045,1,0,1,0,1,0.00124999999999997,0.00224999999999997,0,0,-0.001,-0.00224999999999997,-0.00224999999999997
"ranova","Repeated-measures ANOVA",3,3675,0.566666666666667,2000,400,0.0025,1,0.0045,1,0,1,0,1,0.00124999999999997,0.00224999999999997,0,0,-0.001,-0.00224999999999997,-0.00224999999999997
"ranova","Repeated-measures ANOVA",3,3675,0.608333333333333,2000,400,0.0025,1,0.0045,1,0,1,0,1,0.00124999999999997,0.00224999999999997,0,0,-0.001,-0.00224999999999997,-0.00224999999999997
"ranova","Repeated-measures ANOVA",3,3675,0.65,2000,400,0.0025,1,0.0045,1,0,1,0,1,0.00124999999999997,0.00224999999999997,0,0,-0.001,-0.00224999999999997,-0.00224999999999997
"ranova","Repeated-measures ANOVA",3,3675,0.691666666666667,2000,400,0.0025,1,0.0045,1,0,1,0,1,0.00124999999999997,0.00224999999999997,0,0,-0.001,-0.00224999999999997,-0.00224999999999997
"ranova","Repeated-measures ANOVA",3,3675,0.733333333333333,2000,400,0.0025,1,0.0045,1,0,1,0,1,0.00124999999999997,0.00224999999999997,0,0,-0.001,-0.00224999999999997,-0.00224999999999997
"ranova","Repeated-measures ANOVA",3,3675,0.775,2000,400,0.0025,1,0.0045,1,0,1,0,1,0.00124999999999997,0.00224999999999997,0,0,-0.001,-0.00224999999999997,-0.00224999999999997
"ranova","Repeated-measures ANOVA",3,3675,0.816666666666667,2000,400,0.0025,1,0.0045,1,0,1,0,1,0.00124999999999997,0.00224999999999997,0,0,-0.001,-0.00224999999999997,-0.00224999999999997
"ranova","Repeated-measures ANOVA",3,3675,0.858333333333333,2000,400,0.0025,1,0.0045,1,0,1,0,1,0.00124999999999997,0.00224999999999997,0,0,-0.001,-0.00224999999999997,-0.00224999999999997
"ranova","Repeated-measures ANOVA",3,3675,0.9,2000,400,0.0025,1,0.0045,1,0,1,0,1,0.00124999999999997,0.00224999999999997,0,0,-0.001,-0.00224999999999997,-0.00224999999999997
"ranova","Repeated-measures ANOVA",3,4489,0.002,2000,400,0.004,0.005,0.0055,0.005,0,0,0,0,0.4995,0.50025,0.5,0.5,-0.000750000000000084,-0.000250000000000083,-0.000250000000000083
"ranova","Repeated-measures ANOVA",3,4489,0.00258309933002977,2000,400,0.004,0.005,0.0055,0.0075,0,0,0,0,0.4995,0.499,0.5,0.5,0.000499999999999945,0.000999999999999945,0.000999999999999945
"ranova","Repeated-measures ANOVA",3,4489,0.00333620107440012,2000,400,0.004,0.01,0.0055,0.01,0,0,0,0,0.497,0.49775,0.5,0.5,-0.000750000000000028,0.00224999999999997,0.00224999999999997
"ranova","Repeated-measures ANOVA",3,4489,0.00430886938006377,2000,400,0.004,0.005,0.0055,0.005,0,0,0,0,0.4995,0.50025,0.5,0.5,-0.000750000000000084,-0.000250000000000083,-0.000250000000000083
"ranova","Repeated-measures ANOVA",3,4489,0.00556511880441425,2000,400,0.004,0.01,0.0055,0.015,0,0,0,0,0.497,0.49525,0.5,0.5,0.00174999999999997,0.00474999999999998,0.00474999999999998
"ranova","Repeated-measures ANOVA",3,4489,0.00718762732760925,2000,400,0.004,0.0175,0.0055,0.0175,0,0,0.0025,0.01,0.49325,0.494,0.5,0.49625,-0.000750000000000028,0.00599999999999995,0.00224999999999992
"ranova","Repeated-measures ANOVA",3,4489,0.00928317766722556,2000,400,0.004,0.0325,0.0055,0.0375,0,0.0025,0.0145,0.055,0.48575,0.484,0.49875,0.47975,0.00174999999999997,0.01475,-0.00425000000000009
"ranova","Repeated-measures ANOVA",3,4489,0.0119896850063788,2000,400,0.004,0.065,0.0055,0.0725,0,0.0025,0.035,0.1975,0.4695,0.4665,0.49875,0.41875,0.003,0.03225,-0.0477500000000001
"ranova","Repeated-measures ANOVA",3,4489,0.0154852736536225,2000,400,0.004,0.1225,0.0055,0.1475,0,0.0125,0.046,0.3325,0.44075,0.429,0.49375,0.35675,0.0117499999999999,0.06475,-0.07225
"ranova","Repeated-measures ANOVA",3,4489,0.02,2000,400,0.004,0.2425,0.0055,0.2925,0,0.025,0.048,0.565,0.38075,0.3565,0.4875,0.2415,0.02425,0.131,-0.115
"ranova","Repeated-measures ANOVA",3,4489,0.025,2000,400,0.004,0.5175,0.0055,0.555,0,0.1175,0.0435,0.76,0.24325,0.22525,0.44125,0.14175,0.018,0.216,-0.0835
"ranova","Repeated-measures ANOVA",3,4489,0.0666666666666667,2000,400,0.004,1,0.0055,1,0,1,0.004,1,0.002,0.00275000000000003,0,0.002,-0.000750000000000028,-0.00275000000000003,-0.000750000000000028
"ranova","Repeated-measures ANOVA",3,4489,0.108333333333333,2000,400,0.004,1,0.0055,1,0,1,5e-04,1,0.002,0.00275000000000003,0,0.000249999999999972,-0.000750000000000028,-0.00275000000000003,-0.00250000000000006
"ranova","Repeated-measures ANOVA",3,4489,0.15,2000,400,0.004,1,0.0055,1,0,1,0,1,0.002,0.00275000000000003,0,0,-0.000750000000000028,-0.00275000000000003,-0.00275000000000003
"ranova","Repeated-measures ANOVA",3,4489,0.191666666666667,2000,400,0.004,1,0.0055,1,0,1,0,1,0.002,0.00275000000000003,0,0,-0.000750000000000028,-0.00275000000000003,-0.00275000000000003
"ranova","Repeated-measures ANOVA",3,4489,0.233333333333333,2000,400,0.004,1,0.0055,1,0,1,0,1,0.002,0.00275000000000003,0,0,-0.000750000000000028,-0.00275000000000003,-0.00275000000000003
"ranova","Repeated-measures ANOVA",3,4489,0.275,2000,400,0.004,1,0.0055,1,0,1,0,1,0.002,0.00275000000000003,0,0,-0.000750000000000028,-0.00275000000000003,-0.00275000000000003
"ranova","Repeated-measures ANOVA",3,4489,0.316666666666667,2000,400,0.004,1,0.0055,1,0,1,0,1,0.002,0.00275000000000003,0,0,-0.000750000000000028,-0.00275000000000003,-0.00275000000000003
"ranova","Repeated-measures ANOVA",3,4489,0.358333333333333,2000,400,0.004,1,0.0055,1,0,1,0,1,0.002,0.00275000000000003,0,0,-0.000750000000000028,-0.00275000000000003,-0.00275000000000003
"ranova","Repeated-measures ANOVA",3,4489,0.4,2000,400,0.004,1,0.0055,1,0,1,0,1,0.002,0.00275000000000003,0,0,-0.000750000000000028,-0.00275000000000003,-0.00275000000000003
"ranova","Repeated-measures ANOVA",3,4489,0.441666666666667,2000,400,0.004,1,0.0055,1,0,1,0,1,0.002,0.00275000000000003,0,0,-0.000750000000000028,-0.00275000000000003,-0.00275000000000003
"ranova","Repeated-measures ANOVA",3,4489,0.483333333333333,2000,400,0.004,1,0.0055,1,0,1,0,1,0.002,0.00275000000000003,0,0,-0.000750000000000028,-0.00275000000000003,-0.00275000000000003
"ranova","Repeated-measures ANOVA",3,4489,0.525,2000,400,0.004,1,0.0055,1,0,1,0,1,0.002,0.00275000000000003,0,0,-0.000750000000000028,-0.00275000000000003,-0.00275000000000003
"ranova","Repeated-measures ANOVA",3,4489,0.566666666666667,2000,400,0.004,1,0.0055,1,0,1,0,1,0.002,0.00275000000000003,0,0,-0.000750000000000028,-0.00275000000000003,-0.00275000000000003
"ranova","Repeated-measures ANOVA",3,4489,0.608333333333333,2000,400,0.004,1,0.0055,1,0,1,0,1,0.002,0.00275000000000003,0,0,-0.000750000000000028,-0.00275000000000003,-0.00275000000000003
"ranova","Repeated-measures ANOVA",3,4489,0.65,2000,400,0.004,1,0.0055,1,0,1,0,1,0.002,0.00275000000000003,0,0,-0.000750000000000028,-0.00275000000000003,-0.00275000000000003
"ranova","Repeated-measures ANOVA",3,4489,0.691666666666667,2000,400,0.004,1,0.0055,1,0,1,0,1,0.002,0.00275000000000003,0,0,-0.000750000000000028,-0.00275000000000003,-0.00275000000000003
"ranova","Repeated-measures ANOVA",3,4489,0.733333333333333,2000,400,0.004,1,0.0055,1,0,1,0,1,0.002,0.00275000000000003,0,0,-0.000750000000000028,-0.00275000000000003,-0.00275000000000003
"ranova","Repeated-measures ANOVA",3,4489,0.775,2000,400,0.004,1,0.0055,1,0,1,0,1,0.002,0.00275000000000003,0,0,-0.000750000000000028,-0.00275000000000003,-0.00275000000000003
"ranova","Repeated-measures ANOVA",3,4489,0.816666666666667,2000,400,0.004,1,0.0055,1,0,1,0,1,0.002,0.00275000000000003,0,0,-0.000750000000000028,-0.00275000000000003,-0.00275000000000003
"ranova","Repeated-measures ANOVA",3,4489,0.858333333333333,2000,400,0.004,1,0.0055,1,0,1,0,1,0.002,0.00275000000000003,0,0,-0.000750000000000028,-0.00275000000000003,-0.00275000000000003
"ranova","Repeated-measures ANOVA",3,4489,0.9,2000,400,0.004,1,0.0055,1,0,1,0,1,0.002,0.00275000000000003,0,0,-0.000750000000000028,-0.00275000000000003,-0.00275000000000003
"ranova","Repeated-measures ANOVA",3,5484,0.002,2000,400,0.006,0.0025,0.008,0.005,0,0,0,0,0.50175,0.5015,0.5,0.5,0.000249999999999972,-0.00150000000000006,-0.00150000000000006
"ranova","Repeated-measures ANOVA",3,5484,0.00258309933002977,2000,400,0.006,0,0.008,0.0025,0,0,0,0,0.503,0.50275,0.5,0.5,0.000249999999999972,-0.00275000000000003,-0.00275000000000003
"ranova","Repeated-measures ANOVA",3,5484,0.00333620107440012,2000,400,0.006,0.0025,0.008,0.005,0,0,0,0,0.50175,0.5015,0.5,0.5,0.000249999999999972,-0.00150000000000006,-0.00150000000000006
"ranova","Repeated-measures ANOVA",3,5484,0.00430886938006377,2000,400,0.006,0.0075,0.008,0.01,0,0,0,0,0.49925,0.499,0.5,0.5,0.000250000000000028,0.001,0.001
"ranova","Repeated-measures ANOVA",3,5484,0.00556511880441425,2000,400,0.006,0.0175,0.008,0.0175,0,0,0.0015,0.005,0.49425,0.49525,0.5,0.49825,-0.001,0.00474999999999998,0.003
"ranova","Repeated-measures ANOVA",3,5484,0.00718762732760925,2000,400,0.006,0.0125,0.008,0.0175,0,0,0.006,0.0125,0.49675,0.49525,0.5,0.49675,0.0015,0.00474999999999998,0.0015
"ranova","Repeated-measures ANOVA",3,5484,0.00928317766722556,2000,400,0.006,0.0275,0.008,0.0425,0,0,0.0205,0.095,0.48925,0.48275,0.5,0.46275,0.00650000000000001,0.01725,-0.02
"ranova","Repeated-measures ANOVA",3,5484,0.0119896850063788,2000,400,0.006,0.09,0.008,0.0975,0,0.0025,0.0315,0.235,0.458,0.45525,0.49875,0.39825,0.00275000000000003,0.0435,-0.0569999999999999
"ranova","Repeated-measures ANOVA",3,5484,0.0154852736536225,2000,400,0.006,0.1675,0.008,0.1875,0,0.0125,0.0425,0.46,0.41925,0.41025,0.49375,0.29125,0.00900000000000001,0.0835,-0.119
"ranova","Repeated-measures ANOVA",3,5484,0.02,2000,400,0.006,0.41,0.008,0.435,0,0.055,0.041,0.695,0.298,0.2865,0.4725,0.173,0.0115000000000001,0.186,-0.1135
"ranova","Repeated-measures ANOVA",3,5484,0.025,2000,400,0.006,0.5925,0.008,0.615,0,0.17,0.0315,0.8325,0.20675,0.1965,0.415,0.0995,0.01025,0.2185,-0.097
"ranova","Repeated-measures ANOVA",3,5484,0.0666666666666667,2000,400,0.006,1,0.008,1,0,1,0.003,1,0.003,0.004,0,0.00149999999999995,-0.001,-0.004,-0.00250000000000006
"ranova","Repeated-measures ANOVA",3,5484,0.108333333333333,2000,400,0.006,1,0.008,1,0,1,0.0015,1,0.003,0.004,0,0.000750000000000028,-0.001,-0.004,-0.00324999999999998
"ranova","Repeated-measures ANOVA",3,5484,0.15,2000,400,0.006,1,0.008,1,0,1,5e-04,1,0.003,0.004,0,0.000249999999999972,-0.001,-0.004,-0.00375000000000003
"ranova","Repeated-measures ANOVA",3,5484,0.191666666666667,2000,400,0.006,1,0.008,1,0,1,5e-04,1,0.003,0.004,0,0.000249999999999972,-0.001,-0.004,-0.00375000000000003
"ranova","Repeated-measures ANOVA",3,5484,0.233333333333333,2000,400,0.006,1,0.008,1,0,1,0,1,0.003,0.004,0,0,-0.001,-0.004,-0.004
"ranova","Repeated-measures ANOVA",3,5484,0.275,2000,400,0.006,1,0.008,1,0,1,0,1,0.003,0.004,0,0,-0.001,-0.004,-0.004
"ranova","Repeated-measures ANOVA",3,5484,0.316666666666667,2000,400,0.006,1,0.008,1,0,1,0,1,0.003,0.004,0,0,-0.001,-0.004,-0.004
"ranova","Repeated-measures ANOVA",3,5484,0.358333333333333,2000,400,0.006,1,0.008,1,0,1,0,1,0.003,0.004,0,0,-0.001,-0.004,-0.004
"ranova","Repeated-measures ANOVA",3,5484,0.4,2000,400,0.006,1,0.008,1,0,1,0,1,0.003,0.004,0,0,-0.001,-0.004,-0.004
"ranova","Repeated-measures ANOVA",3,5484,0.441666666666667,2000,400,0.006,1,0.008,1,0,1,0,1,0.003,0.004,0,0,-0.001,-0.004,-0.004
"ranova","Repeated-measures ANOVA",3,5484,0.483333333333333,2000,400,0.006,1,0.008,1,0,1,0,1,0.003,0.004,0,0,-0.001,-0.004,-0.004
"ranova","Repeated-measures ANOVA",3,5484,0.525,2000,400,0.006,1,0.008,1,0,1,0,1,0.003,0.004,0,0,-0.001,-0.004,-0.004
"ranova","Repeated-measures ANOVA",3,5484,0.566666666666667,2000,400,0.006,1,0.008,1,0,1,0,1,0.003,0.004,0,0,-0.001,-0.004,-0.004
"ranova","Repeated-measures ANOVA",3,5484,0.608333333333333,2000,400,0.006,1,0.008,1,0,1,0,1,0.003,0.004,0,0,-0.001,-0.004,-0.004
"ranova","Repeated-measures ANOVA",3,5484,0.65,2000,400,0.006,1,0.008,1,0,1,0,1,0.003,0.004,0,0,-0.001,-0.004,-0.004
"ranova","Repeated-measures ANOVA",3,5484,0.691666666666667,2000,400,0.006,1,0.008,1,0,1,0,1,0.003,0.004,0,0,-0.001,-0.004,-0.004
"ranova","Repeated-measures ANOVA",3,5484,0.733333333333333,2000,400,0.006,1,0.008,1,0,1,0,1,0.003,0.004,0,0,-0.001,-0.004,-0.004
"ranova","Repeated-measures ANOVA",3,5484,0.775,2000,400,0.006,1,0.008,1,0,1,0,1,0.003,0.004,0,0,-0.001,-0.004,-0.004
"ranova","Repeated-measures ANOVA",3,5484,0.816666666666667,2000,400,0.006,1,0.008,1,0,1,0,1,0.003,0.004,0,0,-0.001,-0.004,-0.004
"ranova","Repeated-measures ANOVA",3,5484,0.858333333333333,2000,400,0.006,1,0.008,1,0,1,0,1,0.003,0.004,0,0,-0.001,-0.004,-0.004
"ranova","Repeated-measures ANOVA",3,5484,0.9,2000,400,0.006,1,0.008,1,0,1,0,1,0.003,0.004,0,0,-0.001,-0.004,-0.004
"ranova","Repeated-measures ANOVA",3,6700,0.002,2000,400,0.0065,0.005,0.0065,0.005,0,0,0,0,0.50075,0.50075,0.5,0.5,0,-0.000750000000000028,-0.000750000000000028
"ranova","Repeated-measures ANOVA",3,6700,0.00258309933002977,2000,400,0.0065,0.005,0.0065,0.005,0,0,0,0,0.50075,0.50075,0.5,0.5,0,-0.000750000000000028,-0.000750000000000028
"ranova","Repeated-measures ANOVA",3,6700,0.00333620107440012,2000,400,0.0065,0.0075,0.0065,0.0075,0,0,0,0,0.4995,0.4995,0.5,0.5,0,5e-04,5e-04
"ranova","Repeated-measures ANOVA",3,6700,0.00430886938006377,2000,400,0.0065,0.01,0.0065,0.0125,0,0,5e-04,0,0.49825,0.497,0.5,0.50025,0.00124999999999997,0.003,0.00324999999999998
"ranova","Repeated-measures ANOVA",3,6700,0.00556511880441425,2000,400,0.0065,0.015,0.0065,0.0175,0,0,0.001,0.005,0.49575,0.4945,0.5,0.498,0.00124999999999997,0.0055,0.00349999999999995
"ranova","Repeated-measures ANOVA",3,6700,0.00718762732760925,2000,400,0.0065,0.035,0.0065,0.045,0,0,0.0115,0.05,0.48575,0.48075,0.5,0.48075,0.005,0.01925,5.55111512312578e-17
"ranova","Repeated-measures ANOVA",3,6700,0.00928317766722556,2000,400,0.0065,0.0525,0.0065,0.0625,0,0,0.028,0.155,0.477,0.472,0.5,0.4365,0.005,0.028,-0.0355
"ranova","Repeated-measures ANOVA",3,6700,0.0119896850063788,2000,400,0.0065,0.135,0.0065,0.14,0,0.0025,0.0435,0.3225,0.43575,0.43325,0.49875,0.3605,0.0025,0.0655000000000001,-0.0727499999999999
"ranova","Repeated-measures ANOVA",3,6700,0.0154852736536225,2000,400,0.0065,0.2225,0.0065,0.235,0,0.025,0.0525,0.515,0.392,0.38575,0.4875,0.26875,0.00624999999999998,0.10175,-0.117
"ranova","Repeated-measures ANOVA",3,6700,0.02,2000,400,0.0065,0.4575,0.0065,0.475,0,0.0875,0.0435,0.765,0.2745,0.26575,0.45625,0.13925,0.00874999999999998,0.1905,-0.1265
"ranova","Repeated-measures ANOVA",3,6700,0.025,2000,400,0.0065,0.7725,0.0065,0.795,0,0.2825,0.0325,0.9175,0.117,0.10575,0.35875,0.0575,0.01125,0.253,-0.04825
"ranova","Repeated-measures ANOVA",3,6700,0.0666666666666667,2000,400,0.0065,1,0.0065,1,0,1,0.002,1,0.00324999999999998,0.00324999999999998,0,0.001,0,-0.00324999999999998,-0.00224999999999997
"ranova","Repeated-measures ANOVA",3,6700,0.108333333333333,2000,400,0.0065,1,0.0065,1,0,1,5e-04,1,0.00324999999999998,0.00324999999999998,0,0.000249999999999972,0,-0.00324999999999998,-0.003
"ranova","Repeated-measures ANOVA",3,6700,0.15,2000,400,0.0065,1,0.0065,1,0,1,5e-04,1,0.00324999999999998,0.00324999999999998,0,0.000249999999999972,0,-0.00324999999999998,-0.003
"ranova","Repeated-measures ANOVA",3,6700,0.191666666666667,2000,400,0.0065,1,0.0065,1,0,1,5e-04,1,0.00324999999999998,0.00324999999999998,0,0.000249999999999972,0,-0.00324999999999998,-0.003
"ranova","Repeated-measures ANOVA",3,6700,0.233333333333333,2000,400,0.0065,1,0.0065,1,0,1,0,1,0.00324999999999998,0.00324999999999998,0,0,0,-0.00324999999999998,-0.00324999999999998
"ranova","Repeated-measures ANOVA",3,6700,0.275,2000,400,0.0065,1,0.0065,1,0,1,0,1,0.00324999999999998,0.00324999999999998,0,0,0,-0.00324999999999998,-0.00324999999999998
"ranova","Repeated-measures ANOVA",3,6700,0.316666666666667,2000,400,0.0065,1,0.0065,1,0,1,0,1,0.00324999999999998,0.00324999999999998,0,0,0,-0.00324999999999998,-0.00324999999999998
"ranova","Repeated-measures ANOVA",3,6700,0.358333333333333,2000,400,0.0065,1,0.0065,1,0,1,0,1,0.00324999999999998,0.00324999999999998,0,0,0,-0.00324999999999998,-0.00324999999999998
"ranova","Repeated-measures ANOVA",3,6700,0.4,2000,400,0.0065,1,0.0065,1,0,1,0,1,0.00324999999999998,0.00324999999999998,0,0,0,-0.00324999999999998,-0.00324999999999998
"ranova","Repeated-measures ANOVA",3,6700,0.441666666666667,2000,400,0.0065,1,0.0065,1,0,1,0,1,0.00324999999999998,0.00324999999999998,0,0,0,-0.00324999999999998,-0.00324999999999998
"ranova","Repeated-measures ANOVA",3,6700,0.483333333333333,2000,400,0.0065,1,0.0065,1,0,1,0,1,0.00324999999999998,0.00324999999999998,0,0,0,-0.00324999999999998,-0.00324999999999998
"ranova","Repeated-measures ANOVA",3,6700,0.525,2000,400,0.0065,1,0.0065,1,0,1,0,1,0.00324999999999998,0.00324999999999998,0,0,0,-0.00324999999999998,-0.00324999999999998
"ranova","Repeated-measures ANOVA",3,6700,0.566666666666667,2000,400,0.0065,1,0.0065,1,0,1,0,1,0.00324999999999998,0.00324999999999998,0,0,0,-0.00324999999999998,-0.00324999999999998
"ranova","Repeated-measures ANOVA",3,6700,0.608333333333333,2000,400,0.0065,1,0.0065,1,0,1,0,1,0.00324999999999998,0.00324999999999998,0,0,0,-0.00324999999999998,-0.00324999999999998
"ranova","Repeated-measures ANOVA",3,6700,0.65,2000,400,0.0065,1,0.0065,1,0,1,0,1,0.00324999999999998,0.00324999999999998,0,0,0,-0.00324999999999998,-0.00324999999999998
"ranova","Repeated-measures ANOVA",3,6700,0.691666666666667,2000,400,0.0065,1,0.0065,1,0,1,0,1,0.00324999999999998,0.00324999999999998,0,0,0,-0.00324999999999998,-0.00324999999999998
"ranova","Repeated-measures ANOVA",3,6700,0.733333333333333,2000,400,0.0065,1,0.0065,1,0,1,0,1,0.00324999999999998,0.00324999999999998,0,0,0,-0.00324999999999998,-0.00324999999999998
"ranova","Repeated-measures ANOVA",3,6700,0.775,2000,400,0.0065,1,0.0065,1,0,1,0,1,0.00324999999999998,0.00324999999999998,0,0,0,-0.00324999999999998,-0.00324999999999998
"ranova","Repeated-measures ANOVA",3,6700,0.816666666666667,2000,400,0.0065,1,0.0065,1,0,1,0,1,0.00324999999999998,0.00324999999999998,0,0,0,-0.00324999999999998,-0.00324999999999998
"ranova","Repeated-measures ANOVA",3,6700,0.858333333333333,2000,400,0.0065,1,0.0065,1,0,1,0,1,0.00324999999999998,0.00324999999999998,0,0,0,-0.00324999999999998,-0.00324999999999998
"ranova","Repeated-measures ANOVA",3,6700,0.9,2000,400,0.0065,1,0.0065,1,0,1,0,1,0.00324999999999998,0.00324999999999998,0,0,0,-0.00324999999999998,-0.00324999999999998
"ranova","Repeated-measures ANOVA",3,8185,0.002,2000,400,0.003,0.0025,0.003,0.0025,0,0,0,0,0.50025,0.50025,0.5,0.5,0,-0.000249999999999972,-0.000249999999999972
"ranova","Repeated-measures ANOVA",3,8185,0.00258309933002977,2000,400,0.003,0.005,0.003,0.005,0,0,0,0,0.499,0.499,0.5,0.5,0,0.00100000000000006,0.00100000000000006
"ranova","Repeated-measures ANOVA",3,8185,0.00333620107440012,2000,400,0.003,0.01,0.003,0.0125,0,0,0,0,0.4965,0.49525,0.5,0.5,0.00124999999999997,0.00475000000000003,0.00475000000000003
"ranova","Repeated-measures ANOVA",3,8185,0.00430886938006377,2000,400,0.003,0.005,0.003,0.005,0,0,0,0,0.499,0.499,0.5,0.5,0,0.00100000000000006,0.00100000000000006
"ranova","Repeated-measures ANOVA",3,8185,0.00556511880441425,2000,400,0.003,0.015,0.003,0.015,0,0,0.0025,0.0125,0.494,0.494,0.5,0.495,0,0.00600000000000006,0.00100000000000006
"ranova","Repeated-measures ANOVA",3,8185,0.00718762732760925,2000,400,0.003,0.0325,0.003,0.0325,0,0,0.012,0.0775,0.48525,0.48525,0.5,0.46725,0,0.01475,-0.018
"ranova","Repeated-measures ANOVA",3,8185,0.00928317766722556,2000,400,0.003,0.055,0.003,0.0575,0,0.005,0.029,0.2075,0.474,0.47275,0.4975,0.41075,0.00124999999999997,0.02475,-0.062
"ranova","Repeated-measures ANOVA",3,8185,0.0119896850063788,2000,400,0.003,0.155,0.003,0.1575,0,0.0075,0.048,0.395,0.424,0.42275,0.49625,0.3265,0.00124999999999997,0.0735000000000001,-0.09625
"ranova","Repeated-measures ANOVA",3,8185,0.0154852736536225,2000,400,0.003,0.315,0.003,0.32,0,0.0475,0.0485,0.6025,0.344,0.3415,0.47625,0.223,0.00250000000000006,0.13475,-0.1185
"ranova","Repeated-measures ANOVA",3,8185,0.02,2000,400,0.003,0.62,0.003,0.62,0,0.14,0.036,0.8375,0.1915,0.1915,0.43,0.09925,0,0.2385,-0.0922499999999999
"ranova","Repeated-measures ANOVA",3,8185,0.025,2000,400,0.003,0.875,0.003,0.8775,0,0.415,0.0235,0.9475,0.064,0.06275,0.2925,0.038,0.00124999999999997,0.22975,-0.0247499999999999
"ranova","Repeated-measures ANOVA",3,8185,0.0666666666666667,2000,400,0.003,1,0.003,1,0,1,5e-04,1,0.00149999999999995,0.00149999999999995,0,0.000249999999999972,0,-0.00149999999999995,-0.00124999999999997
"ranova","Repeated-measures ANOVA",3,8185,0.108333333333333,2000,400,0.003,1,0.003,1,0,1,0,1,0.00149999999999995,0.00149999999999995,0,0,0,-0.00149999999999995,-0.00149999999999995
"ranova","Repeated-measures ANOVA",3,8185,0.15,2000,400,0.003,1,0.003,1,0,1,0,1,0.00149999999999995,0.00149999999999995,0,0,0,-0.00149999999999995,-0.00149999999999995
"ranova","Repeated-measures ANOVA",3,8185,0.191666666666667,2000,400,0.003,1,0.003,1,0,1,0,1,0.00149999999999995,0.00149999999999995,0,0,0,-0.00149999999999995,-0.00149999999999995
"ranova","Repeated-measures ANOVA",3,8185,0.233333333333333,2000,400,0.003,1,0.003,1,0,1,0,1,0.00149999999999995,0.00149999999999995,0,0,0,-0.00149999999999995,-0.00149999999999995
"ranova","Repeated-measures ANOVA",3,8185,0.275,2000,400,0.003,1,0.003,1,0,1,0,1,0.00149999999999995,0.00149999999999995,0,0,0,-0.00149999999999995,-0.00149999999999995
"ranova","Repeated-measures ANOVA",3,8185,0.316666666666667,2000,400,0.003,1,0.003,1,0,1,0,1,0.00149999999999995,0.00149999999999995,0,0,0,-0.00149999999999995,-0.00149999999999995
"ranova","Repeated-measures ANOVA",3,8185,0.358333333333333,2000,400,0.003,1,0.003,1,0,1,0,1,0.00149999999999995,0.00149999999999995,0,0,0,-0.00149999999999995,-0.00149999999999995
"ranova","Repeated-measures ANOVA",3,8185,0.4,2000,400,0.003,1,0.003,1,0,1,0,1,0.00149999999999995,0.00149999999999995,0,0,0,-0.00149999999999995,-0.00149999999999995
"ranova","Repeated-measures ANOVA",3,8185,0.441666666666667,2000,400,0.003,1,0.003,1,0,1,0,1,0.00149999999999995,0.00149999999999995,0,0,0,-0.00149999999999995,-0.00149999999999995
"ranova","Repeated-measures ANOVA",3,8185,0.483333333333333,2000,400,0.003,1,0.003,1,0,1,0,1,0.00149999999999995,0.00149999999999995,0,0,0,-0.00149999999999995,-0.00149999999999995
"ranova","Repeated-measures ANOVA",3,8185,0.525,2000,400,0.003,1,0.003,1,0,1,0,1,0.00149999999999995,0.00149999999999995,0,0,0,-0.00149999999999995,-0.00149999999999995
"ranova","Repeated-measures ANOVA",3,8185,0.566666666666667,2000,400,0.003,1,0.003,1,0,1,0,1,0.00149999999999995,0.00149999999999995,0,0,0,-0.00149999999999995,-0.00149999999999995
"ranova","Repeated-measures ANOVA",3,8185,0.608333333333333,2000,400,0.003,1,0.003,1,0,1,0,1,0.00149999999999995,0.00149999999999995,0,0,0,-0.00149999999999995,-0.00149999999999995
"ranova","Repeated-measures ANOVA",3,8185,0.65,2000,400,0.003,1,0.003,1,0,1,0,1,0.00149999999999995,0.00149999999999995,0,0,0,-0.00149999999999995,-0.00149999999999995
"ranova","Repeated-measures ANOVA",3,8185,0.691666666666667,2000,400,0.003,1,0.003,1,0,1,0,1,0.00149999999999995,0.00149999999999995,0,0,0,-0.00149999999999995,-0.00149999999999995
"ranova","Repeated-measures ANOVA",3,8185,0.733333333333333,2000,400,0.003,1,0.003,1,0,1,0,1,0.00149999999999995,0.00149999999999995,0,0,0,-0.00149999999999995,-0.00149999999999995
"ranova","Repeated-measures ANOVA",3,8185,0.775,2000,400,0.003,1,0.003,1,0,1,0,1,0.00149999999999995,0.00149999999999995,0,0,0,-0.00149999999999995,-0.00149999999999995
"ranova","Repeated-measures ANOVA",3,8185,0.816666666666667,2000,400,0.003,1,0.003,1,0,1,0,1,0.00149999999999995,0.00149999999999995,0,0,0,-0.00149999999999995,-0.00149999999999995
"ranova","Repeated-measures ANOVA",3,8185,0.858333333333333,2000,400,0.003,1,0.003,1,0,1,0,1,0.00149999999999995,0.00149999999999995,0,0,0,-0.00149999999999995,-0.00149999999999995
"ranova","Repeated-measures ANOVA",3,8185,0.9,2000,400,0.003,1,0.003,1,0,1,0,1,0.00149999999999995,0.00149999999999995,0,0,0,-0.00149999999999995,-0.00149999999999995
"ranova","Repeated-measures ANOVA",3,10000,0.002,2000,400,0.004,0.005,0.004,0.005,0,0,0,0,0.4995,0.4995,0.5,0.5,0,5e-04,5e-04
"ranova","Repeated-measures ANOVA",3,10000,0.00258309933002977,2000,400,0.004,0.01,0.004,0.01,0,0,0,0,0.497,0.497,0.5,0.5,0,0.003,0.003
"ranova","Repeated-measures ANOVA",3,10000,0.00333620107440012,2000,400,0.004,0.0075,0.004,0.005,0,0,0,0,0.49825,0.4995,0.5,0.5,-0.00124999999999997,5e-04,5e-04
"ranova","Repeated-measures ANOVA",3,10000,0.00430886938006377,2000,400,0.004,0.0125,0.004,0.0125,0,0,0.0015,0.005,0.49575,0.49575,0.5,0.49825,0,0.00424999999999998,0.0025
"ranova","Repeated-measures ANOVA",3,10000,0.00556511880441425,2000,400,0.004,0.02,0.004,0.02,0,0,0.0065,0.03,0.492,0.492,0.5,0.48825,0,0.00800000000000001,-0.00375000000000003
"ranova","Repeated-measures ANOVA",3,10000,0.00718762732760925,2000,400,0.004,0.0525,0.004,0.05,0,0,0.0195,0.1175,0.47575,0.477,0.5,0.451,-0.00124999999999997,0.023,-0.0259999999999999
"ranova","Repeated-measures ANOVA",3,10000,0.00928317766722556,2000,400,0.004,0.0925,0.004,0.0925,0,0.0025,0.035,0.27,0.45575,0.45575,0.49875,0.3825,0,0.043,-0.07325
"ranova","Repeated-measures ANOVA",3,10000,0.0119896850063788,2000,400,0.004,0.2,0.004,0.2,0,0.02,0.0435,0.4575,0.402,0.402,0.49,0.293,0,0.088,-0.109
"ranova","Repeated-measures ANOVA",3,10000,0.0154852736536225,2000,400,0.004,0.395,0.004,0.39,0,0.0375,0.041,0.6975,0.3045,0.307,0.48125,0.17175,-0.0025,0.17425,-0.13525
"ranova","Repeated-measures ANOVA",3,10000,0.02,2000,400,0.004,0.7375,0.004,0.7375,0,0.22,0.0285,0.93,0.13325,0.13325,0.39,0.04925,0,0.25675,-0.084
"ranova","Repeated-measures ANOVA",3,10000,0.025,2000,400,0.004,0.9525,0.004,0.95,0,0.5525,0.0195,0.975,0.02575,0.027,0.22375,0.02225,-0.00125000000000003,0.19675,-0.00474999999999998
"ranova","Repeated-measures ANOVA",3,10000,0.0666666666666667,2000,400,0.004,1,0.004,1,0,1,0.0015,1,0.002,0.002,0,0.000750000000000028,0,-0.002,-0.00124999999999997
"ranova","Repeated-measures ANOVA",3,10000,0.108333333333333,2000,400,0.004,1,0.004,1,0,1,5e-04,1,0.002,0.002,0,0.000249999999999972,0,-0.002,-0.00175000000000003
"ranova","Repeated-measures ANOVA",3,10000,0.15,2000,400,0.004,1,0.004,1,0,1,0,1,0.002,0.002,0,0,0,-0.002,-0.002
"ranova","Repeated-measures ANOVA",3,10000,0.191666666666667,2000,400,0.004,1,0.004,1,0,1,0,1,0.002,0.002,0,0,0,-0.002,-0.002
"ranova","Repeated-measures ANOVA",3,10000,0.233333333333333,2000,400,0.004,1,0.004,1,0,1,0,1,0.002,0.002,0,0,0,-0.002,-0.002
"ranova","Repeated-measures ANOVA",3,10000,0.275,2000,400,0.004,1,0.004,1,0,1,0,1,0.002,0.002,0,0,0,-0.002,-0.002
"ranova","Repeated-measures ANOVA",3,10000,0.316666666666667,2000,400,0.004,1,0.004,1,0,1,0,1,0.002,0.002,0,0,0,-0.002,-0.002
"ranova","Repeated-measures ANOVA",3,10000,0.358333333333333,2000,400,0.004,1,0.004,1,0,1,0,1,0.002,0.002,0,0,0,-0.002,-0.002
"ranova","Repeated-measures ANOVA",3,10000,0.4,2000,400,0.004,1,0.004,1,0,1,0,1,0.002,0.002,0,0,0,-0.002,-0.002
"ranova","Repeated-measures ANOVA",3,10000,0.441666666666667,2000,400,0.004,1,0.004,1,0,1,0,1,0.002,0.002,0,0,0,-0.002,-0.002
"ranova","Repeated-measures ANOVA",3,10000,0.483333333333333,2000,400,0.004,1,0.004,1,0,1,0,1,0.002,0.002,0,0,0,-0.002,-0.002
"ranova","Repeated-measures ANOVA",3,10000,0.525,2000,400,0.004,1,0.004,1,0,1,0,1,0.002,0.002,0,0,0,-0.002,-0.002
"ranova","Repeated-measures ANOVA",3,10000,0.566666666666667,2000,400,0.004,1,0.004,1,0,1,0,1,0.002,0.002,0,0,0,-0.002,-0.002
"ranova","Repeated-measures ANOVA",3,10000,0.608333333333333,2000,400,0.004,1,0.004,1,0,1,0,1,0.002,0.002,0,0,0,-0.002,-0.002
"ranova","Repeated-measures ANOVA",3,10000,0.65,2000,400,0.004,1,0.004,1,0,1,0,1,0.002,0.002,0,0,0,-0.002,-0.002
"ranova","Repeated-measures ANOVA",3,10000,0.691666666666667,2000,400,0.004,1,0.004,1,0,1,0,1,0.002,0.002,0,0,0,-0.002,-0.002
"ranova","Repeated-measures ANOVA",3,10000,0.733333333333333,2000,400,0.004,1,0.004,1,0,1,0,1,0.002,0.002,0,0,0,-0.002,-0.002
"ranova","Repeated-measures ANOVA",3,10000,0.775,2000,400,0.004,1,0.004,1,0,1,0,1,0.002,0.002,0,0,0,-0.002,-0.002
"ranova","Repeated-measures ANOVA",3,10000,0.816666666666667,2000,400,0.004,1,0.004,1,0,1,0,1,0.002,0.002,0,0,0,-0.002,-0.002
"ranova","Repeated-measures ANOVA",3,10000,0.858333333333333,2000,400,0.004,1,0.004,1,0,1,0,1,0.002,0.002,0,0,0,-0.002,-0.002
"ranova","Repeated-measures ANOVA",3,10000,0.9,2000,400,0.004,1,0.004,1,0,1,0,1,0.002,0.002,0,0,0,-0.002,-0.002
"ttest","Two-sample t-test",1,100,0.002,2000,400,0.0085,0,0.0125,0,0.013,0,0,0,0.50425,0.50625,0.5065,0.5,-0.002,0.000249999999999972,-0.00624999999999998
"ttest","Two-sample t-test",1,100,0.00258309933002977,2000,400,0.0085,0.0075,0.0125,0.0225,0.013,0.0225,0,0,0.5005,0.495,0.49525,0.5,0.00549999999999995,0.000249999999999972,0.005
"ttest","Two-sample t-test",1,100,0.00333620107440012,2000,400,0.0085,0.0075,0.0125,0.0125,0.013,0.015,0,0,0.5005,0.5,0.499,0.5,0.000499999999999945,-0.00100000000000006,0
"ttest","Two-sample t-test",1,100,0.00430886938006377,2000,400,0.0085,0.0075,0.0125,0.0125,0.013,0.0125,0,0,0.5005,0.5,0.50025,0.5,0.000499999999999945,0.000249999999999972,0
"ttest","Two-sample t-test",1,100,0.00556511880441425,2000,400,0.0085,0.0075,0.0125,0.0125,0.013,0.0125,0,0,0.5005,0.5,0.50025,0.5,0.000499999999999945,0.000249999999999972,0
"ttest","Two-sample t-test",1,100,0.00718762732760925,2000,400,0.0085,0.01,0.0125,0.02,0.013,0.0225,0,0,0.49925,0.49625,0.49525,0.5,0.003,-0.001,0.00375000000000003
"ttest","Two-sample t-test",1,100,0.00928317766722556,2000,400,0.0085,0.0075,0.0125,0.015,0.013,0.02,0,0,0.5005,0.49875,0.4965,0.5,0.00174999999999997,-0.00225000000000003,0.00125000000000003
"ttest","Two-sample t-test",1,100,0.0119896850063788,2000,400,0.0085,0.0025,0.0125,0.01,0.013,0.0125,0,0,0.503,0.50125,0.50025,0.5,0.00175000000000003,-0.001,-0.00124999999999997
"ttest","Two-sample t-test",1,100,0.0154852736536225,2000,400,0.0085,0.0025,0.0125,0.0075,0.013,0.01,0,0,0.503,0.5025,0.5015,0.5,0.000500000000000056,-0.001,-0.00249999999999995
"ttest","Two-sample t-test",1,100,0.02,2000,400,0.0085,0.01,0.0125,0.0125,0.013,0.0125,0,0,0.49925,0.5,0.50025,0.5,-0.000750000000000028,0.000249999999999972,0
"ttest","Two-sample t-test",1,100,0.025,2000,400,0.0085,0.005,0.0125,0.01,0.013,0.0125,0,0,0.50175,0.50125,0.50025,0.5,0.000500000000000056,-0.001,-0.00124999999999997
"ttest","Two-sample t-test",1,100,0.0666666666666667,2000,400,0.0085,0.0075,0.0125,0.015,0.013,0.0175,0,0,0.5005,0.49875,0.49775,0.5,0.00174999999999997,-0.001,0.00125000000000003
"ttest","Two-sample t-test",1,100,0.108333333333333,2000,400,0.0085,0.0075,0.0125,0.015,0.013,0.0175,0.005,0.0075,0.5005,0.49875,0.49775,0.49875,0.00174999999999997,-0.001,0
"ttest","Two-sample t-test",1,100,0.15,2000,400,0.0085,0.0125,0.0125,0.02,0.013,0.0225,0.0185,0.0375,0.498,0.49625,0.49525,0.4905,0.00175000000000003,-0.001,-0.00574999999999998
"ttest","Two-sample t-test",1,100,0.191666666666667,2000,400,0.0085,0.045,0.0125,0.0625,0.013,0.07,0.0345,0.1425,0.48175,0.475,0.4715,0.446,0.00674999999999998,-0.00350000000000006,-0.029
"ttest","Two-sample t-test",1,100,0.233333333333333,2000,400,0.0085,0.0475,0.0125,0.065,0.013,0.07,0.0475,0.21,0.4805,0.47375,0.4715,0.41875,0.00674999999999998,-0.00225000000000009,-0.0549999999999999
"ttest","Two-sample t-test",1,100,0.275,2000,400,0.0085,0.085,0.0125,0.105,0.013,0.1175,0.0535,0.2775,0.46175,0.45375,0.44775,0.388,0.00800000000000001,-0.006,-0.06575
"ttest","Two-sample t-test",1,100,0.316666666666667,2000,400,0.0085,0.1175,0.0125,0.155,0.013,0.17,0.0555,0.355,0.4455,0.42875,0.4215,0.35025,0.01675,-0.00725000000000003,-0.0784999999999999
"ttest","Two-sample t-test",1,100,0.358333333333333,2000,400,0.0085,0.1475,0.0125,0.2,0.013,0.21,0.054,0.405,0.4305,0.40625,0.4015,0.3245,0.02425,-0.00475000000000003,-0.08175
"ttest","Two-sample t-test",1,100,0.4,2000,400,0.0085,0.1925,0.0125,0.26,0.013,0.27,0.0505,0.4625,0.408,0.37625,0.3715,0.294,0.03175,-0.00475000000000003,-0.08225
"ttest","Two-sample t-test",1,100,0.441666666666667,2000,400,0.0085,0.26,0.0125,0.31,0.013,0.335,0.0475,0.54,0.37425,0.35125,0.339,0.25375,0.023,-0.01225,-0.0974999999999999
"ttest","Two-sample t-test",1,100,0.483333333333333,2000,400,0.0085,0.3225,0.0125,0.4125,0.013,0.4325,0.045,0.64,0.343,0.3,0.29025,0.2025,0.043,-0.00975000000000004,-0.0975
"ttest","Two-sample t-test",1,100,0.525,2000,400,0.0085,0.4375,0.0125,0.5375,0.013,0.5575,0.0415,0.7225,0.2855,0.2375,0.22775,0.1595,0.048,-0.00975000000000004,-0.078
"ttest","Two-sample t-test",1,100,0.566666666666667,2000,400,0.0085,0.4725,0.0125,0.5525,0.013,0.5725,0.0345,0.7075,0.268,0.23,0.22025,0.1635,0.038,-0.00975000000000004,-0.0665
"ttest","Two-sample t-test",1,100,0.608333333333333,2000,400,0.0085,0.5775,0.0125,0.65,0.013,0.6675,0.032,0.78,0.2155,0.18125,0.17275,0.126,0.03425,-0.00850000000000001,-0.05525
"ttest","Two-sample t-test",1,100,0.65,2000,400,0.0085,0.65,0.0125,0.715,0.013,0.7325,0.0295,0.8425,0.17925,0.14875,0.14025,0.0935,0.0305,-0.00850000000000006,-0.05525
"ttest","Two-sample t-test",1,100,0.691666666666667,2000,400,0.0085,0.665,0.0125,0.735,0.013,0.755,0.026,0.8525,0.17175,0.13875,0.129,0.08675,0.033,-0.00975000000000004,-0.052
"ttest","Two-sample t-test",1,100,0.733333333333333,2000,400,0.0085,0.78,0.0125,0.8425,0.013,0.86,0.025,0.9125,0.11425,0.085,0.0765,0.05625,0.02925,-0.00850000000000001,-0.02875
"ttest","Two-sample t-test",1,100,0.775,2000,400,0.0085,0.8625,0.0125,0.9025,0.013,0.9075,0.0225,0.9375,0.073,0.055,0.05275,0.0425,0.018,-0.00225000000000003,-0.0125
"ttest","Two-sample t-test",1,100,0.816666666666667,2000,400,0.0085,0.8975,0.0125,0.9225,0.013,0.9275,0.019,0.95,0.0555,0.045,0.04275,0.0345,0.0105,-0.00225000000000003,-0.0105
"ttest","Two-sample t-test",1,100,0.858333333333333,2000,400,0.0085,0.9175,0.0125,0.9425,0.013,0.955,0.0185,0.9675,0.0455,0.035,0.029,0.0255,0.0105,-0.006,-0.00950000000000001
"ttest","Two-sample t-test",1,100,0.9,2000,400,0.0085,0.9525,0.0125,0.9725,0.013,0.975,0.016,0.9775,0.028,0.02,0.019,0.01925,0.00800000000000001,-0.001,-0.000749999999999973
"ttest","Two-sample t-test",1,122,0.002,2000,400,0.0045,0.0025,0.008,0.005,0.0095,0.005,0,0,0.501,0.5015,0.50225,0.5,-0.000500000000000056,0.000750000000000028,-0.00150000000000006
"ttest","Two-sample t-test",1,122,0.00258309933002977,2000,400,0.0045,0.0075,0.008,0.01,0.0095,0.0125,0,0,0.4985,0.499,0.4985,0.5,-5e-04,-0.000499999999999945,0.001
"ttest","Two-sample t-test",1,122,0.00333620107440012,2000,400,0.0045,0.0025,0.008,0.0075,0.0095,0.01,0,0,0.501,0.50025,0.49975,0.5,0.000750000000000028,-0.000499999999999945,-0.000249999999999972
"ttest","Two-sample t-test",1,122,0.00430886938006377,2000,400,0.0045,0.01,0.008,0.01,0.0095,0.01,0,0,0.49725,0.499,0.49975,0.5,-0.00175000000000003,0.000750000000000028,0.001
"ttest","Two-sample t-test",1,122,0.00556511880441425,2000,400,0.0045,0.005,0.008,0.0125,0.0095,0.0125,0,0,0.49975,0.49775,0.4985,0.5,0.00199999999999995,0.000750000000000028,0.00224999999999997
"ttest","Two-sample t-test",1,122,0.00718762732760925,2000,400,0.0045,0.005,0.008,0.0125,0.0095,0.015,0,0,0.49975,0.49775,0.49725,0.5,0.00199999999999995,-5e-04,0.00224999999999997
"ttest","Two-sample t-test",1,122,0.00928317766722556,2000,400,0.0045,0.0025,0.008,0.005,0.0095,0.0075,0,0,0.501,0.5015,0.501,0.5,-0.000500000000000056,-0.000500000000000056,-0.00150000000000006
"ttest","Two-sample t-test",1,122,0.0119896850063788,2000,400,0.0045,0.005,0.008,0.0075,0.0095,0.0075,0,0,0.49975,0.50025,0.501,0.5,-5e-04,0.000750000000000028,-0.000249999999999972
"ttest","Two-sample t-test",1,122,0.0154852736536225,2000,400,0.0045,0.0175,0.008,0.0175,0.0095,0.02,0,0,0.4935,0.49525,0.49475,0.5,-0.00175000000000003,-5e-04,0.00474999999999998
"ttest","Two-sample t-test",1,122,0.02,2000,400,0.0045,0.0025,0.008,0.005,0.0095,0.005,0,0,0.501,0.5015,0.50225,0.5,-0.000500000000000056,0.000750000000000028,-0.00150000000000006
"ttest","Two-sample t-test",1,122,0.025,2000,400,0.0045,0.0025,0.008,0.0075,0.0095,0.01,0,0,0.501,0.50025,0.49975,0.5,0.000750000000000028,-0.000499999999999945,-0.000249999999999972
"ttest","Two-sample t-test",1,122,0.0666666666666667,2000,400,0.0045,0.0075,0.008,0.0125,0.0095,0.015,0,0,0.4985,0.49775,0.49725,0.5,0.000749999999999973,-5e-04,0.00224999999999997
"ttest","Two-sample t-test",1,122,0.108333333333333,2000,400,0.0045,0.0125,0.008,0.025,0.0095,0.025,0.0055,0.015,0.496,0.4915,0.49225,0.49525,0.0045,0.000750000000000028,0.00375000000000003
"ttest","Two-sample t-test",1,122,0.15,2000,400,0.0045,0.015,0.008,0.0225,0.0095,0.03,0.0205,0.0775,0.49475,0.49275,0.48975,0.4715,0.00199999999999995,-0.003,-0.02125
"ttest","Two-sample t-test",1,122,0.191666666666667,2000,400,0.0045,0.05,0.008,0.0575,0.0095,0.06,0.0335,0.1275,0.47725,0.47525,0.47475,0.453,0.00199999999999995,-5e-04,-0.0222499999999999
"ttest","Two-sample t-test",1,122,0.233333333333333,2000,400,0.0045,0.0525,0.008,0.0675,0.0095,0.0725,0.0425,0.215,0.476,0.47025,0.4685,0.41375,0.00574999999999998,-0.00174999999999997,-0.0565
"ttest","Two-sample t-test",1,122,0.275,2000,400,0.0045,0.065,0.008,0.085,0.0095,0.0975,0.0455,0.3025,0.46975,0.4615,0.456,0.3715,0.00824999999999998,-0.0055,-0.09
"ttest","Two-sample t-test",1,122,0.316666666666667,2000,400,0.0045,0.1475,0.008,0.17,0.0095,0.175,0.044,0.3825,0.4285,0.419,0.41725,0.33075,0.00950000000000001,-0.00174999999999997,-0.08825
"ttest","Two-sample t-test",1,122,0.358333333333333,2000,400,0.0045,0.2075,0.008,0.2425,0.0095,0.255,0.0415,0.425,0.3985,0.38275,0.37725,0.30825,0.0157499999999999,-0.0055,-0.0745
"ttest","Two-sample t-test",1,122,0.4,2000,400,0.0045,0.285,0.008,0.34,0.0095,0.345,0.0385,0.6075,0.35975,0.334,0.33225,0.2155,0.02575,-0.00174999999999992,-0.1185
"ttest","Two-sample t-test",1,122,0.441666666666667,2000,400,0.0045,0.3225,0.008,0.3775,0.0095,0.3875,0.0335,0.6075,0.341,0.31525,0.311,0.213,0.0257499999999999,-0.00424999999999998,-0.10225
"ttest","Two-sample t-test",1,122,0.483333333333333,2000,400,0.0045,0.45,0.008,0.5325,0.0095,0.545,0.031,0.6875,0.27725,0.23775,0.23225,0.17175,0.0395,-0.0055,-0.0660000000000001
"ttest","Two-sample t-test",1,122,0.525,2000,400,0.0045,0.51,0.008,0.5725,0.0095,0.5925,0.028,0.755,0.24725,0.21775,0.2085,0.1365,0.0295,-0.00924999999999998,-0.08125
"ttest","Two-sample t-test",1,122,0.566666666666667,2000,400,0.0045,0.6225,0.008,0.66,0.0095,0.67,0.024,0.7925,0.191,0.174,0.16975,0.11575,0.017,-0.00424999999999998,-0.05825
"ttest","Two-sample t-test",1,122,0.608333333333333,2000,400,0.0045,0.67,0.008,0.7425,0.0095,0.76,0.0225,0.8625,0.16725,0.13275,0.12475,0.08,0.0345,-0.00799999999999995,-0.05275
"ttest","Two-sample t-test",1,122,0.65,2000,400,0.0045,0.77,0.008,0.805,0.0095,0.8125,0.02,0.885,0.11725,0.1015,0.0985,0.0675,0.01575,-0.00299999999999995,-0.034
"ttest","Two-sample t-test",1,122,0.691666666666667,2000,400,0.0045,0.8575,0.008,0.9025,0.0095,0.9075,0.018,0.94,0.0735,0.05275,0.051,0.039,0.0207499999999999,-0.00174999999999997,-0.01375
"ttest","Two-sample t-test",1,122,0.733333333333333,2000,400,0.0045,0.885,0.008,0.9075,0.0095,0.9125,0.0165,0.945,0.05975,0.05025,0.0485,0.03575,0.00949999999999995,-0.00174999999999997,-0.0145
"ttest","Two-sample t-test",1,122,0.775,2000,400,0.0045,0.91,0.008,0.9475,0.0095,0.95,0.015,0.9625,0.04725,0.03025,0.0297500000000001,0.0262499999999999,0.017,-0.000499999999999945,-0.00400000000000006
"ttest","Two-sample t-test",1,122,0.816666666666667,2000,400,0.0045,0.9475,0.008,0.97,0.0095,0.97,0.0135,0.98,0.0285,0.019,0.01975,0.01675,0.00949999999999995,0.000750000000000028,-0.00224999999999997
"ttest","Two-sample t-test",1,122,0.858333333333333,2000,400,0.0045,0.97,0.008,0.9825,0.0095,0.9825,0.012,0.9925,0.01725,0.01275,0.0135,0.00974999999999998,0.0045,0.000750000000000028,-0.003
"ttest","Two-sample t-test",1,122,0.9,2000,400,0.0045,0.98,0.008,0.985,0.0095,0.9875,0.0105,0.9875,0.01225,0.0115,0.011,0.0115,0.000749999999999973,-5e-04,-5.55111512312578e-17
"ttest","Two-sample t-test",1,149,0.002,2000,400,0.0065,0.005,0.009,0.0075,0.009,0.01,0,0,0.50075,0.50075,0.4995,0.5,1.11022302462516e-16,-0.00124999999999997,-0.000749999999999917
"ttest","Two-sample t-test",1,149,0.00258309933002977,2000,400,0.0065,0.005,0.009,0.01,0.009,0.01,0,0,0.50075,0.4995,0.4995,0.5,0.00125000000000008,0,0.000500000000000056
"ttest","Two-sample t-test",1,149,0.00333620107440012,2000,400,0.0065,0.0025,0.009,0.005,0.009,0.0075,0,0,0.502,0.502,0.50075,0.5,0,-0.00125000000000008,-0.002
"ttest","Two-sample t-test",1,149,0.00430886938006377,2000,400,0.0065,0.01,0.009,0.01,0.009,0.0125,0,0,0.49825,0.4995,0.49825,0.5,-0.00124999999999997,-0.00124999999999997,0.000500000000000056
"ttest","Two-sample t-test",1,149,0.00556511880441425,2000,400,0.0065,0.005,0.009,0.0075,0.009,0.0075,0,0,0.50075,0.50075,0.50075,0.5,1.11022302462516e-16,0,-0.000749999999999917
"ttest","Two-sample t-test",1,149,0.00718762732760925,2000,400,0.0065,0.0025,0.009,0.005,0.009,0.005,0,0,0.502,0.502,0.502,0.5,0,0,-0.002
"ttest","Two-sample t-test",1,149,0.00928317766722556,2000,400,0.0065,0.01,0.009,0.0125,0.009,0.0125,0,0,0.49825,0.49825,0.49825,0.5,0,0,0.00175000000000003
"ttest","Two-sample t-test",1,149,0.0119896850063788,2000,400,0.0065,0.005,0.009,0.0075,0.009,0.01,0,0,0.50075,0.50075,0.4995,0.5,1.11022302462516e-16,-0.00124999999999997,-0.000749999999999917
"ttest","Two-sample t-test",1,149,0.0154852736536225,2000,400,0.0065,0.0075,0.009,0.01,0.009,0.01,0,0,0.4995,0.4995,0.4995,0.5,5.55111512312578e-17,0,0.000500000000000056
"ttest","Two-sample t-test",1,149,0.02,2000,400,0.0065,0.01,0.009,0.01,0.009,0.01,0,0,0.49825,0.4995,0.4995,0.5,-0.00124999999999997,0,0.000500000000000056
"ttest","Two-sample t-test",1,149,0.025,2000,400,0.0065,0.0025,0.009,0.01,0.009,0.01,0,0,0.502,0.4995,0.4995,0.5,0.00250000000000006,0,0.000500000000000056
"ttest","Two-sample t-test",1,149,0.0666666666666667,2000,400,0.0065,0.0175,0.009,0.02,0.009,0.0225,5e-04,0,0.4945,0.4945,0.49325,0.50025,5.55111512312578e-17,-0.00124999999999997,0.00575000000000003
"ttest","Two-sample t-test",1,149,0.108333333333333,2000,400,0.0065,0.0125,0.009,0.0225,0.009,0.025,0.0095,0.0325,0.497,0.49325,0.492,0.4885,0.00375000000000003,-0.00125000000000003,-0.00474999999999992
"ttest","Two-sample t-test",1,149,0.15,2000,400,0.0065,0.03,0.009,0.0325,0.009,0.0375,0.0265,0.085,0.48825,0.48825,0.48575,0.47075,0,-0.0025,-0.0175
"ttest","Two-sample t-test",1,149,0.191666666666667,2000,400,0.0065,0.0425,0.009,0.05,0.009,0.0575,0.0365,0.1775,0.482,0.4795,0.47575,0.4295,0.00250000000000006,-0.00374999999999998,-0.0499999999999999
"ttest","Two-sample t-test",1,149,0.233333333333333,2000,400,0.0065,0.0775,0.009,0.095,0.009,0.0975,0.0435,0.255,0.4645,0.457,0.45575,0.39425,0.00750000000000001,-0.00125000000000003,-0.0627499999999999
"ttest","Two-sample t-test",1,149,0.275,2000,400,0.0065,0.12,0.009,0.135,0.009,0.1425,0.0435,0.32,0.44325,0.437,0.43325,0.36175,0.00625000000000003,-0.00374999999999998,-0.0752499999999999
"ttest","Two-sample t-test",1,149,0.316666666666667,2000,400,0.0065,0.1625,0.009,0.2025,0.009,0.205,0.04,0.4325,0.422,0.40325,0.402,0.30375,0.01875,-0.00124999999999997,-0.0994999999999999
"ttest","Two-sample t-test",1,149,0.358333333333333,2000,400,0.0065,0.2575,0.009,0.28,0.009,0.2975,0.036,0.5575,0.3745,0.3645,0.35575,0.23925,0.01,-0.00874999999999998,-0.12525
"ttest","Two-sample t-test",1,149,0.4,2000,400,0.0065,0.3125,0.009,0.36,0.009,0.38,0.032,0.615,0.347,0.3245,0.3145,0.2085,0.0225,-0.01,-0.116
"ttest","Two-sample t-test",1,149,0.441666666666667,2000,400,0.0065,0.4525,0.009,0.4975,0.009,0.5075,0.03,0.7175,0.277,0.25575,0.25075,0.15625,0.02125,-0.00499999999999995,-0.0994999999999999
"ttest","Two-sample t-test",1,149,0.483333333333333,2000,400,0.0065,0.525,0.009,0.5775,0.009,0.6025,0.027,0.76,0.24075,0.21575,0.20325,0.1335,0.025,-0.0125,-0.08225
"ttest","Two-sample t-test",1,149,0.525,2000,400,0.0065,0.5975,0.009,0.66,0.009,0.67,0.024,0.8075,0.2045,0.1745,0.1695,0.10825,0.03,-0.005,-0.0662499999999999
"ttest","Two-sample t-test",1,149,0.566666666666667,2000,400,0.0065,0.7325,0.009,0.7675,0.009,0.7775,0.02,0.87,0.137,0.12075,0.11575,0.075,0.01625,-0.005,-0.04575
"ttest","Two-sample t-test",1,149,0.608333333333333,2000,400,0.0065,0.795,0.009,0.8225,0.009,0.84,0.019,0.895,0.10575,0.09325,0.0845,0.062,0.0125,-0.00874999999999998,-0.03125
"ttest","Two-sample t-test",1,149,0.65,2000,400,0.0065,0.8625,0.009,0.9,0.009,0.9025,0.0165,0.9375,0.072,0.0544999999999999,0.05325,0.0395,0.0175,-0.00124999999999997,-0.015
"ttest","Two-sample t-test",1,149,0.691666666666667,2000,400,0.0065,0.935,0.009,0.945,0.009,0.9475,0.015,0.9725,0.03575,0.032,0.0307499999999999,0.0212499999999999,0.00374999999999998,-0.00125000000000003,-0.01075
"ttest","Two-sample t-test",1,149,0.733333333333333,2000,400,0.0065,0.94,0.009,0.9525,0.009,0.9525,0.014,0.975,0.03325,0.0282499999999999,0.0282499999999999,0.0195,0.00500000000000006,0,-0.00874999999999992
"ttest","Two-sample t-test",1,149,0.775,2000,400,0.0065,0.9675,0.009,0.9725,0.009,0.9725,0.012,0.98,0.0195,0.0182499999999999,0.0182499999999999,0.016,0.00125000000000003,0,-0.00224999999999992
"ttest","Two-sample t-test",1,149,0.816666666666667,2000,400,0.0065,0.9875,0.009,0.9875,0.009,0.9925,0.0095,0.995,0.00949999999999995,0.0107499999999999,0.00824999999999992,0.00725000000000003,-0.00124999999999997,-0.0025,-0.00349999999999989
"ttest","Two-sample t-test",1,149,0.858333333333333,2000,400,0.0065,0.9975,0.009,1,0.009,1,0.0095,1,0.00449999999999995,0.00449999999999995,0.00449999999999995,0.00475000000000003,0,0,0.000250000000000083
"ttest","Two-sample t-test",1,149,0.9,2000,400,0.0065,0.9925,0.009,0.9925,0.009,0.9925,0.0095,0.995,0.00699999999999995,0.00824999999999992,0.00824999999999992,0.00725000000000003,-0.00124999999999997,0,-0.00099999999999989
"ttest","Two-sample t-test",1,182,0.002,2000,400,0.008,0.0025,0.008,0.0025,0.008,0.0025,0,0,0.50275,0.50275,0.50275,0.5,0,0,-0.00275000000000003
"ttest","Two-sample t-test",1,182,0.00258309933002977,2000,400,0.008,0.005,0.008,0.005,0.008,0.0075,0,0,0.5015,0.5015,0.50025,0.5,0,-0.00125000000000008,-0.00150000000000006
"ttest","Two-sample t-test",1,182,0.00333620107440012,2000,400,0.008,0.01,0.008,0.01,0.008,0.01,0,0,0.499,0.499,0.499,0.5,0,0,0.001
"ttest","Two-sample t-test",1,182,0.00430886938006377,2000,400,0.008,0.0075,0.008,0.0075,0.008,0.01,0,0,0.50025,0.50025,0.499,0.5,0,-0.00124999999999997,-0.000249999999999972
"ttest","Two-sample t-test",1,182,0.00556511880441425,2000,400,0.008,0.0125,0.008,0.0125,0.008,0.0125,0,0,0.49775,0.49775,0.49775,0.5,0,0,0.00224999999999997
"ttest","Two-sample t-test",1,182,0.00718762732760925,2000,400,0.008,0.005,0.008,0.005,0.008,0.005,0,0,0.5015,0.5015,0.5015,0.5,0,0,-0.00150000000000006
"ttest","Two-sample t-test",1,182,0.00928317766722556,2000,400,0.008,0.0075,0.008,0.01,0.008,0.01,0,0,0.50025,0.499,0.499,0.5,0.00124999999999997,0,0.001
"ttest","Two-sample t-test",1,182,0.0119896850063788,2000,400,0.008,0.005,0.008,0.0075,0.008,0.0075,0,0,0.5015,0.50025,0.50025,0.5,0.00125000000000008,0,-0.000249999999999972
"ttest","Two-sample t-test",1,182,0.0154852736536225,2000,400,0.008,0.005,0.008,0.0075,0.008,0.015,0,0,0.5015,0.50025,0.4965,0.5,0.00125000000000008,-0.00374999999999998,-0.000249999999999972
"ttest","Two-sample t-test",1,182,0.02,2000,400,0.008,0.0075,0.008,0.0075,0.008,0.0075,0,0,0.50025,0.50025,0.50025,0.5,0,0,-0.000249999999999972
"ttest","Two-sample t-test",1,182,0.025,2000,400,0.008,0.0075,0.008,0.0075,0.008,0.0075,0,0,0.50025,0.50025,0.50025,0.5,0,0,-0.000249999999999972
"ttest","Two-sample t-test",1,182,0.0666666666666667,2000,400,0.008,0.0075,0.008,0.015,0.008,0.015,0.0015,0.0025,0.50025,0.4965,0.4965,0.4995,0.00374999999999998,0,0.00300000000000006
"ttest","Two-sample t-test",1,182,0.108333333333333,2000,400,0.008,0.0125,0.008,0.015,0.008,0.015,0.0155,0.0275,0.49775,0.4965,0.4965,0.494,0.00125000000000003,0,-0.00249999999999995
"ttest","Two-sample t-test",1,182,0.15,2000,400,0.008,0.0475,0.008,0.05,0.008,0.0525,0.0325,0.1475,0.48025,0.479,0.47775,0.4425,0.00125000000000003,-0.00124999999999997,-0.0365
"ttest","Two-sample t-test",1,182,0.191666666666667,2000,400,0.008,0.055,0.008,0.065,0.008,0.0675,0.043,0.215,0.4765,0.4715,0.47025,0.414,0.00499999999999995,-0.00125000000000003,-0.0575
"ttest","Two-sample t-test",1,182,0.233333333333333,2000,400,0.008,0.115,0.008,0.1275,0.008,0.13,0.0455,0.3175,0.4465,0.44025,0.439,0.364,0.00624999999999998,-0.00125000000000003,-0.07625
"ttest","Two-sample t-test",1,182,0.275,2000,400,0.008,0.1575,0.008,0.1825,0.008,0.1875,0.044,0.4025,0.42525,0.41275,0.41025,0.32075,0.0125,-0.0025,-0.092
"ttest","Two-sample t-test",1,182,0.316666666666667,2000,400,0.008,0.245,0.008,0.2825,0.008,0.2875,0.04,0.52,0.3815,0.36275,0.36025,0.26,0.01875,-0.0025,-0.10275
"ttest","Two-sample t-test",1,182,0.358333333333333,2000,400,0.008,0.31,0.008,0.36,0.008,0.3625,0.0355,0.5875,0.349,0.324,0.32275,0.224,0.025,-0.00125000000000003,-0.1
"ttest","Two-sample t-test",1,182,0.4,2000,400,0.008,0.465,0.008,0.5075,0.008,0.52,0.031,0.7025,0.2715,0.25025,0.244,0.16425,0.0212499999999999,-0.00625000000000003,-0.0860000000000001
"ttest","Two-sample t-test",1,182,0.441666666666667,2000,400,0.008,0.535,0.008,0.56,0.008,0.5875,0.0265,0.7725,0.2365,0.224,0.21025,0.127,0.0125,-0.01375,-0.097
"ttest","Two-sample t-test",1,182,0.483333333333333,2000,400,0.008,0.68,0.008,0.72,0.008,0.7275,0.0245,0.85,0.164,0.144,0.14025,0.08725,0.02,-0.00375000000000003,-0.05675
"ttest","Two-sample t-test",1,182,0.525,2000,400,0.008,0.7175,0.008,0.7525,0.008,0.76,0.0225,0.87,0.14525,0.12775,0.124,0.07625,0.0175,-0.00375000000000003,-0.0515
"ttest","Two-sample t-test",1,182,0.566666666666667,2000,400,0.008,0.8,0.008,0.8325,0.008,0.8375,0.0185,0.9175,0.104,0.08775,0.08525,0.0505,0.01625,-0.0025,-0.03725
"ttest","Two-sample t-test",1,182,0.608333333333333,2000,400,0.008,0.905,0.008,0.915,0.008,0.915,0.017,0.955,0.0515,0.0465,0.0465,0.031,0.005,0,-0.0155
"ttest","Two-sample t-test",1,182,0.65,2000,400,0.008,0.935,0.008,0.9475,0.008,0.9475,0.0155,0.9675,0.0365,0.03025,0.03025,0.024,0.00624999999999998,0,-0.00624999999999998
"ttest","Two-sample t-test",1,182,0.691666666666667,2000,400,0.008,0.9575,0.008,0.97,0.008,0.975,0.015,0.99,0.02525,0.019,0.0165,0.0125,0.00624999999999998,-0.0025,-0.00650000000000006
"ttest","Two-sample t-test",1,182,0.733333333333333,2000,400,0.008,0.9825,0.008,0.9825,0.008,0.9825,0.0135,0.99,0.01275,0.01275,0.01275,0.01175,0,0,-0.000999999999999945
"ttest","Two-sample t-test",1,182,0.775,2000,400,0.008,0.995,0.008,0.995,0.008,0.995,0.013,0.9975,0.00650000000000001,0.00650000000000001,0.00650000000000001,0.00774999999999992,0,0,0.00124999999999992
"ttest","Two-sample t-test",1,182,0.816666666666667,2000,400,0.008,0.995,0.008,1,0.008,1,0.01,1,0.00650000000000001,0.004,0.004,0.005,0.0025,0,0.001
"ttest","Two-sample t-test",1,182,0.858333333333333,2000,400,0.008,0.9975,0.008,0.9975,0.008,0.9975,0.0085,0.9975,0.00524999999999998,0.00524999999999998,0.00524999999999998,0.00549999999999995,0,0,0.000249999999999972
"ttest","Two-sample t-test",1,182,0.9,2000,400,0.008,1,0.008,1,0.008,1,0.008,1,0.004,0.004,0.004,0.004,0,0,0
"ttest","Two-sample t-test",1,223,0.002,2000,400,0.005,0,0.006,0,0.007,0,0,0,0.5025,0.503,0.5035,0.5,-0.000500000000000056,0.000499999999999945,-0.003
"ttest","Two-sample t-test",1,223,0.00258309933002977,2000,400,0.005,0.0025,0.006,0.0025,0.007,0.0025,0,0,0.50125,0.50175,0.50225,0.5,-0.000500000000000056,0.000499999999999945,-0.00175000000000003
"ttest","Two-sample t-test",1,223,0.00333620107440012,2000,400,0.005,0.0025,0.006,0.0025,0.007,0.0025,0,0,0.50125,0.50175,0.50225,0.5,-0.000500000000000056,0.000499999999999945,-0.00175000000000003
"ttest","Two-sample t-test",1,223,0.00430886938006377,2000,400,0.005,0.0025,0.006,0.005,0.007,0.005,0,0,0.50125,0.5005,0.501,0.5,0.000749999999999917,0.000499999999999945,-0.000500000000000056
"ttest","Two-sample t-test",1,223,0.00556511880441425,2000,400,0.005,0.0125,0.006,0.0125,0.007,0.0125,0,0,0.49625,0.49675,0.49725,0.5,-0.000500000000000056,0.000499999999999945,0.00324999999999998
"ttest","Two-sample t-test",1,223,0.00718762732760925,2000,400,0.005,0.01,0.006,0.01,0.007,0.0125,0,0,0.4975,0.498,0.49725,0.5,-0.000500000000000056,-0.000750000000000028,0.002
"ttest","Two-sample t-test",1,223,0.00928317766722556,2000,400,0.005,0.0025,0.006,0.0025,0.007,0.0025,0,0,0.50125,0.50175,0.50225,0.5,-0.000500000000000056,0.000499999999999945,-0.00175000000000003
"ttest","Two-sample t-test",1,223,0.0119896850063788,2000,400,0.005,0.01,0.006,0.01,0.007,0.0125,0,0,0.4975,0.498,0.49725,0.5,-0.000500000000000056,-0.000750000000000028,0.002
"ttest","Two-sample t-test",1,223,0.0154852736536225,2000,400,0.005,0.0125,0.006,0.0125,0.007,0.015,0,0,0.49625,0.49675,0.496,0.5,-0.000500000000000056,-0.000750000000000084,0.00324999999999998
"ttest","Two-sample t-test",1,223,0.02,2000,400,0.005,0.0125,0.006,0.0125,0.007,0.015,0,0,0.49625,0.49675,0.496,0.5,-0.000500000000000056,-0.000750000000000084,0.00324999999999998
"ttest","Two-sample t-test",1,223,0.025,2000,400,0.005,0.0025,0.006,0.0025,0.007,0.0025,0,0,0.50125,0.50175,0.50225,0.5,-0.000500000000000056,0.000499999999999945,-0.00175000000000003
"ttest","Two-sample t-test",1,223,0.0666666666666667,2000,400,0.005,0.0175,0.006,0.0175,0.007,0.0175,0.0025,0.015,0.49375,0.49425,0.49475,0.49375,-0.000500000000000056,0.000499999999999945,-0.000500000000000056
"ttest","Two-sample t-test",1,223,0.108333333333333,2000,400,0.005,0.005,0.006,0.005,0.007,0.005,0.0155,0.0475,0.5,0.5005,0.501,0.484,-0.000500000000000111,0.000499999999999945,-0.0165
"ttest","Two-sample t-test",1,223,0.15,2000,400,0.005,0.0425,0.006,0.055,0.007,0.06,0.0385,0.19,0.48125,0.4755,0.4735,0.42425,0.00574999999999998,-0.00200000000000006,-0.05125
"ttest","Two-sample t-test",1,223,0.191666666666667,2000,400,0.005,0.0625,0.006,0.07,0.007,0.07,0.0465,0.26,0.47125,0.468,0.4685,0.39325,0.00324999999999998,0.000499999999999945,-0.07475
"ttest","Two-sample t-test",1,223,0.233333333333333,2000,400,0.005,0.1575,0.006,0.165,0.007,0.1675,0.0465,0.42,0.42375,0.4205,0.41975,0.31325,0.00324999999999998,-0.000750000000000028,-0.10725
"ttest","Two-sample t-test",1,223,0.275,2000,400,0.005,0.2475,0.006,0.27,0.007,0.275,0.0425,0.51,0.37875,0.368,0.366,0.26625,0.0107499999999999,-0.00200000000000006,-0.10175
"ttest","Two-sample t-test",1,223,0.316666666666667,2000,400,0.005,0.3125,0.006,0.33,0.007,0.335,0.0345,0.59,0.34625,0.338,0.336,0.22225,0.00824999999999998,-0.002,-0.11575
"ttest","Two-sample t-test",1,223,0.358333333333333,2000,400,0.005,0.4625,0.006,0.4825,0.007,0.4875,0.03,0.6875,0.27125,0.26175,0.25975,0.17125,0.0094999999999999,-0.00200000000000011,-0.0905
"ttest","Two-sample t-test",1,223,0.4,2000,400,0.005,0.5425,0.006,0.5525,0.007,0.5675,0.0225,0.75,0.23125,0.22675,0.21975,0.13625,0.00449999999999995,-0.00700000000000006,-0.0905
"ttest","Two-sample t-test",1,223,0.441666666666667,2000,400,0.005,0.66,0.006,0.675,0.007,0.6825,0.018,0.845,0.1725,0.1655,0.16225,0.0865,0.00699999999999995,-0.00325000000000003,-0.079
"ttest","Two-sample t-test",1,223,0.483333333333333,2000,400,0.005,0.79,0.006,0.7975,0.007,0.8075,0.0165,0.91,0.1075,0.10425,0.09975,0.05325,0.00324999999999992,-0.00450000000000006,-0.051
"ttest","Two-sample t-test",1,223,0.525,2000,400,0.005,0.8825,0.006,0.8925,0.007,0.895,0.014,0.9525,0.06125,0.05675,0.0559999999999999,0.03075,0.00449999999999995,-0.000750000000000084,-0.026
"ttest","Two-sample t-test",1,223,0.566666666666667,2000,400,0.005,0.91,0.006,0.915,0.007,0.9175,0.0125,0.9475,0.0474999999999999,0.0455,0.04475,0.0325,0.00199999999999995,-0.000750000000000028,-0.013
"ttest","Two-sample t-test",1,223,0.608333333333333,2000,400,0.005,0.96,0.006,0.965,0.007,0.97,0.011,0.9825,0.0225,0.0205,0.0185,0.0142499999999999,0.00199999999999995,-0.00200000000000006,-0.00625000000000009
"ttest","Two-sample t-test",1,223,0.65,2000,400,0.005,0.9825,0.006,0.9825,0.007,0.9825,0.0095,0.985,0.0112499999999999,0.01175,0.0122499999999999,0.01225,-0.000500000000000056,0.000499999999999945,0.000500000000000056
"ttest","Two-sample t-test",1,223,0.691666666666667,2000,400,0.005,0.9825,0.006,0.9875,0.007,0.99,0.0095,0.995,0.0112499999999999,0.00924999999999998,0.00849999999999995,0.00725000000000003,0.00199999999999995,-0.000750000000000028,-0.00199999999999995
"ttest","Two-sample t-test",1,223,0.733333333333333,2000,400,0.005,0.9975,0.006,0.9975,0.007,0.9975,0.0085,0.9975,0.00374999999999992,0.00424999999999998,0.00474999999999992,0.00549999999999995,-0.000500000000000056,0.000499999999999945,0.00124999999999997
"ttest","Two-sample t-test",1,223,0.775,2000,400,0.005,0.9975,0.006,0.9975,0.007,0.9975,0.008,1,0.00374999999999992,0.00424999999999998,0.00474999999999992,0.004,-0.000500000000000056,0.000499999999999945,-0.000249999999999972
"ttest","Two-sample t-test",1,223,0.816666666666667,2000,400,0.005,1,0.006,1,0.007,1,0.007,1,0.00249999999999995,0.003,0.00349999999999995,0.00349999999999995,-0.000500000000000056,0.000499999999999945,0.000499999999999945
"ttest","Two-sample t-test",1,223,0.858333333333333,2000,400,0.005,1,0.006,1,0.007,1,0.007,1,0.00249999999999995,0.003,0.00349999999999995,0.00349999999999995,-0.000500000000000056,0.000499999999999945,0.000499999999999945
"ttest","Two-sample t-test",1,223,0.9,2000,400,0.005,1,0.006,1,0.007,1,0.0055,1,0.00249999999999995,0.003,0.00349999999999995,0.00275000000000003,-0.000500000000000056,0.000499999999999945,-0.000249999999999972
"ttest","Two-sample t-test",1,272,0.002,2000,400,0.003,0.0025,0.003,0.0025,0.0045,0.0025,0,0,0.50025,0.50025,0.501,0.5,0,0.000750000000000028,-0.000249999999999972
"ttest","Two-sample t-test",1,272,0.00258309933002977,2000,400,0.003,0.0025,0.003,0.0025,0.0045,0.0025,0,0,0.50025,0.50025,0.501,0.5,0,0.000750000000000028,-0.000249999999999972
"ttest","Two-sample t-test",1,272,0.00333620107440012,2000,400,0.003,0,0.003,0,0.0045,0,0,0,0.5015,0.5015,0.50225,0.5,0,0.000750000000000028,-0.00149999999999995
"ttest","Two-sample t-test",1,272,0.00430886938006377,2000,400,0.003,0.0025,0.003,0.0025,0.0045,0.0025,0,0,0.50025,0.50025,0.501,0.5,0,0.000750000000000028,-0.000249999999999972
"ttest","Two-sample t-test",1,272,0.00556511880441425,2000,400,0.003,0.005,0.003,0.005,0.0045,0.005,0,0,0.499,0.499,0.49975,0.5,0,0.000750000000000028,0.00100000000000006
"ttest","Two-sample t-test",1,272,0.00718762732760925,2000,400,0.003,0.005,0.003,0.005,0.0045,0.005,0,0,0.499,0.499,0.49975,0.5,0,0.000750000000000028,0.00100000000000006
"ttest","Two-sample t-test",1,272,0.00928317766722556,2000,400,0.003,0.0025,0.003,0.0025,0.0045,0.0025,0,0,0.50025,0.50025,0.501,0.5,0,0.000750000000000028,-0.000249999999999972
"ttest","Two-sample t-test",1,272,0.0119896850063788,2000,400,0.003,0.0075,0.003,0.0075,0.0045,0.0075,0,0,0.49775,0.49775,0.4985,0.5,0,0.000750000000000028,0.00225000000000003
"ttest","Two-sample t-test",1,272,0.0154852736536225,2000,400,0.003,0.0025,0.003,0.0025,0.0045,0.0025,0,0,0.50025,0.50025,0.501,0.5,0,0.000750000000000028,-0.000249999999999972
"ttest","Two-sample t-test",1,272,0.02,2000,400,0.003,0.0025,0.003,0.0025,0.0045,0.0025,0,0,0.50025,0.50025,0.501,0.5,0,0.000750000000000028,-0.000249999999999972
"ttest","Two-sample t-test",1,272,0.025,2000,400,0.003,0.005,0.003,0.005,0.0045,0.005,0,0,0.499,0.499,0.49975,0.5,0,0.000750000000000028,0.00100000000000006
"ttest","Two-sample t-test",1,272,0.0666666666666667,2000,400,0.003,0.0075,0.003,0.0075,0.0045,0.0075,0.002,0.005,0.49775,0.49775,0.4985,0.4985,0,0.000750000000000028,0.000750000000000028
"ttest","Two-sample t-test",1,272,0.108333333333333,2000,400,0.003,0.025,0.003,0.025,0.0045,0.025,0.0265,0.075,0.489,0.489,0.48975,0.47575,0,0.000750000000000028,-0.0132499999999999
"ttest","Two-sample t-test",1,272,0.15,2000,400,0.003,0.055,0.003,0.055,0.0045,0.0575,0.042,0.2275,0.474,0.474,0.4735,0.40725,0,-0.000499999999999945,-0.0667499999999999
"ttest","Two-sample t-test",1,272,0.191666666666667,2000,400,0.003,0.105,0.003,0.11,0.0045,0.1125,0.046,0.315,0.449,0.4465,0.446,0.3655,0.0025,-5e-04,-0.0809999999999999
"ttest","Two-sample t-test",1,272,0.233333333333333,2000,400,0.003,0.1875,0.003,0.19,0.0045,0.1925,0.042,0.4425,0.40775,0.4065,0.406,0.29975,0.00124999999999997,-5e-04,-0.10675
"ttest","Two-sample t-test",1,272,0.275,2000,400,0.003,0.2625,0.003,0.2675,0.0045,0.27,0.0375,0.54,0.37025,0.36775,0.36725,0.24875,0.00250000000000006,-0.000499999999999945,-0.119
"ttest","Two-sample t-test",1,272,0.316666666666667,2000,400,0.003,0.375,0.003,0.3775,0.0045,0.385,0.0315,0.64,0.314,0.31275,0.30975,0.19575,0.00124999999999997,-0.003,-0.117
"ttest","Two-sample t-test",1,272,0.358333333333333,2000,400,0.003,0.5625,0.003,0.565,0.0045,0.57,0.028,0.7925,0.22025,0.219,0.21725,0.11775,0.00124999999999997,-0.00174999999999997,-0.10125
"ttest","Two-sample t-test",1,272,0.4,2000,400,0.003,0.675,0.003,0.6775,0.0045,0.6825,0.0225,0.8675,0.164,0.16275,0.161,0.0775,0.00124999999999997,-0.00174999999999997,-0.08525
"ttest","Two-sample t-test",1,272,0.441666666666667,2000,400,0.003,0.7775,0.003,0.7825,0.0045,0.7825,0.0185,0.8925,0.11275,0.11025,0.111,0.063,0.0025,0.000750000000000028,-0.04725
"ttest","Two-sample t-test",1,272,0.483333333333333,2000,400,0.003,0.8725,0.003,0.8725,0.0045,0.8775,0.016,0.955,0.0652499999999999,0.0652499999999999,0.0635,0.0305,0,-0.00174999999999992,-0.0347499999999999
"ttest","Two-sample t-test",1,272,0.525,2000,400,0.003,0.915,0.003,0.9175,0.0045,0.9175,0.014,0.955,0.0439999999999999,0.04275,0.0435,0.0295,0.00124999999999997,0.000750000000000028,-0.0132499999999999
"ttest","Two-sample t-test",1,272,0.566666666666667,2000,400,0.003,0.9725,0.003,0.9725,0.0045,0.9725,0.0115,0.995,0.0152499999999999,0.0152499999999999,0.016,0.00825000000000004,0,0.000750000000000028,-0.0069999999999999
"ttest","Two-sample t-test",1,272,0.608333333333333,2000,400,0.003,0.9875,0.003,0.9875,0.0045,0.9875,0.011,0.9925,0.00774999999999992,0.00774999999999992,0.00849999999999995,0.00924999999999992,0,0.000750000000000028,0.0015
"ttest","Two-sample t-test",1,272,0.65,2000,400,0.003,0.9975,0.003,0.9975,0.0045,0.9975,0.01,0.9975,0.00274999999999992,0.00274999999999992,0.00349999999999995,0.00624999999999998,0,0.000750000000000028,0.00350000000000006
"ttest","Two-sample t-test",1,272,0.691666666666667,2000,400,0.003,0.9975,0.003,0.9975,0.0045,0.9975,0.009,0.9975,0.00274999999999992,0.00274999999999992,0.00349999999999995,0.00574999999999992,0,0.000750000000000028,0.003
"ttest","Two-sample t-test",1,272,0.733333333333333,2000,400,0.003,1,0.003,1,0.0045,1,0.0065,1,0.00149999999999995,0.00149999999999995,0.00224999999999997,0.00324999999999998,0,0.000750000000000028,0.00175000000000003
"ttest","Two-sample t-test",1,272,0.775,2000,400,0.003,1,0.003,1,0.0045,1,0.005,1,0.00149999999999995,0.00149999999999995,0.00224999999999997,0.00249999999999995,0,0.000750000000000028,0.001
"ttest","Two-sample t-test",1,272,0.816666666666667,2000,400,0.003,1,0.003,1,0.0045,1,0.005,1,0.00149999999999995,0.00149999999999995,0.00224999999999997,0.00249999999999995,0,0.000750000000000028,0.001
"ttest","Two-sample t-test",1,272,0.858333333333333,2000,400,0.003,1,0.003,1,0.0045,1,0.003,1,0.00149999999999995,0.00149999999999995,0.00224999999999997,0.00149999999999995,0,0.000750000000000028,0
"ttest","Two-sample t-test",1,272,0.9,2000,400,0.003,1,0.003,1,0.0045,1,0.0025,1,0.00149999999999995,0.00149999999999995,0.00224999999999997,0.00124999999999997,0,0.000750000000000028,-0.000249999999999972
"ttest","Two-sample t-test",1,332,0.002,2000,400,0.0075,0.0075,0.0075,0.0075,0.0075,0.0075,0,0,0.5,0.5,0.5,0.5,0,0,0
"ttest","Two-sample t-test",1,332,0.00258309933002977,2000,400,0.0075,0.0125,0.0075,0.01,0.0075,0.01,0,0,0.4975,0.49875,0.49875,0.5,-0.00124999999999997,0,0.00124999999999997
"ttest","Two-sample t-test",1,332,0.00333620107440012,2000,400,0.0075,0.0075,0.0075,0.005,0.0075,0.005,0,0,0.5,0.50125,0.50125,0.5,-0.00125000000000008,0,-0.00125000000000008
"ttest","Two-sample t-test",1,332,0.00430886938006377,2000,400,0.0075,0.01,0.0075,0.0075,0.0075,0.01,0,0,0.49875,0.5,0.49875,0.5,-0.00124999999999997,-0.00124999999999997,0
"ttest","Two-sample t-test",1,332,0.00556511880441425,2000,400,0.0075,0.0025,0.0075,0.0025,0.0075,0.0025,0,0,0.5025,0.5025,0.5025,0.5,0,0,-0.00250000000000006
"ttest","Two-sample t-test",1,332,0.00718762732760925,2000,400,0.0075,0.005,0.0075,0.005,0.0075,0.005,0,0,0.50125,0.50125,0.50125,0.5,0,0,-0.00125000000000008
"ttest","Two-sample t-test",1,332,0.00928317766722556,2000,400,0.0075,0.0075,0.0075,0.005,0.0075,0.005,0,0,0.5,0.50125,0.50125,0.5,-0.00125000000000008,0,-0.00125000000000008
"ttest","Two-sample t-test",1,332,0.0119896850063788,2000,400,0.0075,0,0.0075,0,0.0075,0,0,0,0.50375,0.50375,0.50375,0.5,0,0,-0.00375000000000003
"ttest","Two-sample t-test",1,332,0.0154852736536225,2000,400,0.0075,0,0.0075,0,0.0075,0,0,0,0.50375,0.50375,0.50375,0.5,0,0,-0.00375000000000003
"ttest","Two-sample t-test",1,332,0.02,2000,400,0.0075,0.0125,0.0075,0.0075,0.0075,0.0075,0,0,0.4975,0.5,0.5,0.5,-0.00249999999999995,0,0
"ttest","Two-sample t-test",1,332,0.025,2000,400,0.0075,0.0025,0.0075,0.0025,0.0075,0.0025,0,0,0.5025,0.5025,0.5025,0.5,0,0,-0.00250000000000006
"ttest","Two-sample t-test",1,332,0.0666666666666667,2000,400,0.0075,0.0075,0.0075,0.0075,0.0075,0.0075,0.0095,0.01,0.5,0.5,0.5,0.49975,0,0,-0.000249999999999972
"ttest","Two-sample t-test",1,332,0.108333333333333,2000,400,0.0075,0.0375,0.0075,0.0375,0.0075,0.0375,0.033,0.125,0.485,0.485,0.485,0.454,0,0,-0.0310000000000001
"ttest","Two-sample t-test",1,332,0.15,2000,400,0.0075,0.0725,0.0075,0.0725,0.0075,0.0725,0.0465,0.2775,0.4675,0.4675,0.4675,0.3845,0,0,-0.0830000000000001
"ttest","Two-sample t-test",1,332,0.191666666666667,2000,400,0.0075,0.16,0.0075,0.1525,0.0075,0.16,0.047,0.4075,0.42375,0.4275,0.42375,0.31975,-0.00375000000000003,-0.00375000000000003,-0.10775
"ttest","Two-sample t-test",1,332,0.233333333333333,2000,400,0.0075,0.2275,0.0075,0.2225,0.0075,0.225,0.044,0.4975,0.39,0.3925,0.39125,0.27325,-0.0025,-0.00124999999999997,-0.11925
"ttest","Two-sample t-test",1,332,0.275,2000,400,0.0075,0.3425,0.0075,0.3325,0.0075,0.3375,0.0375,0.6425,0.3325,0.3375,0.335,0.1975,-0.005,-0.0025,-0.14
"ttest","Two-sample t-test",1,332,0.316666666666667,2000,400,0.0075,0.5025,0.0075,0.495,0.0075,0.5,0.031,0.7625,0.2525,0.25625,0.25375,0.13425,-0.00374999999999998,-0.0025,-0.122
"ttest","Two-sample t-test",1,332,0.358333333333333,2000,400,0.0075,0.6875,0.0075,0.67,0.0075,0.68,0.026,0.8425,0.16,0.16875,0.16375,0.09175,-0.00874999999999998,-0.005,-0.077
"ttest","Two-sample t-test",1,332,0.4,2000,400,0.0075,0.7825,0.0075,0.775,0.0075,0.7775,0.023,0.9,0.1125,0.11625,0.115,0.0614999999999999,-0.00374999999999998,-0.00124999999999997,-0.0547500000000001
"ttest","Two-sample t-test",1,332,0.441666666666667,2000,400,0.0075,0.8875,0.0075,0.875,0.0075,0.885,0.022,0.9475,0.06,0.06625,0.06125,0.03725,-0.00624999999999998,-0.005,-0.029
"ttest","Two-sample t-test",1,332,0.483333333333333,2000,400,0.0075,0.9425,0.0075,0.94,0.0075,0.9425,0.0205,0.965,0.0325,0.0337500000000001,0.0325,0.02775,-0.00125000000000003,-0.00125000000000003,-0.00600000000000006
"ttest","Two-sample t-test",1,332,0.525,2000,400,0.0075,0.9875,0.0075,0.9875,0.0075,0.9875,0.017,0.9975,0.01,0.01,0.01,0.00974999999999993,0,0,-0.000250000000000083
"ttest","Two-sample t-test",1,332,0.566666666666667,2000,400,0.0075,0.985,0.0075,0.9825,0.0075,0.985,0.0145,0.9925,0.01125,0.0125,0.01125,0.011,-0.00124999999999997,-0.00124999999999997,-0.00150000000000006
"ttest","Two-sample t-test",1,332,0.608333333333333,2000,400,0.0075,0.995,0.0075,0.995,0.0075,0.995,0.0135,0.995,0.00625000000000003,0.00625000000000003,0.00625000000000003,0.00925000000000004,0,0,0.003
"ttest","Two-sample t-test",1,332,0.65,2000,400,0.0075,1,0.0075,1,0.0075,1,0.0105,1,0.00375000000000003,0.00375000000000003,0.00375000000000003,0.00524999999999998,0,0,0.00149999999999995
"ttest","Two-sample t-test",1,332,0.691666666666667,2000,400,0.0075,1,0.0075,1,0.0075,1,0.0095,1,0.00375000000000003,0.00375000000000003,0.00375000000000003,0.00475000000000003,0,0,0.001
"ttest","Two-sample t-test",1,332,0.733333333333333,2000,400,0.0075,1,0.0075,1,0.0075,1,0.0085,1,0.00375000000000003,0.00375000000000003,0.00375000000000003,0.00424999999999998,0,0,0.000499999999999945
"ttest","Two-sample t-test",1,332,0.775,2000,400,0.0075,1,0.0075,1,0.0075,1,0.0075,1,0.00375000000000003,0.00375000000000003,0.00375000000000003,0.00375000000000003,0,0,0
"ttest","Two-sample t-test",1,332,0.816666666666667,2000,400,0.0075,1,0.0075,1,0.0075,1,0.007,1,0.00375000000000003,0.00375000000000003,0.00375000000000003,0.00349999999999995,0,0,-0.000250000000000083
"ttest","Two-sample t-test",1,332,0.858333333333333,2000,400,0.0075,1,0.0075,1,0.0075,1,0.007,1,0.00375000000000003,0.00375000000000003,0.00375000000000003,0.00349999999999995,0,0,-0.000250000000000083
"ttest","Two-sample t-test",1,332,0.9,2000,400,0.0075,1,0.0075,1,0.0075,1,0.006,1,0.00375000000000003,0.00375000000000003,0.00375000000000003,0.003,0,0,-0.000750000000000028
"ttest","Two-sample t-test",1,406,0.002,2000,400,0.005,0.0025,0.0045,0.0025,0.005,0.0025,0,0,0.50125,0.501,0.50125,0.5,0.000249999999999972,0.000249999999999972,-0.001
"ttest","Two-sample t-test",1,406,0.00258309933002977,2000,400,0.005,0.005,0.0045,0.005,0.005,0.005,0,0,0.5,0.49975,0.5,0.5,0.000249999999999972,0.000249999999999972,0.000250000000000028
"ttest","Two-sample t-test",1,406,0.00333620107440012,2000,400,0.005,0.0025,0.0045,0.0025,0.005,0.0025,0,0,0.50125,0.501,0.50125,0.5,0.000249999999999972,0.000249999999999972,-0.001
"ttest","Two-sample t-test",1,406,0.00430886938006377,2000,400,0.005,0.0025,0.0045,0.0025,0.005,0.0025,0,0,0.50125,0.501,0.50125,0.5,0.000249999999999972,0.000249999999999972,-0.001
"ttest","Two-sample t-test",1,406,0.00556511880441425,2000,400,0.005,0,0.0045,0,0.005,0,0,0,0.5025,0.50225,0.5025,0.5,0.000249999999999972,0.000249999999999972,-0.00224999999999997
"ttest","Two-sample t-test",1,406,0.00718762732760925,2000,400,0.005,0.005,0.0045,0.005,0.005,0.005,0,0,0.5,0.49975,0.5,0.5,0.000249999999999972,0.000249999999999972,0.000250000000000028
"ttest","Two-sample t-test",1,406,0.00928317766722556,2000,400,0.005,0.005,0.0045,0.005,0.005,0.005,0,0,0.5,0.49975,0.5,0.5,0.000249999999999972,0.000249999999999972,0.000250000000000028
"ttest","Two-sample t-test",1,406,0.0119896850063788,2000,400,0.005,0,0.0045,0,0.005,0,0,0,0.5025,0.50225,0.5025,0.5,0.000249999999999972,0.000249999999999972,-0.00224999999999997
"ttest","Two-sample t-test",1,406,0.0154852736536225,2000,400,0.005,0.005,0.0045,0.005,0.005,0.005,0,0,0.5,0.49975,0.5,0.5,0.000249999999999972,0.000249999999999972,0.000250000000000028
"ttest","Two-sample t-test",1,406,0.02,2000,400,0.005,0.0025,0.0045,0,0.005,0.0025,0,0,0.50125,0.50225,0.50125,0.5,-0.001,-0.001,-0.00224999999999997
"ttest","Two-sample t-test",1,406,0.025,2000,400,0.005,0.0075,0.0045,0,0.005,0,0,0,0.49875,0.50225,0.5025,0.5,-0.0035,0.000249999999999972,-0.00224999999999997
"ttest","Two-sample t-test",1,406,0.0666666666666667,2000,400,0.005,0.02,0.0045,0.015,0.005,0.0175,0.008,0.0325,0.4925,0.49475,0.49375,0.48775,-0.00225000000000003,-0.001,-0.00699999999999995
"ttest","Two-sample t-test",1,406,0.108333333333333,2000,400,0.005,0.045,0.0045,0.0425,0.005,0.0425,0.032,0.16,0.48,0.481,0.48125,0.436,-0.00100000000000006,0.000249999999999972,-0.045
"ttest","Two-sample t-test",1,406,0.15,2000,400,0.005,0.065,0.0045,0.055,0.005,0.055,0.0435,0.27,0.47,0.47475,0.475,0.38675,-0.00474999999999998,0.000249999999999972,-0.0879999999999999
"ttest","Two-sample t-test",1,406,0.191666666666667,2000,400,0.005,0.19,0.0045,0.1725,0.005,0.1775,0.0395,0.4725,0.4075,0.416,0.41375,0.2835,-0.00850000000000001,-0.00225000000000003,-0.1325
"ttest","Two-sample t-test",1,406,0.233333333333333,2000,400,0.005,0.29,0.0045,0.2675,0.005,0.2725,0.032,0.5575,0.3575,0.3685,0.36625,0.23725,-0.011,-0.00224999999999997,-0.13125
"ttest","Two-sample t-test",1,406,0.275,2000,400,0.005,0.5,0.0045,0.48,0.005,0.4875,0.0255,0.72,0.2525,0.26225,0.25875,0.15275,-0.00975000000000004,-0.00350000000000006,-0.1095
"ttest","Two-sample t-test",1,406,0.316666666666667,2000,400,0.005,0.6275,0.0045,0.61,0.005,0.6125,0.0205,0.8175,0.18875,0.19725,0.19625,0.1015,-0.00850000000000001,-0.00100000000000006,-0.09575
"ttest","Two-sample t-test",1,406,0.358333333333333,2000,400,0.005,0.77,0.0045,0.75,0.005,0.7575,0.017,0.89,0.1175,0.12725,0.12375,0.0635,-0.00975000000000004,-0.0035,-0.06375
"ttest","Two-sample t-test",1,406,0.4,2000,400,0.005,0.88,0.0045,0.865,0.005,0.865,0.013,0.9525,0.0625,0.06975,0.07,0.0302499999999999,-0.00725000000000003,0.000249999999999972,-0.0395
"ttest","Two-sample t-test",1,406,0.441666666666667,2000,400,0.005,0.9375,0.0045,0.93,0.005,0.9325,0.0115,0.9675,0.0337499999999999,0.03725,0.03625,0.022,-0.0035,-0.001,-0.0152499999999999
"ttest","Two-sample t-test",1,406,0.483333333333333,2000,400,0.005,0.975,0.0045,0.97,0.005,0.97,0.0095,0.98,0.015,0.01725,0.0175,0.01475,-0.00225000000000003,0.000249999999999972,-0.00249999999999995
"ttest","Two-sample t-test",1,406,0.525,2000,400,0.005,0.9875,0.0045,0.9825,0.005,0.9825,0.0075,0.9975,0.00874999999999992,0.011,0.0112499999999999,0.005,-0.00225000000000003,0.000249999999999972,-0.00599999999999995
"ttest","Two-sample t-test",1,406,0.566666666666667,2000,400,0.005,0.9975,0.0045,0.9975,0.005,0.9975,0.0065,1,0.00374999999999992,0.00349999999999995,0.00374999999999992,0.00324999999999998,0.000249999999999972,0.000249999999999972,-0.000249999999999972
"ttest","Two-sample t-test",1,406,0.608333333333333,2000,400,0.005,1,0.0045,1,0.005,1,0.0055,1,0.00249999999999995,0.00224999999999997,0.00249999999999995,0.00275000000000003,0.000249999999999972,0.000249999999999972,0.000500000000000056
"ttest","Two-sample t-test",1,406,0.65,2000,400,0.005,1,0.0045,1,0.005,1,0.005,1,0.00249999999999995,0.00224999999999997,0.00249999999999995,0.00249999999999995,0.000249999999999972,0.000249999999999972,0.000249999999999972
"ttest","Two-sample t-test",1,406,0.691666666666667,2000,400,0.005,1,0.0045,1,0.005,1,0.005,1,0.00249999999999995,0.00224999999999997,0.00249999999999995,0.00249999999999995,0.000249999999999972,0.000249999999999972,0.000249999999999972
"ttest","Two-sample t-test",1,406,0.733333333333333,2000,400,0.005,1,0.0045,1,0.005,1,0.005,1,0.00249999999999995,0.00224999999999997,0.00249999999999995,0.00249999999999995,0.000249999999999972,0.000249999999999972,0.000249999999999972
"ttest","Two-sample t-test",1,406,0.775,2000,400,0.005,1,0.0045,1,0.005,1,0.0045,1,0.00249999999999995,0.00224999999999997,0.00249999999999995,0.00224999999999997,0.000249999999999972,0.000249999999999972,0
"ttest","Two-sample t-test",1,406,0.816666666666667,2000,400,0.005,1,0.0045,1,0.005,1,0.0045,1,0.00249999999999995,0.00224999999999997,0.00249999999999995,0.00224999999999997,0.000249999999999972,0.000249999999999972,0
"ttest","Two-sample t-test",1,406,0.858333333333333,2000,400,0.005,1,0.0045,1,0.005,1,0.0045,1,0.00249999999999995,0.00224999999999997,0.00249999999999995,0.00224999999999997,0.000249999999999972,0.000249999999999972,0
"ttest","Two-sample t-test",1,406,0.9,2000,400,0.005,1,0.0045,1,0.005,1,0.0035,1,0.00249999999999995,0.00224999999999997,0.00249999999999995,0.00175000000000003,0.000249999999999972,0.000249999999999972,-0.000499999999999945
"ttest","Two-sample t-test",1,496,0.002,2000,400,0.0035,0.015,0.002,0.0125,0.0025,0.0125,0,0,0.49425,0.49475,0.495,0.5,-5e-04,0.000249999999999972,0.00524999999999998
"ttest","Two-sample t-test",1,496,0.00258309933002977,2000,400,0.0035,0.0025,0.002,0.0025,0.0025,0.0025,0,0,0.5005,0.49975,0.5,0.5,0.000750000000000028,0.000249999999999972,0.000249999999999972
"ttest","Two-sample t-test",1,496,0.00333620107440012,2000,400,0.0035,0,0.002,0,0.0025,0,0,0,0.50175,0.501,0.50125,0.5,0.000750000000000028,0.000249999999999972,-0.001
"ttest","Two-sample t-test",1,496,0.00430886938006377,2000,400,0.0035,0.0025,0.002,0.0025,0.0025,0.0025,0,0,0.5005,0.49975,0.5,0.5,0.000750000000000028,0.000249999999999972,0.000249999999999972
"ttest","Two-sample t-test",1,496,0.00556511880441425,2000,400,0.0035,0,0.002,0,0.0025,0,0,0,0.50175,0.501,0.50125,0.5,0.000750000000000028,0.000249999999999972,-0.001
"ttest","Two-sample t-test",1,496,0.00718762732760925,2000,400,0.0035,0.0075,0.002,0.005,0.0025,0.005,0,0,0.498,0.4985,0.49875,0.5,-0.000499999999999945,0.000249999999999972,0.0015
"ttest","Two-sample t-test",1,496,0.00928317766722556,2000,400,0.0035,0.0025,0.002,0,0.0025,0.0025,0,0,0.5005,0.501,0.5,0.5,-0.000499999999999945,-0.001,-0.001
"ttest","Two-sample t-test",1,496,0.0119896850063788,2000,400,0.0035,0.015,0.002,0.0125,0.0025,0.0125,0,0,0.49425,0.49475,0.495,0.5,-5e-04,0.000249999999999972,0.00524999999999998
"ttest","Two-sample t-test",1,496,0.0154852736536225,2000,400,0.0035,0.0025,0.002,0.0025,0.0025,0.0025,0,0,0.5005,0.49975,0.5,0.5,0.000750000000000028,0.000249999999999972,0.000249999999999972
"ttest","Two-sample t-test",1,496,0.02,2000,400,0.0035,0.005,0.002,0.005,0.0025,0.005,0,0,0.49925,0.4985,0.49875,0.5,0.000750000000000028,0.000249999999999972,0.0015
"ttest","Two-sample t-test",1,496,0.025,2000,400,0.0035,0.01,0.002,0.0075,0.0025,0.0075,0,0,0.49675,0.49725,0.4975,0.5,-5e-04,0.000249999999999972,0.00274999999999997
"ttest","Two-sample t-test",1,496,0.0666666666666667,2000,400,0.0035,0.02,0.002,0.0175,0.0025,0.0175,0.014,0.0475,0.49175,0.49225,0.4925,0.48325,-5e-04,0.000249999999999972,-0.00900000000000001
"ttest","Two-sample t-test",1,496,0.108333333333333,2000,400,0.0035,0.0425,0.002,0.035,0.0025,0.035,0.031,0.185,0.4805,0.4835,0.48375,0.423,-0.00299999999999995,0.000249999999999972,-0.0605
"ttest","Two-sample t-test",1,496,0.15,2000,400,0.0035,0.12,0.002,0.1025,0.0025,0.105,0.0365,0.375,0.44175,0.44975,0.44875,0.33075,-0.00799999999999995,-0.001,-0.119
"ttest","Two-sample t-test",1,496,0.191666666666667,2000,400,0.0035,0.2475,0.002,0.22,0.0025,0.23,0.0285,0.5125,0.378,0.391,0.38625,0.258,-0.013,-0.00475000000000003,-0.133
"ttest","Two-sample t-test",1,496,0.233333333333333,2000,400,0.0035,0.415,0.002,0.3825,0.0025,0.385,0.0265,0.685,0.29425,0.30975,0.30875,0.17075,-0.0155,-0.001,-0.139
"ttest","Two-sample t-test",1,496,0.275,2000,400,0.0035,0.5825,0.002,0.555,0.0025,0.56,0.021,0.7925,0.2105,0.2235,0.22125,0.11425,-0.013,-0.00225000000000003,-0.10925
"ttest","Two-sample t-test",1,496,0.316666666666667,2000,400,0.0035,0.75,0.002,0.705,0.0025,0.7075,0.016,0.8675,0.12675,0.1485,0.1475,0.07425,-0.02175,-0.00100000000000006,-0.07425
"ttest","Two-sample t-test",1,496,0.358333333333333,2000,400,0.0035,0.88,0.002,0.865,0.0025,0.8675,0.0145,0.95,0.06175,0.0685,0.0675,0.03225,-0.00674999999999998,-0.00100000000000006,-0.03625
"ttest","Two-sample t-test",1,496,0.4,2000,400,0.0035,0.9425,0.002,0.9325,0.0025,0.9325,0.0125,0.975,0.0305,0.03475,0.035,0.01875,-0.00424999999999998,0.000249999999999972,-0.016
"ttest","Two-sample t-test",1,496,0.441666666666667,2000,400,0.0035,0.9825,0.002,0.975,0.0025,0.975,0.01,0.9925,0.0105,0.0135,0.01375,0.00874999999999998,-0.003,0.000249999999999972,-0.00475000000000003
"ttest","Two-sample t-test",1,496,0.483333333333333,2000,400,0.0035,0.9925,0.002,0.9925,0.0025,0.9925,0.0085,0.9975,0.0055,0.00474999999999998,0.00499999999999995,0.00549999999999995,0.000750000000000028,0.000249999999999972,0.000749999999999973
"ttest","Two-sample t-test",1,496,0.525,2000,400,0.0035,0.995,0.002,0.995,0.0025,0.995,0.0055,1,0.00425000000000003,0.0035,0.00374999999999998,0.00275000000000003,0.000750000000000028,0.000249999999999972,-0.000749999999999973
"ttest","Two-sample t-test",1,496,0.566666666666667,2000,400,0.0035,1,0.002,1,0.0025,1,0.005,1,0.00175000000000003,0.001,0.00124999999999997,0.00249999999999995,0.000750000000000028,0.000249999999999972,0.00149999999999995
"ttest","Two-sample t-test",1,496,0.608333333333333,2000,400,0.0035,1,0.002,1,0.0025,1,0.0035,1,0.00175000000000003,0.001,0.00124999999999997,0.00175000000000003,0.000750000000000028,0.000249999999999972,0.000750000000000028
"ttest","Two-sample t-test",1,496,0.65,2000,400,0.0035,1,0.002,1,0.0025,1,0.0025,1,0.00175000000000003,0.001,0.00124999999999997,0.00124999999999997,0.000750000000000028,0.000249999999999972,0.000249999999999972
"ttest","Two-sample t-test",1,496,0.691666666666667,2000,400,0.0035,1,0.002,1,0.0025,1,0.0025,1,0.00175000000000003,0.001,0.00124999999999997,0.00124999999999997,0.000750000000000028,0.000249999999999972,0.000249999999999972
"ttest","Two-sample t-test",1,496,0.733333333333333,2000,400,0.0035,1,0.002,1,0.0025,1,0.002,1,0.00175000000000003,0.001,0.00124999999999997,0.001,0.000750000000000028,0.000249999999999972,0
"ttest","Two-sample t-test",1,496,0.775,2000,400,0.0035,1,0.002,1,0.0025,1,0.0015,1,0.00175000000000003,0.001,0.00124999999999997,0.000750000000000028,0.000750000000000028,0.000249999999999972,-0.000249999999999972
"ttest","Two-sample t-test",1,496,0.816666666666667,2000,400,0.0035,1,0.002,1,0.0025,1,0.0015,1,0.00175000000000003,0.001,0.00124999999999997,0.000750000000000028,0.000750000000000028,0.000249999999999972,-0.000249999999999972
"ttest","Two-sample t-test",1,496,0.858333333333333,2000,400,0.0035,1,0.002,1,0.0025,1,0.0015,1,0.00175000000000003,0.001,0.00124999999999997,0.000750000000000028,0.000750000000000028,0.000249999999999972,-0.000249999999999972
"ttest","Two-sample t-test",1,496,0.9,2000,400,0.0035,1,0.002,1,0.0025,1,0.0015,1,0.00175000000000003,0.001,0.00124999999999997,0.000750000000000028,0.000750000000000028,0.000249999999999972,-0.000249999999999972
"ttest","Two-sample t-test",1,606,0.002,2000,400,0.007,0.015,0.005,0.01,0.005,0.01,0,0,0.496,0.4975,0.4975,0.5,-0.0015,0,0.00250000000000006
"ttest","Two-sample t-test",1,606,0.00258309933002977,2000,400,0.007,0.0025,0.005,0,0.005,0,0,0,0.50225,0.5025,0.5025,0.5,-0.000249999999999972,0,-0.00249999999999995
"ttest","Two-sample t-test",1,606,0.00333620107440012,2000,400,0.007,0.0025,0.005,0.0025,0.005,0.0025,0,0,0.50225,0.50125,0.50125,0.5,0.001,0,-0.00124999999999997
"ttest","Two-sample t-test",1,606,0.00430886938006377,2000,400,0.007,0.0025,0.005,0,0.005,0,0,0,0.50225,0.5025,0.5025,0.5,-0.000249999999999972,0,-0.00249999999999995
"ttest","Two-sample t-test",1,606,0.00556511880441425,2000,400,0.007,0.01,0.005,0.0025,0.005,0.0025,0,0,0.4985,0.50125,0.50125,0.5,-0.00275000000000003,0,-0.00124999999999997
"ttest","Two-sample t-test",1,606,0.00718762732760925,2000,400,0.007,0.005,0.005,0.0025,0.005,0.0025,0,0,0.501,0.50125,0.50125,0.5,-0.000249999999999972,0,-0.00124999999999997
"ttest","Two-sample t-test",1,606,0.00928317766722556,2000,400,0.007,0.005,0.005,0.0025,0.005,0.0025,0,0,0.501,0.50125,0.50125,0.5,-0.000249999999999972,0,-0.00124999999999997
"ttest","Two-sample t-test",1,606,0.0119896850063788,2000,400,0.007,0.0025,0.005,0,0.005,0,0,0,0.50225,0.5025,0.5025,0.5,-0.000249999999999972,0,-0.00249999999999995
"ttest","Two-sample t-test",1,606,0.0154852736536225,2000,400,0.007,0.01,0.005,0.005,0.005,0.005,0,0,0.4985,0.5,0.5,0.5,-0.0015,0,5.55111512312578e-17
"ttest","Two-sample t-test",1,606,0.02,2000,400,0.007,0.0025,0.005,0.0025,0.005,0.0025,0,0,0.50225,0.50125,0.50125,0.5,0.001,0,-0.00124999999999997
"ttest","Two-sample t-test",1,606,0.025,2000,400,0.007,0.0125,0.005,0.01,0.005,0.01,0,0,0.49725,0.4975,0.4975,0.5,-0.000249999999999972,0,0.00250000000000006
"ttest","Two-sample t-test",1,606,0.0666666666666667,2000,400,0.007,0.0175,0.005,0.015,0.005,0.015,0.023,0.04,0.49475,0.495,0.495,0.4915,-0.000249999999999972,0,-0.0035
"ttest","Two-sample t-test",1,606,0.108333333333333,2000,400,0.007,0.075,0.005,0.06,0.005,0.06,0.043,0.2925,0.466,0.4725,0.4725,0.37525,-0.00649999999999995,0,-0.09725
"ttest","Two-sample t-test",1,606,0.15,2000,400,0.007,0.1775,0.005,0.1425,0.005,0.1425,0.043,0.435,0.41475,0.43125,0.43125,0.304,-0.0165,0,-0.12725
"ttest","Two-sample t-test",1,606,0.191666666666667,2000,400,0.007,0.335,0.005,0.28,0.005,0.285,0.035,0.5675,0.336,0.3625,0.36,0.23375,-0.0265,-0.00249999999999995,-0.12875
"ttest","Two-sample t-test",1,606,0.233333333333333,2000,400,0.007,0.5375,0.005,0.4975,0.005,0.4975,0.0305,0.7375,0.23475,0.25375,0.25375,0.1465,-0.019,0,-0.10725
"ttest","Two-sample t-test",1,606,0.275,2000,400,0.007,0.695,0.005,0.6575,0.005,0.66,0.024,0.8575,0.156,0.17375,0.1725,0.08325,-0.01775,-0.00125000000000003,-0.0905
"ttest","Two-sample t-test",1,606,0.316666666666667,2000,400,0.007,0.8675,0.005,0.8375,0.005,0.845,0.019,0.9275,0.0697499999999999,0.0837499999999999,0.08,0.04575,-0.014,-0.00374999999999998,-0.038
"ttest","Two-sample t-test",1,606,0.358333333333333,2000,400,0.007,0.9525,0.005,0.935,0.005,0.935,0.0155,0.9625,0.0272499999999999,0.0349999999999999,0.0349999999999999,0.0265,-0.00774999999999998,0,-0.0084999999999999
"ttest","Two-sample t-test",1,606,0.4,2000,400,0.007,0.9725,0.005,0.97,0.005,0.97,0.012,0.9925,0.0172499999999999,0.0175,0.0175,0.00974999999999998,-0.000250000000000028,0,-0.00774999999999998
"ttest","Two-sample t-test",1,606,0.441666666666667,2000,400,0.007,0.9925,0.005,0.99,0.005,0.9925,0.01,0.9925,0.00724999999999992,0.00749999999999995,0.00624999999999992,0.00874999999999998,-0.000250000000000028,-0.00125000000000003,0.00125000000000003
"ttest","Two-sample t-test",1,606,0.483333333333333,2000,400,0.007,1,0.005,1,0.005,1,0.009,1,0.00349999999999995,0.00249999999999995,0.00249999999999995,0.00449999999999995,0.001,0,0.002
"ttest","Two-sample t-test",1,606,0.525,2000,400,0.007,1,0.005,1,0.005,1,0.0075,1,0.00349999999999995,0.00249999999999995,0.00249999999999995,0.00375000000000003,0.001,0,0.00125000000000008
"ttest","Two-sample t-test",1,606,0.566666666666667,2000,400,0.007,1,0.005,1,0.005,1,0.007,1,0.00349999999999995,0.00249999999999995,0.00249999999999995,0.00349999999999995,0.001,0,0.001
"ttest","Two-sample t-test",1,606,0.608333333333333,2000,400,0.007,1,0.005,1,0.005,1,0.0065,1,0.00349999999999995,0.00249999999999995,0.00249999999999995,0.00324999999999998,0.001,0,0.000750000000000028
"ttest","Two-sample t-test",1,606,0.65,2000,400,0.007,1,0.005,1,0.005,1,0.005,1,0.00349999999999995,0.00249999999999995,0.00249999999999995,0.00249999999999995,0.001,0,0
"ttest","Two-sample t-test",1,606,0.691666666666667,2000,400,0.007,1,0.005,1,0.005,1,0.005,1,0.00349999999999995,0.00249999999999995,0.00249999999999995,0.00249999999999995,0.001,0,0
"ttest","Two-sample t-test",1,606,0.733333333333333,2000,400,0.007,1,0.005,1,0.005,1,0.0045,1,0.00349999999999995,0.00249999999999995,0.00249999999999995,0.00224999999999997,0.001,0,-0.000249999999999972
"ttest","Two-sample t-test",1,606,0.775,2000,400,0.007,1,0.005,1,0.005,1,0.004,1,0.00349999999999995,0.00249999999999995,0.00249999999999995,0.002,0.001,0,-0.000499999999999945
"ttest","Two-sample t-test",1,606,0.816666666666667,2000,400,0.007,1,0.005,1,0.005,1,0.004,1,0.00349999999999995,0.00249999999999995,0.00249999999999995,0.002,0.001,0,-0.000499999999999945
"ttest","Two-sample t-test",1,606,0.858333333333333,2000,400,0.007,1,0.005,1,0.005,1,0.0035,1,0.00349999999999995,0.00249999999999995,0.00249999999999995,0.00175000000000003,0.001,0,-0.000749999999999917
"ttest","Two-sample t-test",1,606,0.9,2000,400,0.007,1,0.005,1,0.005,1,0.0035,1,0.00349999999999995,0.00249999999999995,0.00249999999999995,0.00175000000000003,0.001,0,-0.000749999999999917
"ttest","Two-sample t-test",1,741,0.002,2000,400,0.006,0.01,0.004,0.0025,0.004,0.0025,0,0,0.498,0.50075,0.50075,0.5,-0.00275000000000003,0,-0.000750000000000028
"ttest","Two-sample t-test",1,741,0.00258309933002977,2000,400,0.006,0.01,0.004,0.0075,0.004,0.0075,0,0,0.498,0.49825,0.49825,0.5,-0.000250000000000028,0,0.00174999999999997
"ttest","Two-sample t-test",1,741,0.00333620107440012,2000,400,0.006,0.0075,0.004,0.005,0.004,0.005,0,0,0.49925,0.4995,0.4995,0.5,-0.000249999999999972,0,5e-04
"ttest","Two-sample t-test",1,741,0.00430886938006377,2000,400,0.006,0.0025,0.004,0,0.004,0,0,0,0.50175,0.502,0.502,0.5,-0.000249999999999972,0,-0.002
"ttest","Two-sample t-test",1,741,0.00556511880441425,2000,400,0.006,0.005,0.004,0.0025,0.004,0.0025,0,0,0.5005,0.50075,0.50075,0.5,-0.000249999999999972,0,-0.000750000000000028
"ttest","Two-sample t-test",1,741,0.00718762732760925,2000,400,0.006,0.0075,0.004,0.0075,0.004,0.0075,0,0,0.49925,0.49825,0.49825,0.5,0.001,0,0.00174999999999997
"ttest","Two-sample t-test",1,741,0.00928317766722556,2000,400,0.006,0.0025,0.004,0,0.004,0,0,0,0.50175,0.502,0.502,0.5,-0.000249999999999972,0,-0.002
"ttest","Two-sample t-test",1,741,0.0119896850063788,2000,400,0.006,0.005,0.004,0.0025,0.004,0.0025,0,0,0.5005,0.50075,0.50075,0.5,-0.000249999999999972,0,-0.000750000000000028
"ttest","Two-sample t-test",1,741,0.0154852736536225,2000,400,0.006,0.0125,0.004,0.01,0.004,0.01,0,0,0.49675,0.497,0.497,0.5,-0.000249999999999972,0,0.003
"ttest","Two-sample t-test",1,741,0.02,2000,400,0.006,0.02,0.004,0.015,0.004,0.015,0,0,0.493,0.4945,0.4945,0.5,-0.0015,0,0.0055
"ttest","Two-sample t-test",1,741,0.025,2000,400,0.006,0.01,0.004,0.0075,0.004,0.0075,0,0,0.498,0.49825,0.49825,0.5,-0.000250000000000028,0,0.00174999999999997
"ttest","Two-sample t-test",1,741,0.0666666666666667,2000,400,0.006,0.0275,0.004,0.02,0.004,0.02,0.0265,0.08,0.48925,0.492,0.492,0.47325,-0.00274999999999997,0,-0.01875
"ttest","Two-sample t-test",1,741,0.108333333333333,2000,400,0.006,0.11,0.004,0.0925,0.004,0.0975,0.047,0.33,0.448,0.45575,0.45325,0.3585,-0.00774999999999998,-0.0025,-0.0972500000000001
"ttest","Two-sample t-test",1,741,0.15,2000,400,0.006,0.2475,0.004,0.2,0.004,0.2025,0.042,0.485,0.37925,0.402,0.40075,0.2785,-0.02275,-0.00125000000000003,-0.1235
"ttest","Two-sample t-test",1,741,0.191666666666667,2000,400,0.006,0.405,0.004,0.35,0.004,0.355,0.033,0.635,0.3005,0.327,0.3245,0.199,-0.0265,-0.0025,-0.128
"ttest","Two-sample t-test",1,741,0.233333333333333,2000,400,0.006,0.635,0.004,0.585,0.004,0.585,0.0245,0.805,0.1855,0.2095,0.2095,0.10975,-0.024,0,-0.0997500000000001
"ttest","Two-sample t-test",1,741,0.275,2000,400,0.006,0.825,0.004,0.765,0.004,0.765,0.019,0.92,0.0905,0.1195,0.1195,0.0494999999999999,-0.029,0,-0.0700000000000001
"ttest","Two-sample t-test",1,741,0.316666666666667,2000,400,0.006,0.9325,0.004,0.91,0.004,0.91,0.0155,0.9625,0.03675,0.047,0.047,0.0265,-0.01025,0,-0.0205
"ttest","Two-sample t-test",1,741,0.358333333333333,2000,400,0.006,0.98,0.004,0.9675,0.004,0.97,0.012,0.9925,0.013,0.01825,0.017,0.00974999999999998,-0.00524999999999998,-0.00124999999999997,-0.00850000000000001
"ttest","Two-sample t-test",1,741,0.4,2000,400,0.006,0.9975,0.004,0.9975,0.004,0.9975,0.01,0.9975,0.00424999999999998,0.00324999999999998,0.00324999999999998,0.00624999999999998,0.001,0,0.003
"ttest","Two-sample t-test",1,741,0.441666666666667,2000,400,0.006,1,0.004,1,0.004,1,0.008,1,0.003,0.002,0.002,0.004,0.001,0,0.002
"ttest","Two-sample t-test",1,741,0.483333333333333,2000,400,0.006,1,0.004,1,0.004,1,0.006,1,0.003,0.002,0.002,0.003,0.001,0,0.001
"ttest","Two-sample t-test",1,741,0.525,2000,400,0.006,1,0.004,1,0.004,1,0.0055,1,0.003,0.002,0.002,0.00275000000000003,0.001,0,0.000750000000000028
"ttest","Two-sample t-test",1,741,0.566666666666667,2000,400,0.006,1,0.004,1,0.004,1,0.005,1,0.003,0.002,0.002,0.00249999999999995,0.001,0,0.000499999999999945
"ttest","Two-sample t-test",1,741,0.608333333333333,2000,400,0.006,1,0.004,1,0.004,1,0.0045,1,0.003,0.002,0.002,0.00224999999999997,0.001,0,0.000249999999999972
"ttest","Two-sample t-test",1,741,0.65,2000,400,0.006,1,0.004,1,0.004,1,0.004,1,0.003,0.002,0.002,0.002,0.001,0,0
"ttest","Two-sample t-test",1,741,0.691666666666667,2000,400,0.006,1,0.004,1,0.004,1,0.004,1,0.003,0.002,0.002,0.002,0.001,0,0
"ttest","Two-sample t-test",1,741,0.733333333333333,2000,400,0.006,1,0.004,1,0.004,1,0.0035,1,0.003,0.002,0.002,0.00175000000000003,0.001,0,-0.000249999999999972
"ttest","Two-sample t-test",1,741,0.775,2000,400,0.006,1,0.004,1,0.004,1,0.0035,1,0.003,0.002,0.002,0.00175000000000003,0.001,0,-0.000249999999999972
"ttest","Two-sample t-test",1,741,0.816666666666667,2000,400,0.006,1,0.004,1,0.004,1,0.003,1,0.003,0.002,0.002,0.00149999999999995,0.001,0,-0.000500000000000056
"ttest","Two-sample t-test",1,741,0.858333333333333,2000,400,0.006,1,0.004,1,0.004,1,0.003,1,0.003,0.002,0.002,0.00149999999999995,0.001,0,-0.000500000000000056
"ttest","Two-sample t-test",1,741,0.9,2000,400,0.006,1,0.004,1,0.004,1,0.0025,1,0.003,0.002,0.002,0.00124999999999997,0.001,0,-0.000750000000000028
"ttest","Two-sample t-test",1,905,0.002,2000,400,0.004,0,0.0015,0,0.0015,0,0,0,0.502,0.50075,0.50075,0.5,0.00124999999999997,0,-0.000750000000000028
"ttest","Two-sample t-test",1,905,0.00258309933002977,2000,400,0.004,0.01,0.0015,0.0025,0.0015,0.0025,0,0,0.497,0.4995,0.4995,0.5,-0.00250000000000006,0,0.000499999999999945
"ttest","Two-sample t-test",1,905,0.00333620107440012,2000,400,0.004,0,0.0015,0,0.0015,0,0,0,0.502,0.50075,0.50075,0.5,0.00124999999999997,0,-0.000750000000000028
"ttest","Two-sample t-test",1,905,0.00430886938006377,2000,400,0.004,0,0.0015,0,0.0015,0,0,0,0.502,0.50075,0.50075,0.5,0.00124999999999997,0,-0.000750000000000028
"ttest","Two-sample t-test",1,905,0.00556511880441425,2000,400,0.004,0.0025,0.0015,0.0025,0.0015,0.0025,0,0,0.50075,0.4995,0.4995,0.5,0.00124999999999997,0,0.000499999999999945
"ttest","Two-sample t-test",1,905,0.00718762732760925,2000,400,0.004,0.0025,0.0015,0,0.0015,0,0,0,0.50075,0.50075,0.50075,0.5,0,0,-0.000750000000000028
"ttest","Two-sample t-test",1,905,0.00928317766722556,2000,400,0.004,0.005,0.0015,0.0025,0.0015,0.0025,0,0,0.4995,0.4995,0.4995,0.5,-5.55111512312578e-17,0,0.000499999999999945
"ttest","Two-sample t-test",1,905,0.0119896850063788,2000,400,0.004,0.005,0.0015,0,0.0015,0,0,0,0.4995,0.50075,0.50075,0.5,-0.00125000000000003,0,-0.000750000000000028
"ttest","Two-sample t-test",1,905,0.0154852736536225,2000,400,0.004,0.0025,0.0015,0,0.0015,0,0,0,0.50075,0.50075,0.50075,0.5,0,0,-0.000750000000000028
"ttest","Two-sample t-test",1,905,0.02,2000,400,0.004,0.005,0.0015,0.0025,0.0015,0.0025,0,0,0.4995,0.4995,0.4995,0.5,-5.55111512312578e-17,0,0.000499999999999945
"ttest","Two-sample t-test",1,905,0.025,2000,400,0.004,0.0075,0.0015,0.005,0.0015,0.005,5e-04,0,0.49825,0.49825,0.49825,0.50025,0,0,0.00199999999999995
"ttest","Two-sample t-test",1,905,0.0666666666666667,2000,400,0.004,0.0375,0.0015,0.025,0.0015,0.0275,0.034,0.14,0.48325,0.48825,0.487,0.447,-0.005,-0.00124999999999997,-0.04125
"ttest","Two-sample t-test",1,905,0.108333333333333,2000,400,0.004,0.1175,0.0015,0.095,0.0015,0.095,0.045,0.3625,0.44325,0.45325,0.45325,0.34125,-0.01,0,-0.112
"ttest","Two-sample t-test",1,905,0.15,2000,400,0.004,0.3275,0.0015,0.265,0.0015,0.265,0.0395,0.5775,0.33825,0.36825,0.36825,0.231,-0.03,0,-0.13725
"ttest","Two-sample t-test",1,905,0.191666666666667,2000,400,0.004,0.5625,0.0015,0.505,0.0015,0.505,0.0305,0.775,0.22075,0.24825,0.24825,0.12775,-0.0275,0,-0.1205
"ttest","Two-sample t-test",1,905,0.233333333333333,2000,400,0.004,0.7425,0.0015,0.6675,0.0015,0.6675,0.02,0.85,0.13075,0.167,0.167,0.085,-0.0362500000000001,0,-0.082
"ttest","Two-sample t-test",1,905,0.275,2000,400,0.004,0.89,0.0015,0.87,0.0015,0.8725,0.016,0.95,0.057,0.06575,0.0645,0.033,-0.00875000000000004,-0.00125000000000003,-0.03275
"ttest","Two-sample t-test",1,905,0.316666666666667,2000,400,0.004,0.9725,0.0015,0.9625,0.0015,0.9625,0.0125,0.9875,0.01575,0.0195,0.0195,0.0125,-0.00375000000000003,0,-0.00700000000000006
"ttest","Two-sample t-test",1,905,0.358333333333333,2000,400,0.004,1,0.0015,1,0.0015,1,0.0105,1,0.002,0.000750000000000028,0.000750000000000028,0.00524999999999998,0.00124999999999997,0,0.00449999999999995
"ttest","Two-sample t-test",1,905,0.4,2000,400,0.004,1,0.0015,1,0.0015,1,0.005,1,0.002,0.000750000000000028,0.000750000000000028,0.00249999999999995,0.00124999999999997,0,0.00174999999999992
"ttest","Two-sample t-test",1,905,0.441666666666667,2000,400,0.004,1,0.0015,1,0.0015,1,0.0045,1,0.002,0.000750000000000028,0.000750000000000028,0.00224999999999997,0.00124999999999997,0,0.00149999999999995
"ttest","Two-sample t-test",1,905,0.483333333333333,2000,400,0.004,1,0.0015,1,0.0015,1,0.0035,1,0.002,0.000750000000000028,0.000750000000000028,0.00175000000000003,0.00124999999999997,0,0.001
"ttest","Two-sample t-test",1,905,0.525,2000,400,0.004,1,0.0015,1,0.0015,1,0.002,1,0.002,0.000750000000000028,0.000750000000000028,0.001,0.00124999999999997,0,0.000249999999999972
"ttest","Two-sample t-test",1,905,0.566666666666667,2000,400,0.004,1,0.0015,1,0.0015,1,0.0015,1,0.002,0.000750000000000028,0.000750000000000028,0.000750000000000028,0.00124999999999997,0,0
"ttest","Two-sample t-test",1,905,0.608333333333333,2000,400,0.004,1,0.0015,1,0.0015,1,0.0015,1,0.002,0.000750000000000028,0.000750000000000028,0.000750000000000028,0.00124999999999997,0,0
"ttest","Two-sample t-test",1,905,0.65,2000,400,0.004,1,0.0015,1,0.0015,1,0.0015,1,0.002,0.000750000000000028,0.000750000000000028,0.000750000000000028,0.00124999999999997,0,0
"ttest","Two-sample t-test",1,905,0.691666666666667,2000,400,0.004,1,0.0015,1,0.0015,1,0.0015,1,0.002,0.000750000000000028,0.000750000000000028,0.000750000000000028,0.00124999999999997,0,0
"ttest","Two-sample t-test",1,905,0.733333333333333,2000,400,0.004,1,0.0015,1,0.0015,1,0.0015,1,0.002,0.000750000000000028,0.000750000000000028,0.000750000000000028,0.00124999999999997,0,0
"ttest","Two-sample t-test",1,905,0.775,2000,400,0.004,1,0.0015,1,0.0015,1,0.0015,1,0.002,0.000750000000000028,0.000750000000000028,0.000750000000000028,0.00124999999999997,0,0
"ttest","Two-sample t-test",1,905,0.816666666666667,2000,400,0.004,1,0.0015,1,0.0015,1,0.0015,1,0.002,0.000750000000000028,0.000750000000000028,0.000750000000000028,0.00124999999999997,0,0
"ttest","Two-sample t-test",1,905,0.858333333333333,2000,400,0.004,1,0.0015,1,0.0015,1,0.0015,1,0.002,0.000750000000000028,0.000750000000000028,0.000750000000000028,0.00124999999999997,0,0
"ttest","Two-sample t-test",1,905,0.9,2000,400,0.004,1,0.0015,1,0.0015,1,0.0015,1,0.002,0.000750000000000028,0.000750000000000028,0.000750000000000028,0.00124999999999997,0,0
"ttest","Two-sample t-test",1,1105,0.002,2000,400,0.0045,0.0025,0.003,0.0025,0.003,0.0025,0,0,0.501,0.50025,0.50025,0.5,0.000750000000000028,0,-0.000249999999999972
"ttest","Two-sample t-test",1,1105,0.00258309933002977,2000,400,0.0045,0,0.003,0,0.003,0,0,0,0.50225,0.5015,0.5015,0.5,0.000750000000000028,0,-0.00149999999999995
"ttest","Two-sample t-test",1,1105,0.00333620107440012,2000,400,0.0045,0.01,0.003,0.0075,0.003,0.0075,0,0,0.49725,0.49775,0.49775,0.5,-5e-04,0,0.00225000000000003
"ttest","Two-sample t-test",1,1105,0.00430886938006377,2000,400,0.0045,0.0025,0.003,0.0025,0.003,0.0025,0,0,0.501,0.50025,0.50025,0.5,0.000750000000000028,0,-0.000249999999999972
"ttest","Two-sample t-test",1,1105,0.00556511880441425,2000,400,0.0045,0.01,0.003,0.0075,0.003,0.0075,0,0,0.49725,0.49775,0.49775,0.5,-5e-04,0,0.00225000000000003
"ttest","Two-sample t-test",1,1105,0.00718762732760925,2000,400,0.0045,0.005,0.003,0,0.003,0,0,0,0.49975,0.5015,0.5015,0.5,-0.00174999999999997,0,-0.00149999999999995
"ttest","Two-sample t-test",1,1105,0.00928317766722556,2000,400,0.0045,0.0025,0.003,0.0025,0.003,0.0025,0,0,0.501,0.50025,0.50025,0.5,0.000750000000000028,0,-0.000249999999999972
"ttest","Two-sample t-test",1,1105,0.0119896850063788,2000,400,0.0045,0.005,0.003,0,0.003,0,0,0,0.49975,0.5015,0.5015,0.5,-0.00174999999999997,0,-0.00149999999999995
"ttest","Two-sample t-test",1,1105,0.0154852736536225,2000,400,0.0045,0.005,0.003,0.0025,0.003,0.0025,0,0,0.49975,0.50025,0.50025,0.5,-5e-04,0,-0.000249999999999972
"ttest","Two-sample t-test",1,1105,0.02,2000,400,0.0045,0.0025,0.003,0,0.003,0,0,0,0.501,0.5015,0.5015,0.5,-0.000499999999999945,0,-0.00149999999999995
"ttest","Two-sample t-test",1,1105,0.025,2000,400,0.0045,0.0075,0.003,0.0075,0.003,0.0075,0,0,0.4985,0.49775,0.49775,0.5,0.000750000000000028,0,0.00225000000000003
"ttest","Two-sample t-test",1,1105,0.0666666666666667,2000,400,0.0045,0.0475,0.003,0.0275,0.003,0.0275,0.0305,0.175,0.4785,0.48775,0.48775,0.42775,-0.00924999999999998,0,-0.06
"ttest","Two-sample t-test",1,1105,0.108333333333333,2000,400,0.0045,0.1525,0.003,0.095,0.003,0.0975,0.036,0.405,0.426,0.454,0.45275,0.3155,-0.028,-0.00125000000000003,-0.1385
"ttest","Two-sample t-test",1,1105,0.15,2000,400,0.0045,0.3675,0.003,0.295,0.003,0.295,0.027,0.6625,0.3185,0.354,0.354,0.18225,-0.0355,0,-0.17175
"ttest","Two-sample t-test",1,1105,0.191666666666667,2000,400,0.0045,0.62,0.003,0.5225,0.003,0.5225,0.018,0.82,0.19225,0.24025,0.24025,0.099,-0.048,0,-0.14125
"ttest","Two-sample t-test",1,1105,0.233333333333333,2000,400,0.0045,0.8675,0.003,0.8125,0.003,0.8125,0.013,0.9425,0.0685,0.09525,0.09525,0.03525,-0.02675,0,-0.06
"ttest","Two-sample t-test",1,1105,0.275,2000,400,0.0045,0.9625,0.003,0.935,0.003,0.9375,0.01,0.9825,0.021,0.0339999999999999,0.0327499999999999,0.01375,-0.013,-0.00124999999999997,-0.0202499999999999
"ttest","Two-sample t-test",1,1105,0.316666666666667,2000,400,0.0045,0.9925,0.003,0.9875,0.003,0.9875,0.0075,0.995,0.00599999999999995,0.00774999999999992,0.00774999999999992,0.00625000000000003,-0.00174999999999997,0,-0.00149999999999989
"ttest","Two-sample t-test",1,1105,0.358333333333333,2000,400,0.0045,0.9975,0.003,0.9975,0.003,0.9975,0.0055,1,0.00349999999999995,0.00274999999999992,0.00274999999999992,0.00275000000000003,0.000750000000000028,0,1.11022302462516e-16
"ttest","Two-sample t-test",1,1105,0.4,2000,400,0.0045,1,0.003,1,0.003,1,0.0045,1,0.00224999999999997,0.00149999999999995,0.00149999999999995,0.00224999999999997,0.000750000000000028,0,0.000750000000000028
"ttest","Two-sample t-test",1,1105,0.441666666666667,2000,400,0.0045,1,0.003,1,0.003,1,0.0045,1,0.00224999999999997,0.00149999999999995,0.00149999999999995,0.00224999999999997,0.000750000000000028,0,0.000750000000000028
"ttest","Two-sample t-test",1,1105,0.483333333333333,2000,400,0.0045,1,0.003,1,0.003,1,0.0035,1,0.00224999999999997,0.00149999999999995,0.00149999999999995,0.00175000000000003,0.000750000000000028,0,0.000250000000000083
"ttest","Two-sample t-test",1,1105,0.525,2000,400,0.0045,1,0.003,1,0.003,1,0.003,1,0.00224999999999997,0.00149999999999995,0.00149999999999995,0.00149999999999995,0.000750000000000028,0,0
"ttest","Two-sample t-test",1,1105,0.566666666666667,2000,400,0.0045,1,0.003,1,0.003,1,0.003,1,0.00224999999999997,0.00149999999999995,0.00149999999999995,0.00149999999999995,0.000750000000000028,0,0
"ttest","Two-sample t-test",1,1105,0.608333333333333,2000,400,0.0045,1,0.003,1,0.003,1,0.003,1,0.00224999999999997,0.00149999999999995,0.00149999999999995,0.00149999999999995,0.000750000000000028,0,0
"ttest","Two-sample t-test",1,1105,0.65,2000,400,0.0045,1,0.003,1,0.003,1,0.002,1,0.00224999999999997,0.00149999999999995,0.00149999999999995,0.001,0.000750000000000028,0,-0.000499999999999945
"ttest","Two-sample t-test",1,1105,0.691666666666667,2000,400,0.0045,1,0.003,1,0.003,1,0.002,1,0.00224999999999997,0.00149999999999995,0.00149999999999995,0.001,0.000750000000000028,0,-0.000499999999999945
"ttest","Two-sample t-test",1,1105,0.733333333333333,2000,400,0.0045,1,0.003,1,0.003,1,0.0015,1,0.00224999999999997,0.00149999999999995,0.00149999999999995,0.000750000000000028,0.000750000000000028,0,-0.000749999999999917
"ttest","Two-sample t-test",1,1105,0.775,2000,400,0.0045,1,0.003,1,0.003,1,0.0015,1,0.00224999999999997,0.00149999999999995,0.00149999999999995,0.000750000000000028,0.000750000000000028,0,-0.000749999999999917
"ttest","Two-sample t-test",1,1105,0.816666666666667,2000,400,0.0045,1,0.003,1,0.003,1,0.0015,1,0.00224999999999997,0.00149999999999995,0.00149999999999995,0.000750000000000028,0.000750000000000028,0,-0.000749999999999917
"ttest","Two-sample t-test",1,1105,0.858333333333333,2000,400,0.0045,1,0.003,1,0.003,1,0.0015,1,0.00224999999999997,0.00149999999999995,0.00149999999999995,0.000750000000000028,0.000750000000000028,0,-0.000749999999999917
"ttest","Two-sample t-test",1,1105,0.9,2000,400,0.0045,1,0.003,1,0.003,1,0.001,1,0.00224999999999997,0.00149999999999995,0.00149999999999995,0.000499999999999945,0.000750000000000028,0,-0.001
"ttest","Two-sample t-test",1,1350,0.002,2000,400,0.0045,0.01,0.002,0.0075,0.002,0.0075,0,0,0.49725,0.49725,0.49725,0.5,-5.55111512312578e-17,0,0.00274999999999997
"ttest","Two-sample t-test",1,1350,0.00258309933002977,2000,400,0.0045,0.0025,0.002,0,0.002,0,0,0,0.501,0.501,0.501,0.5,0,0,-0.001
"ttest","Two-sample t-test",1,1350,0.00333620107440012,2000,400,0.0045,0.005,0.002,0,0.002,0,0,0,0.49975,0.501,0.501,0.5,-0.00125000000000003,0,-0.001
"ttest","Two-sample t-test",1,1350,0.00430886938006377,2000,400,0.0045,0.0125,0.002,0.01,0.002,0.01,0,0,0.496,0.496,0.496,0.5,0,0,0.004
"ttest","Two-sample t-test",1,1350,0.00556511880441425,2000,400,0.0045,0.0075,0.002,0.005,0.002,0.005,0,0,0.4985,0.4985,0.4985,0.5,0,0,0.0015
"ttest","Two-sample t-test",1,1350,0.00718762732760925,2000,400,0.0045,0.0025,0.002,0,0.002,0,0,0,0.501,0.501,0.501,0.5,0,0,-0.001
"ttest","Two-sample t-test",1,1350,0.00928317766722556,2000,400,0.0045,0.0025,0.002,0.0025,0.002,0.0025,0,0,0.501,0.49975,0.49975,0.5,0.00124999999999997,0,0.000249999999999972
"ttest","Two-sample t-test",1,1350,0.0119896850063788,2000,400,0.0045,0.0125,0.002,0.005,0.002,0.005,0,0,0.496,0.4985,0.4985,0.5,-0.0025,0,0.0015
"ttest","Two-sample t-test",1,1350,0.0154852736536225,2000,400,0.0045,0.0025,0.002,0,0.002,0,0,0,0.501,0.501,0.501,0.5,0,0,-0.001
"ttest","Two-sample t-test",1,1350,0.02,2000,400,0.0045,0.0025,0.002,0.0025,0.002,0.0025,0,0,0.501,0.49975,0.49975,0.5,0.00124999999999997,0,0.000249999999999972
"ttest","Two-sample t-test",1,1350,0.025,2000,400,0.0045,0.0075,0.002,0,0.002,0,0.002,0,0.4985,0.501,0.501,0.501,-0.0025,0,0
"ttest","Two-sample t-test",1,1350,0.0666666666666667,2000,400,0.0045,0.0325,0.002,0.0175,0.002,0.0175,0.0395,0.2075,0.486,0.49225,0.49225,0.416,-0.00625000000000003,0,-0.07625
"ttest","Two-sample t-test",1,1350,0.108333333333333,2000,400,0.0045,0.2075,0.002,0.14,0.002,0.14,0.0395,0.4525,0.3985,0.431,0.431,0.2935,-0.0325,0,-0.1375
"ttest","Two-sample t-test",1,1350,0.15,2000,400,0.0045,0.53,0.002,0.43,0.002,0.43,0.029,0.73,0.23725,0.286,0.286,0.1495,-0.0487500000000001,0,-0.1365
"ttest","Two-sample t-test",1,1350,0.191666666666667,2000,400,0.0045,0.765,0.002,0.65,0.002,0.655,0.0215,0.89,0.11975,0.176,0.1735,0.06575,-0.05625,-0.0025,-0.11025
"ttest","Two-sample t-test",1,1350,0.233333333333333,2000,400,0.0045,0.9425,0.002,0.89,0.002,0.89,0.016,0.9675,0.031,0.056,0.056,0.02425,-0.025,0,-0.03175
"ttest","Two-sample t-test",1,1350,0.275,2000,400,0.0045,0.9875,0.002,0.9625,0.002,0.9625,0.012,0.995,0.00849999999999995,0.01975,0.01975,0.00850000000000001,-0.01125,0,-0.01125
"ttest","Two-sample t-test",1,1350,0.316666666666667,2000,400,0.0045,1,0.002,1,0.002,1,0.009,1,0.00224999999999997,0.001,0.001,0.00449999999999995,0.00124999999999997,0,0.00349999999999995
"ttest","Two-sample t-test",1,1350,0.358333333333333,2000,400,0.0045,1,0.002,1,0.002,1,0.0055,1,0.00224999999999997,0.001,0.001,0.00275000000000003,0.00124999999999997,0,0.00175000000000003
"ttest","Two-sample t-test",1,1350,0.4,2000,400,0.0045,1,0.002,1,0.002,1,0.0045,1,0.00224999999999997,0.001,0.001,0.00224999999999997,0.00124999999999997,0,0.00124999999999997
"ttest","Two-sample t-test",1,1350,0.441666666666667,2000,400,0.0045,1,0.002,1,0.002,1,0.0035,1,0.00224999999999997,0.001,0.001,0.00175000000000003,0.00124999999999997,0,0.000750000000000028
"ttest","Two-sample t-test",1,1350,0.483333333333333,2000,400,0.0045,1,0.002,1,0.002,1,0.0035,1,0.00224999999999997,0.001,0.001,0.00175000000000003,0.00124999999999997,0,0.000750000000000028
"ttest","Two-sample t-test",1,1350,0.525,2000,400,0.0045,1,0.002,1,0.002,1,0.002,1,0.00224999999999997,0.001,0.001,0.001,0.00124999999999997,0,0
"ttest","Two-sample t-test",1,1350,0.566666666666667,2000,400,0.0045,1,0.002,1,0.002,1,0.002,1,0.00224999999999997,0.001,0.001,0.001,0.00124999999999997,0,0
"ttest","Two-sample t-test",1,1350,0.608333333333333,2000,400,0.0045,1,0.002,1,0.002,1,0.002,1,0.00224999999999997,0.001,0.001,0.001,0.00124999999999997,0,0
"ttest","Two-sample t-test",1,1350,0.65,2000,400,0.0045,1,0.002,1,0.002,1,0.002,1,0.00224999999999997,0.001,0.001,0.001,0.00124999999999997,0,0
"ttest","Two-sample t-test",1,1350,0.691666666666667,2000,400,0.0045,1,0.002,1,0.002,1,0.002,1,0.00224999999999997,0.001,0.001,0.001,0.00124999999999997,0,0
"ttest","Two-sample t-test",1,1350,0.733333333333333,2000,400,0.0045,1,0.002,1,0.002,1,0.002,1,0.00224999999999997,0.001,0.001,0.001,0.00124999999999997,0,0
"ttest","Two-sample t-test",1,1350,0.775,2000,400,0.0045,1,0.002,1,0.002,1,0.002,1,0.00224999999999997,0.001,0.001,0.001,0.00124999999999997,0,0
"ttest","Two-sample t-test",1,1350,0.816666666666667,2000,400,0.0045,1,0.002,1,0.002,1,0.0015,1,0.00224999999999997,0.001,0.001,0.000750000000000028,0.00124999999999997,0,-0.000249999999999972
"ttest","Two-sample t-test",1,1350,0.858333333333333,2000,400,0.0045,1,0.002,1,0.002,1,0.0015,1,0.00224999999999997,0.001,0.001,0.000750000000000028,0.00124999999999997,0,-0.000249999999999972
"ttest","Two-sample t-test",1,1350,0.9,2000,400,0.0045,1,0.002,1,0.002,1,0.001,1,0.00224999999999997,0.001,0.001,0.000499999999999945,0.00124999999999997,0,-0.000500000000000056
"ttest","Two-sample t-test",1,1650,0.002,2000,400,0.004,0.0025,0.0035,0,0.0035,0,0,0,0.50075,0.50175,0.50175,0.5,-0.001,0,-0.00175000000000003
"ttest","Two-sample t-test",1,1650,0.00258309933002977,2000,400,0.004,0.0075,0.0035,0.0025,0.0035,0.0025,0,0,0.49825,0.5005,0.5005,0.5,-0.00225000000000003,0,-0.000500000000000056
"ttest","Two-sample t-test",1,1650,0.00333620107440012,2000,400,0.004,0.005,0.0035,0.005,0.0035,0.005,0,0,0.4995,0.49925,0.49925,0.5,0.000249999999999972,0,0.000749999999999973
"ttest","Two-sample t-test",1,1650,0.00430886938006377,2000,400,0.004,0.005,0.0035,0.0025,0.0035,0.0025,0,0,0.4995,0.5005,0.5005,0.5,-0.00100000000000006,0,-0.000500000000000056
"ttest","Two-sample t-test",1,1650,0.00556511880441425,2000,400,0.004,0.0025,0.0035,0.0025,0.0035,0.0025,0,0,0.50075,0.5005,0.5005,0.5,0.000249999999999972,0,-0.000500000000000056
"ttest","Two-sample t-test",1,1650,0.00718762732760925,2000,400,0.004,0,0.0035,0,0.0035,0,0,0,0.502,0.50175,0.50175,0.5,0.000249999999999972,0,-0.00175000000000003
"ttest","Two-sample t-test",1,1650,0.00928317766722556,2000,400,0.004,0,0.0035,0,0.0035,0,0,0,0.502,0.50175,0.50175,0.5,0.000249999999999972,0,-0.00175000000000003
"ttest","Two-sample t-test",1,1650,0.0119896850063788,2000,400,0.004,0.0075,0.0035,0.0025,0.0035,0.0025,0,0,0.49825,0.5005,0.5005,0.5,-0.00225000000000003,0,-0.000500000000000056
"ttest","Two-sample t-test",1,1650,0.0154852736536225,2000,400,0.004,0,0.0035,0,0.0035,0,0,0,0.502,0.50175,0.50175,0.5,0.000249999999999972,0,-0.00175000000000003
"ttest","Two-sample t-test",1,1650,0.02,2000,400,0.004,0.0075,0.0035,0,0.0035,0,5e-04,0,0.49825,0.50175,0.50175,0.50025,-0.0035,0,-0.00150000000000006
"ttest","Two-sample t-test",1,1650,0.025,2000,400,0.004,0.0175,0.0035,0.01,0.0035,0.01,0.0035,0.01,0.49325,0.49675,0.49675,0.49675,-0.0035,0,0
"ttest","Two-sample t-test",1,1650,0.0666666666666667,2000,400,0.004,0.06,0.0035,0.03,0.0035,0.03,0.038,0.21,0.472,0.48675,0.48675,0.414,-0.01475,0,-0.07275
"ttest","Two-sample t-test",1,1650,0.108333333333333,2000,400,0.004,0.23,0.0035,0.1725,0.0035,0.1725,0.031,0.5425,0.387,0.4155,0.4155,0.24425,-0.0285,0,-0.17125
"ttest","Two-sample t-test",1,1650,0.15,2000,400,0.004,0.5875,0.0035,0.4875,0.0035,0.4875,0.021,0.7975,0.20825,0.258,0.258,0.11175,-0.04975,0,-0.14625
"ttest","Two-sample t-test",1,1650,0.191666666666667,2000,400,0.004,0.855,0.0035,0.79,0.0035,0.79,0.015,0.94,0.0745,0.10675,0.10675,0.0375,-0.03225,0,-0.06925
"ttest","Two-sample t-test",1,1650,0.233333333333333,2000,400,0.004,0.9825,0.0035,0.9625,0.0035,0.9625,0.0105,0.99,0.01075,0.0205,0.0205,0.01025,-0.00975000000000004,0,-0.01025
"ttest","Two-sample t-test",1,1650,0.275,2000,400,0.004,0.9975,0.0035,0.9975,0.0035,0.9975,0.008,1,0.00324999999999998,0.003,0.003,0.004,0.000249999999999972,0,0.001
"ttest","Two-sample t-test",1,1650,0.316666666666667,2000,400,0.004,1,0.0035,1,0.0035,1,0.005,1,0.002,0.00175000000000003,0.00175000000000003,0.00249999999999995,0.000249999999999972,0,0.000749999999999917
"ttest","Two-sample t-test",1,1650,0.358333333333333,2000,400,0.004,1,0.0035,1,0.0035,1,0.0035,1,0.002,0.00175000000000003,0.00175000000000003,0.00175000000000003,0.000249999999999972,0,0
"ttest","Two-sample t-test",1,1650,0.4,2000,400,0.004,1,0.0035,1,0.0035,1,0.0035,1,0.002,0.00175000000000003,0.00175000000000003,0.00175000000000003,0.000249999999999972,0,0
"ttest","Two-sample t-test",1,1650,0.441666666666667,2000,400,0.004,1,0.0035,1,0.0035,1,0.0035,1,0.002,0.00175000000000003,0.00175000000000003,0.00175000000000003,0.000249999999999972,0,0
"ttest","Two-sample t-test",1,1650,0.483333333333333,2000,400,0.004,1,0.0035,1,0.0035,1,0.0035,1,0.002,0.00175000000000003,0.00175000000000003,0.00175000000000003,0.000249999999999972,0,0
"ttest","Two-sample t-test",1,1650,0.525,2000,400,0.004,1,0.0035,1,0.0035,1,0.0025,1,0.002,0.00175000000000003,0.00175000000000003,0.00124999999999997,0.000249999999999972,0,-0.000500000000000056
"ttest","Two-sample t-test",1,1650,0.566666666666667,2000,400,0.004,1,0.0035,1,0.0035,1,0.002,1,0.002,0.00175000000000003,0.00175000000000003,0.001,0.000249999999999972,0,-0.000750000000000028
"ttest","Two-sample t-test",1,1650,0.608333333333333,2000,400,0.004,1,0.0035,1,0.0035,1,0.0015,1,0.002,0.00175000000000003,0.00175000000000003,0.000750000000000028,0.000249999999999972,0,-0.001
"ttest","Two-sample t-test",1,1650,0.65,2000,400,0.004,1,0.0035,1,0.0035,1,0.0015,1,0.002,0.00175000000000003,0.00175000000000003,0.000750000000000028,0.000249999999999972,0,-0.001
"ttest","Two-sample t-test",1,1650,0.691666666666667,2000,400,0.004,1,0.0035,1,0.0035,1,0.0015,1,0.002,0.00175000000000003,0.00175000000000003,0.000750000000000028,0.000249999999999972,0,-0.001
"ttest","Two-sample t-test",1,1650,0.733333333333333,2000,400,0.004,1,0.0035,1,0.0035,1,0.0015,1,0.002,0.00175000000000003,0.00175000000000003,0.000750000000000028,0.000249999999999972,0,-0.001
"ttest","Two-sample t-test",1,1650,0.775,2000,400,0.004,1,0.0035,1,0.0035,1,0.0015,1,0.002,0.00175000000000003,0.00175000000000003,0.000750000000000028,0.000249999999999972,0,-0.001
"ttest","Two-sample t-test",1,1650,0.816666666666667,2000,400,0.004,1,0.0035,1,0.0035,1,0.0015,1,0.002,0.00175000000000003,0.00175000000000003,0.000750000000000028,0.000249999999999972,0,-0.001
"ttest","Two-sample t-test",1,1650,0.858333333333333,2000,400,0.004,1,0.0035,1,0.0035,1,0.0015,1,0.002,0.00175000000000003,0.00175000000000003,0.000750000000000028,0.000249999999999972,0,-0.001
"ttest","Two-sample t-test",1,1650,0.9,2000,400,0.004,1,0.0035,1,0.0035,1,0.0015,1,0.002,0.00175000000000003,0.00175000000000003,0.000750000000000028,0.000249999999999972,0,-0.001
"ttest","Two-sample t-test",1,2015,0.002,2000,400,0.006,0.01,0.002,0.005,0.002,0.005,0,0,0.498,0.4985,0.4985,0.5,-5e-04,0,0.0015
"ttest","Two-sample t-test",1,2015,0.00258309933002977,2000,400,0.006,0.0025,0.002,0,0.002,0,0,0,0.50175,0.501,0.501,0.5,0.000750000000000028,0,-0.001
"ttest","Two-sample t-test",1,2015,0.00333620107440012,2000,400,0.006,0.005,0.002,0.0025,0.002,0.0025,0,0,0.5005,0.49975,0.49975,0.5,0.000750000000000028,0,0.000249999999999972
"ttest","Two-sample t-test",1,2015,0.00430886938006377,2000,400,0.006,0.005,0.002,0.0025,0.002,0.0025,0,0,0.5005,0.49975,0.49975,0.5,0.000750000000000028,0,0.000249999999999972
"ttest","Two-sample t-test",1,2015,0.00556511880441425,2000,400,0.006,0,0.002,0,0.002,0,0,0,0.503,0.501,0.501,0.5,0.002,0,-0.001
"ttest","Two-sample t-test",1,2015,0.00718762732760925,2000,400,0.006,0,0.002,0,0.002,0,0,0,0.503,0.501,0.501,0.5,0.002,0,-0.001
"ttest","Two-sample t-test",1,2015,0.00928317766722556,2000,400,0.006,0,0.002,0,0.002,0,0,0,0.503,0.501,0.501,0.5,0.002,0,-0.001
"ttest","Two-sample t-test",1,2015,0.0119896850063788,2000,400,0.006,0.015,0.002,0.0125,0.002,0.0125,0,0,0.4955,0.49475,0.49475,0.5,0.000749999999999973,0,0.00524999999999998
"ttest","Two-sample t-test",1,2015,0.0154852736536225,2000,400,0.006,0.01,0.002,0.0075,0.002,0.0075,0,0,0.498,0.49725,0.49725,0.5,0.000749999999999973,0,0.00274999999999997
"ttest","Two-sample t-test",1,2015,0.02,2000,400,0.006,0.005,0.002,0.005,0.002,0.005,5e-04,0.0025,0.5005,0.4985,0.4985,0.499,0.00200000000000006,0,5e-04
"ttest","Two-sample t-test",1,2015,0.025,2000,400,0.006,0.0125,0.002,0.005,0.002,0.005,0.005,0.01,0.49675,0.4985,0.4985,0.4975,-0.00174999999999997,0,-0.00100000000000006
"ttest","Two-sample t-test",1,2015,0.0666666666666667,2000,400,0.006,0.0775,0.002,0.04,0.002,0.04,0.043,0.28,0.46425,0.481,0.481,0.3815,-0.01675,0,-0.0995
"ttest","Two-sample t-test",1,2015,0.108333333333333,2000,400,0.006,0.3875,0.002,0.2475,0.002,0.25,0.033,0.6825,0.30925,0.37725,0.376,0.17525,-0.068,-0.00124999999999997,-0.202
"ttest","Two-sample t-test",1,2015,0.15,2000,400,0.006,0.6975,0.002,0.5825,0.002,0.5825,0.021,0.8575,0.15425,0.20975,0.20975,0.0817499999999999,-0.0555,0,-0.128
"ttest","Two-sample t-test",1,2015,0.191666666666667,2000,400,0.006,0.945,0.002,0.895,0.002,0.895,0.0155,0.9675,0.0305,0.0535,0.0535,0.024,-0.023,0,-0.0295
"ttest","Two-sample t-test",1,2015,0.233333333333333,2000,400,0.006,0.9875,0.002,0.9825,0.002,0.9825,0.0095,0.99,0.00924999999999998,0.00974999999999998,0.00974999999999998,0.00975000000000004,-5e-04,0,5.55111512312578e-17
"ttest","Two-sample t-test",1,2015,0.275,2000,400,0.006,0.995,0.002,0.995,0.002,0.995,0.0065,0.995,0.0055,0.0035,0.0035,0.00574999999999998,0.002,0,0.00224999999999997
"ttest","Two-sample t-test",1,2015,0.316666666666667,2000,400,0.006,1,0.002,1,0.002,1,0.0055,1,0.003,0.001,0.001,0.00275000000000003,0.002,0,0.00175000000000003
"ttest","Two-sample t-test",1,2015,0.358333333333333,2000,400,0.006,1,0.002,1,0.002,1,0.005,1,0.003,0.001,0.001,0.00249999999999995,0.002,0,0.00149999999999995
"ttest","Two-sample t-test",1,2015,0.4,2000,400,0.006,1,0.002,1,0.002,1,0.0045,1,0.003,0.001,0.001,0.00224999999999997,0.002,0,0.00124999999999997
"ttest","Two-sample t-test",1,2015,0.441666666666667,2000,400,0.006,1,0.002,1,0.002,1,0.0045,1,0.003,0.001,0.001,0.00224999999999997,0.002,0,0.00124999999999997
"ttest","Two-sample t-test",1,2015,0.483333333333333,2000,400,0.006,1,0.002,1,0.002,1,0.002,1,0.003,0.001,0.001,0.001,0.002,0,0
"ttest","Two-sample t-test",1,2015,0.525,2000,400,0.006,1,0.002,1,0.002,1,0.0015,1,0.003,0.001,0.001,0.000750000000000028,0.002,0,-0.000249999999999972
"ttest","Two-sample t-test",1,2015,0.566666666666667,2000,400,0.006,1,0.002,1,0.002,1,0.0015,1,0.003,0.001,0.001,0.000750000000000028,0.002,0,-0.000249999999999972
"ttest","Two-sample t-test",1,2015,0.608333333333333,2000,400,0.006,1,0.002,1,0.002,1,5e-04,1,0.003,0.001,0.001,0.000249999999999972,0.002,0,-0.000750000000000028
"ttest","Two-sample t-test",1,2015,0.65,2000,400,0.006,1,0.002,1,0.002,1,5e-04,1,0.003,0.001,0.001,0.000249999999999972,0.002,0,-0.000750000000000028
"ttest","Two-sample t-test",1,2015,0.691666666666667,2000,400,0.006,1,0.002,1,0.002,1,5e-04,1,0.003,0.001,0.001,0.000249999999999972,0.002,0,-0.000750000000000028
"ttest","Two-sample t-test",1,2015,0.733333333333333,2000,400,0.006,1,0.002,1,0.002,1,5e-04,1,0.003,0.001,0.001,0.000249999999999972,0.002,0,-0.000750000000000028
"ttest","Two-sample t-test",1,2015,0.775,2000,400,0.006,1,0.002,1,0.002,1,5e-04,1,0.003,0.001,0.001,0.000249999999999972,0.002,0,-0.000750000000000028
"ttest","Two-sample t-test",1,2015,0.816666666666667,2000,400,0.006,1,0.002,1,0.002,1,5e-04,1,0.003,0.001,0.001,0.000249999999999972,0.002,0,-0.000750000000000028
"ttest","Two-sample t-test",1,2015,0.858333333333333,2000,400,0.006,1,0.002,1,0.002,1,5e-04,1,0.003,0.001,0.001,0.000249999999999972,0.002,0,-0.000750000000000028
"ttest","Two-sample t-test",1,2015,0.9,2000,400,0.006,1,0.002,1,0.002,1,5e-04,1,0.003,0.001,0.001,0.000249999999999972,0.002,0,-0.000750000000000028
"ttest","Two-sample t-test",1,2462,0.002,2000,400,0.0065,0.0025,0.0015,0,0.0015,0,0,0,0.502,0.50075,0.50075,0.5,0.00124999999999997,0,-0.000750000000000028
"ttest","Two-sample t-test",1,2462,0.00258309933002977,2000,400,0.0065,0.005,0.0015,0.0025,0.0015,0.0025,0,0,0.50075,0.4995,0.4995,0.5,0.00124999999999997,0,0.000499999999999945
"ttest","Two-sample t-test",1,2462,0.00333620107440012,2000,400,0.0065,0,0.0015,0,0.0015,0,0,0,0.50325,0.50075,0.50075,0.5,0.00249999999999995,0,-0.000750000000000028
"ttest","Two-sample t-test",1,2462,0.00430886938006377,2000,400,0.0065,0.0025,0.0015,0,0.0015,0,0,0,0.502,0.50075,0.50075,0.5,0.00124999999999997,0,-0.000750000000000028
"ttest","Two-sample t-test",1,2462,0.00556511880441425,2000,400,0.0065,0,0.0015,0,0.0015,0,0,0,0.50325,0.50075,0.50075,0.5,0.00249999999999995,0,-0.000750000000000028
"ttest","Two-sample t-test",1,2462,0.00718762732760925,2000,400,0.0065,0.01,0.0015,0.0025,0.0015,0.0025,0,0,0.49825,0.4995,0.4995,0.5,-0.00125000000000008,0,0.000499999999999945
"ttest","Two-sample t-test",1,2462,0.00928317766722556,2000,400,0.0065,0.005,0.0015,0,0.0015,0,0,0,0.50075,0.50075,0.50075,0.5,0,0,-0.000750000000000028
"ttest","Two-sample t-test",1,2462,0.0119896850063788,2000,400,0.0065,0.0025,0.0015,0,0.0015,0,0,0,0.502,0.50075,0.50075,0.5,0.00124999999999997,0,-0.000750000000000028
"ttest","Two-sample t-test",1,2462,0.0154852736536225,2000,400,0.0065,0.0075,0.0015,0.005,0.0015,0.005,0,0,0.4995,0.49825,0.49825,0.5,0.00124999999999997,0,0.00174999999999997
"ttest","Two-sample t-test",1,2462,0.02,2000,400,0.0065,0.01,0.0015,0.005,0.0015,0.005,0.0015,0.005,0.49825,0.49825,0.49825,0.49825,-5.55111512312578e-17,0,0
"ttest","Two-sample t-test",1,2462,0.025,2000,400,0.0065,0.0175,0.0015,0.0075,0.0015,0.0075,0.0085,0.0275,0.4945,0.497,0.497,0.4905,-0.00250000000000006,0,-0.00650000000000006
"ttest","Two-sample t-test",1,2462,0.0666666666666667,2000,400,0.0065,0.18,0.0015,0.08,0.0015,0.08,0.0385,0.365,0.41325,0.46075,0.46075,0.33675,-0.0475,0,-0.124
"ttest","Two-sample t-test",1,2462,0.108333333333333,2000,400,0.0065,0.455,0.0015,0.3225,0.0015,0.325,0.0295,0.6875,0.27575,0.3395,0.33825,0.171,-0.0637500000000001,-0.00124999999999997,-0.1685
"ttest","Two-sample t-test",1,2462,0.15,2000,400,0.0065,0.815,0.0015,0.6975,0.0015,0.6975,0.0205,0.9075,0.09575,0.152,0.152,0.0565,-0.05625,0,-0.0955
"ttest","Two-sample t-test",1,2462,0.191666666666667,2000,400,0.0065,0.9725,0.0015,0.9325,0.0015,0.9325,0.0135,0.9875,0.017,0.0345,0.0345,0.013,-0.0175000000000001,0,-0.0215
"ttest","Two-sample t-test",1,2462,0.233333333333333,2000,400,0.0065,1,0.0015,0.9975,0.0015,0.9975,0.009,1,0.00324999999999998,0.002,0.002,0.00449999999999995,0.00124999999999997,0,0.00249999999999995
"ttest","Two-sample t-test",1,2462,0.275,2000,400,0.0065,1,0.0015,1,0.0015,1,0.0065,1,0.00324999999999998,0.000750000000000028,0.000750000000000028,0.00324999999999998,0.00249999999999995,0,0.00249999999999995
"ttest","Two-sample t-test",1,2462,0.316666666666667,2000,400,0.0065,1,0.0015,1,0.0015,1,0.0045,1,0.00324999999999998,0.000750000000000028,0.000750000000000028,0.00224999999999997,0.00249999999999995,0,0.00149999999999995
"ttest","Two-sample t-test",1,2462,0.358333333333333,2000,400,0.0065,1,0.0015,1,0.0015,1,0.004,1,0.00324999999999998,0.000750000000000028,0.000750000000000028,0.002,0.00249999999999995,0,0.00124999999999997
"ttest","Two-sample t-test",1,2462,0.4,2000,400,0.0065,1,0.0015,1,0.0015,1,0.002,1,0.00324999999999998,0.000750000000000028,0.000750000000000028,0.001,0.00249999999999995,0,0.000249999999999972
"ttest","Two-sample t-test",1,2462,0.441666666666667,2000,400,0.0065,1,0.0015,1,0.0015,1,0.0015,1,0.00324999999999998,0.000750000000000028,0.000750000000000028,0.000750000000000028,0.00249999999999995,0,0
"ttest","Two-sample t-test",1,2462,0.483333333333333,2000,400,0.0065,1,0.0015,1,0.0015,1,0.001,1,0.00324999999999998,0.000750000000000028,0.000750000000000028,0.000499999999999945,0.00249999999999995,0,-0.000250000000000083
"ttest","Two-sample t-test",1,2462,0.525,2000,400,0.0065,1,0.0015,1,0.0015,1,0.001,1,0.00324999999999998,0.000750000000000028,0.000750000000000028,0.000499999999999945,0.00249999999999995,0,-0.000250000000000083
"ttest","Two-sample t-test",1,2462,0.566666666666667,2000,400,0.0065,1,0.0015,1,0.0015,1,0.001,1,0.00324999999999998,0.000750000000000028,0.000750000000000028,0.000499999999999945,0.00249999999999995,0,-0.000250000000000083
"ttest","Two-sample t-test",1,2462,0.608333333333333,2000,400,0.0065,1,0.0015,1,0.0015,1,5e-04,1,0.00324999999999998,0.000750000000000028,0.000750000000000028,0.000249999999999972,0.00249999999999995,0,-0.000500000000000056
"ttest","Two-sample t-test",1,2462,0.65,2000,400,0.0065,1,0.0015,1,0.0015,1,5e-04,1,0.00324999999999998,0.000750000000000028,0.000750000000000028,0.000249999999999972,0.00249999999999995,0,-0.000500000000000056
"ttest","Two-sample t-test",1,2462,0.691666666666667,2000,400,0.0065,1,0.0015,1,0.0015,1,5e-04,1,0.00324999999999998,0.000750000000000028,0.000750000000000028,0.000249999999999972,0.00249999999999995,0,-0.000500000000000056
"ttest","Two-sample t-test",1,2462,0.733333333333333,2000,400,0.0065,1,0.0015,1,0.0015,1,5e-04,1,0.00324999999999998,0.000750000000000028,0.000750000000000028,0.000249999999999972,0.00249999999999995,0,-0.000500000000000056
"ttest","Two-sample t-test",1,2462,0.775,2000,400,0.0065,1,0.0015,1,0.0015,1,5e-04,1,0.00324999999999998,0.000750000000000028,0.000750000000000028,0.000249999999999972,0.00249999999999995,0,-0.000500000000000056
"ttest","Two-sample t-test",1,2462,0.816666666666667,2000,400,0.0065,1,0.0015,1,0.0015,1,5e-04,1,0.00324999999999998,0.000750000000000028,0.000750000000000028,0.000249999999999972,0.00249999999999995,0,-0.000500000000000056
"ttest","Two-sample t-test",1,2462,0.858333333333333,2000,400,0.0065,1,0.0015,1,0.0015,1,0,1,0.00324999999999998,0.000750000000000028,0.000750000000000028,0,0.00249999999999995,0,-0.000750000000000028
"ttest","Two-sample t-test",1,2462,0.9,2000,400,0.0065,1,0.0015,1,0.0015,1,0,1,0.00324999999999998,0.000750000000000028,0.000750000000000028,0,0.00249999999999995,0,-0.000750000000000028
"ttest","Two-sample t-test",1,3008,0.002,2000,400,0.0065,0,0.002,0,0.002,0,0,0,0.50325,0.501,0.501,0.5,0.00224999999999997,0,-0.001
"ttest","Two-sample t-test",1,3008,0.00258309933002977,2000,400,0.0065,0.0025,0.002,0,0.002,0,0,0,0.502,0.501,0.501,0.5,0.001,0,-0.001
"ttest","Two-sample t-test",1,3008,0.00333620107440012,2000,400,0.0065,0,0.002,0,0.002,0,0,0,0.50325,0.501,0.501,0.5,0.00224999999999997,0,-0.001
"ttest","Two-sample t-test",1,3008,0.00430886938006377,2000,400,0.0065,0.0025,0.002,0,0.002,0,0,0,0.502,0.501,0.501,0.5,0.001,0,-0.001
"ttest","Two-sample t-test",1,3008,0.00556511880441425,2000,400,0.0065,0.005,0.002,0.0025,0.002,0.0025,0,0,0.50075,0.49975,0.49975,0.5,0.001,0,0.000249999999999972
"ttest","Two-sample t-test",1,3008,0.00718762732760925,2000,400,0.0065,0.0075,0.002,0,0.002,0,0,0,0.4995,0.501,0.501,0.5,-0.0015,0,-0.001
"ttest","Two-sample t-test",1,3008,0.00928317766722556,2000,400,0.0065,0.005,0.002,0,0.002,0,0,0,0.50075,0.501,0.501,0.5,-0.000249999999999972,0,-0.001
"ttest","Two-sample t-test",1,3008,0.0119896850063788,2000,400,0.0065,0.0075,0.002,0,0.002,0,0,0,0.4995,0.501,0.501,0.5,-0.0015,0,-0.001
"ttest","Two-sample t-test",1,3008,0.0154852736536225,2000,400,0.0065,0.01,0.002,0.005,0.002,0.005,0.0015,0.0025,0.49825,0.4985,0.4985,0.4995,-0.000250000000000028,0,0.00100000000000006
"ttest","Two-sample t-test",1,3008,0.02,2000,400,0.0065,0.015,0.002,0.005,0.002,0.005,0.0045,0.0075,0.49575,0.4985,0.4985,0.4985,-0.00275000000000003,0,0
"ttest","Two-sample t-test",1,3008,0.025,2000,400,0.0065,0.025,0.002,0.01,0.002,0.01,0.012,0.03,0.49075,0.496,0.496,0.491,-0.00525000000000003,0,-0.005
"ttest","Two-sample t-test",1,3008,0.0666666666666667,2000,400,0.0065,0.155,0.002,0.075,0.002,0.075,0.0395,0.405,0.42575,0.4635,0.4635,0.31725,-0.0377500000000001,0,-0.14625
"ttest","Two-sample t-test",1,3008,0.108333333333333,2000,400,0.0065,0.585,0.002,0.4075,0.002,0.4075,0.024,0.785,0.21075,0.29725,0.29725,0.1195,-0.0865,0,-0.17775
"ttest","Two-sample t-test",1,3008,0.15,2000,400,0.0065,0.9025,0.002,0.84,0.002,0.84,0.015,0.9425,0.052,0.081,0.081,0.03625,-0.029,0,-0.0447500000000001
"ttest","Two-sample t-test",1,3008,0.191666666666667,2000,400,0.0065,0.995,0.002,0.985,0.002,0.985,0.0105,0.995,0.00574999999999998,0.00850000000000001,0.00850000000000001,0.00774999999999998,-0.00275000000000003,0,-0.000750000000000028
"ttest","Two-sample t-test",1,3008,0.233333333333333,2000,400,0.0065,1,0.002,0.9975,0.002,0.9975,0.0075,1,0.00324999999999998,0.00224999999999997,0.00224999999999997,0.00375000000000003,0.001,0,0.00150000000000006
"ttest","Two-sample t-test",1,3008,0.275,2000,400,0.0065,1,0.002,1,0.002,1,0.005,1,0.00324999999999998,0.001,0.001,0.00249999999999995,0.00224999999999997,0,0.00149999999999995
"ttest","Two-sample t-test",1,3008,0.316666666666667,2000,400,0.0065,1,0.002,1,0.002,1,0.0035,1,0.00324999999999998,0.001,0.001,0.00175000000000003,0.00224999999999997,0,0.000750000000000028
"ttest","Two-sample t-test",1,3008,0.358333333333333,2000,400,0.0065,1,0.002,1,0.002,1,0.003,1,0.00324999999999998,0.001,0.001,0.00149999999999995,0.00224999999999997,0,0.000499999999999945
"ttest","Two-sample t-test",1,3008,0.4,2000,400,0.0065,1,0.002,1,0.002,1,0.002,1,0.00324999999999998,0.001,0.001,0.001,0.00224999999999997,0,0
"ttest","Two-sample t-test",1,3008,0.441666666666667,2000,400,0.0065,1,0.002,1,0.002,1,0.002,1,0.00324999999999998,0.001,0.001,0.001,0.00224999999999997,0,0
"ttest","Two-sample t-test",1,3008,0.483333333333333,2000,400,0.0065,1,0.002,1,0.002,1,0.002,1,0.00324999999999998,0.001,0.001,0.001,0.00224999999999997,0,0
"ttest","Two-sample t-test",1,3008,0.525,2000,400,0.0065,1,0.002,1,0.002,1,0.002,1,0.00324999999999998,0.001,0.001,0.001,0.00224999999999997,0,0
"ttest","Two-sample t-test",1,3008,0.566666666666667,2000,400,0.0065,1,0.002,1,0.002,1,0.002,1,0.00324999999999998,0.001,0.001,0.001,0.00224999999999997,0,0
"ttest","Two-sample t-test",1,3008,0.608333333333333,2000,400,0.0065,1,0.002,1,0.002,1,0.002,1,0.00324999999999998,0.001,0.001,0.001,0.00224999999999997,0,0
"ttest","Two-sample t-test",1,3008,0.65,2000,400,0.0065,1,0.002,1,0.002,1,0.002,1,0.00324999999999998,0.001,0.001,0.001,0.00224999999999997,0,0
"ttest","Two-sample t-test",1,3008,0.691666666666667,2000,400,0.0065,1,0.002,1,0.002,1,0.0015,1,0.00324999999999998,0.001,0.001,0.000750000000000028,0.00224999999999997,0,-0.000249999999999972
"ttest","Two-sample t-test",1,3008,0.733333333333333,2000,400,0.0065,1,0.002,1,0.002,1,0.001,1,0.00324999999999998,0.001,0.001,0.000499999999999945,0.00224999999999997,0,-0.000500000000000056
"ttest","Two-sample t-test",1,3008,0.775,2000,400,0.0065,1,0.002,1,0.002,1,5e-04,1,0.00324999999999998,0.001,0.001,0.000249999999999972,0.00224999999999997,0,-0.000750000000000028
"ttest","Two-sample t-test",1,3008,0.816666666666667,2000,400,0.0065,1,0.002,1,0.002,1,5e-04,1,0.00324999999999998,0.001,0.001,0.000249999999999972,0.00224999999999997,0,-0.000750000000000028
"ttest","Two-sample t-test",1,3008,0.858333333333333,2000,400,0.0065,1,0.002,1,0.002,1,5e-04,1,0.00324999999999998,0.001,0.001,0.000249999999999972,0.00224999999999997,0,-0.000750000000000028
"ttest","Two-sample t-test",1,3008,0.9,2000,400,0.0065,1,0.002,1,0.002,1,5e-04,1,0.00324999999999998,0.001,0.001,0.000249999999999972,0.00224999999999997,0,-0.000750000000000028
"ttest","Two-sample t-test",1,3675,0.002,2000,400,0.005,0.005,0.0015,0,0.0015,0,0,0,0.5,0.50075,0.50075,0.5,-0.000750000000000084,0,-0.000750000000000028
"ttest","Two-sample t-test",1,3675,0.00258309933002977,2000,400,0.005,0,0.0015,0,0.0015,0,0,0,0.5025,0.50075,0.50075,0.5,0.00174999999999992,0,-0.000750000000000028
"ttest","Two-sample t-test",1,3675,0.00333620107440012,2000,400,0.005,0.01,0.0015,0,0.0015,0,0,0,0.4975,0.50075,0.50075,0.5,-0.00325000000000009,0,-0.000750000000000028
"ttest","Two-sample t-test",1,3675,0.00430886938006377,2000,400,0.005,0.015,0.0015,0.005,0.0015,0.005,0,0,0.495,0.49825,0.49825,0.5,-0.00325000000000009,0,0.00174999999999997
"ttest","Two-sample t-test",1,3675,0.00556511880441425,2000,400,0.005,0.0025,0.0015,0,0.0015,0,0,0,0.50125,0.50075,0.50075,0.5,0.000499999999999945,0,-0.000750000000000028
"ttest","Two-sample t-test",1,3675,0.00718762732760925,2000,400,0.005,0.01,0.0015,0.0025,0.0015,0.0025,0,0,0.4975,0.4995,0.4995,0.5,-0.00200000000000011,0,0.000499999999999945
"ttest","Two-sample t-test",1,3675,0.00928317766722556,2000,400,0.005,0.01,0.0015,0.0025,0.0015,0.0025,0,0,0.4975,0.4995,0.4995,0.5,-0.00200000000000011,0,0.000499999999999945
"ttest","Two-sample t-test",1,3675,0.0119896850063788,2000,400,0.005,0.01,0.0015,0.005,0.0015,0.005,0,0.0025,0.4975,0.49825,0.49825,0.49875,-0.000750000000000084,0,5e-04
"ttest","Two-sample t-test",1,3675,0.0154852736536225,2000,400,0.005,0.005,0.0015,0,0.0015,0,0.001,0,0.5,0.50075,0.50075,0.5005,-0.000750000000000084,0,-0.000250000000000083
"ttest","Two-sample t-test",1,3675,0.02,2000,400,0.005,0.0125,0.0015,0.005,0.0015,0.005,0.006,0.015,0.49625,0.49825,0.49825,0.4955,-0.00200000000000006,0,-0.00275000000000003
"ttest","Two-sample t-test",1,3675,0.025,2000,400,0.005,0.02,0.0015,0.0025,0.0015,0.0025,0.0135,0.0525,0.4925,0.4995,0.4995,0.4805,-0.00700000000000012,0,-0.019
"ttest","Two-sample t-test",1,3675,0.0666666666666667,2000,400,0.005,0.2175,0.0015,0.12,0.0015,0.12,0.033,0.5275,0.39375,0.44075,0.44075,0.25275,-0.0470000000000001,0,-0.188
"ttest","Two-sample t-test",1,3675,0.108333333333333,2000,400,0.005,0.6975,0.0015,0.5125,0.0015,0.5125,0.022,0.8725,0.15375,0.2445,0.2445,0.07475,-0.0907500000000001,0,-0.16975
"ttest","Two-sample t-test",1,3675,0.15,2000,400,0.005,0.9325,0.0015,0.8875,0.0015,0.8875,0.0115,0.9675,0.03625,0.057,0.057,0.022,-0.0207500000000001,0,-0.035
"ttest","Two-sample t-test",1,3675,0.191666666666667,2000,400,0.005,0.9975,0.0015,0.9975,0.0015,0.9975,0.0065,1,0.00374999999999992,0.002,0.002,0.00324999999999998,0.00174999999999992,0,0.00124999999999997
"ttest","Two-sample t-test",1,3675,0.233333333333333,2000,400,0.005,1,0.0015,1,0.0015,1,0.005,1,0.00249999999999995,0.000750000000000028,0.000750000000000028,0.00249999999999995,0.00174999999999992,0,0.00174999999999992
"ttest","Two-sample t-test",1,3675,0.275,2000,400,0.005,1,0.0015,1,0.0015,1,0.004,1,0.00249999999999995,0.000750000000000028,0.000750000000000028,0.002,0.00174999999999992,0,0.00124999999999997
"ttest","Two-sample t-test",1,3675,0.316666666666667,2000,400,0.005,1,0.0015,1,0.0015,1,0.003,1,0.00249999999999995,0.000750000000000028,0.000750000000000028,0.00149999999999995,0.00174999999999992,0,0.000749999999999917
"ttest","Two-sample t-test",1,3675,0.358333333333333,2000,400,0.005,1,0.0015,1,0.0015,1,0.002,1,0.00249999999999995,0.000750000000000028,0.000750000000000028,0.001,0.00174999999999992,0,0.000249999999999972
"ttest","Two-sample t-test",1,3675,0.4,2000,400,0.005,1,0.0015,1,0.0015,1,0.0015,1,0.00249999999999995,0.000750000000000028,0.000750000000000028,0.000750000000000028,0.00174999999999992,0,0
"ttest","Two-sample t-test",1,3675,0.441666666666667,2000,400,0.005,1,0.0015,1,0.0015,1,0.001,1,0.00249999999999995,0.000750000000000028,0.000750000000000028,0.000499999999999945,0.00174999999999992,0,-0.000250000000000083
"ttest","Two-sample t-test",1,3675,0.483333333333333,2000,400,0.005,1,0.0015,1,0.0015,1,5e-04,1,0.00249999999999995,0.000750000000000028,0.000750000000000028,0.000249999999999972,0.00174999999999992,0,-0.000500000000000056
"ttest","Two-sample t-test",1,3675,0.525,2000,400,0.005,1,0.0015,1,0.0015,1,5e-04,1,0.00249999999999995,0.000750000000000028,0.000750000000000028,0.000249999999999972,0.00174999999999992,0,-0.000500000000000056
"ttest","Two-sample t-test",1,3675,0.566666666666667,2000,400,0.005,1,0.0015,1,0.0015,1,0,1,0.00249999999999995,0.000750000000000028,0.000750000000000028,0,0.00174999999999992,0,-0.000750000000000028
"ttest","Two-sample t-test",1,3675,0.608333333333333,2000,400,0.005,1,0.0015,1,0.0015,1,0,1,0.00249999999999995,0.000750000000000028,0.000750000000000028,0,0.00174999999999992,0,-0.000750000000000028
"ttest","Two-sample t-test",1,3675,0.65,2000,400,0.005,1,0.0015,1,0.0015,1,0,1,0.00249999999999995,0.000750000000000028,0.000750000000000028,0,0.00174999999999992,0,-0.000750000000000028
"ttest","Two-sample t-test",1,3675,0.691666666666667,2000,400,0.005,1,0.0015,1,0.0015,1,0,1,0.00249999999999995,0.000750000000000028,0.000750000000000028,0,0.00174999999999992,0,-0.000750000000000028
"ttest","Two-sample t-test",1,3675,0.733333333333333,2000,400,0.005,1,0.0015,1,0.0015,1,0,1,0.00249999999999995,0.000750000000000028,0.000750000000000028,0,0.00174999999999992,0,-0.000750000000000028
"ttest","Two-sample t-test",1,3675,0.775,2000,400,0.005,1,0.0015,1,0.0015,1,0,1,0.00249999999999995,0.000750000000000028,0.000750000000000028,0,0.00174999999999992,0,-0.000750000000000028
"ttest","Two-sample t-test",1,3675,0.816666666666667,2000,400,0.005,1,0.0015,1,0.0015,1,0,1,0.00249999999999995,0.000750000000000028,0.000750000000000028,0,0.00174999999999992,0,-0.000750000000000028
"ttest","Two-sample t-test",1,3675,0.858333333333333,2000,400,0.005,1,0.0015,1,0.0015,1,0,1,0.00249999999999995,0.000750000000000028,0.000750000000000028,0,0.00174999999999992,0,-0.000750000000000028
"ttest","Two-sample t-test",1,3675,0.9,2000,400,0.005,1,0.0015,1,0.0015,1,0,1,0.00249999999999995,0.000750000000000028,0.000750000000000028,0,0.00174999999999992,0,-0.000750000000000028
"ttest","Two-sample t-test",1,4489,0.002,2000,400,0.0065,0.0075,0.0015,0.0025,0.0015,0.0025,0,0,0.4995,0.4995,0.4995,0.5,-5.55111512312578e-17,0,0.000499999999999945
"ttest","Two-sample t-test",1,4489,0.00258309933002977,2000,400,0.0065,0.005,0.0015,0.0025,0.0015,0.0025,0,0,0.50075,0.4995,0.4995,0.5,0.00124999999999997,0,0.000499999999999945
"ttest","Two-sample t-test",1,4489,0.00333620107440012,2000,400,0.0065,0.0025,0.0015,0.0025,0.0015,0.0025,0,0,0.502,0.4995,0.4995,0.5,0.00249999999999995,0,0.000499999999999945
"ttest","Two-sample t-test",1,4489,0.00430886938006377,2000,400,0.0065,0.005,0.0015,0,0.0015,0,0,0,0.50075,0.50075,0.50075,0.5,0,0,-0.000750000000000028
"ttest","Two-sample t-test",1,4489,0.00556511880441425,2000,400,0.0065,0.0025,0.0015,0,0.0015,0,0,0,0.502,0.50075,0.50075,0.5,0.00124999999999997,0,-0.000750000000000028
"ttest","Two-sample t-test",1,4489,0.00718762732760925,2000,400,0.0065,0.005,0.0015,0,0.0015,0,0,0,0.50075,0.50075,0.50075,0.5,0,0,-0.000750000000000028
"ttest","Two-sample t-test",1,4489,0.00928317766722556,2000,400,0.0065,0.0125,0.0015,0,0.0015,0,0,0,0.497,0.50075,0.50075,0.5,-0.00375000000000003,0,-0.000750000000000028
"ttest","Two-sample t-test",1,4489,0.0119896850063788,2000,400,0.0065,0.0125,0.0015,0.0025,0.0015,0.0025,5e-04,0,0.497,0.4995,0.4995,0.50025,-0.00250000000000006,0,0.000749999999999917
"ttest","Two-sample t-test",1,4489,0.0154852736536225,2000,400,0.0065,0.0225,0.0015,0.0075,0.0015,0.0075,0.003,0.0125,0.492,0.497,0.497,0.49525,-0.00500000000000006,0,-0.00175000000000008
"ttest","Two-sample t-test",1,4489,0.02,2000,400,0.0065,0.01,0.0015,0.005,0.0015,0.005,0.011,0.015,0.49825,0.49825,0.49825,0.498,-5.55111512312578e-17,0,-0.000250000000000083
"ttest","Two-sample t-test",1,4489,0.025,2000,400,0.0065,0.0275,0.0015,0.0075,0.0015,0.0075,0.0195,0.07,0.4895,0.497,0.497,0.47475,-0.00750000000000006,0,-0.02225
"ttest","Two-sample t-test",1,4489,0.0666666666666667,2000,400,0.0065,0.2925,0.0015,0.1575,0.0015,0.1575,0.0305,0.5625,0.357,0.422,0.422,0.234,-0.0650000000000001,0,-0.188
"ttest","Two-sample t-test",1,4489,0.108333333333333,2000,400,0.0065,0.7525,0.0015,0.62,0.0015,0.62,0.0175,0.89,0.127,0.19075,0.19075,0.06375,-0.06375,0,-0.127
"ttest","Two-sample t-test",1,4489,0.15,2000,400,0.0065,0.9825,0.0015,0.9575,0.0015,0.9575,0.0115,0.9925,0.012,0.022,0.022,0.00950000000000001,-0.0100000000000001,0,-0.0125
"ttest","Two-sample t-test",1,4489,0.191666666666667,2000,400,0.0065,1,0.0015,1,0.0015,1,0.0075,1,0.00324999999999998,0.000750000000000028,0.000750000000000028,0.00375000000000003,0.00249999999999995,0,0.003
"ttest","Two-sample t-test",1,4489,0.233333333333333,2000,400,0.0065,1,0.0015,1,0.0015,1,0.005,1,0.00324999999999998,0.000750000000000028,0.000750000000000028,0.00249999999999995,0.00249999999999995,0,0.00174999999999992
"ttest","Two-sample t-test",1,4489,0.275,2000,400,0.0065,1,0.0015,1,0.0015,1,0.003,1,0.00324999999999998,0.000750000000000028,0.000750000000000028,0.00149999999999995,0.00249999999999995,0,0.000749999999999917
"ttest","Two-sample t-test",1,4489,0.316666666666667,2000,400,0.0065,1,0.0015,1,0.0015,1,0.002,1,0.00324999999999998,0.000750000000000028,0.000750000000000028,0.001,0.00249999999999995,0,0.000249999999999972
"ttest","Two-sample t-test",1,4489,0.358333333333333,2000,400,0.0065,1,0.0015,1,0.0015,1,0.0015,1,0.00324999999999998,0.000750000000000028,0.000750000000000028,0.000750000000000028,0.00249999999999995,0,0
"ttest","Two-sample t-test",1,4489,0.4,2000,400,0.0065,1,0.0015,1,0.0015,1,0.0015,1,0.00324999999999998,0.000750000000000028,0.000750000000000028,0.000750000000000028,0.00249999999999995,0,0
"ttest","Two-sample t-test",1,4489,0.441666666666667,2000,400,0.0065,1,0.0015,1,0.0015,1,0.0015,1,0.00324999999999998,0.000750000000000028,0.000750000000000028,0.000750000000000028,0.00249999999999995,0,0
"ttest","Two-sample t-test",1,4489,0.483333333333333,2000,400,0.0065,1,0.0015,1,0.0015,1,0.001,1,0.00324999999999998,0.000750000000000028,0.000750000000000028,0.000499999999999945,0.00249999999999995,0,-0.000250000000000083
"ttest","Two-sample t-test",1,4489,0.525,2000,400,0.0065,1,0.0015,1,0.0015,1,0.001,1,0.00324999999999998,0.000750000000000028,0.000750000000000028,0.000499999999999945,0.00249999999999995,0,-0.000250000000000083
"ttest","Two-sample t-test",1,4489,0.566666666666667,2000,400,0.0065,1,0.0015,1,0.0015,1,0.001,1,0.00324999999999998,0.000750000000000028,0.000750000000000028,0.000499999999999945,0.00249999999999995,0,-0.000250000000000083
"ttest","Two-sample t-test",1,4489,0.608333333333333,2000,400,0.0065,1,0.0015,1,0.0015,1,0.001,1,0.00324999999999998,0.000750000000000028,0.000750000000000028,0.000499999999999945,0.00249999999999995,0,-0.000250000000000083
"ttest","Two-sample t-test",1,4489,0.65,2000,400,0.0065,1,0.0015,1,0.0015,1,0.001,1,0.00324999999999998,0.000750000000000028,0.000750000000000028,0.000499999999999945,0.00249999999999995,0,-0.000250000000000083
"ttest","Two-sample t-test",1,4489,0.691666666666667,2000,400,0.0065,1,0.0015,1,0.0015,1,0.001,1,0.00324999999999998,0.000750000000000028,0.000750000000000028,0.000499999999999945,0.00249999999999995,0,-0.000250000000000083
"ttest","Two-sample t-test",1,4489,0.733333333333333,2000,400,0.0065,1,0.0015,1,0.0015,1,5e-04,1,0.00324999999999998,0.000750000000000028,0.000750000000000028,0.000249999999999972,0.00249999999999995,0,-0.000500000000000056
"ttest","Two-sample t-test",1,4489,0.775,2000,400,0.0065,1,0.0015,1,0.0015,1,5e-04,1,0.00324999999999998,0.000750000000000028,0.000750000000000028,0.000249999999999972,0.00249999999999995,0,-0.000500000000000056
"ttest","Two-sample t-test",1,4489,0.816666666666667,2000,400,0.0065,1,0.0015,1,0.0015,1,0,1,0.00324999999999998,0.000750000000000028,0.000750000000000028,0,0.00249999999999995,0,-0.000750000000000028
"ttest","Two-sample t-test",1,4489,0.858333333333333,2000,400,0.0065,1,0.0015,1,0.0015,1,0,1,0.00324999999999998,0.000750000000000028,0.000750000000000028,0,0.00249999999999995,0,-0.000750000000000028
"ttest","Two-sample t-test",1,4489,0.9,2000,400,0.0065,1,0.0015,1,0.0015,1,0,1,0.00324999999999998,0.000750000000000028,0.000750000000000028,0,0.00249999999999995,0,-0.000750000000000028
"ttest","Two-sample t-test",1,5484,0.002,2000,400,0.006,0,0.0015,0,0.0015,0,0,0,0.503,0.50075,0.50075,0.5,0.00224999999999997,0,-0.000750000000000028
"ttest","Two-sample t-test",1,5484,0.00258309933002977,2000,400,0.006,0.005,0.0015,0.005,0.0015,0.005,0,0,0.5005,0.49825,0.49825,0.5,0.00225000000000003,0,0.00174999999999997
"ttest","Two-sample t-test",1,5484,0.00333620107440012,2000,400,0.006,0.0025,0.0015,0,0.0015,0,0,0,0.50175,0.50075,0.50075,0.5,0.001,0,-0.000750000000000028
"ttest","Two-sample t-test",1,5484,0.00430886938006377,2000,400,0.006,0.01,0.0015,0.0025,0.0015,0.0025,0,0,0.498,0.4995,0.4995,0.5,-0.00150000000000006,0,0.000499999999999945
"ttest","Two-sample t-test",1,5484,0.00556511880441425,2000,400,0.006,0.005,0.0015,0,0.0015,0,0,0,0.5005,0.50075,0.50075,0.5,-0.000249999999999972,0,-0.000750000000000028
"ttest","Two-sample t-test",1,5484,0.00718762732760925,2000,400,0.006,0,0.0015,0,0.0015,0,0,0,0.503,0.50075,0.50075,0.5,0.00224999999999997,0,-0.000750000000000028
"ttest","Two-sample t-test",1,5484,0.00928317766722556,2000,400,0.006,0.01,0.0015,0.0025,0.0015,0.0025,0,0,0.498,0.4995,0.4995,0.5,-0.00150000000000006,0,0.000499999999999945
"ttest","Two-sample t-test",1,5484,0.0119896850063788,2000,400,0.006,0.01,0.0015,0.005,0.0015,0.005,0.001,0.005,0.498,0.49825,0.49825,0.498,-0.000250000000000028,0,-0.000250000000000083
"ttest","Two-sample t-test",1,5484,0.0154852736536225,2000,400,0.006,0.02,0.0015,0.005,0.0015,0.005,0.006,0.0175,0.493,0.49825,0.49825,0.49425,-0.00525000000000003,0,-0.004
"ttest","Two-sample t-test",1,5484,0.02,2000,400,0.006,0.0075,0.0015,0,0.0015,0,0.016,0.02,0.49925,0.50075,0.50075,0.498,-0.0015,0,-0.00275000000000003
"ttest","Two-sample t-test",1,5484,0.025,2000,400,0.006,0.015,0.0015,0.005,0.0015,0.005,0.03,0.08,0.4955,0.49825,0.49825,0.475,-0.00275000000000003,0,-0.02325
"ttest","Two-sample t-test",1,5484,0.0666666666666667,2000,400,0.006,0.35,0.0015,0.1825,0.0015,0.1825,0.037,0.6375,0.328,0.4095,0.4095,0.19975,-0.0815,0,-0.20975
"ttest","Two-sample t-test",1,5484,0.108333333333333,2000,400,0.006,0.885,0.0015,0.765,0.0015,0.765,0.0165,0.93,0.0605,0.11825,0.11825,0.04325,-0.05775,0,-0.0750000000000001
"ttest","Two-sample t-test",1,5484,0.15,2000,400,0.006,0.9975,0.0015,0.9875,0.0015,0.9875,0.0075,0.9975,0.00424999999999998,0.00700000000000001,0.00700000000000001,0.005,-0.00275000000000003,0,-0.002
"ttest","Two-sample t-test",1,5484,0.191666666666667,2000,400,0.006,1,0.0015,1,0.0015,1,0.006,1,0.003,0.000750000000000028,0.000750000000000028,0.003,0.00224999999999997,0,0.00224999999999997
"ttest","Two-sample t-test",1,5484,0.233333333333333,2000,400,0.006,1,0.0015,1,0.0015,1,0.0035,1,0.003,0.000750000000000028,0.000750000000000028,0.00175000000000003,0.00224999999999997,0,0.001
"ttest","Two-sample t-test",1,5484,0.275,2000,400,0.006,1,0.0015,1,0.0015,1,0.0015,1,0.003,0.000750000000000028,0.000750000000000028,0.000750000000000028,0.00224999999999997,0,0
"ttest","Two-sample t-test",1,5484,0.316666666666667,2000,400,0.006,1,0.0015,1,0.0015,1,0.0015,1,0.003,0.000750000000000028,0.000750000000000028,0.000750000000000028,0.00224999999999997,0,0
"ttest","Two-sample t-test",1,5484,0.358333333333333,2000,400,0.006,1,0.0015,1,0.0015,1,0.0015,1,0.003,0.000750000000000028,0.000750000000000028,0.000750000000000028,0.00224999999999997,0,0
"ttest","Two-sample t-test",1,5484,0.4,2000,400,0.006,1,0.0015,1,0.0015,1,0.0015,1,0.003,0.000750000000000028,0.000750000000000028,0.000750000000000028,0.00224999999999997,0,0
"ttest","Two-sample t-test",1,5484,0.441666666666667,2000,400,0.006,1,0.0015,1,0.0015,1,0.001,1,0.003,0.000750000000000028,0.000750000000000028,0.000499999999999945,0.00224999999999997,0,-0.000250000000000083
"ttest","Two-sample t-test",1,5484,0.483333333333333,2000,400,0.006,1,0.0015,1,0.0015,1,5e-04,1,0.003,0.000750000000000028,0.000750000000000028,0.000249999999999972,0.00224999999999997,0,-0.000500000000000056
"ttest","Two-sample t-test",1,5484,0.525,2000,400,0.006,1,0.0015,1,0.0015,1,5e-04,1,0.003,0.000750000000000028,0.000750000000000028,0.000249999999999972,0.00224999999999997,0,-0.000500000000000056
"ttest","Two-sample t-test",1,5484,0.566666666666667,2000,400,0.006,1,0.0015,1,0.0015,1,0,1,0.003,0.000750000000000028,0.000750000000000028,0,0.00224999999999997,0,-0.000750000000000028
"ttest","Two-sample t-test",1,5484,0.608333333333333,2000,400,0.006,1,0.0015,1,0.0015,1,0,1,0.003,0.000750000000000028,0.000750000000000028,0,0.00224999999999997,0,-0.000750000000000028
"ttest","Two-sample t-test",1,5484,0.65,2000,400,0.006,1,0.0015,1,0.0015,1,0,1,0.003,0.000750000000000028,0.000750000000000028,0,0.00224999999999997,0,-0.000750000000000028
"ttest","Two-sample t-test",1,5484,0.691666666666667,2000,400,0.006,1,0.0015,1,0.0015,1,0,1,0.003,0.000750000000000028,0.000750000000000028,0,0.00224999999999997,0,-0.000750000000000028
"ttest","Two-sample t-test",1,5484,0.733333333333333,2000,400,0.006,1,0.0015,1,0.0015,1,0,1,0.003,0.000750000000000028,0.000750000000000028,0,0.00224999999999997,0,-0.000750000000000028
"ttest","Two-sample t-test",1,5484,0.775,2000,400,0.006,1,0.0015,1,0.0015,1,0,1,0.003,0.000750000000000028,0.000750000000000028,0,0.00224999999999997,0,-0.000750000000000028
"ttest","Two-sample t-test",1,5484,0.816666666666667,2000,400,0.006,1,0.0015,1,0.0015,1,0,1,0.003,0.000750000000000028,0.000750000000000028,0,0.00224999999999997,0,-0.000750000000000028
"ttest","Two-sample t-test",1,5484,0.858333333333333,2000,400,0.006,1,0.0015,1,0.0015,1,0,1,0.003,0.000750000000000028,0.000750000000000028,0,0.00224999999999997,0,-0.000750000000000028
"ttest","Two-sample t-test",1,5484,0.9,2000,400,0.006,1,0.0015,1,0.0015,1,0,1,0.003,0.000750000000000028,0.000750000000000028,0,0.00224999999999997,0,-0.000750000000000028
"ttest","Two-sample t-test",1,6700,0.002,2000,400,0.0025,0.005,0,0.0025,0,0.0025,0,0,0.49875,0.49875,0.49875,0.5,-5.55111512312578e-17,0,0.00124999999999997
"ttest","Two-sample t-test",1,6700,0.00258309933002977,2000,400,0.0025,0.005,0,0.005,0,0.005,0,0,0.49875,0.4975,0.4975,0.5,0.00124999999999997,0,0.0025
"ttest","Two-sample t-test",1,6700,0.00333620107440012,2000,400,0.0025,0.0075,0,0,0,0,0,0,0.4975,0.5,0.5,0.5,-0.0025,0,0
"ttest","Two-sample t-test",1,6700,0.00430886938006377,2000,400,0.0025,0.0025,0,0,0,0,0,0,0.5,0.5,0.5,0.5,0,0,0
"ttest","Two-sample t-test",1,6700,0.00556511880441425,2000,400,0.0025,0.005,0,0,0,0,0,0,0.49875,0.5,0.5,0.5,-0.00125000000000003,0,0
"ttest","Two-sample t-test",1,6700,0.00718762732760925,2000,400,0.0025,0.01,0,0,0,0,0,0,0.49625,0.5,0.5,0.5,-0.00375000000000003,0,0
"ttest","Two-sample t-test",1,6700,0.00928317766722556,2000,400,0.0025,0.0125,0,0.005,0,0.005,0,0.0025,0.495,0.4975,0.4975,0.49875,-0.0025,0,0.00125000000000003
"ttest","Two-sample t-test",1,6700,0.0119896850063788,2000,400,0.0025,0.015,0,0.005,0,0.005,5e-04,0.0075,0.49375,0.4975,0.4975,0.4965,-0.00375000000000003,0,-0.001
"ttest","Two-sample t-test",1,6700,0.0154852736536225,2000,400,0.0025,0.02,0,0.005,0,0.005,0.0075,0.025,0.49125,0.4975,0.4975,0.49125,-0.00625000000000003,0,-0.00624999999999998
"ttest","Two-sample t-test",1,6700,0.02,2000,400,0.0025,0.025,0,0.0025,0,0.0025,0.017,0.0875,0.48875,0.49875,0.49875,0.46475,-0.0100000000000001,0,-0.0340000000000001
"ttest","Two-sample t-test",1,6700,0.025,2000,400,0.0025,0.0325,0,0.015,0,0.015,0.0305,0.1475,0.485,0.4925,0.4925,0.4415,-0.00750000000000001,0,-0.051
"ttest","Two-sample t-test",1,6700,0.0666666666666667,2000,400,0.0025,0.4775,0,0.29,0,0.29,0.027,0.6825,0.2625,0.355,0.355,0.17225,-0.0925,0,-0.18275
"ttest","Two-sample t-test",1,6700,0.108333333333333,2000,400,0.0025,0.945,0,0.875,0,0.875,0.014,0.98,0.02875,0.0625,0.0625,0.017,-0.03375,0,-0.0455
"ttest","Two-sample t-test",1,6700,0.15,2000,400,0.0025,1,0,0.9925,0,0.9925,0.0055,1,0.00124999999999997,0.00374999999999998,0.00374999999999998,0.00275000000000003,-0.0025,0,-0.000999999999999945
"ttest","Two-sample t-test",1,6700,0.191666666666667,2000,400,0.0025,1,0,1,0,1,0.0015,1,0.00124999999999997,0,0,0.000750000000000028,0.00124999999999997,0,0.000750000000000028
"ttest","Two-sample t-test",1,6700,0.233333333333333,2000,400,0.0025,1,0,1,0,1,5e-04,1,0.00124999999999997,0,0,0.000249999999999972,0.00124999999999997,0,0.000249999999999972
"ttest","Two-sample t-test",1,6700,0.275,2000,400,0.0025,1,0,1,0,1,5e-04,1,0.00124999999999997,0,0,0.000249999999999972,0.00124999999999997,0,0.000249999999999972
"ttest","Two-sample t-test",1,6700,0.316666666666667,2000,400,0.0025,1,0,1,0,1,5e-04,1,0.00124999999999997,0,0,0.000249999999999972,0.00124999999999997,0,0.000249999999999972
"ttest","Two-sample t-test",1,6700,0.358333333333333,2000,400,0.0025,1,0,1,0,1,0,1,0.00124999999999997,0,0,0,0.00124999999999997,0,0
"ttest","Two-sample t-test",1,6700,0.4,2000,400,0.0025,1,0,1,0,1,0,1,0.00124999999999997,0,0,0,0.00124999999999997,0,0
"ttest","Two-sample t-test",1,6700,0.441666666666667,2000,400,0.0025,1,0,1,0,1,0,1,0.00124999999999997,0,0,0,0.00124999999999997,0,0
"ttest","Two-sample t-test",1,6700,0.483333333333333,2000,400,0.0025,1,0,1,0,1,0,1,0.00124999999999997,0,0,0,0.00124999999999997,0,0
"ttest","Two-sample t-test",1,6700,0.525,2000,400,0.0025,1,0,1,0,1,0,1,0.00124999999999997,0,0,0,0.00124999999999997,0,0
"ttest","Two-sample t-test",1,6700,0.566666666666667,2000,400,0.0025,1,0,1,0,1,0,1,0.00124999999999997,0,0,0,0.00124999999999997,0,0
"ttest","Two-sample t-test",1,6700,0.608333333333333,2000,400,0.0025,1,0,1,0,1,0,1,0.00124999999999997,0,0,0,0.00124999999999997,0,0
"ttest","Two-sample t-test",1,6700,0.65,2000,400,0.0025,1,0,1,0,1,0,1,0.00124999999999997,0,0,0,0.00124999999999997,0,0
"ttest","Two-sample t-test",1,6700,0.691666666666667,2000,400,0.0025,1,0,1,0,1,0,1,0.00124999999999997,0,0,0,0.00124999999999997,0,0
"ttest","Two-sample t-test",1,6700,0.733333333333333,2000,400,0.0025,1,0,1,0,1,0,1,0.00124999999999997,0,0,0,0.00124999999999997,0,0
"ttest","Two-sample t-test",1,6700,0.775,2000,400,0.0025,1,0,1,0,1,0,1,0.00124999999999997,0,0,0,0.00124999999999997,0,0
"ttest","Two-sample t-test",1,6700,0.816666666666667,2000,400,0.0025,1,0,1,0,1,0,1,0.00124999999999997,0,0,0,0.00124999999999997,0,0
"ttest","Two-sample t-test",1,6700,0.858333333333333,2000,400,0.0025,1,0,1,0,1,0,1,0.00124999999999997,0,0,0,0.00124999999999997,0,0
"ttest","Two-sample t-test",1,6700,0.9,2000,400,0.0025,1,0,1,0,1,0,1,0.00124999999999997,0,0,0,0.00124999999999997,0,0
"ttest","Two-sample t-test",1,8185,0.002,2000,400,0.004,0.0075,0.001,0.0025,0.001,0.0025,0,0,0.49825,0.49925,0.49925,0.5,-0.000999999999999945,0,0.000750000000000028
"ttest","Two-sample t-test",1,8185,0.00258309933002977,2000,400,0.004,0.005,0.001,0.0025,0.001,0.0025,0,0,0.4995,0.49925,0.49925,0.5,0.000250000000000028,0,0.000750000000000028
"ttest","Two-sample t-test",1,8185,0.00333620107440012,2000,400,0.004,0.0075,0.001,0,0.001,0,0,0,0.49825,0.5005,0.5005,0.5,-0.00224999999999992,0,-0.000499999999999945
"ttest","Two-sample t-test",1,8185,0.00430886938006377,2000,400,0.004,0,0.001,0,0.001,0,0,0,0.502,0.5005,0.5005,0.5,0.00150000000000006,0,-0.000499999999999945
"ttest","Two-sample t-test",1,8185,0.00556511880441425,2000,400,0.004,0.0025,0.001,0,0.001,0,0,0,0.50075,0.5005,0.5005,0.5,0.000250000000000083,0,-0.000499999999999945
"ttest","Two-sample t-test",1,8185,0.00718762732760925,2000,400,0.004,0.0025,0.001,0,0.001,0,0,0,0.50075,0.5005,0.5005,0.5,0.000250000000000083,0,-0.000499999999999945
"ttest","Two-sample t-test",1,8185,0.00928317766722556,2000,400,0.004,0.01,0.001,0.0025,0.001,0.0025,5e-04,0,0.497,0.49925,0.49925,0.50025,-0.00224999999999997,0,0.001
"ttest","Two-sample t-test",1,8185,0.0119896850063788,2000,400,0.004,0.0125,0.001,0.0025,0.001,0.0025,0.003,0.01,0.49575,0.49925,0.49925,0.4965,-0.00349999999999995,0,-0.00275000000000003
"ttest","Two-sample t-test",1,8185,0.0154852736536225,2000,400,0.004,0.025,0.001,0.005,0.001,0.005,0.01,0.0425,0.4895,0.498,0.498,0.48375,-0.00849999999999995,0,-0.0142499999999999
"ttest","Two-sample t-test",1,8185,0.02,2000,400,0.004,0.0375,0.001,0.015,0.001,0.015,0.0285,0.1125,0.48325,0.493,0.493,0.458,-0.00974999999999993,0,-0.035
"ttest","Two-sample t-test",1,8185,0.025,2000,400,0.004,0.0475,0.001,0.0175,0.001,0.0175,0.0365,0.1675,0.47825,0.49175,0.49175,0.4345,-0.0135,0,-0.05725
"ttest","Two-sample t-test",1,8185,0.0666666666666667,2000,400,0.004,0.535,0.001,0.3325,0.001,0.3325,0.0285,0.785,0.2345,0.33425,0.33425,0.12175,-0.09975,0,-0.2125
"ttest","Two-sample t-test",1,8185,0.108333333333333,2000,400,0.004,0.9775,0.001,0.94,0.001,0.94,0.008,0.9875,0.01325,0.0305,0.0305,0.01025,-0.01725,0,-0.02025
"ttest","Two-sample t-test",1,8185,0.15,2000,400,0.004,1,0.001,1,0.001,1,0.004,1,0.002,0.000499999999999945,0.000499999999999945,0.002,0.00150000000000006,0,0.00150000000000006
"ttest","Two-sample t-test",1,8185,0.191666666666667,2000,400,0.004,1,0.001,1,0.001,1,0.003,1,0.002,0.000499999999999945,0.000499999999999945,0.00149999999999995,0.00150000000000006,0,0.001
"ttest","Two-sample t-test",1,8185,0.233333333333333,2000,400,0.004,1,0.001,1,0.001,1,0.001,1,0.002,0.000499999999999945,0.000499999999999945,0.000499999999999945,0.00150000000000006,0,0
"ttest","Two-sample t-test",1,8185,0.275,2000,400,0.004,1,0.001,1,0.001,1,0.001,1,0.002,0.000499999999999945,0.000499999999999945,0.000499999999999945,0.00150000000000006,0,0
"ttest","Two-sample t-test",1,8185,0.316666666666667,2000,400,0.004,1,0.001,1,0.001,1,0.001,1,0.002,0.000499999999999945,0.000499999999999945,0.000499999999999945,0.00150000000000006,0,0
"ttest","Two-sample t-test",1,8185,0.358333333333333,2000,400,0.004,1,0.001,1,0.001,1,5e-04,1,0.002,0.000499999999999945,0.000499999999999945,0.000249999999999972,0.00150000000000006,0,-0.000249999999999972
"ttest","Two-sample t-test",1,8185,0.4,2000,400,0.004,1,0.001,1,0.001,1,5e-04,1,0.002,0.000499999999999945,0.000499999999999945,0.000249999999999972,0.00150000000000006,0,-0.000249999999999972
"ttest","Two-sample t-test",1,8185,0.441666666666667,2000,400,0.004,1,0.001,1,0.001,1,5e-04,1,0.002,0.000499999999999945,0.000499999999999945,0.000249999999999972,0.00150000000000006,0,-0.000249999999999972
"ttest","Two-sample t-test",1,8185,0.483333333333333,2000,400,0.004,1,0.001,1,0.001,1,5e-04,1,0.002,0.000499999999999945,0.000499999999999945,0.000249999999999972,0.00150000000000006,0,-0.000249999999999972
"ttest","Two-sample t-test",1,8185,0.525,2000,400,0.004,1,0.001,1,0.001,1,5e-04,1,0.002,0.000499999999999945,0.000499999999999945,0.000249999999999972,0.00150000000000006,0,-0.000249999999999972
"ttest","Two-sample t-test",1,8185,0.566666666666667,2000,400,0.004,1,0.001,1,0.001,1,0,1,0.002,0.000499999999999945,0.000499999999999945,0,0.00150000000000006,0,-0.000499999999999945
"ttest","Two-sample t-test",1,8185,0.608333333333333,2000,400,0.004,1,0.001,1,0.001,1,0,1,0.002,0.000499999999999945,0.000499999999999945,0,0.00150000000000006,0,-0.000499999999999945
"ttest","Two-sample t-test",1,8185,0.65,2000,400,0.004,1,0.001,1,0.001,1,0,1,0.002,0.000499999999999945,0.000499999999999945,0,0.00150000000000006,0,-0.000499999999999945
"ttest","Two-sample t-test",1,8185,0.691666666666667,2000,400,0.004,1,0.001,1,0.001,1,0,1,0.002,0.000499999999999945,0.000499999999999945,0,0.00150000000000006,0,-0.000499999999999945
"ttest","Two-sample t-test",1,8185,0.733333333333333,2000,400,0.004,1,0.001,1,0.001,1,0,1,0.002,0.000499999999999945,0.000499999999999945,0,0.00150000000000006,0,-0.000499999999999945
"ttest","Two-sample t-test",1,8185,0.775,2000,400,0.004,1,0.001,1,0.001,1,0,1,0.002,0.000499999999999945,0.000499999999999945,0,0.00150000000000006,0,-0.000499999999999945
"ttest","Two-sample t-test",1,8185,0.816666666666667,2000,400,0.004,1,0.001,1,0.001,1,0,1,0.002,0.000499999999999945,0.000499999999999945,0,0.00150000000000006,0,-0.000499999999999945
"ttest","Two-sample t-test",1,8185,0.858333333333333,2000,400,0.004,1,0.001,1,0.001,1,0,1,0.002,0.000499999999999945,0.000499999999999945,0,0.00150000000000006,0,-0.000499999999999945
"ttest","Two-sample t-test",1,8185,0.9,2000,400,0.004,1,0.001,1,0.001,1,0,1,0.002,0.000499999999999945,0.000499999999999945,0,0.00150000000000006,0,-0.000499999999999945
"ttest","Two-sample t-test",1,10000,0.002,2000,400,0.006,0.0075,0.0015,0,0.0015,0,0,0,0.49925,0.50075,0.50075,0.5,-0.0015,0,-0.000750000000000028
"ttest","Two-sample t-test",1,10000,0.00258309933002977,2000,400,0.006,0.0075,0.0015,0.0025,0.0015,0.0025,0,0,0.49925,0.4995,0.4995,0.5,-0.000250000000000028,0,0.000499999999999945
"ttest","Two-sample t-test",1,10000,0.00333620107440012,2000,400,0.006,0.0025,0.0015,0,0.0015,0,0,0,0.50175,0.50075,0.50075,0.5,0.001,0,-0.000750000000000028
"ttest","Two-sample t-test",1,10000,0.00430886938006377,2000,400,0.006,0.0025,0.0015,0.0025,0.0015,0.0025,0,0,0.50175,0.4995,0.4995,0.5,0.00224999999999997,0,0.000499999999999945
"ttest","Two-sample t-test",1,10000,0.00556511880441425,2000,400,0.006,0.0025,0.0015,0.0025,0.0015,0.0025,0,0,0.50175,0.4995,0.4995,0.5,0.00224999999999997,0,0.000499999999999945
"ttest","Two-sample t-test",1,10000,0.00718762732760925,2000,400,0.006,0.01,0.0015,0,0.0015,0,0,0,0.498,0.50075,0.50075,0.5,-0.00275000000000003,0,-0.000750000000000028
"ttest","Two-sample t-test",1,10000,0.00928317766722556,2000,400,0.006,0.0125,0.0015,0.005,0.0015,0.005,0.0015,0.005,0.49675,0.49825,0.49825,0.49825,-0.0015,0,0
"ttest","Two-sample t-test",1,10000,0.0119896850063788,2000,400,0.006,0.02,0.0015,0.0075,0.0015,0.0075,0.0065,0.025,0.493,0.497,0.497,0.49075,-0.00400000000000006,0,-0.00625000000000009
"ttest","Two-sample t-test",1,10000,0.0154852736536225,2000,400,0.006,0.0125,0.0015,0.0025,0.0015,0.0025,0.0155,0.0475,0.49675,0.4995,0.4995,0.484,-0.00275000000000003,0,-0.0155
"ttest","Two-sample t-test",1,10000,0.02,2000,400,0.006,0.04,0.0015,0.005,0.0015,0.005,0.032,0.1275,0.483,0.49825,0.49825,0.45225,-0.01525,0,-0.046
"ttest","Two-sample t-test",1,10000,0.025,2000,400,0.006,0.0625,0.0015,0.0175,0.0015,0.0175,0.042,0.2125,0.47175,0.492,0.492,0.41475,-0.02025,0,-0.07725
"ttest","Two-sample t-test",1,10000,0.0666666666666667,2000,400,0.006,0.695,0.0015,0.49,0.0015,0.49,0.0235,0.8675,0.1555,0.25575,0.25575,0.078,-0.10025,0,-0.17775
"ttest","Two-sample t-test",1,10000,0.108333333333333,2000,400,0.006,0.9975,0.0015,0.9775,0.0015,0.9775,0.01,0.9975,0.00424999999999998,0.012,0.012,0.00624999999999998,-0.00775000000000003,0,-0.00575000000000003
"ttest","Two-sample t-test",1,10000,0.15,2000,400,0.006,1,0.0015,1,0.0015,1,0.005,1,0.003,0.000750000000000028,0.000750000000000028,0.00249999999999995,0.00224999999999997,0,0.00174999999999992
"ttest","Two-sample t-test",1,10000,0.191666666666667,2000,400,0.006,1,0.0015,1,0.0015,1,0.0015,1,0.003,0.000750000000000028,0.000750000000000028,0.000750000000000028,0.00224999999999997,0,0
"ttest","Two-sample t-test",1,10000,0.233333333333333,2000,400,0.006,1,0.0015,1,0.0015,1,0.0015,1,0.003,0.000750000000000028,0.000750000000000028,0.000750000000000028,0.00224999999999997,0,0
"ttest","Two-sample t-test",1,10000,0.275,2000,400,0.006,1,0.0015,1,0.0015,1,0.0015,1,0.003,0.000750000000000028,0.000750000000000028,0.000750000000000028,0.00224999999999997,0,0
"ttest","Two-sample t-test",1,10000,0.316666666666667,2000,400,0.006,1,0.0015,1,0.0015,1,0.0015,1,0.003,0.000750000000000028,0.000750000000000028,0.000750000000000028,0.00224999999999997,0,0
"ttest","Two-sample t-test",1,10000,0.358333333333333,2000,400,0.006,1,0.0015,1,0.0015,1,0.0015,1,0.003,0.000750000000000028,0.000750000000000028,0.000750000000000028,0.00224999999999997,0,0
"ttest","Two-sample t-test",1,10000,0.4,2000,400,0.006,1,0.0015,1,0.0015,1,5e-04,1,0.003,0.000750000000000028,0.000750000000000028,0.000249999999999972,0.00224999999999997,0,-0.000500000000000056
"ttest","Two-sample t-test",1,10000,0.441666666666667,2000,400,0.006,1,0.0015,1,0.0015,1,5e-04,1,0.003,0.000750000000000028,0.000750000000000028,0.000249999999999972,0.00224999999999997,0,-0.000500000000000056
"ttest","Two-sample t-test",1,10000,0.483333333333333,2000,400,0.006,1,0.0015,1,0.0015,1,0,1,0.003,0.000750000000000028,0.000750000000000028,0,0.00224999999999997,0,-0.000750000000000028
"ttest","Two-sample t-test",1,10000,0.525,2000,400,0.006,1,0.0015,1,0.0015,1,0,1,0.003,0.000750000000000028,0.000750000000000028,0,0.00224999999999997,0,-0.000750000000000028
"ttest","Two-sample t-test",1,10000,0.566666666666667,2000,400,0.006,1,0.0015,1,0.0015,1,0,1,0.003,0.000750000000000028,0.000750000000000028,0,0.00224999999999997,0,-0.000750000000000028
"ttest","Two-sample t-test",1,10000,0.608333333333333,2000,400,0.006,1,0.0015,1,0.0015,1,0,1,0.003,0.000750000000000028,0.000750000000000028,0,0.00224999999999997,0,-0.000750000000000028
"ttest","Two-sample t-test",1,10000,0.65,2000,400,0.006,1,0.0015,1,0.0015,1,0,1,0.003,0.000750000000000028,0.000750000000000028,0,0.00224999999999997,0,-0.000750000000000028
"ttest","Two-sample t-test",1,10000,0.691666666666667,2000,400,0.006,1,0.0015,1,0.0015,1,0,1,0.003,0.000750000000000028,0.000750000000000028,0,0.00224999999999997,0,-0.000750000000000028
"ttest","Two-sample t-test",1,10000,0.733333333333333,2000,400,0.006,1,0.0015,1,0.0015,1,0,1,0.003,0.000750000000000028,0.000750000000000028,0,0.00224999999999997,0,-0.000750000000000028
"ttest","Two-sample t-test",1,10000,0.775,2000,400,0.006,1,0.0015,1,0.0015,1,0,1,0.003,0.000750000000000028,0.000750000000000028,0,0.00224999999999997,0,-0.000750000000000028
"ttest","Two-sample t-test",1,10000,0.816666666666667,2000,400,0.006,1,0.0015,1,0.0015,1,0,1,0.003,0.000750000000000028,0.000750000000000028,0,0.00224999999999997,0,-0.000750000000000028
"ttest","Two-sample t-test",1,10000,0.858333333333333,2000,400,0.006,1,0.0015,1,0.0015,1,0,1,0.003,0.000750000000000028,0.000750000000000028,0,0.00224999999999997,0,-0.000750000000000028
"ttest","Two-sample t-test",1,10000,0.9,2000,400,0.006,1,0.0015,1,0.0015,1,0,1,0.003,0.000750000000000028,0.000750000000000028,0,0.00224999999999997,0,-0.000750000000000028
